Rank,TeamId,TeamName,LastSubmissionDate,Score,SubmissionCount,TeamMemberUserNames
1,16732748,DSM,"2026-09-26 15:21:43",3112.9,2,"denden12,masspeaks,shimishige"
2,16915014,Boey,"2026-09-24 12:57:23",3017.4,2,boeychenjun
3,16681125,"M & M & P & Q","2026-09-27 01:17:07",3003.7,2,"morimo,msd0110,piiiiiiiii,qistripute"
4,16718819,Majkel1337,"2026-09-26 10:48:06",2985.7,2,majkel1337
5,16770421,"Vadim Vasilenko","2026-09-27 07:51:35",2957.9,2,vadimvasilenko
6,16623559,DECEM,"2026-09-27 07:18:29",2942.5,2,zy1343930734
7,16730612,"Unknown Mother-Goose","2026-09-27 01:02:16",2931.6,2,linkinpony
8,16654697,KawattaTaido,"2026-09-26 22:48:52",2904.3,2,kawattataido
9,16667959,"Fourth Quadrant","2026-09-26 22:46:41",2899.6,2,flynnfei
10,16743356,"Azat Akhtyamov","2026-09-25 23:24:18",2893.8,2,azakhtyamov
11,16628664,"Anton Tikhonov","2026-09-27 07:59:43",2888.8,2,itwastony
12,16657750,"Just A game on your lips","2026-09-27 07:23:41",2888.2,2,proptiter
13,16712258,Yizhou,"2026-09-27 08:06:00",2864.7,2,yaphellee
14,16624026,"Russell Kirk","2026-09-27 04:26:41",2857.3,2,russcore
15,16730357,"My second life","2026-09-27 07:41:41",2854.6,2,"giovannibaldon,jjinho,pavelsavchenkov,ttyn4519"
16,16887437,TheEggman,"2026-09-27 00:31:57",2852.2,2,ethanl67
17,16673205,"Arda Ceylan","2026-09-27 02:43:52",2844.6,2,ardacey
18,16758882,mtmr_s1,"2026-09-27 06:28:51",2838.6,2,mtmrs1
19,16734966,kigasudayooo,"2026-09-26 23:33:08",2834.5,2,argon1215
20,16730524,"THIRD FARM CLUB","2026-09-27 08:49:15",2832.6,2,"bowwowforeach,mooegi,shunrcn,simann"
21,16854176,吃白饭的大肥鱼,"2026-09-24 00:14:30",2829.1,2,"deepios,gengsr,tangdi24,tanpowasd"
22,16658248,Aaweg,"2026-09-27 04:18:53",2814.2,2,aawegbhaladhare
23,16760569,"Otter Vibe","2026-09-27 03:16:28",2812.4,2,gyuminsong
24,16623697,yuto083,"2026-09-27 08:08:48",2809.3,2,yuto0712
25,16730326,atsushi11o7,"2026-09-27 05:56:19",2805.4,2,atsushi11o7
26,16811307,elmo,"2026-09-27 07:19:53",2798.6,2,mktakizawa
27,16633132,"Kaggledew Valley 🏆","2026-09-27 05:23:02",2796.7,2,"jackvd,wscmisx,yanzhou06"
28,16763230,flg,"2026-09-25 10:41:13",2789.7,2,ferdinandlimburg
29,16660137,Densike,"2026-09-27 06:27:12",2785.7,2,densike
30,16752196,sekai013,"2026-09-26 12:43:59",2777.8,2,sekai013
31,16732403,ymg_aq,"2026-09-26 16:39:19",2771.7,2,ymgpalaqs
32,16760701,"Yannik Schiffner","2026-09-26 22:20:35",2765.3,2,yannikschiffner
33,16632327,"We wanna be tomatos","2026-09-27 08:24:10",2764.3,2,"behindkun,forrestxlz,konbu17,mechi22,midnqly"
34,16621497,"Victor @ Tufa Labs","2026-09-26 02:25:32",2758.2,2,vmerckle
35,16709127,IsaiahP,"2026-09-26 18:50:39",2752.8,2,pressman1
36,16767215,keiz,"2026-09-27 05:28:08",2739.8,2,keizkeiz
37,16640510,SpaTaro,"2026-09-25 13:09:11",2733.4,2,tarosqrd2
38,16864314,marwar22,"2026-09-24 00:21:57",2731.1,2,marwar22
39,16707990,Snorlax,"2026-09-27 00:30:21",2727.5,2,pku1400010735
40,16685634,"Syed Asad Ali","2026-09-27 02:52:11",2726.6,2,syed3000
41,16644287,"Ryo Hasegawa","2026-09-25 21:33:59",2725.9,2,ryohasegawa926
42,16734901,Breaking1800,"2026-09-26 06:32:46",2723.1,2,breaking1800
43,16942123,dodsters,"2026-09-27 09:00:44",2722.5,2,"andreyakifev,friklez"
44,16926467,arutyunoff,"2026-09-27 06:59:24",2720.3,2,arutyunoff
45,16623451,Ueddy,"2026-09-27 07:38:35",2718.7,2,ku0807
46,16717665,"Christoffer Thimsen","2026-09-27 06:50:14",2717.6,2,lowasitgoes
47,16805699,"feel the agi","2026-09-26 16:43:58",2717.1,2,nulldata
48,16736435,Dieter,"2026-09-26 22:48:42",2716.1,2,"arc144,christofhenkel,crodoc"
49,16740405,by,"2026-09-27 06:34:26",2713.8,2,ibyyue
50,16671741,Excluding,"2026-09-27 04:49:05",2712.0,2,excluding
51,16658349,lingxiaojun,"2026-09-26 05:42:55",2710.7,2,lingxiaojun
52,16668998,WarRusher,"2026-09-26 16:53:28",2706.1,2,warrusher
53,16685950,"Planned Economy","2026-09-26 15:48:13",2705.6,2,alturutin
54,16675778,"Orbital Terraformer","2026-09-26 07:43:57",2701.2,2,tubotubo
55,16670384,"Gordeev Max","2026-09-27 08:47:12",2699.1,2,gordeevmax
56,16630675,"Lucien de Rubempre","2026-09-26 22:00:05",2699.1,2,lucienderubempre
57,16664246,"Sida Zuo","2026-09-24 01:35:19",2697.5,2,sidazuo
58,16871381,huaiyuyoung,"2026-09-26 09:05:31",2694.7,2,"huaiyuyoung,mushancui,nuoyixu,sdsnorth,yuantoby"
59,16723620,3정훈,"2026-09-27 04:31:25",2690.7,2,az05192000gmailcom
60,16730676,ActiveMusyoku,"2026-09-26 21:02:03",2690.5,2,"daiki0381,kohei0okazaki,noriyukimori,ryonatori,seipon"
61,16784691,"ready or not here i come","2026-09-26 16:28:54",2682.4,2,emrekuruba
62,16735341,MacCook,"2026-09-26 22:31:30",2682.2,2,"ryui68925,uki706"
63,16866398,feles99,"2026-09-27 00:57:06",2680.4,2,feles99
64,16820794,"Yuxuan Ba","2026-09-26 03:37:23",2677.9,2,"cynthiaaaaa06,hyt9797,lynndai67,yuxuanba"
65,16622198,"THUNDER THUNDER","2026-09-21 07:08:52",2675.2,2,thunderthunder
66,16944414,Aguacates,"2026-09-26 19:53:29",2675.1,2,"carolinemercedes,joshdankworth"
67,16756591,"Hamed Vakili","2026-09-27 08:11:26",2674.5,2,"hamedvakilit0,maryam7713"
68,16941436,fshindo,"2026-09-27 03:56:32",2672.7,2,ffsscf
69,16633950,"Matt Motoki","2026-09-26 23:50:56",2672.5,2,mmotoki
70,16891058,Navier-stokes,"2026-09-25 01:15:17",2670.9,2,"nguyenkhanhvu,nhtlongcs"
71,16690867,HowardLeeTW,"2026-09-27 07:35:19",2670.7,2,"binghua123,gisgisgis,howardleetw,william950615"
72,16653199,Koba,"2026-09-27 08:31:24",2669.5,2,zone0906
73,16748733,"Driz Lo","2026-09-26 06:31:16",2668.7,2,"cieling,drizlo,kindinred"
74,16705417,fuxi,"2026-09-23 13:20:03",2664.7,2,"padyue,pytorch5009asd"
75,16943306,liminhai,"2026-09-27 01:10:11",2662.3,2,"hungry1728,liminhai,mars086,yeukwanvickyli,yuchuanzhang1202"
76,16945263,liyupengli,"2026-09-26 23:59:24",2660.6,2,"easonrao,huhuown,liyupengli,mikesun20110408"
77,16860907,kuengo,"2026-09-26 06:07:29",2659.5,2,"haojunwei,kuengo,leonstew,ruoguxu"
78,16799266,"Kucing Garong","2026-09-26 23:06:53",2649.8,2,syaugialkaf
79,16652446,"tine.sh agent","2026-09-26 15:12:05",2649.5,2,sidcodegg
80,16623637,kuro0315,"2026-09-27 06:32:45",2646.9,2,skuro0315
81,16882725,Ebi,"2026-09-20 08:09:48",2645.6,2,ebinan92
82,16732521,redblackbst,"2026-09-27 03:07:29",2645.6,2,redblackbst
83,16793083,"🐚seek inspiration🐚","2026-09-27 06:00:46",2644.5,2,kurupical
84,16656941,"Winter Lamb","2026-09-27 06:15:58",2644.3,2,fabiansyahcahyo
85,16739633,kwa,"2026-09-24 23:47:16",2642.5,2,ikaroskaggle
86,16681007,AkiraOnojp,"2026-09-27 00:22:11",2642.2,2,akiraonojp
87,16716566,"Junliang Ye","2026-09-27 07:06:41",2641.6,2,junliangye
88,16663946,"Hello San Francisco","2026-09-27 00:01:28",2640.9,2,"circiumaru,dulgherustefan,radugoga"
89,16806195,unreal,"2026-09-26 22:20:05",2640.6,2,gauravgs1007
90,16811917,"Dipam Chakraborty","2026-09-26 17:16:32",2639.9,2,dipamc77
91,16632021,istinetz,"2026-09-25 09:14:26",2639.2,2,istinetz
92,16863512,YumeNeko,"2026-09-27 07:40:18",2639.2,2,kashiwaba
93,16672709,"RS Turley","2026-09-23 04:04:12",2633.7,2,rturley
94,16930465,"Xuanhao Wang","2026-09-26 10:07:02",2629.0,2,xuanhao666
95,16705790,clora,"2026-09-26 03:54:23",2626.4,2,clora16
96,16640785,"syouya tobita","2026-09-26 16:23:34",2625.8,2,syouyatobita
97,16754022,Pico,"2026-09-25 18:41:56",2625.7,2,charithgr
98,16693904,DeeperNet,"2026-09-26 17:30:02",2625.7,2,"deepernet,kkkggg,xblade"
99,16659555,"Joseph Adamski","2026-09-25 18:11:35",2625.5,2,josephadamski91
100,16652175,"Lucas Boesen","2026-09-25 18:21:03",2624.1,2,lucasboesen
101,16779451,kibuna,"2026-09-27 08:20:00",2622.8,2,kibuna
102,16696703,Farmer,"2026-09-23 14:53:03",2621.6,2,alekseic
103,16909118,loxigicck,"2026-09-27 06:43:59",2619.1,2,loxigicck
104,16693965,ra5anchor,"2026-09-26 07:31:18",2618.7,2,junmitsui
105,16690763,chungkuangwen,"2026-09-27 03:50:14",2614.7,2,chungkuangwen
106,16637255,"leave you","2026-09-27 05:17:31",2613.8,2,superallen001
107,16743582,ShunkiKyoya,"2026-09-25 15:10:24",2612.2,2,shunkikyoya
108,16706321,lumen,"2026-09-27 03:04:19",2611.4,2,lumenyuto
109,16654783,quantara.cv,"2026-09-27 06:38:27",2610.2,2,goth55
110,16922539,Gatswei,"2026-09-25 05:54:37",2609.6,2,gatswei
111,16668783,Zyy7390,"2026-09-27 04:52:18",2607.0,2,"tigerrrrrr,zyy7390"
112,16806938,boominginging,"2026-09-26 13:00:54",2605.3,2,"aviator22,boominginging,caiwenjie123,mikeintokyo"
113,16678521,"techno coven","2026-09-27 01:06:06",2602.8,2,"blancaplanca,nevolinaa"
114,16621154,Zain96,"2026-09-25 19:39:01",2601.3,2,zain96
115,16659679,Civitasmass,"2026-09-27 09:01:25",2594.7,2,godhand
116,16700211,miya,"2026-09-27 06:12:42",2594.5,2,miyamuratakeki
117,16660281,"xiy lin","2026-09-27 05:43:32",2594.3,2,xiylin
118,16669935,"Roman Svet","2026-09-27 06:48:12",2590.4,2,romansvet
119,16621590,Yaroslav,"2026-09-25 09:38:23",2588.9,2,yaroslavrogoza
120,16856022,"fasith 007","2026-09-25 11:09:16",2581.3,2,fasith007
121,16705390,"Subramanya N","2026-09-26 06:53:55",2581.1,2,subramanya1997
122,16748142,"Hikaru Umeda","2026-09-27 07:37:44",2580.9,2,hikarumeda1030
123,16823930,"Ghost Rule","2026-09-24 15:26:20",2579.4,2,yiyangxudmm
124,16634537,d_tree_love,"2026-09-27 07:45:10",2578.4,2,yuki11ii
125,16677337,"xi luo","2026-09-26 10:43:06",2577.1,2,xiluo00
126,16855492,"Matin Urdu","2026-09-26 18:17:59",2576.0,2,"amir314,arianurdu,benediktschink,matinurdu"
127,16929873,offhand,"2026-09-27 08:19:44",2575.4,2,offhand
128,16685763,"koren sabag","2026-09-26 23:35:15",2574.9,2,korensabag
129,16748173,pensukesan,"2026-09-26 22:16:43",2574.4,2,pensukesan
130,16688294,"high frequency farming","2026-09-27 01:18:33",2571.1,2,"gunhcolab,hweowe,markslavin"
131,16651244,"Knight of Favonius","2026-09-27 06:18:40",2571.1,2,ladyfaye
132,16882022,URAD,"2026-09-26 20:58:21",2568.7,2,uradkr
133,16845367,kyy666,"2026-09-27 06:09:52",2566.0,2,"kyy666,robertmcwang"
134,16706222,"Xiangyu Liu","2026-09-26 21:31:12",2565.3,2,xiangyuliu007
135,16731275,carbonapi,"2026-09-27 05:08:30",2565.2,2,nonempty
136,16667242,"Gleb Tumanov","2026-09-19 11:45:55",2565.0,2,crachton
137,16796682,LK30,"2026-09-27 07:19:53",2564.1,2,louisklasing
138,16644724,"Kaggriculture Agent","2026-09-26 23:53:14",2563.8,2,"jiweiliu,tonylica,yiheng"
139,16759402,Capitaalgain,"2026-09-26 17:35:42",2563.6,2,capitaalgain
140,16748154,taiseiu,"2026-09-26 07:46:57",2563.5,2,taiseiu
141,16862183,Smackaveli,"2026-09-27 07:36:21",2563.0,2,spoutop
142,16663626,"yvn kaggriculture","2026-09-26 20:59:12",2562.3,2,"garnikdavtyan,mikayelgr"
143,16806023,"Eesh saxena","2026-09-26 06:35:00",2561.2,2,eeshsaxena
144,16656496,"Vaibhav Gupta","2026-09-27 04:46:10",2561.1,2,vaihero
145,16850509,LS,"2026-09-27 00:00:33",2555.8,2,shannanl
146,16798172,"Dmytro Maliarenko","2026-09-26 23:41:45",2555.6,2,arxitekton
147,16629685,mikelou1,"2026-09-27 05:17:52",2555.5,2,mikelou1
148,16623990,senkin13,"2026-09-27 06:57:39",2553.9,2,senkin13
149,16750416,QQ农场,"2026-09-25 07:15:57",2552.4,2,"dqfeng,gvione"
150,16633790,curiosity,"2026-09-27 08:02:45",2551.4,2,chmffwn1
151,16716558,"Evan Tobias","2026-09-27 00:52:22",2549.8,2,evantobias
152,16685548,"Erfan Eshratifar","2026-09-27 00:45:48",2549.7,2,erfaneshrati
153,16621163,john,"2026-09-26 21:32:50",2548.9,2,jaejohn
154,16863959,Bông,"2026-09-27 06:42:21",2546.8,2,thangnm1
155,16889691,"Evil Mango","2026-09-24 19:57:10",2545.7,2,"theevilpiggie,yangbai2026"
156,16768065,"Gradient Grazing","2026-09-26 17:22:13",2544.6,2,adamhusein
157,16897610,"in blue","2026-09-25 08:24:35",2544.4,2,bhatiji
158,16730076,SJY321,"2026-09-25 19:16:09",2541.0,2,sjy321
159,16674353,"Lakshmanan R","2026-09-27 07:25:37",2540.5,2,lakshmanankumar02
160,16645426,Jun_value,"2026-09-25 11:41:59",2539.9,2,junvalue
161,16892288,"Omar Althobaiti","2026-09-25 23:47:36",2538.5,2,omarahmedalthbite
162,16632783,chocolat,"2026-09-27 08:54:48",2538.4,2,chocolatnya999
163,16625908,trantrikien239,"2026-09-27 07:59:52",2537.0,2,trantrikien239
164,16727171,yfy,"2026-09-26 12:57:10",2536.5,2,qwidndbdjss
165,16630825,"Black Mamba Farm","2026-09-27 01:42:48",2536.2,2,"asherjyd,frankyhz,qizhiran,yukundu231100"
166,16688159,"aildar &  slopernak & bobot","2026-09-26 23:44:36",2536.1,2,"eldarkhisamutdinov,mernak,vladimirbagmanov"
167,16684202,Ignat,"2026-09-27 05:53:13",2535.7,2,ignatgotin
168,16718138,Haalandspring,"2026-09-27 01:36:05",2531.4,2,haalandspring
169,16663649,"Akhil Chinta","2026-09-27 03:42:22",2530.0,2,akhilchinta1505
170,16711376,"Arman Tuganbaev","2026-09-26 21:09:02",2529.0,2,armantuganbaev
171,16669911,"Batuhan Ustun","2026-09-27 06:13:12",2528.7,2,batustun
172,16940889,Yoshiki_Nakamura,"2026-09-26 09:08:43",2528.4,2,yakizakana629
173,16717536,c0nrad,"2026-09-26 23:06:19",2527.2,2,stuartlarsen
174,16656500,奶龙宝宝爱种田吖,"2026-09-27 06:15:49",2526.1,2,"a982295350,bertmacutata,blencanierice,dangzhiyuan,imoxzm"
175,16730946,"Bohann Wang","2026-09-25 09:11:47",2525.8,2,bohannnwang
176,16622349,"Mengfei Li","2026-09-27 05:07:46",2525.6,2,meli19
177,16933749,ctree4113,"2026-09-27 01:55:17",2525.1,2,yitree
178,16641116,"Варим сельский самогон","2026-09-26 06:46:27",2524.2,2,"andrey4522,asimandia,darksteeldragon,evgeniyveselkov,ispromashka"
179,16705830,"Grim Reaper","2026-09-27 00:01:31",2522.8,2,fathomable
180,16786126,"Max Bloom","2026-09-26 17:32:25",2522.6,2,maxbloom
181,16892357,easygame,"2026-09-24 09:48:46",2521.7,2,"kangqinyao,xinjunc"
182,16677342,Fedor,"2026-09-26 14:17:16",2520.0,2,fedorchuprakov
183,16917382,"Anand Singh","2026-09-27 06:02:44",2518.9,2,anandsingh8687
184,16622454,automatylicza,"2026-09-27 06:12:50",2518.5,2,automatylicza
185,16700204,"ZHOU HONGYI","2026-09-25 01:56:24",2515.9,2,zhouhyz
186,16728910,Thai,"2026-09-27 08:28:29",2515.2,2,hnthai
187,16942171,mhw,"2026-09-27 03:34:49",2513.9,2,"matelong,wuyujc,yanghanxin"
188,16640048,"extra eclaire","2026-09-27 02:52:21",2513.4,2,"aeniminu,extraeclaire"
189,16664640,kaggricodex,"2026-09-27 03:50:44",2513.1,2,underestimated
190,16839983,hana87hana,"2026-09-27 00:51:07",2512.8,2,hana87hana
191,16758767,NSK_54,"2026-09-27 06:57:57",2511.3,2,"leon7archer,suvalex"
192,16693534,HireMe,"2026-09-26 10:08:56",2511.0,2,junta1104
193,16696999,"HD h Joratos","2026-09-27 07:32:20",2510.8,2,hdhjoratos
194,16803103,hugghngkai,"2026-09-27 06:26:15",2510.6,2,hugghngkai
195,16641710,yjshyfy,"2026-09-27 09:02:34",2508.4,2,yjshyfy
196,16794090,Euphor_M,"2026-09-26 23:58:02",2508.2,2,euphor
197,16946542,"Siyuan Wang","2026-09-26 13:21:45",2507.5,2,merlynwang
198,16908623,42,"2026-09-27 06:30:51",2506.0,2,"ffy208,kefeiyan,yirenw11"
199,16623746,Juyong,"2026-09-26 16:54:09",2505.2,2,kimdoong
200,16717787,Bull,"2026-09-27 08:03:48",2504.3,2,welshonionman
201,16854842,ijiiok,"2026-09-26 19:44:27",2503.7,2,ijiiok
202,16923256,Rio,"2026-09-27 01:03:49",2503.5,2,ryosukehada
203,16682494,Phi,"2026-09-26 15:51:31",2503.1,2,ajinomoto132
204,16709492,abozten,"2026-09-26 21:32:48",2502.9,2,abozten
205,16778340,NayuNayu,"2026-09-26 23:41:18",2501.3,2,nayunayu1005
206,16913723,azamat1ch,"2026-09-26 14:21:20",2501.2,2,azamat1ch
207,16811948,"xiao xiongwei","2026-09-27 00:52:15",2500.3,2,"huyang111,lixuefeng2336,sherikavotta,xiaofangzhangxfz,xiaoxiongwei"
208,16656452,Kudo,"2026-09-27 07:11:25",2497.5,2,nguyenchicuong
209,16696304,"Utkarsh #2","2026-09-26 07:05:14",2496.3,2,n0va007
210,16944480,"Peihao Chen Caesar","2026-09-27 05:11:51",2495.9,2,peihaochencaesar
211,16867277,"Aura Farmer","2026-09-26 18:27:29",2495.0,2,oriolhinojocomellas
212,16795448,ultimatum_game,"2026-09-27 01:59:52",2494.7,2,"ultimatumgame,walrushero"
213,16732696,naniwazu,"2026-09-27 03:25:28",2494.1,2,naniwazu
214,16847812,tw1nstar,"2026-09-27 07:42:15",2493.8,2,"candaceward,supermanking,waekeee"
215,16690805,"Alejandro Ayestaran","2026-09-24 00:55:13",2492.4,2,alejandroayestaran
216,16666977,"Tagir Analyzes","2026-09-27 07:57:03",2490.5,2,tagirkhairutdinov
217,16670569,Ezzzzzekki,"2026-09-26 19:02:45",2488.9,2,abdullahelzeki
218,16623459,"Peng Wang","2026-09-27 04:26:54",2488.5,2,pengwang91
219,16934847,yuuri,"2026-09-27 07:08:22",2488.3,2,yuuuuuuuuri
220,16892314,"Akshay #3","2026-09-25 22:26:26",2487.6,2,akshay1301
221,16901814,pengurei,"2026-09-27 05:42:43",2484.7,2,pengurei
222,16867734,SH11235,"2026-09-26 05:41:54",2484.6,2,sh11235
223,16919131,"Argyris Anastopoulos","2026-09-27 08:28:04",2484.2,2,argyrisanastopoulos
224,16851474,"HY ISHI","2026-09-27 04:37:23",2483.2,2,hyugaishioka
225,16695567,tera358,"2026-09-27 03:12:06",2482.4,2,tera358
226,16885059,"Itikela Bhaskar","2026-09-27 02:54:33",2481.9,2,itikelabhaskar
227,16704247,WeAreFarmers,"2026-09-26 15:16:59",2481.0,2,gbmorris1
228,16795062,"Satoshi Nguyen","2026-09-26 05:34:23",2480.9,2,satoshinguyenai
229,16946062,Dlyra,"2026-09-26 21:02:48",2480.3,2,tyronnaidoo
230,16727266,Agricola,"2026-09-22 10:19:07",2480.1,2,ebisuya
231,16675863,"Habib ullah","2026-09-27 06:41:34",2480.1,2,habibullah123456789
232,16632240,Deepseek的恩情还不完,"2026-09-27 06:57:43",2479.4,2,"iwanys,pedianeko,realybin,theunforgiven7"
233,16852826,Phoenix750,"2026-09-25 11:48:05",2479.1,2,richardmaddox
234,16623635,HiroyukiSasaki,"2026-09-27 01:36:48",2478.4,2,hiroyukisasaki815
235,16653303,open5,"2026-09-24 02:22:34",2477.3,2,"chen2yoimiya,huaidezhang,hyt1nn,wahuwahuwahu,zrurfa"
236,16651332,"Le Viet","2026-09-26 14:04:30",2476.5,2,sleepyssr
237,16655129,"Morylov Yehor","2026-09-25 19:51:58",2476.1,2,morylov
238,16777359,"AI Dmitrii","2026-09-25 06:15:54",2475.4,2,dmitriyulybin
239,16932366,"Mehrdad Naderi","2026-09-26 13:15:46",2474.3,2,mehrdadnaderi
240,16634580,akmr,"2026-09-27 08:54:05",2474.1,2,akimaru
241,16839458,"Agent 0","2026-09-26 16:52:51",2473.5,2,agent0
242,16681744,team_fn,"2026-09-26 08:21:33",2473.3,2,fjklmn
243,16623458,datnt114,"2026-09-26 12:46:43",2472.6,2,kingkong153
244,16623449,"Ryo Takaki","2026-09-26 17:02:33",2472.2,2,ryotakaki
245,16739419,"misis biznessmenlb","2026-09-26 16:48:59",2472.0,2,"adilkhabibullin,bebra3222,daniilsergeevda,player77"
246,16652536,Satoshi_SsSs,"2026-09-27 09:27:05",2471.4,2,satoshissss
247,16861278,"Michael Pershin","2026-09-26 19:24:07",2470.3,2,michaelpershin
248,16733176,Yakouu,"2026-09-26 18:49:06",2469.0,2,yakouu
249,16878458,"Sho Saga","2026-09-25 00:13:47",2468.7,2,shosaga
250,16756062,"Thomas #2","2026-09-27 04:50:07",2468.6,2,tommurakami
251,16637597,venks,"2026-09-27 05:27:11",2467.9,2,vterli
252,16762019,yukino,"2026-09-27 06:15:42",2467.3,2,"jifengjianhao666,mqingcs"
253,16764228,"Kaixi Zha","2026-09-27 07:00:36",2466.9,2,"huadutry,kaixizha"
254,16910633,Shawn404,"2026-09-27 01:34:29",2466.2,2,shawn404
255,16674508,"Giulio Ravasio","2026-09-25 11:29:43",2465.3,2,giuliorav
256,16880278,Kaggria,"2026-09-27 06:42:05",2464.9,2,"andyzhenlee,jiayi2627,mingyuechu,zhaoliangyuan"
257,16709837,Sophinator,"2026-09-25 16:31:47",2464.6,2,sophinator
258,16671588,"Keisuke & rererenore & Kifine","2026-09-26 17:37:18",2464.5,2,"keisukeueda,liaoyingxi,rererenore"
259,16731443,"Arjun Vinod","2026-09-27 00:13:42",2464.3,2,arjun0014
260,16760490,"nir afek","2026-09-27 03:04:10",2463.1,2,nirafek
261,16867799,"Chris Deotte","2026-09-26 21:19:56",2462.9,2,cdeotte
262,16945978,"Grigor Sargsyan","2026-09-27 00:56:58",2462.7,2,grigorsargsyan
263,16717114,uninhibited-scholar,"2026-09-27 03:03:44",2462.4,2,uninhibitedscholar
264,16809263,"Bertan Pank","2026-09-26 22:53:07",2462.3,2,bertanpank
265,16638651,Emre,"2026-09-27 07:47:15",2462.0,2,emre690
266,16812062,姜上（Integ）,"2026-09-27 01:59:59",2461.2,2,"borealis27,integjs"
267,16867213,한밭대학교컴퓨터공학과정우민,"2026-09-26 12:46:51",2460.6,2,woominyo
268,16794730,Fanch,"2026-09-27 02:07:22",2460.4,2,fanch123
269,16883355,WebFarmers,"2026-09-26 17:59:46",2460.3,2,"axollo,dmitriiorel"
270,16799132,"Marlon Vasquez","2026-09-27 07:46:00",2460.1,2,vexmeavf
271,16763274,vinceybb,"2026-09-27 06:08:22",2459.8,2,vinceybb
272,16840212,anngle,"2026-09-27 05:34:54",2459.7,2,anngle
273,16634246,just_calculate,"2026-09-25 22:51:58",2458.2,2,justcalculate
274,16636536,tetsu2131,"2026-09-27 02:52:06",2458.0,2,tetsutani
275,16623716,"tetsuya & yuanzhe & guoqin","2026-09-27 08:55:58",2458.0,2,"guoqingu,tetsuya3510,yuanzhezhou"
276,16702547,Dean0016,"2026-09-27 06:42:23",2456.0,2,"ddcchh,dean0016,zureaaa"
277,16936280,dev.asad67,"2026-09-26 10:00:51",2455.9,2,devasad67
278,16919599,yygg2026,"2026-09-27 03:04:05",2455.3,2,yygg2026
279,16805949,Bigplanedoesnotflyfast,"2026-09-27 01:02:14",2455.0,2,ronav48902753425
280,16641884,Blacklions.,"2026-09-27 05:44:37",2454.1,2,"blacklions,llllllc666"
281,16876865,LR.AIML,"2026-09-24 16:45:08",2454.0,2,"lucasgroot,robkraseu"
282,16671163,"Suyash Verma","2026-09-26 20:17:30",2453.7,2,suyashdiamond1
283,16777134,Tom&Jerry,"2026-09-26 12:51:24",2452.1,2,tomjerry101
284,16923064,ryomac1,"2026-09-27 01:13:43",2452.0,2,ry1729
285,16662883,OceanMix,"2026-09-25 23:44:25",2451.9,2,"cggonzalezsc,fierus,liesvyvalladares"
286,16690338,dvv_ram,"2026-09-25 21:29:13",2451.9,2,ddvram
287,16674961,"Ilya & Yurnero","2026-09-27 01:12:02",2451.9,2,"samson8,test7845"
288,16783642,base_camp_2002,"2026-09-27 03:44:07",2450.6,2,basecamp2002
289,16749071,snc5656,"2026-09-27 04:58:39",2450.5,2,jamm1412
290,16846677,涵哥,"2026-09-24 23:35:55",2450.1,2,jinfanhahaha1
291,16654589,"Rishant Sharma","2026-09-27 05:24:35",2449.9,2,trishtan99
292,16639565,yasu,"2026-09-27 07:01:33",2449.7,2,yasutakababa
293,16833095,"ADARSH DWIVEDI","2026-09-25 11:41:22",2449.5,2,adarshcod
294,16658044,"Roshan Singh","2026-09-22 21:43:31",2449.4,2,roshanavadheshsingh
295,16724366,"YASH JAIN","2026-09-27 07:01:42",2448.8,2,yashjain911
296,16846010,muelsyse111,"2026-09-27 07:32:10",2448.5,2,"muelsyse111,zltrqn"
297,16851664,koucha,"2026-09-27 01:42:41",2448.4,2,momotakaaoki
298,16945969,"Rushil Desai","2026-09-27 05:24:43",2448.2,2,rushildesai
299,16748382,shiiin9,"2026-09-26 11:38:49",2448.0,2,shiiin9
300,16910680,colum2131,"2026-09-27 04:04:26",2447.7,2,columbia2131
301,16752740,BorisV,"2026-09-27 06:55:38",2447.3,2,bvoskresenskii
302,16940533,shikaikaikaikai,"2026-09-27 02:21:29",2446.9,2,shikaikaikaikai
303,16658554,Pai,"2026-09-26 15:18:42",2446.8,2,rajathrpai
304,16658732,Olympus,"2026-09-27 07:38:38",2445.8,2,"jiseungwoo,peppersaltman"
305,16738424,Yunioshi,"2026-09-27 07:22:50",2445.3,2,yunioshi
306,16633507,"Happy Farm","2026-09-27 06:32:39",2445.1,2,"alexesn,c0ldzy,ivanvorfolomeev,semyonepanov"
307,16672325,Ispagiytiy,"2026-09-27 01:57:02",2445.0,2,ispagiytiy
308,16701258,ln,"2026-09-27 06:00:27",2444.2,2,"flentz,nazarov"
309,16621595,"Farmers From Punjab","2026-09-27 05:14:16",2444.0,2,alisalmanrana
310,16730301,wonder777,"2026-09-27 05:30:46",2443.6,2,wonder777
311,16661118,"Sirui Zeng","2026-09-25 01:12:30",2443.4,2,siruizeng
312,16621500,"Reinforcement Larping","2026-09-26 18:56:21",2442.7,2,"egortkachenko,timzagrebelny"
313,16876126,1fan,"2026-09-26 18:13:20",2442.2,2,wurrfv
314,16860784,xxxx0314,"2026-09-26 13:15:44",2441.9,2,"kirklandsan,xxxx0314,yunfeiyang223"
315,16752250,"Takahiro Katsumata (tkatsuma)","2026-09-26 22:05:28",2441.4,2,alextfkd
316,16633190,Gigrise,"2026-09-25 05:41:17",2441.3,2,gigrais
317,16753974,"David Goldrajch","2026-09-26 16:23:52",2441.3,2,elie2003
318,16665829,Shadowfishes,"2026-09-27 03:50:37",2440.9,2,"boandme,ronitagarwal1,shauryasahdev2"
319,16784943,"Ian lin","2026-09-26 12:51:33",2440.7,2,ianlin310707
320,16709176,Efnutrrionpy,"2026-09-27 07:24:22",2440.6,2,efnutrrionpy
321,16690447,Supermercado,"2026-09-26 08:29:13",2440.4,2,ryotaaaaaa
322,16778656,Aacceeo,"2026-09-27 04:44:33",2440.4,2,aacceeo
323,16914744,哈基米南北路多,"2026-09-23 15:15:35",2439.3,2,"drlimingz,freakrk,liushunyao,perrinslutman,sayu1u"
324,16741965,Ryuichi,"2026-09-27 08:12:11",2438.7,2,ryuichigt
325,16765884,洛希边际,"2026-09-27 05:59:47",2438.0,2,"bxz2003,mingyue12318,thethirdsight"
326,16630829,Ivan1625,"2026-09-27 05:25:31",2437.3,1,ivan1625
327,16697891,KuziJA,"2026-09-27 01:51:48",2437.2,2,kuzija
328,16801351,デワンシュ,"2026-09-27 07:35:05",2436.9,2,shade012
329,16730719,Xiaowenhao404,"2026-09-27 07:16:09",2435.7,2,xiaowenhao404
330,16847222,charmq,"2026-09-27 03:28:20",2435.3,2,charmq
331,16730065,Blu3s,"2026-09-26 17:43:17",2435.3,2,"atteincueo,ausrine"
332,16764089,UtaAzu,"2026-09-27 04:49:52",2434.9,2,utaazu
333,16621799,"Artem The Farmer 🍅","2026-09-27 09:11:21",2434.8,2,veshkinartem
334,16937431,ekkkcz,"2026-09-26 11:02:32",2434.6,2,ekkkcz
335,16712189,"Kostiantyn Isaienkov","2026-09-26 23:34:17",2434.6,2,isaienkov
336,16668430,"john inan","2026-09-27 04:43:04",2434.6,2,johninan
337,16922956,Richard6969,"2026-09-26 20:09:10",2434.3,2,lucaluo925
338,16626582,"Omer Faruk Merey","2026-09-24 14:56:12",2433.1,2,omerfarukmerey
339,16823116,一路向北,"2026-09-27 07:49:20",2432.8,2,chronoscop
340,16688896,"JianYuan Deng","2026-09-27 03:37:20",2432.6,2,"jiahewangggg,jianyuandeng"
341,16784164,Yaojinming,"2026-09-27 06:19:34",2431.7,2,yjm0905
342,16789903,"Netanel Keidar","2026-09-26 00:09:01",2431.7,2,netanelkeidar
343,16698661,"Albert Wang","2026-09-26 19:16:55",2431.5,2,mianwang1024
344,16687901,Khalid,"2026-09-27 00:01:29",2430.3,2,khalid000000
345,16735744,老乡,"2026-09-26 09:21:37",2429.9,2,"hboyang,junjiezhou5100"
346,16835029,先过我的Gemini,"2026-09-27 01:55:50",2429.2,2,"gutssss,hangzheng1,ppsshh123"
347,16925604,"Fritz Cremer","2026-09-26 12:49:55",2428.5,2,fritzcremer
348,16745006,UjjwalPardeshi,"2026-09-26 23:03:59",2428.5,2,ujjwalpardeshi
349,16798602,uns.t,"2026-09-27 05:55:30",2427.5,2,franksunp
350,16769595,Rudra,"2026-09-27 04:28:43",2426.2,2,rudrabhaskar
351,16640683,Jason-Oh,"2026-09-26 19:28:21",2425.4,2,dossantoss
352,16668564,"Rikito Kanda","2026-09-26 12:32:21",2424.6,2,rikitokanda
353,16879127,lihaoruolhr,"2026-09-27 03:22:27",2424.3,2,lihaoruolhr
354,16860813,hirayuki,"2026-09-27 05:47:31",2424.2,2,hirayukis
355,16665809,"Saravanan Jaichandaran","2026-09-27 04:04:22",2423.7,2,saranchandar
356,16842786,ScotLee08,"2026-09-27 03:30:35",2423.5,2,scotlee08
357,16666434,"JOSHNA ACSHA S 21CS","2026-09-27 06:51:44",2423.4,2,joshnaacshas21cs
358,16624934,"Haramball forever!","2026-09-25 09:38:41",2423.2,2,envyy23120093
359,16748476,sam_the_rice_cake,"2026-09-27 04:48:17",2422.9,2,"hash548,wliilamsam"
360,16638781,itsuki-data,"2026-09-26 17:05:06",2422.7,2,itsuki89
361,16811949,PeterDreamHan,"2026-09-26 16:27:19",2422.2,2,"niuwh1004,peterdreamhan"
362,16775350,"Sourabh Nirwanevht","2026-09-27 07:08:02",2422.1,2,"sourabhnirwanevht,yanggod"
363,16762208,CrazyML,"2026-09-27 09:00:46",2420.1,2,"janhvikhattri,sorcererbi,vedanshipathak"
364,16762302,别ban我claude,"2026-09-27 08:03:57",2419.8,2,oxfffs
365,16751061,L1a0JH,"2026-09-25 07:59:09",2419.8,2,coolkid14122
366,16701779,"Chaoqi Luo","2026-09-26 10:41:21",2419.7,2,chaoqiluo7
367,16710464,ns0329,"2026-09-25 08:55:47",2419.6,2,ns0329
368,16701768,darasty,"2026-09-27 02:21:38",2419.2,2,darasty
369,16727182,FinalSunFlower,"2026-09-27 04:51:54",2417.0,2,"finalsunflower,wubingheng"
370,16857676,"Justin Yang","2026-09-27 01:11:44",2416.1,2,zake7749
371,16625220,thisray,"2026-09-26 09:40:37",2416.0,2,thisray
372,16774701,@Suzumaru_1666,"2026-09-27 07:14:04",2415.3,2,suzumaru1666
373,16941020,"Artur Markosyan","2026-09-25 12:59:07",2415.1,2,arturmarkosyan2
374,16707383,"codex is all you need","2026-09-27 05:51:07",2414.6,2,chizhu2018
375,16811313,Ta_____ko,"2026-09-25 23:36:35",2414.5,2,tako1249
376,16829053,BigAngel,"2026-09-26 19:08:21",2414.5,2,kevin8093
377,16743240,yoshino,"2026-09-24 21:20:01",2414.0,2,shirayukiaya
378,16741131,"Adarsh Balanolla","2026-09-27 02:17:44",2413.3,2,adarshreddyb
379,16773125,kuroko1t,"2026-09-25 16:49:59",2409.8,2,kuroko1t
380,16769990,delai50,"2026-09-27 06:33:08",2409.0,2,delai50
381,16626332,"MD. Nazmus Sakib Anik","2026-09-26 16:00:15",2408.9,2,beyondlogic
382,16666442,"SHALWIN SANJU","2026-09-27 06:53:19",2408.3,2,shalwinsanju
383,16766128,"Oleksandr Parfionov","2026-09-26 06:28:28",2407.5,2,parfyon
384,16896203,Qx_qingxi,"2026-09-27 06:29:25",2407.2,2,yongqiangtian
385,16622121,xz,"2026-09-27 01:50:05",2406.5,2,xiaoz259
386,16819431,kkkk,"2026-09-26 13:50:17",2406.4,2,kkkk4649
387,16799428,hatata,"2026-09-25 04:14:32",2406.0,2,hatata3737
388,16664266,"Ian Chung","2026-09-26 16:55:21",2405.5,2,iannnnn012345
389,16934864,"Li Li","2026-09-27 00:00:12",2405.4,2,aikinogard
390,16749342,crasal,"2026-09-27 03:21:42",2405.2,2,crasal
391,16749520,"Andrey Tikhomirov","2026-09-26 23:59:02",2404.5,2,andreytikhomirov
392,16839986,"XIAO MA","2026-09-27 03:14:01",2404.1,2,linusm020311
393,16888885,"Rômulo Drumond","2026-09-27 01:40:04",2403.9,2,romulodrumond
394,16949661,Shs123,"2026-09-26 20:14:37",2402.8,2,shs123
395,16920891,codex是我的鲸鱼,"2026-09-26 08:24:26",2402.4,2,renfei123456
396,16878119,Aryan.Ahl,"2026-09-25 08:14:19",2400.7,2,aryanahl
397,16876344,Hyunwoo_Park,"2026-09-26 03:05:53",2400.6,2,uts3125014010829
398,16732496,kanno,"2026-09-25 09:40:25",2400.3,2,kannomasaki
399,16757635,"Sridip Basu","2026-09-26 07:38:38",2400.0,2,sridipbasu
400,16735094,RngRng,"2026-09-27 04:47:35",2399.7,2,rngrng
401,16748511,HarshPandey-yt-auto,"2026-09-26 16:06:57",2399.1,2,harshpandeyytauto
402,16811224,yuya,"2026-09-27 05:19:43",2398.7,2,yuomori
403,16698999,Odyssey,"2026-09-27 06:20:19",2397.8,2,a1spirit
404,16663229,kakuteki,"2026-09-27 03:51:38",2397.7,2,kakuteki
405,16632612,Farmville,"2026-09-26 13:41:55",2397.5,2,rafaelfigueiredo13
406,16840447,"Suliman Tadros","2026-09-27 05:09:24",2396.3,2,sulimantadros
407,16931781,"shreyash kumar","2026-09-25 04:52:01",2395.5,2,shrreku
408,16806141,rode1234,"2026-09-27 02:20:35",2395.2,2,rode1234
409,16827290,"Dhruvik Chauhan","2026-09-24 15:01:22",2393.5,2,dangptdawg
410,16843315,Talvenn,"2026-09-25 21:57:20",2393.4,2,talvenn
411,16742362,"AMANI DD","2026-09-26 13:37:07",2392.4,2,dkonan
412,16891283,tofu1002,"2026-09-27 04:07:09",2392.3,2,tofu1002
413,16776793,"Guilherme Raiuga","2026-09-26 11:54:11",2391.9,2,guilhermeraiuga
414,16652710,Pilea55,"2026-09-26 16:03:18",2390.7,2,ryutogrrr
415,16918263,Ascent,"2026-09-26 21:36:55",2390.5,2,ishaangangwani
416,16732507,怒破餓鬼,"2026-09-27 02:30:18",2390.4,2,"alcoholcat,makishis,ryutokeshi,yuinokogawa"
417,16702590,"Aashka Kapadia","2026-09-27 07:54:00",2390.3,2,aashka
418,16908425,"Tagir Eminov","2026-09-27 00:28:47",2390.2,2,"tagireminov,timmass2"
419,16622567,"Georgy Mamarin","2026-09-25 01:25:51",2390.1,2,georgymamarin
420,16660678,"Chaitanya Sonaje","2026-09-27 03:23:47",2389.6,2,chaitanya205
421,16936876,ZeroGrain,"2026-09-25 05:00:29",2389.3,2,"fengwenxu,liuhongyi2026,liyayay,ruihuang999"
422,16666784,"Michał Łapiński","2026-09-24 13:49:01",2389.0,2,michaapiski
423,16664788,rian,"2026-09-27 02:58:27",2388.6,2,rian55
424,16737650,sime_saba,"2026-09-25 23:50:00",2388.1,2,watarukawashima
425,16718745,"Vishwamitra Mishra","2026-09-26 17:36:16",2388.1,2,vishwa007
426,16822071,"aisormo P.H","2026-09-24 00:38:23",2387.4,2,aisormoph
427,16666365,yiyu0716,"2026-09-26 09:20:06",2387.4,2,"lugent,yiyu0716"
428,16763897,BackFiring,"2026-09-26 23:54:25",2386.2,2,backfiring
429,16623616,nasubiman,"2026-09-27 04:59:24",2386.2,2,yousukenakamura
430,16654158,Hack2Publish,"2026-09-27 06:52:44",2386.2,2,"esfersami50,foysalemonshanto,hosen42,rokaiyasomapti"
431,16660251,Yagawa,"2026-09-24 01:14:30",2385.6,2,yagawa
432,16655505,Debmalya,"2026-09-27 09:18:53",2385.1,2,debmalya84
433,16658474,you,"2026-09-25 17:55:53",2385.0,2,"huyimin517517,touyouzhaji,wumingshi2006,zxinzzzz"
434,16783265,"Xiangjiang Zhou","2026-09-27 07:30:03",2384.9,2,"lilysmi,llccqq624,qqqqwqq,xiangjiangzhou"
435,16663614,Nevska,"2026-09-27 03:20:26",2384.8,2,nevska
436,16860129,sonny_01,"2026-09-26 23:09:06",2384.1,2,sonnymupfuni01
437,16797045,"Carl Pang","2026-09-24 20:38:19",2383.4,2,carlpang
438,16640807,TS,"2026-09-27 06:48:39",2383.2,2,"macomacoo,milkcoffeen,takumi0220"
439,16709967,Matsu,"2026-09-24 18:19:56",2382.6,2,matsuzawahayato
440,16730223,Ojaswy,"2026-09-25 12:58:36",2381.6,2,ojaswy
441,16810111,"Saket Singh","2026-09-24 18:51:13",2381.4,2,saketsingh9728
442,16756764,"Alperen Aydın","2026-09-26 21:50:56",2381.1,2,alperen5252525
443,16849053,z7777,"2026-09-26 12:51:57",2380.1,2,songqizhou
444,16920251,otouhu,"2026-09-25 06:11:26",2379.3,2,"minera,toroochi"
445,16799934,auhulu,"2026-09-27 08:12:01",2379.0,2,auhulu
446,16651157,StupidXie,"2026-09-26 14:13:19",2378.6,2,stupidxie
447,16896998,YehHua001,"2026-09-26 11:33:24",2378.1,2,yehhua001
448,16712714,MiMi,"2026-09-23 03:19:07",2378.0,2,"frank0921,rickytsou"
449,16822602,haru0707,"2026-09-20 10:06:04",2377.7,2,"haru0707,kiduna"
450,16784217,MMN0222,"2026-09-25 17:04:03",2377.6,2,mmn0222
451,16634704,M.,"2026-09-27 04:55:05",2377.6,2,mahamhc
452,16795070,"HKUST Random","2026-09-27 07:48:18",2377.2,2,siulungfan
453,16845833,おかゆん,"2026-09-27 03:33:42",2375.8,2,okayun
454,16930394,"civil 11","2026-09-27 04:24:20",2373.5,2,civil11
455,16689748,cheesytoasts,"2026-09-26 16:13:36",2372.4,2,cheesinnn
456,16841108,"Sean Peppers","2026-09-26 22:31:58",2371.6,2,gagepeppers
457,16690019,Around30,"2026-09-27 00:24:38",2371.5,2,"cyanspring,masahiromatsuda,sutesute000012"
458,16638386,"Md Boktiar Mahbub Murad","2026-09-27 09:09:42",2371.4,2,mbmmurad
459,16681405,"Yusuke Hayashi","2026-09-26 16:23:21",2370.9,2,yhay81
460,16741516,"Anh Tu","2026-09-26 19:51:49",2370.7,2,natcs98
461,16945973,e3k,"2026-09-26 07:13:34",2370.2,2,ekleezhya
462,16857766,OmerZalman,"2026-09-25 23:43:27",2368.7,2,omerzalman
463,16632593,skomuro,"2026-09-26 12:03:25",2368.0,2,skomuro
464,16927831,Baimakanov,"2026-09-26 20:42:15",2367.7,2,baimakanov
465,16795844,Azamaro,"2026-09-26 08:37:12",2367.6,2,azamaro
466,16859757,"Nathan Jacob","2026-09-26 08:39:36",2367.1,2,nathanjacob
467,16732879,daulettoibazar,"2026-09-26 01:16:01",2366.9,2,daulettoibazar
468,16732055,DASH村,"2026-09-25 20:27:54",2366.8,2,sobameshi
469,16768236,Baligh,"2026-09-27 03:05:32",2366.7,2,balighmehrez
470,16941779,"Michael Jordan","2026-09-27 05:58:56",2366.5,2,m1chaeljordan
471,16762735,"Zenith Ye","2026-09-27 09:19:15",2363.7,2,zenithye
472,16848396,ColorGram,"2026-09-25 12:41:54",2363.4,2,"colorgram,hagiwarashigechika,himihimi,s1300200"
473,16705523,"Brian Chua","2026-09-26 14:16:23",2363.1,2,chuazhengweibrian
474,16804863,JezzLynn,"2026-09-27 00:19:59",2362.6,2,"fresnellll,jezzlin,zemengzero"
475,16865070,carlos-tagosaku,"2026-09-25 12:55:42",2362.4,2,sousugiyama
476,16927409,ReD_MooN_rise,"2026-09-26 12:12:03",2361.3,2,"redmoonrise,yug0616"
477,16867601,tadashikato,"2026-09-27 02:52:28",2361.2,2,tadashikato
478,16638918,"Nawap Bastola","2026-09-26 00:26:31",2361.0,2,nawapbastola
479,16689844,IchikaHoshino,"2026-09-26 12:20:19",2360.7,2,htunkhi
480,16651695,"Fried Chicken Lovers","2026-09-27 06:35:50",2360.7,2,"gwey1025,koushikrudra,kragglenote2forwork"
481,16832209,enduejdu,"2026-09-27 04:58:16",2360.3,2,"cliff376,enduejdu,vvennie,yuwenyue"
482,16761593,Azathoth,"2026-09-27 08:01:11",2359.2,2,stsaasts
483,16860293,kobq,"2026-09-27 09:09:00",2359.1,2,kooobq
484,16653085,"haoran huang430","2026-09-27 02:10:35",2358.9,2,haoranhuang430
485,16716335,JamesJJJJJ,"2026-09-26 15:39:54",2358.5,2,jamesjjjjj
486,16794167,"Daniel Mineev","2026-09-27 07:43:11",2358.3,2,nilpotent1
487,16681927,"Dariush Afshar","2026-09-26 04:21:34",2357.9,2,dariushafshar
488,16942014,"Raymond Parker","2026-09-26 11:58:26",2357.6,2,raymondparker
489,16870621,BobtheBot369,"2026-09-25 17:02:13",2357.4,2,bobthebot369
490,16864558,"Henghan Dong","2026-09-27 08:10:31",2356.4,2,henghandong
491,16778178,kyosan,"2026-09-26 13:10:11",2355.6,2,"azizbekxasanov,dilyorbek"
492,16630779,Jimmer,"2026-09-26 09:43:57",2355.3,2,przemysawonr
493,16715235,l1aF,"2026-09-26 14:42:54",2354.6,2,hhhoang
494,16736265,"Marko Rupnik","2026-09-26 15:39:02",2354.1,2,markorupnik
495,16816196,"Bianco Chiu","2026-09-27 03:04:36",2353.0,2,biancochiu
496,16936121,herens,"2026-09-26 09:17:17",2352.8,2,herens
497,16698366,Fateyongheng,"2026-09-27 08:46:23",2351.5,2,fateyongheng
498,16635663,"Pascal Pfeiffer","2026-09-24 15:16:47",2351.3,2,ilu000
499,16792681,"MISIS loss volos","2026-09-26 15:41:02",2351.0,2,"bryxosmmm,mors1337"
500,16811036,"farmin time","2026-09-26 22:06:03",2350.5,2,jaydenszeto123
501,16671659,Jiang,"2026-09-25 10:48:42",2350.3,2,jncq2006
502,16679393,"Anvith Pothula","2026-09-26 00:16:33",2350.1,2,anvithpothula
503,16804768,Chaos,"2026-09-27 06:54:52",2349.7,2,hcfighting
504,16832316,"Tatu Helander","2026-09-26 20:24:23",2348.9,2,tatuhelander
505,16898049,"Alua Аkhmetkali","2026-09-26 07:46:37",2348.4,2,alua01
506,16691038,"animal crossing","2026-09-27 00:25:14",2347.6,2,hoonchoonc
507,16668167,sottnik,"2026-09-26 16:22:19",2347.5,2,sottnik
508,16852728,"Ryuto Yoda","2026-09-27 02:24:28",2347.4,2,ryutoyoda
509,16622459,"Munal Singh","2026-09-26 16:11:14",2346.6,2,munalsingh
510,16639705,"Yuta Tomimasu","2026-09-27 00:07:22",2346.5,2,yutatomimasu
511,16872275,"Maciek Kiryla","2026-09-24 06:07:38",2346.4,2,doktorkelp
512,16848479,nilochan,"2026-09-27 04:34:02",2346.1,2,nilochan
513,16796238,"Zhongyi Dai","2026-09-27 06:02:33",2346.1,2,zhongyidai
514,16945684,watanabe_sengyo,"2026-09-25 09:37:37",2345.5,2,watanabesengyo
515,16624309,jjamppongmandu,"2026-09-27 05:54:30",2344.6,2,"beckspeca,hihiimj,jjamppongmandu"
516,16630804,4418,"2026-09-26 17:05:10",2344.6,2,"biohack44,merkiraz"
517,16743988,"Akhilesh Vinnakota","2026-09-26 04:20:38",2344.4,2,akhileshvinnakota
518,16756510,tongmian1314,"2026-09-26 09:39:26",2344.4,2,tongmian1314
519,16738626,李BCDEFGA,"2026-09-26 00:50:41",2344.3,2,"bcdefga,fengzhaofan,quzehao12"
520,16745959,_demo,"2026-09-25 15:41:30",2344.1,2,fortunaterookie
521,16681369,GanadorPlusUltra,"2026-09-26 14:30:03",2343.8,2,ganadorplusultra
522,16674831,"nk for work","2026-09-27 08:08:04",2342.9,2,nkforwork
523,16756411,"Maximo Uribarri","2026-09-26 09:27:13",2341.8,2,maximouribarri
524,16690353,b13902103_yuhung94,"2026-09-22 02:00:14",2341.5,2,yuhung94
525,16796241,"pavan rajr","2026-09-26 20:52:18",2341.4,2,pavanrajr
526,16775378,TK256,"2026-09-26 19:21:07",2340.6,2,tk256ailab
527,16878533,HayatoFujihara,"2026-09-26 12:38:06",2340.6,2,hayatofujihara
528,16706892,Ko,"2026-09-27 08:41:50",2340.5,2,syurenuko
529,16743218,RYUSHI,"2026-09-27 08:13:09",2340.4,2,ryushisa
530,16848952,tubotu,"2026-09-26 12:44:35",2339.6,2,tubotu
531,16664969,subsubsubagent,"2026-09-26 11:38:52",2339.1,2,"estrellasss,kingsley31,smithshine,wuliaoluis,xuteli"
532,16757621,Kurokawa,"2026-09-27 05:26:23",2339.0,2,hiroshikurokawa
533,16629624,"Sayandeep Ghosh","2026-09-27 07:21:20",2338.9,2,sayandeepghosh
534,16932323,Matt,"2026-09-27 04:40:20",2338.6,2,mclouter
535,16688787,Fih,"2026-09-26 19:23:59",2337.0,2,vencerlanz09
536,16794536,HirokiTaniai,"2026-09-26 10:37:05",2336.8,2,nyokinyoki
537,16666566,"Rairo Mukamuri","2026-09-26 09:22:15",2336.7,2,thetraveller
538,16662914,"Apollo's cattles","2026-09-27 08:19:21",2336.5,2,"icr007,kennethlie16,romanrozen"
539,16639871,"Aura Farming","2026-09-26 13:39:04",2335.8,2,"aghbalouanass,gauthieravite"
540,16674948,habe.sq,"2026-09-27 09:12:33",2335.3,2,habesq
541,16623974,Canon,"2026-09-27 06:21:06",2334.7,2,sotakurihara1
542,16740996,ikevayansky,"2026-09-27 04:14:55",2334.3,2,ikevayansky
543,16777710,"Clement Lau","2026-09-27 06:31:14",2332.8,2,clementlau
544,16732292,takaygiiiiiiii,"2026-09-26 09:22:42",2332.7,2,takaygiiiiiiii
545,16684620,kobayasi,"2026-09-27 03:09:52",2332.3,2,"boomvector,tatsuokoshida"
546,16811605,"Ryu Sonoda","2026-09-27 01:30:08",2332.2,2,ryusonoda
547,16751828,"E. Honda","2026-09-27 09:10:25",2332.0,2,toseihatori
548,16833013,"Tariq Alyami","2026-09-27 05:19:14",2331.5,2,tariqalyami
549,16689183,Hawksartelier,"2026-09-27 08:41:13",2329.6,2,satyapb2002
550,16652659,Eos,"2026-09-27 05:42:46",2329.2,2,vvickeyy
551,16780455,wadigongren,"2026-09-24 16:23:24",2327.2,2,wadigongren
552,16769411,Beyond,"2026-09-26 19:00:56",2327.2,2,themanysh
553,16707144,Kirderf,"2026-09-26 19:14:43",2326.9,2,kirderf
554,16744573,"Oleksandr Kovalchuk","2026-09-25 08:29:24",2324.8,2,oleksandrkovalchuk
555,16865424,"clove instalocker","2026-09-26 07:12:17",2323.6,2,fluorescencexe
556,16853894,"Ilya Usmanov","2026-09-24 21:00:05",2323.5,2,"ilyausmanov,kolesnikovia,makskhan"
557,16653385,"Vasilii Buzmakov","2026-09-25 11:36:28",2323.1,2,vasiliibuzmakov
558,16699165,lime0001,"2026-09-27 02:19:16",2323.1,2,lime0001
559,16877834,playboicarti,"2026-09-26 23:03:57",2321.9,2,playb0icarti
560,16635108,"cabbage corp","2026-09-27 07:30:57",2321.1,2,"kagglercs,phoenix0501"
561,16652079,Infill,"2026-09-26 15:53:15",2320.3,2,infill
562,16905243,Nyassy,"2026-09-26 19:42:54",2319.3,2,ka4869
563,16628897,"Kyoungwon Jeong","2026-09-27 07:10:16",2318.5,2,kyoungwonjeong
564,16847189,"porosyonok Beib","2026-09-26 19:14:35",2318.4,2,rocinantt
565,16662833,"umair zia","2026-09-27 04:07:52",2318.1,2,aimerscoding
566,16664760,SN,"2026-09-25 22:07:29",2317.7,2,spirosnianiaras
567,16683936,Cyrus,"2026-09-26 21:29:18",2317.5,2,jamalsaeedi
568,16639418,"Oleksii Zhukov","2026-09-27 00:03:02",2317.2,2,zhukovoleksiy
569,16944151,kkogai,"2026-09-27 04:52:50",2317.1,2,kkogai
570,16799045,qq牧场,"2026-09-26 10:55:34",2316.9,2,"goodchen145,sir2026,zhaosir2026"
571,16655277,GUAM,"2026-09-27 07:19:10",2316.9,2,"analyticaobscura,jeongminlee92,kmmmvs,wnmgrn"
572,16770089,ouga,"2026-09-24 19:16:52",2316.8,2,ouga1shizawa
573,16693962,"Changyuan Chen","2026-09-26 22:37:47",2316.5,2,changyuanchenmit
574,16728084,iwance,"2026-09-26 18:12:13",2316.1,2,iwance
575,16786382,hylexi,"2026-09-26 16:06:50",2316.1,2,hylexi
576,16735539,"Joe Muller","2026-09-27 05:04:25",2316.0,2,joemuller
577,16707467,kay.liechtenstein,"2026-09-26 20:30:59",2315.8,2,kayliechtenstein
578,16848956,"HadBoumoussa's Farm 🌾","2026-09-26 14:24:28",2315.4,2,hkassimi
579,16921800,tmcoder,"2026-09-27 02:51:02",2315.2,2,tm0428
580,16639155,"Arturo Gutiérrez Aguilar","2026-09-27 00:06:15",2315.2,2,jarturo
581,16672315,CemBas,"2026-09-27 03:55:09",2312.6,2,cembas
582,16790660,suk1yak1,"2026-09-27 08:08:19",2312.5,2,suk1yak1
583,16731803,JYShane,"2026-09-26 12:52:58",2312.2,2,jyshane
584,16923238,Jaga,"2026-09-27 02:58:17",2311.2,2,skntbass
585,16721980,pend_ts19,"2026-09-25 07:22:33",2310.5,2,pendts19
586,16864016,"Setu Chokshi","2026-09-24 15:06:01",2310.3,2,setuch
587,16644303,"kevin zhou","2026-09-26 03:34:27",2310.3,2,kevinzhou66
588,16677938,"Hajime Tamura","2026-09-27 02:54:53",2310.0,2,thajime
589,16784401,east,"2026-09-27 07:02:58",2309.9,2,eastxe
590,16793340,bee_lx_xl,"2026-09-26 14:06:12",2309.7,2,beelxxl
591,16947730,"青葉 涼風","2026-09-26 10:17:54",2309.6,2,suzukaze
592,16944396,Monruho,"2026-09-27 07:56:49",2309.4,2,monruho
593,16769059,Gabriel,"2026-09-21 22:52:34",2308.1,2,"shawsebastian,tvtdddd"
594,16622376,fmind,"2026-09-26 07:45:34",2307.8,2,freaxmind
595,16695046,"摆烂小分队 🏆","2026-09-27 08:10:12",2307.4,2,"aurax7,coolinlai,davidsarrat,pseree,zongzishuang"
596,16754112,"rhythm master","2026-09-27 09:19:10",2307.3,2,"lukaswong,nairurga,vincent19543,zaynedong"
597,16928701,gt50,"2026-09-27 07:13:23",2307.2,2,shawnqjackson
598,16808905,"Yusaku Muroya","2026-09-27 06:16:47",2306.1,2,ymuroya47
599,16639550,data_gardening_club,"2026-09-26 22:55:39",2305.1,2,"hideyochiba,mitsuaccessjam"
600,16937871,"Rashid Khazeiynasab","2026-09-26 22:23:44",2304.9,2,rashidel1988
601,16740419,IamDiganta.7,"2026-09-27 05:15:39",2303.2,2,iamdiganta7
602,16732857,Rojiomote,"2026-09-27 06:44:39",2303.0,2,rojiomote
603,16854059,"Gökmen KÜÇÜKAYDIN","2026-09-26 16:57:20",2302.8,2,gkmenkkaydin
604,16630729,"american gothic","2026-09-27 07:44:40",2302.4,2,grennwolf
605,16677810,"Maksim Borisov","2026-09-27 00:58:34",2301.3,2,ma4ypic4y
606,16945162,"Farm Hullabaloo","2026-09-26 07:00:09",2301.2,2,nids21s
607,16622898,"sbol ball","2026-09-25 13:32:20",2300.4,2,"linearbasis,maksimkostritsya"
608,16734498,kazuhiro3381,"2026-09-27 08:49:02",2300.3,2,kazuhiro3381
609,16629033,"Igor V","2026-09-27 08:44:38",2299.0,2,rostigor
610,16784561,"Rodrigo Ramón","2026-09-24 07:59:35",2298.8,2,rodrigoramn
611,16839530,"que la cuenten como quieran","2026-09-24 00:12:42",2298.6,2,germanjurado1
612,16670967,"Ne ML Clan","2026-09-26 22:46:36",2298.3,2,"al55522me,egoregors,sirgauda,vladmazeev"
613,16764459,在高速上逆行是危险的,"2026-09-25 17:32:14",2298.1,2,"chaojiwudiwujie,qianxiang123"
614,16942819,Mositaku,"2026-09-27 06:27:26",2298.1,2,versavice
615,16789745,LoveLetter,"2026-09-27 03:53:00",2297.7,2,arthasmenethil
616,16664232,"Eddy Despradel","2026-09-27 04:48:40",2297.6,2,eddydespradel
617,16759037,Yuyannnn,"2026-09-25 01:28:39",2297.2,2,yuyannnn
618,16786341,"Farmula One","2026-09-27 05:14:00",2296.6,2,"joesland,mer4yyy,ricaaaovo,zhangxingzhe"
619,16854869,Ibar-Aki,"2026-09-25 17:59:19",2296.4,2,akicolor
620,16632743,"Krizsó Gergely","2026-09-27 07:41:48",2296.1,2,lucifer19
621,16711398,"Claude Fable 5.1","2026-09-27 00:27:58",2296.1,2,chenxizhao21
622,16861362,我小栗帽要娶藤正进行曲！！！💍,"2026-09-27 05:22:48",2295.1,2,"praveensahukari,rubiakaslana"
623,16747306,"Yasasvi Josyula","2026-09-25 22:33:57",2295.1,2,yasasvijosyula
624,16641751,Hikari_30,"2026-09-25 12:02:41",2294.3,2,hikari30
625,16722487,Zotar,"2026-09-27 07:51:50",2294.3,2,chunhinma
626,16622338,github/shepsci/kaggle-skill,"2026-09-27 03:32:35",2293.1,2,shepscientific
627,16870986,Taeyang,"2026-09-27 06:54:12",2293.1,2,"lucas040,taeyangg4,xox787,yw8837"
628,16623877,Chikuwabu,"2026-09-27 06:28:20",2291.9,2,prgckwb
629,16892257,ShadowMist01,"2026-09-27 08:45:42",2290.2,2,shadowmist01
630,16750314,Captainuknow,"2026-09-27 08:15:34",2289.3,2,captainuknow
631,16730706,flaty,"2026-09-26 21:35:08",2288.0,2,flat831
632,16645596,Kosakunin,"2026-09-27 02:40:30",2287.5,2,yugoawawa
633,16847412,SuzukiKazuma,"2026-09-26 03:59:46",2287.0,2,suzukikazuma
634,16654076,"Son Pham","2026-09-26 12:51:24",2286.7,2,sonphamorg
635,16659870,"Tien N.","2026-09-27 04:21:33",2286.7,2,tientrum
636,16885498,farmhouse,"2026-09-27 06:23:02",2286.3,2,tomoyayanagi
637,16659627,"Lam Dang","2026-09-26 14:55:39",2286.3,2,lamdang
638,16660988,"AI After Hours","2026-09-27 08:11:57",2285.8,2,"akshaythammana,mmehersaipreetam"
639,16926921,"Ruslan Kovychev","2026-09-24 10:48:23",2285.8,2,ruslankovychev
640,16781445,"𝕯𝖊𝖔𝖉𝖎𝖒𝖘 & 𝕮𝖔","2026-09-26 14:31:23",2285.4,2,odimdavidchukwuemeka
641,16793080,"Lonan Syayf","2026-09-26 14:17:55",2285.3,2,lonansyayf
642,16811467,Raster0x2a,"2026-09-27 07:02:07",2283.6,2,raster0x2a
643,16806882,"Friedhelm Winter","2026-09-26 18:27:47",2283.4,2,friedhelmwinter
644,16683288,HuaLQin,"2026-09-26 22:10:06",2283.4,2,hualqin
645,16668737,"Abish Pius","2026-09-26 14:39:38",2283.3,2,abishpius
646,16661702,"Chattso-GPT (Yasuhito Yanagisawa)","2026-09-27 05:19:17",2281.9,2,yasuhitoyanagisawa
647,16813655,c_fxy,"2026-09-27 08:41:36",2281.6,2,cfxyai
648,16731270,"Arthurs Torres24","2026-09-26 04:16:52",2281.4,2,arthurstorres24
649,16872754,kitano0104,"2026-09-27 08:54:58",2281.0,2,"kitano0104,ryyymy"
650,16938473,bansalis,"2026-09-26 21:57:00",2280.4,2,ishanbansal1
651,16709905,Rospel,"2026-09-27 03:11:23",2280.3,2,rospel
652,16700919,Anubisyy,"2026-09-27 07:27:13",2280.0,2,anubisyy
653,16881250,"Enes Altunbaş","2026-09-25 21:02:53",2278.5,2,enesaltunba
654,16946558,Kamilek,"2026-09-27 04:19:45",2278.4,2,kamillek
655,16906012,GarbageOoze,"2026-09-27 07:54:27",2277.5,2,"garbageooze,luoruihan12"
656,16623488,"Kevin E R MILLE","2026-09-26 19:28:21",2277.0,2,kevinermille
657,16762289,NineThree,"2026-09-27 07:05:08",2276.8,2,xiaoazuzong
658,16723955,chunsuri,"2026-09-26 07:13:55",2276.8,2,chunsuri
659,16663264,Adarsh,"2026-09-27 06:09:37",2276.1,2,madarshbb
660,16832185,"MILANA STARR","2026-09-26 05:08:32",2275.9,2,andrewchist
661,16926787,"Владислав Ковкін","2026-09-25 14:26:15",2275.9,2,vladyslavkovkin
662,16769836,weense,"2026-09-27 02:47:32",2275.6,2,weense
663,16659081,"JALKARNA GAUTAM","2026-09-27 00:58:06",2275.4,2,jalkarnagautam
664,16664132,kojingbo,"2026-09-27 03:53:29",2275.4,2,kojingbo
665,16745761,mitomeat823,"2026-09-27 09:08:58",2275.2,2,mitomeat823
666,16775076,hiros,"2026-09-27 07:18:54",2274.4,2,hiroshige1
667,16730675,"🦊Farm Fox🦊","2026-09-27 05:58:55",2274.3,2,soutasakurai
668,16730673,"John Doge","2026-09-26 19:35:45",2274.2,2,spacedoge
669,16693215,"Izzoudine Mohamed KANTA","2026-09-27 05:35:26",2274.2,2,izzoudeenkanta
670,16867132,"Dilara Adıgüzel","2026-09-24 21:41:35",2274.0,2,dilaraadgzel
671,16706185,"Bab Kek","2026-09-25 07:34:58",2273.3,2,babkek
672,16778012,俺是耕田哩,"2026-09-27 05:13:51",2273.1,2,tianzhenggao
673,16890669,"Fuchun Wang","2026-09-24 09:10:01",2271.7,2,wangfuchunag
674,16657316,只因队,"2026-09-27 09:00:49",2271.1,2,"jasonxusk,mingkangyan,no13ody,renmin517"
675,16894895,Talented_Eggs,"2026-09-27 09:01:15",2269.1,2,"kangmingpeng,kinghuang123,qiandongxie666,yyhm666"
676,16719758,pangzi233,"2026-09-27 05:27:53",2268.8,2,pangzi233
677,16621481,"zero waste","2026-09-26 11:51:16",2268.4,2,chinnaphatkhun
678,16634765,democatXamer,"2026-09-27 08:10:22",2267.5,2,w1326627677
679,16726287,BBaRRel.,"2026-09-26 13:26:34",2267.5,2,yujinkk0609
680,16642139,"Arnav Goel","2026-09-24 17:08:31",2267.3,2,arnavgoel17
681,16756891,T.Uehira,"2026-09-27 07:05:10",2267.2,2,tuehira
682,16663818,"Mike Mordetsky","2026-09-27 04:27:50",2267.0,2,mikemordetsky
683,16858464,Taisei_Tsuneki,"2026-09-27 07:03:36",2266.0,2,"ryoyaotsuki,taiseitsuneki"
684,16922419,"Md Abu Saif","2026-09-25 18:58:38",2265.1,2,mdabusaif48
685,16740361,"Suba S","2026-09-24 19:18:42",2264.5,2,jupiter79
686,16903852,maoxin123,"2026-09-27 03:33:28",2263.8,2,maoxin123
687,16841026,"Max Power","2026-09-26 02:20:30",2263.2,2,markbarney
688,16837491,takaito,"2026-09-27 06:33:18",2263.1,2,takaito
689,16770229,"shivam kanojia","2026-09-26 15:36:46",2262.6,2,shivamkanojia1
690,16641536,"Michael Timbs","2026-09-26 13:59:52",2262.1,2,michaeltimbs
691,16655383,MtN,"2026-09-27 03:29:46",2261.4,2,mariotrsn
692,16734580,shyjin,"2026-09-27 04:22:51",2261.0,2,shyjin
693,16665233,"Akash Deep","2026-09-27 07:58:11",2260.9,2,akashdeepo
694,16926937,"Romuald Delene","2026-09-24 13:41:36",2260.7,2,romualddelene
695,16670032,Kenjo1209,"2026-09-27 08:57:06",2260.2,2,kenjo1209
696,16805244,nari,"2026-09-26 13:51:20",2259.9,2,shoheiyoshinari
697,16757253,ZEE,"2026-09-26 16:07:24",2259.6,2,randyzhang666
698,16727110,yemaoye,"2026-09-27 07:41:38",2259.2,2,"luckyappley,yemaoye"
699,16669650,motono0223,"2026-09-21 15:42:07",2259.1,2,motono0223
700,16822519,Lunospital,"2026-09-27 01:59:51",2259.0,2,lunospital
701,16908263,Paing,"2026-09-26 15:07:02",2258.7,2,painghtetsw
702,16910137,imissher,"2026-09-26 23:41:29",2258.2,2,tule12345
703,16949818,MachineLearner,"2026-09-27 00:42:31",2258.0,2,anesabbad
704,16663867,"Stephen Schott","2026-09-25 12:09:34",2257.0,2,steve421471
705,16624276,MKGA,"2026-09-27 00:52:55",2256.8,2,"horizen12,zejunfool"
706,16661570,"sissoko cheick","2026-09-27 04:08:22",2255.0,2,sissokocheick
707,16655199,"Alexander Ulrich","2026-09-24 05:32:03",2254.9,2,alexanderulrich01
708,16760241,"Collin Christensen","2026-09-25 18:20:48",2254.8,2,cchristens
709,16733766,Paarthpowa,"2026-09-25 11:47:49",2254.3,2,paarthpowa
710,16732774,edchax,"2026-09-25 19:05:56",2254.1,2,"edchax,kevinkoza,slirche"
711,16687294,"Madiyar Khamzanov","2026-09-24 20:01:23",2253.9,2,mkhamzanov
712,16633341,Hak,"2026-09-27 05:50:06",2253.6,2,hakdevelopment
713,16889906,kerlgd,"2026-09-26 13:36:35",2253.5,2,"kerlgd,kernlst92,laatentia,plasmoryx"
714,16713262,"Seyit kaan Gunes","2026-09-26 19:01:22",2253.2,2,seyitkaangunes
715,16669256,Shivam_2212,"2026-09-27 06:02:00",2253.0,2,shivam2212
716,16670229,Munshi-PremChand,"2026-09-26 04:34:03",2252.7,2,munshipremchand
717,16632157,"福原 大知","2026-09-26 11:55:50",2251.7,2,fxxyfox
718,16697767,"Teddy Tennant","2026-09-27 04:28:58",2251.5,2,thtennant
719,16697266,"Top 1 🏆","2026-09-27 05:22:26",2251.0,2,"fahankaudeer,solirus,syntaxprnv,udhaykumarsujeebun"
720,16663783,WBF_USA_NYC,"2026-09-26 22:55:05",2251.0,2,wbfranci
721,16666805,Kaggs,"2026-09-25 17:07:11",2250.2,2,ayush21042004
722,16821542,"Hıdır BozkurtT","2026-09-27 07:48:56",2249.8,2,hdrbozkurtt
723,16896572,latentm,"2026-09-26 12:30:30",2249.1,2,"latentm,quannt9,xanvior,xeloria"
724,16732578,nao.kwmr,"2026-09-27 08:12:25",2249.0,2,naokwmr
725,16655922,kusui26,"2026-09-24 21:55:52",2249.0,2,kusui26
726,16723301,mayukistarry,"2026-09-25 15:41:28",2248.6,2,mayukistarry
727,16671092,"tomohito shimura","2026-09-27 03:48:56",2248.3,2,tomohitoshimura
728,16858228,doubao,"2026-09-26 05:48:07",2248.1,2,"erhankangyan,yuanlili123321"
729,16655610,GPTatoes,"2026-09-27 05:54:00",2247.7,2,"angran,kaixuanosmas"
730,16668168,"Desh ke Mitron","2026-09-26 13:47:30",2247.4,2,"asce09,attiraina,hashlord"
731,16864919,ujimaa,"2026-09-26 20:22:22",2247.2,2,ujimaa
732,16717440,"farm pt","2026-09-26 22:11:51",2246.5,2,"gunianxue,marisyn,muran169633"
733,16674949,"Lev Neganov","2026-09-27 00:07:06",2246.5,2,levoel
734,16669926,Jince,"2026-09-27 07:28:14",2245.8,2,jincesaju
735,16802535,"To be happy","2026-09-26 03:46:58",2244.7,2,yaokaixinya123
736,16938111,barbosi,"2026-09-27 07:59:09",2243.8,2,"despairdr,tupperq"
737,16879199,Back,"2026-09-26 01:56:39",2243.3,2,back2525
738,16667774,"Ziad EL ARARI","2026-09-26 16:18:21",2243.0,2,ziadelarari
739,16843082,"Mohmed Hafez","2026-09-27 05:25:00",2242.3,2,mohmedatya
740,16793039,"Carson Rodrigues","2026-09-27 07:38:55",2241.4,2,carsonrodrigues
741,16726461,mocatti,"2026-09-26 11:08:33",2240.7,2,mocatti
742,16623524,"Marcus Vinicius","2026-09-27 01:58:05",2239.6,2,marcux777
743,16662041,"Sarah Ng","2026-09-23 10:18:01",2239.5,2,thunguyen1510
744,16637546,Forrest,"2026-09-25 04:14:01",2239.5,2,yinxiaogang
745,16933535,Binbin022,"2026-09-25 08:27:58",2238.2,2,binbin022
746,16908829,Terremoto,"2026-09-25 00:16:14",2238.0,2,alfredoachondo
747,16867671,Abhinav0370,"2026-09-26 16:03:44",2237.7,2,abhinav0370
748,16746025,Hamachi,"2026-09-27 08:58:54",2237.2,2,hamatz
749,16936328,JerryChen,"2026-09-27 03:26:04",2237.2,2,horse602
750,16866579,"Fighting Gold","2026-09-27 06:33:44",2237.1,2,sawada
751,16806206,"Yuan Yongth","2026-09-26 21:08:09",2236.9,2,"sunnylzheng,yuanyongth"
752,16623466,len8487,"2026-09-27 01:02:51",2236.8,2,len8487
753,16848633,umizora,"2026-09-27 00:07:08",2236.7,2,yoiisohira
754,16689154,CrossEngineered,"2026-09-27 08:29:25",2236.6,2,"danyalsahin1,gkenurk"
755,16920678,qinsuikang,"2026-09-27 06:03:50",2235.8,2,"qinsuikang,tudousisi"
756,16670948,wally0593,"2026-09-27 05:54:34",2235.3,2,wally0593
757,16750779,"Mao Nishino (mao1756)","2026-09-27 02:12:01",2234.9,2,maonishinomao1756
758,16705659,"srijan k.r keshri","2026-09-25 22:45:59",2234.3,2,srijankrkeshri
759,16841335,abondrn,"2026-09-26 19:51:47",2234.1,2,abondrn
760,16872204,"Nguyễn Trần Thanh Bình","2026-09-25 15:05:16",2234.0,2,nguyntrnthanhbnh
761,16834038,"Akio Furutsuka","2026-09-26 13:32:02",2233.4,2,akiofurutsuka
762,16633212,goosehaaan,"2026-09-25 03:51:02",2232.3,2,goosehaaan
763,16923012,"jiggly buns","2026-09-25 13:02:29",2231.9,2,sellside
764,16889791,JinboWang,"2026-09-24 06:26:31",2231.5,2,jinbowang1
765,16935434,chumajin,"2026-09-27 08:46:51",2230.6,2,chumajin
766,16751152,"Andrew Reed","2026-09-27 02:53:26",2229.8,2,andrewreed
767,16918460,cotton0025,"2026-09-27 06:42:33",2229.6,2,cotton0025
768,16756492,satokato,"2026-09-27 09:08:44",2229.1,2,satokato
769,16688217,"The Grower","2026-09-26 11:30:15",2228.9,2,vigneshsankar1962
770,16758316,"Roy Lo TW","2026-09-26 08:21:59",2228.9,2,roylotw
771,16753567,wangkxu,"2026-09-23 06:26:47",2228.4,2,davics
772,16660152,LIH.YUN,"2026-09-27 07:39:01",2228.3,2,fxlcee
773,16771623,kekuru,"2026-09-27 09:25:28",2228.2,2,soyaishihara
774,16731605,datatuu,"2026-09-26 12:31:53",2228.1,2,yaoguang516
775,16917270,kaibaur,"2026-09-26 20:04:22",2227.8,2,kaibaur
776,16632291,"alex chilton","2026-09-24 08:14:35",2227.8,2,alexchilton
777,16885261,sdy623,"2026-09-27 06:21:23",2227.7,2,jaxa623
778,16768603,Kinance,"2026-09-26 02:56:09",2227.0,2,kinance
779,16639263,Yam,"2026-09-27 05:56:08",2226.5,2,minyam
780,16761293,cha7ura,"2026-09-26 19:13:26",2224.9,2,cha7ura
781,16677423,songling,"2026-09-27 02:21:05",2224.4,2,"lvbingrong,oralia"
782,16671515,ziheng,"2026-09-27 03:58:16",2223.7,2,zihengedie
783,16764394,haseryooooo,"2026-09-25 08:30:09",2223.4,2,haseryooooo
784,16630380,JM,"2026-09-27 09:00:26",2222.9,2,julianmukaj
785,16714162,MarvinTMB,"2026-09-26 21:54:36",2222.6,2,marvintmb
786,16941479,karttikjangid05,"2026-09-26 19:50:09",2222.6,2,karttikjangid05
787,16639969,"Sheep Are All You need","2026-09-26 03:23:24",2221.7,2,aliyelbekov
788,16894196,"Qiank Chen","2026-09-25 18:03:16",2221.2,2,qiankchen
789,16694016,"Prajwal M","2026-09-26 12:57:21",2220.6,2,estrick
790,16942240,M78星云,"2026-09-27 02:49:22",2220.3,2,"cheng2246,tangyangpu284,upczbw,xinyinghu7123"
791,16935560,南山3G战神,"2026-09-25 03:48:53",2219.3,2,"dongxinwan,jyo5200,linkenfaqiu8290,vincent8491,wxh20031103"
792,16771200,DeeSaa,"2026-09-27 06:43:52",2219.1,2,deesaa
793,16664360,"Rohan L","2026-09-24 13:38:10",2218.9,2,rohanlopes
794,16779564,oycr,"2026-09-27 09:10:21",2218.6,2,"oyxiaobai159,wdt124"
795,16642662,CdeTilly,"2026-09-26 13:41:35",2218.2,2,cdetilly
796,16809820,"Pramit Das","2026-09-26 18:14:01",2217.8,2,pramitdas
797,16668227,Yusuraume,"2026-09-27 05:06:49",2216.8,2,sugitatomohiko
798,16919139,SynthReaper,"2026-09-26 19:53:59",2216.4,2,synthreaper
799,16671306,Yeswanthperni,"2026-09-26 20:57:16",2216.3,2,"tanvicaaa,yeswanthperni"
800,16865470,J.Moriuchi,"2026-09-26 12:18:14",2216.3,2,hesoponyo
801,16675671,Marlubie,"2026-09-26 10:58:52",2215.7,2,kchuang
802,16738503,dddmd,"2026-09-27 04:11:13",2215.0,2,dddmdd
803,16924916,Teraya,"2026-09-26 07:04:40",2214.8,2,yuyaterasawa
804,16790432,"Field General","2026-09-25 15:26:10",2214.1,2,kevinarvai
805,16881395,nikotin55,"2026-09-27 06:57:37",2213.8,2,"isaevsemyon,nikotin55,remihrf"
806,16654027,shiv,"2026-09-26 03:39:41",2213.3,2,shivaurora
807,16842828,"Smiley Flour","2026-09-26 17:55:27",2213.3,2,"ddlinh212,nguyenvlm"
808,16783721,lc今天刷了吗,"2026-09-23 03:24:33",2212.9,2,"alkaidchen,limufeng"
809,16892318,"fumiya utsuno","2026-09-27 03:38:22",2212.6,2,"fumiya326,kuboken,rikutokuwayama"
810,16748412,"Nimish Shinde","2026-09-26 16:47:59",2212.6,2,nimishshinde
811,16843860,LH-and-FPGA,"2026-09-26 16:58:24",2212.3,2,lhandfpga
812,16716263,"Ugnė Miklovaitė","2026-09-25 12:34:58",2212.1,2,ugnmiklovait
813,16939679,tokawa2997,"2026-09-27 06:59:51",2212.0,2,tokawa2997
814,16731834,Kamma,"2026-09-27 07:47:26",2210.3,2,"cheliu0307,makerfly,vonlanvonlan233"
815,16927774,shuto,"2026-09-27 07:36:20",2210.1,2,shutohorie
816,16644160,"Saravana Rajan B","2026-09-26 15:27:15",2209.8,2,saravanarajanb
817,16891740,quwon_000,"2026-09-25 19:54:11",2209.8,2,quwon000
818,16828050,stephenlau,"2026-09-26 15:04:14",2209.0,2,stephenlu0422
819,16699741,Tom3,"2026-09-25 01:24:56",2208.9,2,tomohiroaz
820,16891965,artem3605,"2026-09-24 10:44:46",2208.6,2,artem3605
821,16941047,"RUSHMANTH NALLURI","2026-09-24 00:07:09",2208.4,2,rushmanthnalluri
822,16700068,"My Little Pony","2026-09-26 12:04:02",2207.7,2,"buxiangzaoqi66,juliezhang131,yaoyilv"
823,16654091,webmaking,"2026-09-22 04:36:19",2207.2,2,webmaking
824,16840509,"Iskander Yusupov","2026-09-25 14:48:31",2206.9,2,iskanderyusupov
825,16738852,ZJUwlm,"2026-09-27 01:45:42",2206.9,2,"oonumberone,zjuwlm"
826,16810587,"Avineesh Arora","2026-09-25 20:44:44",2205.8,2,avndope
827,16805671,"Yuxiang LIANG","2026-09-26 13:39:55",2205.3,2,yuxiangliang
828,16749272,giraffeneck,"2026-09-26 14:59:07",2205.2,2,yamajin
829,16778417,"TANG BUDU 19SD195","2026-09-27 08:15:19",2204.9,2,tangbudu19sd195
830,16935391,"cs duals","2026-09-26 11:47:48",2203.7,2,kostopr4v
831,16670453,141,"2026-09-26 08:50:19",2203.6,2,"muhammadmustafaxo,siddiqshah"
832,16886298,amosokello451,"2026-09-26 17:03:10",2203.0,2,amosokello451
833,16809874,抹茶屋,"2026-09-27 09:08:27",2201.6,2,havenox
834,16743165,"Chiachii Liang","2026-09-26 00:01:13",2201.6,2,chiachiiliang
835,16814417,"Jane Street Farmers","2026-09-27 02:49:48",2201.4,2,"akamasterpiece,gianghiango,paramizodicrominique,phnhnnguyn,sebastiancooper116"
836,16714401,"Ivo Georgiev","2026-09-27 01:57:45",2201.0,2,ivogeorg
837,16755650,"kazuki morikawa","2026-09-27 08:35:49",2200.9,2,kazukimorikawa
838,16621165,"xisheng feng","2026-09-26 00:10:17",2200.9,2,xishengfeng
839,16886640,holyholy,"2026-09-27 02:04:37",2200.7,2,holy5contents
840,16632224,"No GPU","2026-09-27 08:54:39",2200.5,2,yamakawanin
841,16906666,"selam ya","2026-09-27 01:00:45",2199.3,2,selamya
842,16732210,tanadai,"2026-09-27 04:12:05",2199.0,2,da0516
843,16684402,vn1111,"2026-09-27 07:10:10",2198.7,2,vn1111
844,16771456,"Tianrun Liao","2026-09-26 23:40:01",2197.5,2,tianrunliao1
845,16846857,"Tomohiro Nagai","2026-09-26 14:01:44",2196.6,2,tomohironagai
846,16631752,"Junichiro Morita","2026-09-27 00:59:19",2196.1,2,junichiromorita
847,16668610,Sian,"2026-09-26 10:57:18",2195.9,2,arki13
848,16736079,Maxy5illion,"2026-09-26 04:24:36",2195.4,2,maxy5illion
849,16793600,mogura2.0,"2026-09-26 17:06:49",2195.4,2,mogura20
850,16854935,일필휘지,"2026-09-27 09:04:44",2195.3,2,tenkojun
851,16927521,wadia,"2026-09-27 02:28:49",2195.3,2,"sihuanian777,yeshawang"
852,16623691,KevlarZanderChi,"2026-09-27 04:23:57",2194.7,2,kevlarzanderchi
853,16737482,Lindicaphxag,"2026-09-27 05:43:42",2194.6,2,oblivicore
854,16803032,"varshitha kolupuri","2026-09-26 17:04:12",2194.6,2,varshithakolupuri
855,16895472,codeWS,"2026-09-27 07:22:01",2194.2,2,codews
856,16624080,yuuuki1111,"2026-09-27 07:00:07",2194.1,2,yuuuki1111
857,16768239,Oshbocker,"2026-09-27 04:04:04",2194.0,2,oshbocker
858,16839389,lizs,"2026-09-26 16:20:46",2193.8,2,chiila
859,16743647,bono,"2026-09-26 09:11:11",2193.5,2,kjoonha
860,16805370,"Gaiar Baimuratov","2026-09-27 08:56:43",2193.2,2,baimuratov
861,16870033,"wbcrypto abrams","2026-09-27 06:17:31",2193.1,2,wbcryptoabrams
862,16790527,Yuta,"2026-09-27 02:52:59",2193.0,2,yutaecon
863,16944851,Asuka0131_LFG,"2026-09-27 04:08:40",2192.9,2,whisperss
864,16641169,boatlee,"2026-09-26 14:06:19",2192.5,2,boatlee
865,16654511,"Syed Shayan Ali Shah","2026-09-25 06:31:36",2192.2,2,dsshayan
866,16623034,"Vlad Kochetov","2026-09-26 18:30:13",2191.0,2,vladkochetov07
867,16726687,"Rohin Kethipally","2026-09-26 00:04:36",2189.5,2,rohinkethipally
868,16703045,ReCurSiON,"2026-09-27 07:14:40",2189.2,2,ashok205
869,16885764,shuinno,"2026-09-26 05:06:11",2188.5,2,"astralisa,hemlock1,metaforge,shuinno"
870,16771785,"Mencius silverio MENSAH","2026-09-26 17:39:31",2188.3,2,menciussilverio
871,16726915,"인공저능연구소( Artificial Idiocy Lab )","2026-09-27 08:05:12",2188.0,2,megayak
872,16641171,"Sadettin Şamil Verdil","2026-09-26 06:02:52",2186.4,2,sadettinamilverdil
873,16875986,"k hori ","2026-09-27 08:38:36",2186.2,2,khori7
874,16624893,"GURU Prasaatha S","2026-09-27 03:47:19",2186.2,2,guruprasaathas111
875,16889224,"Ishan Karnick","2026-09-27 01:42:11",2184.7,2,"ishankarnick,trinitynusca31"
876,16929642,"lyre lin","2026-09-25 14:54:56",2184.5,2,lyrelingg
877,16696743,"wennan cao","2026-09-27 02:45:11",2184.5,2,wennancao
878,16623128,AdamJonesJohnson,"2026-09-26 00:07:50",2184.4,2,adamjonesjohnson
879,16713457,"Poor farmer","2026-09-24 09:05:27",2184.2,2,trnhip
880,16709712,iwa_hueai,"2026-09-27 02:11:09",2183.9,2,"sdcarson,yetanothercoder"
881,16942314,"Seva Gusev","2026-09-26 10:41:20",2182.5,2,seva1232
882,16630548,"YJ Wee 2807","2026-09-25 08:06:21",2182.3,2,yjwee2807
883,16701051,"Komi ShouKo","2026-09-27 08:33:03",2180.7,2,asdwswdxd
884,16623669,goonew,"2026-09-26 16:16:02",2180.0,2,goonew
885,16633226,test_money,"2026-09-26 17:38:36",2179.9,2,michaelsemenoff
886,16837554,Quickpanda,"2026-09-26 19:40:14",2179.9,2,quickpanda
887,16792568,李秉叡（ntumlnoob）,"2026-09-26 10:58:39",2179.1,2,ntumlnoob
888,16670537,Silhouette,"2026-09-27 08:14:21",2179.1,2,jamessargsyan
889,16780097,"wei chang","2026-09-26 11:06:46",2177.8,2,wayne0404
890,16853054,saberzky,"2026-09-26 11:53:44",2177.6,2,saberzky
891,16658909,"evolve faster!","2026-09-26 20:37:21",2177.2,2,junesdata
892,16737944,ToastUz,"2026-09-24 22:18:59",2176.3,2,tatsuzoosawa
893,16784416,tatt:)ch,"2026-09-27 06:13:16",2175.6,2,"awewrasdffetfe,jay051012,tattch,yjy10086"
894,16642128,"MAC SAHO","2026-09-27 07:56:24",2175.0,2,macsaho
895,16749435,SGY2512,"2026-09-26 21:32:32",2175.0,2,sgy2512
896,16861302,YieldCurve,"2026-09-26 02:45:55",2174.8,2,"gendaijin,haruna015"
897,16830390,"Hajime Kumami","2026-09-27 06:09:58",2173.7,2,hajimekumami
898,16732445,ГИМНАЗИЯ14ЙОШКАРОЛА,"2026-09-27 09:07:47",2173.4,2,"domager72,fylgde,kolyaflexcu"
899,16679214,alban,"2026-09-27 01:11:57",2172.6,2,albantiacoh
900,16847543,"Sankalp Wanjari","2026-09-26 22:18:04",2172.5,2,sankalpwanjari25
901,16728492,ほのぼの牧場,"2026-09-27 05:28:35",2172.5,2,masatoshitaniguchi
902,16697898,"Yin Li","2026-09-25 13:31:13",2172.4,2,kevin250304
903,16803658,"Timmy ""Kermit"" Turner's Team","2026-09-26 21:41:38",2172.3,1,"timsurreal,zombiespecz"
904,16711752,"Atakan Aldemir","2026-09-26 06:20:20",2172.2,2,atakanaldemir
905,16748765,"A. R. SEKKAT","2026-09-27 05:54:44",2171.5,2,arsekkat
906,16793474,"Liu Classmate","2026-09-27 01:28:45",2170.4,2,"lilya98,liuclassmate,yuxuanzhao1203"
907,16696593,bplyc15,"2026-09-26 15:04:45",2170.1,2,bplyc15
908,16855885,"Shinonome Seiga","2026-09-27 07:23:07",2169.8,2,shinonomeseiga
909,16695685,"kwon yong deuk","2026-09-27 06:03:02",2168.3,2,kwonyongdeuk
910,16786108,Pakhan873,"2026-09-27 00:01:19",2168.2,2,paveldidin
911,16789950,"Zachary Zhang","2026-09-26 07:11:17",2168.2,2,zacharyzhang16
912,16804022,monsaraida,"2026-09-27 03:01:34",2167.9,2,monsaraida
913,16688732,"sAIzeria Harness","2026-09-27 03:41:56",2166.8,2,"gnux1408,tanakaai24"
914,16663271,"Malyshev Danil","2026-09-27 08:52:50",2166.5,2,"corgisamoyed,malyshevdanil"
915,16785523,Doranap,"2026-09-25 04:27:55",2165.8,2,doranap
916,16700767,tkpmnlms,"2026-09-27 03:17:51",2165.3,2,"emorgunov,mikhailkachalin,roniuhle"
917,16727893,mmwstudy,"2026-09-26 07:43:03",2164.9,2,mmwstudy
918,16746317,xingyun_byto,"2026-09-27 09:02:39",2163.6,2,xingyunbyto
919,16926111,"Somya Patra","2026-09-26 15:29:11",2163.4,2,somyapatra
920,16667872,"Pralay Ghosh","2026-09-27 02:39:28",2163.4,2,pralayghosh83
921,16755328,"yang zhang","2026-09-27 06:02:53",2162.4,2,zhang1221ai
922,16805704,ShuHaya,"2026-09-25 10:19:35",2161.3,2,yfqqq088
923,16725899,Zhenghongshuang,"2026-09-26 16:15:48",2161.1,2,zhenghongshuang
924,16763706,断罪の孤高の神・大宇宙草莓覇皇,"2026-09-26 21:02:20",2160.6,2,"lordofichigo,qilejiang76"
925,16707453,"Kaan Dınız","2026-09-27 04:45:34",2159.6,2,kaandnz
926,16889597," Master Bob111","2026-09-27 08:10:13",2159.3,2,masterbob111
927,16735066,"Saber #2","2026-09-26 16:21:03",2158.9,2,yzheng21
928,16785321,HaoChi,"2026-09-27 00:42:20",2158.8,2,"lishi321,moxi21"
929,16655826,KKY,"2026-09-27 00:28:20",2158.7,2,evilpsycho42
930,16663632,Seho.Connect,"2026-09-26 21:40:39",2157.9,2,sehoconnect
931,16826465,linmumu009,"2026-09-24 07:11:11",2157.7,2,"linmumu009,renjunxiang"
932,16760158,"apple farmer","2026-09-26 12:28:30",2157.1,2,gustavoknudsen
933,16793461,"Muhammad Hokimiyon","2026-09-26 23:24:00",2156.9,2,muhammadhokimiyon
934,16656399,CROW,"2026-09-25 14:42:57",2156.4,2,"aaayangxh,hanifnoerrofiq"
935,16743858,kawauso9n,"2026-09-27 05:45:27",2155.5,2,kawauso9n
936,16918430,"Huifeng Li","2026-09-27 05:17:15",2155.3,2,stevenli1
937,16623371,MoZayed,"2026-09-26 01:54:11",2152.4,2,mohamedzayedahmed
938,16748462,"Jiwon Lee","2026-09-26 14:16:45",2151.8,2,jibong7600
939,16635744,XDang13,"2026-09-24 16:52:57",2151.7,2,xdang13
940,16631215,私立ホルスタイン学園,"2026-09-27 01:00:42",2151.7,2,hiranorm
941,16923122,RangerSnow,"2026-09-27 07:59:52",2151.6,2,rangersnow
942,16831965,"Ray Roberts","2026-09-24 01:04:13",2150.5,2,rayroberts
943,16743033,Nagahama,"2026-09-25 15:07:10",2149.5,2,kazukinagahama
944,16749034,digitalChaos,"2026-09-26 12:02:01",2148.9,2,digitalchaos666
945,16926032,robikscube,"2026-09-27 09:14:04",2148.5,2,ujjwalnewd
946,16740644,Terence0914,"2026-09-26 23:54:21",2148.5,2,terence0914
947,16632715,cmasch,"2026-09-26 18:01:08",2148.3,2,cmasch
948,16671376,Lebxgue.,"2026-09-25 16:19:01",2148.3,2,yukieja
949,16930535,wind,"2026-09-27 07:22:18",2148.1,2,"sfkmzy,windbyluck"
950,16936827,"Weixuan Liu","2026-09-27 03:30:22",2147.3,2,flyfish666
951,16911212,zby_4240,"2026-09-24 12:45:39",2147.1,2,"panhiuting,zby4240"
952,16778640,Kilupy,"2026-09-25 20:34:27",2147.1,2,kilupy
953,16891115,tkm7510,"2026-09-26 02:22:37",2146.8,2,tkm7510
954,16875659,あかつき,"2026-09-27 05:13:04",2146.3,2,akatuki25
955,16792109,rogerrogerroger3r,"2026-09-26 11:59:35",2146.1,2,rogerrogerroger3r
956,16627888,atl132,"2026-09-27 00:51:27",2145.9,2,atl132
957,16684250,"Alexander Sokolov","2026-09-27 06:57:58",2145.8,2,cheeec0
958,16933836,arumajiro,"2026-09-27 07:38:08",2145.5,2,excellentarumajiro
959,16879027,XMHHHH,"2026-09-25 12:36:50",2145.4,2,jkkhhoo
960,16865564,Manat,"2026-09-27 05:38:57",2145.2,2,manatoshoji03
961,16919866,"Harvey Zhang","2026-09-24 16:07:56",2145.1,2,harveyel
962,16729280,"Ryoya Tsuruoka","2026-09-27 00:22:37",2145.1,2,"irohasorange,mrooto,rahaia"
963,16631460,Kosuke.T,"2026-09-25 09:40:42",2144.0,2,kosuke1992
964,16670371,rkd,"2026-09-27 04:24:15",2142.8,2,ryookd
965,16632119,nickyl,"2026-09-27 08:34:55",2142.1,2,nickyjliang
966,16632423,goh,"2026-09-27 00:23:56",2141.6,2,bungohatayama
967,16789946,"Oriol Pi Morell","2026-09-27 07:17:29",2141.4,2,oriolpi
968,16627600,"NiA Farms","2026-09-27 06:20:21",2141.1,2,"adriaft,natliablascoandreo"
969,16865168,"Maksym Bilychenko","2026-09-25 20:38:06",2139.9,2,mbilichenko
970,16673870,"Yuxiao Wang","2026-09-27 09:08:08",2139.3,2,yuxiaowangx
971,16690923,"Maqsoud Tawaliou","2026-09-27 04:45:03",2139.3,2,maqsoudtawaliou
972,16660255,"Revanth Tambisetty","2026-09-26 21:06:01",2139.2,2,revanthtambisetty
973,16948745,"Nero Nrx","2026-09-25 15:38:06",2138.7,2,neronrx
974,16654585,"David Pedersen","2026-09-27 04:31:58",2138.2,2,semalytics
975,16927555,yaya__k,"2026-09-24 09:27:12",2137.8,2,yaya88k
976,16911681,nena,"2026-09-25 06:42:53",2137.7,2,nena0undefined
977,16759632,"Rifqi Haikal","2026-09-24 15:12:11",2137.3,2,rifqihaikal
978,16759578,Randy,"2026-09-25 23:21:32",2137.3,2,rvndyerwin
979,16714057,"T0m0t0m0 W","2026-09-26 15:00:50",2137.3,2,t0m0t0m0w
980,16694138,Alex,"2026-09-24 17:32:04",2136.4,2,alex789
981,16669490,hinemos,"2026-09-27 07:59:58",2136.4,2,hinemos
982,16760523,"Joseph Ayanda","2026-09-26 23:41:36",2135.3,2,josephayanda
983,16673109,"Surya Bhattiprol","2026-09-27 03:56:10",2135.1,2,suryabhattiprol01
984,16693549,別班,"2026-09-27 07:43:58",2135.0,2,"kusurizuke,pepushi,tomokiaki"
985,16730344,lvisdd,"2026-09-27 04:15:04",2134.7,2,lvisdd
986,16813899,blueshine,"2026-09-27 03:22:38",2134.4,2,minagawateru
987,16802322,HongchenDai,"2026-09-27 08:06:52",2134.1,2,hongchendai
988,16662051,"Salem Ali","2026-09-27 07:23:29",2133.9,2,salemali7
989,16763829,"Shane Thivaharraja","2026-09-27 06:35:37",2133.7,2,shanethivaharraja
990,16728262,wakawakayu,"2026-09-26 13:55:58",2132.8,2,wakawakayu
991,16630752,motemen,"2026-09-27 05:26:17",2132.7,2,motemen
992,16679098,"KIRTAN RUPESHBHAI BHOJANI","2026-09-24 06:02:25",2131.2,2,kitran17
993,16633173,"Saulo Quiñones Góngora","2026-09-27 03:25:31",2131.1,2,sauloquionesgngora
994,16634149,"Hozuma ITOBAYASHI","2026-09-26 14:51:22",2130.7,2,hozumaitobayashi
995,16895106,linchuhan,"2026-09-26 06:00:29",2130.4,2,linchuhan
996,16757809,dasfds,"2026-09-27 05:59:38",2130.3,2,dasfds
997,16759250,"Harsh Jain","2026-09-24 18:39:23",2129.6,2,harshjain123
998,16641230,"An V1","2026-09-27 04:26:57",2128.9,2,barakuga
999,16659920,vkhydras,"2026-09-26 12:12:02",2128.5,2,vickimar
1000,16624484,"Tomoki Hirose","2026-09-24 15:50:38",2128.5,2,tomokihirose
1001,16693050,Shoko,"2026-09-27 08:27:25",2128.1,2,abreyton
1002,16880393,flower_s,"2026-09-26 00:45:26",2127.8,2,flower244140625
1003,16885561,goodpjw2008,"2026-09-27 08:57:23",2127.8,2,goodpjw2008
1004,16948694,"Bob Jeff","2026-09-27 04:55:57",2127.4,2,bobrg123
1005,16947057,jfhjfgjhfj,"2026-09-25 07:29:39",2127.0,2,jigsawpuzzle
1006,16628951,"Hiro Nomo","2026-09-25 07:31:45",2125.9,2,morinokuma3
1007,16673336,honjousetuna,"2026-09-27 08:53:27",2125.4,2,honjousetuna
1008,16662176,"jorge fabian avila","2026-09-24 17:35:51",2124.9,2,jorgefabianavila
1009,16842242,"Scott Kirila","2026-09-27 09:00:25",2124.7,2,scottkirila
1010,16660313,Ctrl+Code,"2026-09-25 09:52:41",2124.6,2,"jayashankar369085,parnikasm"
1011,16907326,"julien gaza","2026-09-27 03:53:07",2124.2,2,juliengaza
1012,16717289,JackChenghao,"2026-09-26 07:15:04",2124.1,2,jackchenghao
1013,16848060,juliencst,"2026-09-26 15:11:13",2123.8,2,juliencst
1014,16946853,"BAHUMANYA R G","2026-09-25 11:58:12",2123.1,2,bahumanyarg
1015,16644643,today,"2026-09-25 04:07:32",2122.8,2,today55
1016,16738492,"Follow Me Gradient","2026-09-24 11:15:05",2122.4,2,farukece
1017,16823626,Korokke3,"2026-09-26 21:24:03",2122.2,2,korokke3
1018,16861768,koala_bear,"2026-09-26 18:02:12",2122.0,2,jpkoalabear
1019,16885832,"Soshi Uejima","2026-09-24 14:09:29",2121.9,2,assdafa1223
1020,16645703,madmax0404,"2026-09-27 05:47:19",2121.7,2,max6296
1021,16808396,Dr_F,"2026-09-24 14:04:10",2121.5,2,algebraictopology
1022,16942000,tyson,"2026-09-25 17:24:15",2121.5,2,tysonwashere
1023,16762101,"Kazama Yusuke","2026-09-27 00:19:39",2121.2,2,kazamayusuke
1024,16745138,yok,"2026-09-27 08:01:00",2120.9,2,yokoinaba
1025,16655582,"Yang Jinneng","2026-09-27 07:28:44",2120.8,2,adurey
1026,16925740,Virexon,"2026-09-27 07:31:29",2120.5,2,"spectrion5,synthexia,virexon,vorinaq"
1027,16891008,"Golubev Alexander","2026-09-25 12:34:28",2120.4,2,"golubevalexander,nikitadgolubev"
1028,16823319,eviltsundera,"2026-09-27 08:44:07",2120.3,2,eviltsundera
1029,16894110,寒月千逸,"2026-09-25 12:45:32",2120.1,2,"hanyueqianyi,leeyang1,sakurahg"
1030,16918411,"Gautier Marti","2026-09-24 11:39:32",2119.9,2,gautiermarti
1031,16636079,"Pawan Rama Mali","2026-09-26 23:20:29",2119.8,2,pawanmali
1032,16742139,ALLAI,"2026-09-27 04:35:24",2119.7,2,glorysing
1033,16883907,lll,"2026-09-27 07:38:28",2119.5,2,lghlgh001
1034,16671361,"Hangyu Yu","2026-09-27 04:56:19",2118.5,2,"cqupthangyuyu,leoethan,wxgisspider"
1035,16630331,"Mohamed El-Nageeb","2026-09-26 23:17:06",2118.3,2,thelastsmilodon
1036,16763669,cm391,"2026-09-24 22:20:58",2118.2,2,mccocoful
1037,16769967,"Bill Fan","2026-09-25 01:44:56",2118.1,2,billfan88
1038,16689430,"Terry Luo","2026-09-24 16:19:47",2118.1,2,eimhluo1764
1039,16659295,snaykey,"2026-09-25 12:20:59",2117.6,2,snaykey
1040,16639971,"qi yun","2026-09-27 05:13:18",2117.5,2,qiyun280
1041,16876869,MAGGR,"2026-09-24 17:47:21",2117.3,2,manojmandal
1042,16626191,"kevin park","2026-09-25 12:19:27",2117.2,2,k3v1npark
1043,16719884,ykhnkf,"2026-09-24 22:36:04",2117.2,2,ykhnkf
1044,16794542,ysd1110,"2026-09-27 08:20:54",2116.9,2,ysd1110
1045,16881928,"Saad Khan","2026-09-24 18:56:07",2116.0,2,saadlohani
1046,16922094,Shiv28,"2026-09-26 03:38:57",2114.5,2,shiv28
1047,16749079,mraz1006,"2026-09-26 15:40:58",2114.3,2,mraz1006
1048,16794630,"Yuchuan Ding","2026-09-25 13:39:31",2113.3,2,yuchuanding
1049,16622032,"Raunak Dey","2026-09-24 14:30:55",2113.2,2,raunakdey07
1050,16717901,"Ahmed Hazem Abdeltawab","2026-09-25 21:38:57",2113.1,2,ahmedhazem23
1051,16668789,qaq7864,"2026-09-25 06:23:51",2112.8,2,qaq7864
1052,16732666,"Stefano Blando","2026-09-26 20:46:45",2112.8,2,stefanoblando
1053,16657091,raw2clean,"2026-09-26 06:44:49",2112.6,2,raw2clean
1054,16855857,tchufers,"2026-09-25 19:41:27",2112.3,2,viniciusraupp
1055,16668215,renta.k,"2026-09-24 17:12:13",2112.1,2,renta0426
1056,16658962,"Fabian Friedland","2026-09-27 04:05:47",2111.9,2,fabotelli
1057,16807108,dongdongunique2,"2026-09-25 20:07:27",2111.3,2,yinzhaoren
1058,16676455,"Sarthak Sharma ","2026-09-27 06:06:46",2111.3,2,sarthaksharma14
1059,16722705,我的AI是豆包,"2026-09-27 09:06:59",2110.8,2,"carrotliang,haoxuanjng,kaoqiangzhang,rainhuang0220"
1060,16739925,nofreewill42,"2026-09-25 12:50:46",2110.8,2,nofreewill
1061,16706897,"Akshay Mathur","2026-09-24 12:52:47",2110.6,2,akshaymathur777
1062,16732690,なーでぃー牧場,"2026-09-27 05:00:09",2110.5,2,nadyresearcher
1063,16884121,Radiant,"2026-09-27 08:57:24",2110.2,2,"dnpkkk,xxxxxx6x,y4matt"
1064,16663213,"Takahiro Someya","2026-09-26 04:50:33",2110.0,2,takahirosomeya
1065,16791924,magu1234,"2026-09-25 05:08:48",2110.0,2,magu1234
1066,16727103,sword3522,"2026-09-26 17:12:52",2110.0,2,"qinyanqiu,sword3522"
1067,16730015,suzu10,"2026-09-27 05:04:56",2109.8,2,suzu10
1068,16657547,"Pranav Thota","2026-09-27 04:07:50",2109.6,2,pranavthota
1069,16731971,s_a_ai_engineer,"2026-09-27 07:08:35",2109.0,2,saaienginner
1070,16904867,wahaka,"2026-09-25 07:15:12",2108.9,2,wahaka
1071,16924283,GeHaohua,"2026-09-27 06:30:16",2108.8,2,gehaohua
1072,16811799,"Yuanchen Huang","2026-09-27 08:49:50",2108.3,2,geokocha
1073,16758905,"Iwa Iwa","2026-09-26 16:16:27",2107.7,2,iwaiwa
1074,16708315,beeyan,"2026-09-24 23:55:17",2107.6,2,beeyan0821
1075,16817518,Dresden,"2026-09-25 02:29:39",2107.3,2,dresdeng
1076,16880648,"Akash Pattani","2026-09-26 13:03:10",2107.2,2,akashpattani
1077,16693227,"Aniket Sharma","2026-09-24 09:31:04",2107.2,2,aniketsharma00411
1078,16675866,DanilChil,"2026-09-25 14:06:52",2106.6,2,danilchil
1079,16736670,"Mark Astrid","2026-09-24 18:53:08",2106.3,2,markastrid
1080,16638557,"Araik Tamazian","2026-09-25 06:41:49",2105.8,2,atamazian
1081,16631967,vecxoz,"2026-09-24 17:42:44",2105.6,2,vecxoz
1082,16738759,YJR,"2026-09-26 02:21:04",2104.6,2,misakamikoto66
1083,16623381,cocoaAI,"2026-09-26 20:53:26",2104.4,2,cocoaai
1084,16735252,LagrangianLocomotive,"2026-09-24 20:22:02",2104.0,2,lagrangianlocomotive
1085,16844132,Tamasaki217,"2026-09-27 08:08:46",2103.5,2,tamadesu217
1086,16644578,"Team Name","2026-09-27 02:24:33",2102.8,2,baytree1238
1087,16655128,"Somasundar V","2026-09-24 21:04:44",2102.7,2,somasundarv
1088,16729413,KharinTymofii,"2026-09-24 15:54:07",2102.4,2,kharintymofii
1089,16634179,daoviet,"2026-09-27 02:42:27",2102.4,2,daoviet
1090,16833141,yomogii,"2026-09-27 04:09:52",2101.8,2,yomogii
1091,16730720,broccoli,"2026-09-24 16:46:18",2101.2,2,norihori0917
1092,16781166,Ant,"2026-09-26 14:21:47",2101.2,2,anthonytrevino
1093,16942378,"Cheese Burgers","2026-09-25 03:46:35",2100.8,2,"gaippi,mrkoolguy"
1094,16890988,"Aleksandrov Andrey Alekseevich","2026-09-26 12:06:19",2100.2,2,abbeleve
1095,16730334,"Have a nice trip in USST","2026-09-27 09:24:42",2099.8,2,"eugeneyeung,grace7523,sztszt0726,tuskig,wzh20050212"
1096,16657877,zigiella,"2026-09-26 05:22:00",2099.7,2,zigiella
1097,16889296,"Takauchi Suguru","2026-09-26 01:06:02",2099.6,2,gurusut
1098,16674649,寿!,"2026-09-27 06:42:59",2099.4,2,taka3776toshi
1099,16642570,"Mathurin Ache","2026-09-27 09:19:48",2099.4,2,mathurinache
1100,16624969,tf,"2026-09-26 07:02:33",2099.2,2,tfukuhara
1101,16778744,"Shunsuke Hayashi","2026-09-26 14:43:36",2099.1,2,shunsukehayashi1993
1102,16641372,ShoaibSSM,"2026-09-24 17:10:08",2098.7,2,"naveenlx111249971939,shoaibssm"
1103,16803448,jiatu.l,"2026-09-27 08:40:05",2098.4,2,jiatul
1104,16870342,"CHEN Xiang","2026-09-27 02:54:12",2097.8,2,intoxicatinglips
1105,16774475,LoveB4Sunrise,"2026-09-26 16:07:05",2097.7,2,demacia1314
1106,16640067,"minghao mei","2026-09-25 04:03:05",2097.4,2,minghaomei
1107,16930633,micro,"2026-09-27 08:26:33",2097.2,2,brucewu1200
1108,16664096,"Charles Coonce","2026-09-26 22:12:40",2097.1,2,charlescoonce
1109,16661708,"Stanley Honkpehedji","2026-09-26 18:28:10",2096.0,2,stanleyhonkpehedji
1110,16632294,"Rajan Nagarajan","2026-09-25 16:30:03",2095.4,2,narajan
1111,16775125,weimean,"2026-09-26 13:35:57",2095.2,2,gtwm98
1112,16934931,erica,"2026-09-24 22:35:11",2094.0,2,duanyong049
1113,16644565,Suda,"2026-09-27 05:21:56",2093.9,2,"chaneyma,deryawang"
1114,16660209,"Whyme Labs","2026-09-26 02:31:05",2093.8,2,whymelabs
1115,16843042,"Frost Cerberus","2026-09-25 05:55:10",2093.4,2,frostcerberus
1116,16863974,suteno,"2026-09-26 10:28:04",2093.3,2,sutekikano
1117,16779304,"Ari Nakos","2026-09-24 19:17:07",2093.1,2,aristides
1118,16921557,"Terry Duan","2026-09-24 21:21:44",2092.1,2,xueyueicu
1119,16766640,watana,"2026-09-24 13:39:25",2091.5,2,yukiwat
1120,16793396,...,"2026-09-26 05:02:45",2090.3,2,shackles6966
1121,16665402,PrasadChopade213,"2026-09-24 08:50:47",2090.1,2,prasadchopade213
1122,16755414,Danzzzl,"2026-09-26 18:53:14",2089.9,2,okunevda
1123,16651331,"Mohamed Saeed","2026-09-24 17:00:06",2089.9,2,m0sm71
1124,16661994,"Suvrat Rai","2026-09-26 06:47:52",2089.8,2,suvrat11rai
1125,16851133,"Bryan Pauze","2026-09-25 00:01:14",2088.9,2,bryanpauze
1126,16727998,hidsaito,"2026-09-27 02:47:00",2088.7,2,hidsaito
1127,16762769,"Jacques Buis","2026-09-26 21:41:26",2088.7,2,jacquesbuis
1128,16728071,AI是我的豆包,"2026-09-27 06:34:24",2088.3,2,"blht2026,wocenmma,zzxhee"
1129,16872203,"Mikael Kerimov","2026-09-25 07:13:18",2088.2,2,"mikaelkerimov,mperminiov"
1130,16867120,"DaoHe Liu","2026-09-27 02:16:29",2088.1,2,daoheliu
1131,16677149,"Umataro Tenma","2026-09-27 08:43:00",2087.7,2,umatarotenma
1132,16937607,wuyan-nox,"2026-09-27 09:26:12",2087.6,2,wuyannox
1133,16740815,Remielle,"2026-09-27 05:59:48",2087.3,2,remielle
1134,16731839,mamematcha,"2026-09-27 00:50:59",2086.4,2,mamematcha
1135,16838370,aqua,"2026-09-26 10:59:36",2086.2,2,aquaaqua11
1136,16931354,snappi,"2026-09-26 00:33:20",2086.2,2,snappi
1137,16663247,Ak,"2026-09-25 10:44:10",2086.1,2,abisheksrivastav
1138,16858303,马嘉蛋爱玩跳棋,"2026-09-22 05:52:02",2085.6,2,"jamalzzj,jlw123456"
1139,16623875,"Pavlo Ivanin","2026-09-25 06:21:37",2085.5,2,pavloivanin
1140,16719733,CleoCantCompete,"2026-09-25 05:52:04",2085.5,2,cleocantcompete
1141,16758381,"Yang Kuang Ou","2026-09-25 09:23:02",2085.1,2,yangkuangou
1142,16827224,"[HSE Lyceum ML] zaepupno","2026-09-26 09:32:33",2085.1,2,daniilgoryushin
1143,16740892,"yuki matsumori","2026-09-24 14:37:27",2085.0,2,yukimatsumori
1144,16685358,"Nuno Ferreira","2026-09-25 06:13:15",2084.9,2,ngcferreira
1145,16823467,"Riki Uchida","2026-09-27 06:56:00",2084.0,2,rikiuchida
1146,16659412,yesterdays_rebel,"2026-09-26 11:14:06",2083.5,2,irfanparaniya
1147,16641524,AkiraIshikawa,"2026-09-26 09:06:36",2083.3,2,akiraishikawa
1148,16730881,hank0123,"2026-09-27 05:23:28",2083.2,2,hank0123
1149,16899200,MauoXX,"2026-09-26 14:31:48",2083.2,2,mclster
1150,16623897,satoooh,"2026-09-27 04:22:13",2082.7,2,satoooh
1151,16738700,"Bugra Cinar","2026-09-25 15:38:42",2082.6,2,bugracnr
1152,16888794,NonCaffeine,"2026-09-25 11:30:06",2082.2,2,noncaffeine
1153,16775686,"Max Podd","2026-09-26 06:35:41",2082.0,2,maxpodd
1154,16621671,Chellick,"2026-09-26 08:47:01",2081.9,2,matweyisupov
1155,16709101,"Djaafar Lecheheb DL","2026-09-27 06:59:30",2081.9,2,djaafarlechehebdl
1156,16786102,"Anay Garodia","2026-09-24 03:58:21",2081.8,2,anaygarodia
1157,16632097,PavelLiashkov,"2026-09-26 18:15:25",2081.7,2,bigbag1983
1158,16778835,kiyoc,"2026-09-25 10:58:11",2081.6,2,kiyoshiohno
1159,16948957,KIT0,"2026-09-26 17:24:47",2081.5,2,kit024
1160,16663999,"Colton Martin","2026-09-25 00:14:19",2081.4,2,coltonmartinnn
1161,16668071,"Ali Eren Oğuztaş","2026-09-26 22:06:16",2081.1,2,alierenouzta
1162,16887476,"Memory Engineer","2026-09-26 04:25:47",2080.6,2,salazarslytherin
1163,16672136,chupaletas,"2026-09-25 03:46:19",2080.2,2,urvesh
1164,16836633,Yukino487,"2026-09-27 01:57:03",2080.2,2,"xingyulll,yukino487"
1165,16659328,"Muhammed Ashiq Abdul Khader","2026-09-25 15:00:27",2080.1,2,ashiqabdulkhader
1166,16699947,HKmgikao,"2026-09-24 19:03:41",2079.4,2,hitoshikmgai
1167,16845258,Squirrel,"2026-09-27 08:46:58",2079.3,2,bunnykeeper
1168,16623390,KodamaSec,"2026-09-27 08:51:54",2079.2,2,dfhgfdghfdhg
1169,16632172,Ayodeji,"2026-09-26 10:41:44",2078.9,2,ayodejiibrahimlateef
1170,16684128,NIklitaCheporev,"2026-09-24 15:51:38",2078.6,2,niklitacheporev
1171,16637099,tobhull,"2026-09-26 05:42:45",2077.5,2,tobhull
1172,16851853,tryagain123,"2026-09-26 19:17:18",2077.3,2,lanqingsong123
1173,16807411,tamura_aicon,"2026-09-23 00:03:54",2077.0,2,hayatetaf
1174,16799235,K.Piro,"2026-09-27 00:50:50",2076.8,2,agares02
1175,16898204,"MAHESH ISHRAN","2026-09-26 15:11:47",2076.7,2,iitm21f1003346
1176,16730688,zy,"2026-09-26 17:59:04",2076.6,2,justforwin
1177,16815841,"Sunshine through fog","2026-09-27 08:50:24",2076.5,2,sunshinethroughfog
1178,16634026,"Mike Kim","2026-09-26 15:44:55",2076.4,2,mikeskim
1179,16736685,kentaro_kato,"2026-09-27 03:05:49",2076.2,2,kentarokato
1180,16828705,"liama liama","2026-09-26 21:08:22",2075.8,2,liamaliama
1181,16848208,"Takuto Inoue","2026-09-27 02:41:30",2075.3,2,takutoinoue
1182,16936749,statma,"2026-09-27 05:22:54",2075.3,2,"fractalbyte,marshjff,statma,valqeth"
1183,16632138,kaggle_bbgg,"2026-09-27 04:37:36",2075.1,2,kagglebbgg
1184,16623836,awarse,"2026-09-24 16:07:45",2074.9,2,awarse
1185,16773144,"Mohamed Salah","2026-09-27 07:58:20",2074.9,2,mosalah7
1186,16705431,"Thuận Đoàn Vũ","2026-09-27 01:43:44",2074.7,2,thunonv
1187,16693557,"Ifeoluwa Adewumi","2026-09-25 09:48:37",2074.6,2,ifeadewumi
1188,16674312,yuxuan,"2026-09-25 03:04:25",2074.6,2,yuxuan1221
1189,16698206,"Bark at the Barnyard","2026-09-26 03:16:42",2074.6,2,mming0430
1190,16659464,"Héctor Valverde","2026-09-27 00:05:40",2074.3,2,hvpareja
1191,16775242,"Timothee Henry","2026-09-27 05:29:10",2074.3,2,timhenry
1192,16641077,lucaskna,"2026-09-27 08:29:55",2073.9,2,lucaskna
1193,16844148,Ethereal49,"2026-09-26 07:49:26",2073.4,2,ethereal49
1194,16945364,胜你不须第二剑,"2026-09-25 07:28:08",2072.6,2,abinyzl123
1195,16867370,jasonyoung,"2026-09-25 21:22:54",2071.5,2,jasonyoung66
1196,16931907,"Nokubonga Ngema","2026-09-22 20:13:20",2071.4,2,nokubongangema
1197,16784725,prairieee,"2026-09-26 13:56:57",2071.3,2,"haideptry,prairieee"
1198,16671150,Mc10nys0n,"2026-09-27 07:02:48",2069.4,2,rattanunt
1199,16667080,King-damon,"2026-09-27 04:20:03",2069.4,2,kingdamon
1200,16891718,"Me & myself","2026-09-25 07:51:23",2069.1,2,fannasankh
1201,16686918,JustinLee,"2026-09-27 07:54:11",2068.7,2,justin2061
1202,16790585,wzyxp_123,"2026-09-27 02:41:23",2067.9,2,cloudssdut
1203,16658895,kunihiro,"2026-09-25 04:45:26",2067.8,2,kunihiro
1204,16633179,infamemconculcemus,"2026-09-27 09:25:22",2067.7,2,jcgweb
1205,16862044,"Toshiki Narushima","2026-09-27 05:22:33",2067.4,2,toshikinarushima
1206,16698308,"Gemini IS ALL YOU NEED","2026-09-25 08:36:45",2067.2,2,"jacqueszhelinzhang,yuan800"
1207,16741819,"Paritosh Kumar Tripathi","2026-09-26 16:26:45",2067.1,2,paritoshtripathi5
1208,16926301,"Максим Бортник","2026-09-25 16:25:18",2066.9,2,maxim2512
1209,16654841,"ABHIRUP DAS","2026-09-24 18:17:06",2066.9,2,abhirupdas10
1210,16634128,ZechHuang,"2026-09-26 14:36:25",2066.3,2,zechhuang
1211,16657100,"Jacky Chan","2026-09-24 23:27:04",2066.3,2,jhkchan
1212,16698136,"David Estevez","2026-09-26 15:00:04",2065.5,2,destbreso
1213,16920069,"arar tawil","2026-09-21 20:07:38",2065.1,2,araraltawil
1214,16655688,"Ryan Shan","2026-09-25 22:27:11",2065.0,2,codegold
1215,16671412,Xman,"2026-09-26 04:35:23",2064.8,2,xuanzhang001
1216,16759699,"Mason Cao","2026-09-24 04:23:48",2063.0,2,mzcao7
1217,16918941,"E-Max AI","2026-09-26 16:47:25",2062.7,2,royalacecat
1218,16938244,"Yeashu Semwal","2026-09-27 08:20:54",2062.7,2,yeashusemwal
1219,16800076,xinwang,"2026-09-26 14:30:12",2062.6,2,xxxtetantion
1220,16847706,takumina,"2026-09-26 10:19:02",2062.4,2,takuminakamatsu
1221,16675873,"Zhu Liang","2026-09-27 05:14:15",2061.7,2,paradite
1222,16814409,YuyaSuzuki,"2026-09-26 00:25:55",2060.9,2,yututapp
1223,16654707,ManasviSharma,"2026-09-25 11:03:40",2060.7,2,manasvi821
1224,16624040,kumk,"2026-09-26 13:15:14",2060.6,2,kknagoya
1225,16846525,Dwaslaop,"2026-09-27 06:35:42",2060.5,2,"dwaslaop,haorunjia"
1226,16655478,Bruce,"2026-09-25 05:32:56",2059.6,2,bruceqdu
1227,16827571,"BNBU Astra","2026-09-27 02:59:44",2059.2,2,"andycooper747,austindengkaggle,BNBUDINGSHANLee21,yuxiang328"
1228,16865335,"Hire me! 🤗 [Viktor Cikojevic]","2026-09-20 13:38:52",2059.1,2,viktorcikojevic
1229,16844233,y3uanm,"2026-09-27 03:45:48",2058.9,2,"delta47x,lunpaixo,y3uanm"
1230,16945301,QQQXXX123,"2026-09-26 11:47:02",2057.7,2,qqqxxx123
1231,16655423,"Roland Luethy","2026-09-26 21:17:09",2057.6,2,rluethy
1232,16849801,tq1d,"2026-09-26 11:31:21",2057.4,2,haya03010
1233,16687649,track,"2026-09-26 20:46:20",2056.8,2,"a2nt1as2n,ahmedberatozer,omerlleez"
1234,16942567,MatveyVarfolomeev,"2026-09-26 19:14:55",2056.0,2,matveyvarfolomeev
1235,16632201,neurlog,"2026-09-25 20:42:08",2055.7,2,neurlog
1236,16898090,"Zbigniew Kirchner","2026-09-26 21:00:17",2055.1,2,zbigniewkirchner
1237,16668761,"Lorenzo Regalado","2026-09-26 15:58:52",2055.1,2,lregaladohdez
1238,16664577,a14iiiii,"2026-09-26 02:55:58",2054.9,2,a14iiiii
1239,16810408,"Bohdan Boklah","2026-09-26 09:58:23",2054.6,2,bohdanbb2000
1240,16701685,shawloong,"2026-09-25 01:14:31",2054.1,2,shawloong
1241,16741113,kaitle,"2026-09-26 04:58:15",2053.8,2,kaitle
1242,16662492,"Lester Leong","2026-09-27 05:48:03",2053.8,2,lesterleong
1243,16804757,MAT,"2026-09-27 08:51:31",2053.6,2,mehmetanltays
1244,16700634,"Alperen Söylen","2026-09-27 07:27:27",2053.5,2,alperensylen
1245,16939044,pioneerqaz,"2026-09-25 16:26:40",2053.3,2,pioneerqaz
1246,16893006,"Duvor Richard","2026-09-27 09:25:48",2052.6,2,duvorrichard
1247,16859815,alcanta,"2026-09-27 09:20:09",2052.5,2,ccotiuga
1248,16720056,"Heads or Tails","2026-09-27 03:52:04",2052.2,2,headsortails
1249,16802486,SHICHIES,"2026-09-27 06:22:06",2051.8,2,shichies
1250,16749605,SoedaHaruto,"2026-09-27 06:52:56",2051.6,2,soedaharuto
1251,16692845,"Yassine Ben Zekri","2026-09-24 21:18:48",2051.3,2,yassinebenzekri
1252,16793656,王子铖,"2026-09-27 08:20:13",2050.8,2,aurantium
1253,16623530,khursani,"2026-09-26 02:43:48",2050.7,2,khursani8
1254,16718480,PLReddy23,"2026-09-26 17:08:47",2050.3,2,plreddy23
1255,16865317,"sunil kumar","2026-09-26 05:08:12",2049.9,2,sunil123kumar
1256,16836787,KSKBL,"2026-09-25 13:43:46",2049.5,2,"length1001,trafalgar1234"
1257,16623533,xthixsl_ml,"2026-09-26 09:10:27",2049.3,2,xthistle999
1258,16693045,"Huseyin Battal","2026-09-25 00:07:14",2049.0,2,huseyinbattal
1259,16663175,Anaconda,"2026-09-26 00:09:51",2048.3,2,anaconda
1260,16697229,"Masashi Nishimoto","2026-09-27 08:32:51",2048.3,2,masashinishimoto
1261,16792410,"Taewoong Kim","2026-09-27 03:09:19",2047.7,2,aleaiest
1262,16665237,"Ad Space Available","2026-09-27 00:48:51",2047.5,2,"liyouran0820,rainchen0411,richardsilence,tongyuexiao"
1263,16765807,"Win Suthar","2026-09-26 21:56:46",2047.2,2,ashwanidhukra
1264,16924480,Manasa.ai,"2026-09-25 03:06:50",2046.5,2,manasaai
1265,16913081,"Danil Bashkirov","2026-09-26 16:55:59",2046.5,2,chieph
1266,16769116,qiuqiu,"2026-09-26 03:48:07",2046.1,2,qiuqiuh
1267,16685982,Snorf,"2026-09-26 14:37:56",2046.0,2,snorfyang
1268,16914006,Stefano,"2026-09-27 08:35:30",2045.5,2,stefanojp
1269,16854428,"Marwan Ashref","2026-09-26 18:25:06",2045.4,2,"abobakerabobaker,karimhamada,marwanashref"
1270,16663668,"Tahsin Arafat","2026-09-26 10:41:50",2045.4,2,tahsinarafat
1271,16852141,"Zhou Hengyu","2026-09-26 07:13:02",2044.9,2,zhouhengyuu
1272,16644808,"Rotation Theory","2026-09-26 06:07:00",2044.2,2,mikhsank
1273,16679812,"Xiang Li","2026-09-26 18:20:37",2043.9,2,xianglipee
1274,16634952,"Igor Zharov","2026-09-26 15:10:47",2043.6,2,flexonafft
1275,16635406,ykuroka,"2026-09-26 22:35:41",2043.5,2,ykuroka
1276,16668152,ksew364,"2026-09-24 09:24:05",2043.4,2,ksew364
1277,16631640,7day-enough,"2026-09-26 19:43:38",2043.2,2,"caoyupeng,diandianzi,lingyu07,lixin73,xiaoxiaohuazong"
1278,16930374,扣扣农场,"2026-09-27 07:23:19",2043.0,2,tsjzkzyzz
1279,16691512,"Hongxin Su","2026-09-27 06:37:27",2042.8,2,hongxinsu
1280,16723096,Shabuuu,"2026-09-25 13:55:51",2042.7,2,shabuuu
1281,16763505,"Sai Reddy Pothireddy","2026-09-27 06:25:32",2042.6,2,saireddypothireddy
1282,16687363,"elegantangel (628700)","2026-09-26 08:56:15",2041.0,2,elegantangel
1283,16682210,Boiled-Sweet-Potato,"2026-09-27 01:55:23",2040.9,2,boiledsweetpotato
1284,16949185,"Akil Al-Sharafi","2026-09-26 21:21:34",2040.8,2,akilalsharafi
1285,16843221,refine123,"2026-09-27 05:08:37",2040.8,2,refine123
1286,16747161,wqlun06,"2026-09-27 06:34:23",2039.8,2,wqlun06
1287,16707915,MGöksu,"2026-09-25 19:43:47",2039.6,2,mgoksu
1288,16624339,"Дворкин Евгений Владимирович","2026-09-26 11:12:33",2039.3,2,evgendvorkin
1289,16802867,matcha110,"2026-09-26 14:11:55",2039.1,2,matcha110
1290,16668532,"Nir Aberman","2026-09-25 04:13:41",2039.0,2,niraberman
1291,16928466,"Diogenes's cask","2026-09-26 10:37:55",2038.6,2,diogenesscask
1292,16643319,Jules,"2026-09-26 18:27:18",2037.9,2,julesvanligtenberg
1293,16792661,итмоняяя,"2026-09-24 09:48:23",2037.3,2,"naladwepo,tickflag"
1294,16806328,"The Fly🪰","2026-09-25 11:44:13",2036.8,2,takamichitoda
1295,16843838,"Alapati Ramakrishna","2026-09-27 08:51:15",2036.8,2,alapatiramakrishna
1296,16716317,yzyhello,"2026-09-27 03:54:24",2036.1,2,"dalll77,yzyhello"
1297,16731751,"Nikita Pudovkin","2026-09-27 07:26:39",2035.5,2,nickpudovkin
1298,16761652,"Dhruv #2","2026-09-26 08:05:02",2034.7,2,dhruvrama
1299,16758895,daphne,"2026-09-27 03:35:49",2034.5,2,daphne4sg
1300,16702975,RicardoLópez,"2026-09-26 03:50:46",2034.4,2,richi2489
1301,16661050,Master_S1ave,"2026-09-26 11:31:08",2033.7,2,masters1ave
1302,16868759,Pand,"2026-09-27 09:15:22",2033.6,2,pand999
1303,16825002,RAVEN,"2026-09-27 06:46:57",2033.6,2,silverlxt
1304,16679688,"Sathwik Chinthakayala","2026-09-27 05:02:41",2033.4,2,sathwikchinthakayala
1305,16775473,LuanHengYu,"2026-09-26 05:29:50",2032.2,2,apexml
1306,16662910,"shoryakumar mishra","2026-09-27 05:16:33",2032.1,2,shoryakumarmishra
1307,16810308,Congy,"2026-09-27 05:32:05",2031.4,2,congyingma
1308,16786517,"Kagdew Valley_HeNU","2026-09-26 21:17:49",2031.2,2,"hongtongyi,hoshiiabc,lizhe125,ypeng1234"
1309,16826561,"ANJAN B","2026-09-27 04:50:17",2030.7,2,anjan4646
1310,16882868,"Yash Mohan","2026-09-27 09:18:13",2029.5,2,yashm917
1311,16925699,"YOUNG CHOW","2026-09-27 05:18:54",2029.3,2,youngchow
1312,16806862,JudyWatermelon,"2026-09-24 23:56:16",2028.8,2,judywatermelon
1313,16675493,"Ryotaro Minato","2026-09-27 01:15:32",2028.7,2,ryotarominato
1314,16758556,bpbpbpbpb,"2026-09-27 01:16:17",2028.5,2,bpbpbpbpb
1315,16840617,RyotaroAbe,"2026-09-24 15:17:52",2028.3,2,ryotaro45123
1316,16741500,weichy7,"2026-09-26 12:27:42",2027.9,2,weichy7
1317,16730761,ElephtAI,"2026-09-26 07:23:45",2027.8,2,yuchengj
1318,16845907,yt0914,"2026-09-24 04:25:15",2026.3,2,yt0914
1319,16702754,"Запрети мне брать H100","2026-09-26 20:16:18",2026.3,2,"amocualg,borismatsakov,kirya1,vladimirlovtsov18"
1320,16811571,"Daniel Guo","2026-09-27 04:27:07",2026.3,2,denialguo
1321,16895464,WilsonPzx,"2026-09-27 05:14:02",2025.7,2,"lirongkun,wilsonpzx"
1322,16750268,"Harris Bashir","2026-09-25 20:52:15",2025.7,2,harrisbashir
1323,16848929,"Nikoo Yu","2026-09-25 18:13:05",2025.2,2,nikooyu
1324,16859496,KTAcosmo,"2026-09-27 04:12:55",2025.2,2,ktacosmo2kag
1325,16790943,"Tashfik Salehin","2026-09-26 18:28:58",2025.2,2,tashfiksalehin
1326,16735628,RB25det,"2026-09-26 08:41:28",2025.1,2,"perrodawn,rb25det,shinzotakayama,toranosukenoda"
1327,16621625,YBEJlKA,"2026-09-25 19:52:33",2024.7,2,alexanderchesnokov
1328,16751140,onick_man,"2026-09-26 21:35:30",2023.9,2,ftakahas
1329,16823938,InSociEUP,"2026-09-24 14:38:59",2023.0,2,santanubanerjee9
1330,16933848,"Lawrence Katongole","2026-09-23 12:47:55",2022.3,2,lawrencekatongole
1331,16661665,"Leonardo Viola10","2026-09-24 15:10:36",2021.8,2,leonardoviola10
1332,16777767,"Miyanogawa Yuya","2026-09-27 03:49:10",2021.2,2,veritalogos
1333,16625060,"Subin An","2026-09-25 13:21:55",2020.1,2,subinium
1334,16738822,shakedamo0w0,"2026-09-27 06:33:30",2019.8,2,shakedamo0w0
1335,16637987,Xander,"2026-09-27 02:22:00",2019.3,2,"badboiriri,canqiang,xiuyang88"
1336,16656143,"Debanshu Mallick","2026-09-27 07:55:25",2019.1,2,debanshumallickiisc
1337,16627148,"HUNGRED XYIS","2026-09-25 09:45:58",2019.1,2,"gleny48,makarrogovik,wooler1"
1338,16795853,GaoKui,"2026-09-25 03:39:45",2017.6,2,gaokui
1339,16710140,Lynxx,"2026-09-27 07:53:38",2017.2,2,lynnsakurai
1340,16751820,yy,"2026-09-27 05:22:37",2016.7,2,hirokiyamazaki
1341,16656337,"Prashant Kikani","2026-09-27 05:39:58",2016.2,2,prashantkikani
1342,16657796,"parv goyal2","2026-09-27 05:33:51",2016.2,2,parvgoyal2
1343,16842194,threnox,"2026-09-26 18:33:21",2015.3,2,threnox
1344,16821967,"Nakul Maurya","2026-09-23 22:04:40",2014.6,2,nakulmaurya
1345,16660483,TIM,"2026-09-26 02:57:59",2014.3,2,daynoryamil
1346,16654881,Freddy,"2026-09-27 03:54:14",2014.0,2,twoxding
1347,16923115,"Takamasa Ueno","2026-09-27 05:42:20",2013.9,2,uentsz
1348,16696997,coolin666,"2026-09-27 08:45:56",2012.9,2,coolin666
1349,16938872,ゴロ・イ,"2026-09-27 00:17:40",2012.6,2,gorubachohu
1350,16714457,"Crop Dustas","2026-09-27 07:08:35",2012.0,2,"peikopon,rishigottumukkala"
1351,16678534,"Filip Strzałka","2026-09-27 06:27:57",2012.0,2,snufkin77
1352,16886627,caintly,"2026-09-26 12:37:27",2012.0,2,eyesad
1353,16801171,"Asterios Terzis","2026-09-26 13:07:41",2011.6,2,asteriosterzis
1354,16754567,"Ashraf 1232","2026-09-26 19:18:39",2011.0,2,ashraf1232
1355,16640873,"Takumu Hata","2026-09-27 03:18:32",2010.7,2,takumuhata
1356,16805918,"kaito ide 31","2026-09-27 07:23:52",2010.1,2,kaitoide31
1357,16764499,"Edwards Neuron","2026-09-27 08:49:48",2009.8,2,edwardsneuron
1358,16654752,Agrofitting,"2026-09-26 19:10:05",2009.4,2,"evvfebruary,vinch97"
1359,16654196,"Aryaman Chokhani","2026-09-24 08:41:08",2009.2,2,"aryamanchokhani,pranrocky"
1360,16684748,"nailong alpha","2026-09-27 08:57:12",2009.0,2,"dejavucry,weiyun22021,yizhewong,yoruet,zekenos"
1361,16876180,kk.sky.9k,"2026-09-27 06:50:10",2008.3,2,kksky9k
1362,16859034,wayg9odysseus,"2026-09-24 18:56:46",2005.4,2,wayg9odysseus
1363,16699722,Dicere,"2026-09-23 09:23:48",2005.2,2,thedark735
1364,16809194,Ajanraj,"2026-09-23 17:48:10",2004.2,2,ajanraj25
1365,16895147,"DL Julius","2026-09-25 08:41:15",2003.4,2,dljulius
1366,16653260,"Kadouci Abdelhak","2026-09-27 08:07:00",2003.3,2,kadouciabdelhak
1367,16792586,dodoshark,"2026-09-27 03:21:52",2002.5,2,dodoshark
1368,16829239,tomfng,"2026-09-26 07:16:52",2002.3,2,tomfng
1369,16934238,"Yujin Cha","2026-09-25 11:28:57",2002.1,2,ckdbwlsdlfkdn
1370,16811900,"Brejesh Balakrishnan","2026-09-23 06:38:14",2002.0,2,brejeshbalakrishnan
1371,16658343,aisamhottman,"2026-09-27 08:33:53",2001.8,2,heuingttiang
1372,16657775,"Raagav & Pieter","2026-09-27 01:46:04",2001.2,2,"peetapit,raagavanand"
1373,16697395,darktetradgod,"2026-09-25 15:11:22",2001.0,2,darktetradgod
1374,16761693,nhatvo,"2026-09-23 01:07:47",2000.7,2,nhatvo
1375,16858418,"Nguyễn Công Tuấn","2026-09-27 02:50:46",2000.7,2,nctuan
1376,16759058,Miz,"2026-09-25 16:01:02",2000.7,2,ryota040
1377,16727404,Yichi,"2026-09-24 12:15:42",2000.7,2,"liyulin666,yichi02"
1378,16903770,UYHHHHYu,"2026-09-23 13:20:49",2000.0,2,yhhhhyu
1379,16682183,lihaha.36,"2026-09-26 19:15:50",1998.7,2,lihaha36
1380,16866549,"Roman Nesterov","2026-09-25 11:21:34",1997.8,2,romanest
1381,16904984,"Andrej Angelovski","2026-09-22 17:23:18",1997.7,2,cybertiger7
1382,16680172,TTANE,"2026-09-27 07:20:22",1997.1,2,otmaneelmahdaouy
1383,16696231,"Oleg Smirnov","2026-09-27 02:41:31",1996.9,2,smirnolegov
1384,16945907,"yuki ogata","2026-09-26 14:28:52",1996.8,2,yyogata
1385,16697893,"YWehbe / ADIA Lab","2026-09-27 05:29:53",1995.9,2,youssefwehbe
1386,16777961,qiwaki,"2026-09-26 09:28:54",1995.7,2,resonayu
1387,16635872,"Evgeniya Dmitrieva","2026-09-23 18:05:27",1995.3,2,evgeniyadm
1388,16772460,"Дмитрий Онин","2026-09-27 02:00:16",1995.0,2,rejo1ce
1389,16846856,BladeRunner,"2026-09-26 11:59:57",1994.8,2,bladerunner2022
1390,16926473,"Illia Dolenko","2026-09-22 00:32:26",1994.6,2,illiadolenko
1391,16838538,"rz cao","2026-09-25 02:31:27",1994.2,2,"caoruizhe,luckybara"
1392,16755278,Kaz,"2026-09-27 07:41:55",1993.9,2,kazuyago
1393,16621515,"Alexander Gremyakov","2026-09-26 00:07:01",1993.3,2,alexandergremyakov
1394,16709463,MKhlystun,"2026-09-26 15:26:51",1993.1,2,mkhlystun
1395,16883168,jojo,"2026-09-26 23:54:13",1992.2,2,jojojablon
1396,16744979,"Ahmed Alhassan","2026-09-13 21:51:58",1991.8,2,ahmed55
1397,16630524,"Omprakash Patra","2026-09-27 09:10:01",1991.8,2,omprakashpy
1398,16894714,"PadroChill Farm","2026-09-23 14:37:39",1990.7,2,"gerbertradmirovich,kastv90"
1399,16626814,"Vu Tran Hoang","2026-09-25 06:42:29",1990.2,2,hoangvux
1400,16621153,"Addison Howard (ineligible)","2026-09-25 18:41:34",1990.1,2,addisonhoward
1401,16947583,Koranil,"2026-09-26 08:19:53",1989.8,2,koranil
1402,16892313,zszdl0530,"2026-09-26 03:12:47",1989.5,2,zszdl0530
1403,16652631,"Panagiotis Anagnostou","2026-09-25 10:06:02",1989.4,2,panosanag
1404,16655190,"Will Rice","2026-09-26 21:20:18",1989.0,2,willrice
1405,16853805,yefenfei,"2026-09-27 00:22:31",1988.4,2,"stargazer7c,yefenfei,yuchenzhanlulu,zhengweibin1026"
1406,16633100,"Emile Andrieu","2026-09-19 23:36:43",1988.3,2,emileandrieu
1407,16655520,"kaggle Osaka","2026-09-27 03:11:37",1988.1,2,toshiyukitanaka
1408,16740431,yuikag,"2026-09-27 07:34:40",1987.9,2,yuikag
1409,16882140,"jiang luo1021","2026-09-27 07:19:17",1987.8,2,"jiangluo1021,shangzhongxia"
1410,16798694,물,"2026-09-26 18:11:57",1987.2,2,nintendojoa
1411,16881235,"Konstantin Zorin","2026-09-26 19:46:50",1986.8,2,zokost
1412,16850198,"Daiki Yasui","2026-09-26 09:22:39",1986.6,2,daikiyasui
1413,16727745,auouer,"2026-09-27 05:28:58",1986.5,2,"auouer,guriken,hkamna,insightfulthinking"
1414,16732478,Ken_Ken_Pa,"2026-09-27 02:21:13",1986.3,2,kenkenpa
1415,16669269,"yash bhaskar","2026-09-27 05:50:46",1985.9,2,yash9439
1416,16734409,"Yuta Yamazaki","2026-09-27 00:01:45",1985.8,2,yamayuu18
1417,16657931,t-enstar,"2026-09-26 09:36:59",1985.3,2,tstustatama
1418,16919088,M.Y.C.E.L.I.S,"2026-09-27 07:35:20",1985.1,2,johnmoncel
1419,16839422,Serendipity,"2026-09-27 07:30:13",1985.0,2,stringyixuxi
1420,16884244,UCAS_fish_wang,"2026-09-27 06:15:52",1984.9,2,yiliu15
1421,16806160,"Hamza Atique ","2026-09-26 15:34:27",1984.9,2,hamzaatique
1422,16730045,渡邊征央,"2026-09-25 05:47:50",1984.0,2,undertaker3409
1423,16806541,hidenov,"2026-09-27 08:53:23",1983.9,2,hidenov
1424,16677518,"Khor Yin Loon","2026-09-27 09:18:58",1983.7,2,khoryinloon
1425,16638551,"GOAT   Mathieu ""ZywOo"" Herbaut","2026-09-27 05:03:58",1982.8,2,ryosketchbook2007
1426,16687159,Max64738CB,"2026-09-26 17:58:04",1981.8,2,max64738cb
1427,16732763,"Raihan Ramadistra","2026-09-26 04:44:16",1981.7,2,raihanramadistra
1428,16671738,Exposed,"2026-09-26 07:24:40",1981.5,2,erickeller2
1429,16703315,"Ryan Triplett","2026-09-26 05:37:26",1980.8,2,ryantriplett
1430,16632245,u,"2026-09-27 00:10:45",1980.1,2,"apostoloskontarinis,curbotron13,halzweiman,josephmcgonaglebrown,shreyanshpoddar"
1431,16632262,Milkomeda,"2026-09-25 08:42:16",1980.0,2,milkomeda74583
1432,16665416,"zeyu lau","2026-09-22 12:23:19",1979.2,2,zeyulau
1433,16841708,toku,"2026-09-23 15:31:55",1979.1,2,tokurr
1434,16810299,spencersi123,"2026-09-27 06:36:00",1978.4,2,spencersi123
1435,16767052,KaitoKusumoto,"2026-09-26 14:34:13",1978.3,2,kaitokusumoto
1436,16665746,Chiranjieev,"2026-09-26 05:10:41",1978.1,2,"abhirajhiwale,amitambhore27,himanshu2605"
1437,16674174,"Ramesh Arvind","2026-09-26 20:14:13",1977.9,2,rameshln
1438,16686583,techtech69,"2026-09-26 14:49:27",1977.7,2,techtech69
1439,16938980,24110231_pyongjoo,"2026-09-25 15:30:07",1977.2,2,assistonia
1440,16854552,ShionMatsuoka,"2026-09-27 07:08:05",1976.0,2,shionmatsuoka
1441,16724298,Orig_lab,"2026-09-24 10:30:26",1975.6,2,chengxixixi
1442,16746191,たがやす,"2026-09-24 11:34:09",1974.3,2,drktti
1443,16785753,"Mizero Lucky Gall","2026-09-26 21:04:34",1974.2,2,mizeroluckygall
1444,16909097,"Yaoxiang Li","2026-09-27 04:37:11",1973.7,2,lzyacht
1445,16936688,"avinash singh","2026-09-26 16:12:04",1973.6,2,avszoom
1446,16633853,"funny farm","2026-09-27 03:24:45",1973.4,2,"alannasibullin,alexandrutkov"
1447,16757727,"Sohshi Nakamura","2026-09-27 07:18:18",1973.1,2,sohshinakamura
1448,16709339,"Mohammad Javad Dianat","2026-09-27 06:49:27",1973.1,2,dianatofficial
1449,16632735,"No Free Lunch, Only Melons","2026-09-24 14:02:17",1972.0,2,kawaharataishi
1450,16631978,"batuhan kalem","2026-09-22 19:02:41",1971.3,2,batuhankalem
1451,16754882,vvs,"2026-09-27 04:57:29",1971.2,2,marvelworld
1452,16843436,ktaery,"2026-09-27 08:15:35",1970.9,2,ktaery
1453,16814852,"Shivcharanraju Anga","2026-09-27 07:15:55",1970.8,2,shivcharanrajuanga
1454,16932757,yucho147,"2026-09-23 03:35:48",1969.9,2,yucho147
1455,16948826,"Viswesh Suri","2026-09-26 20:41:29",1969.6,2,visweshsuri
1456,16769491,"Ivan Ternovskiy","2026-09-26 10:25:53",1968.5,2,aristophanivan
1457,16897501,"I'm Fine.","2026-09-26 03:10:36",1968.4,2,zkheart
1458,16913949,"Tejash Prakash","2026-09-27 07:58:39",1968.1,2,tejashxprakash
1459,16776738,"Kundan Bhaskar","2026-09-26 19:06:11",1967.3,2,kundan007
1460,16653093,"willam wu","2026-09-25 08:17:47",1967.1,2,biaaib
1461,16761875,"Eugen Nekhai","2026-09-26 12:05:42",1966.7,2,eugennekhai
1462,16856778,"Johnathan King","2026-09-26 23:27:35",1966.5,2,johnathanking1278
1463,16723379,local,"2026-09-23 07:32:48",1966.5,2,matteo123383iend
1464,16722378,waticson,"2026-09-23 14:55:18",1966.4,2,yutodennou
1465,16773098,Apa,"2026-09-27 05:14:19",1966.4,2,yasso1
1466,16740161,r2singh,"2026-09-25 22:48:40",1966.3,2,ratnaraj
1467,16675684,washamba_bots,"2026-09-27 07:07:24",1966.2,2,"billygmwangi,futurecentaur,peterkibetspidey,stephanenjoki"
1468,16670210,"Ali Alghaithi","2026-09-25 08:53:11",1965.1,2,alioman
1469,16904732,Weifenhuan,"2026-09-26 15:51:58",1964.8,2,schwa6
1470,16647438,"Aderian Setiawan","2026-09-26 07:37:57",1964.7,2,aderiannovito
1471,16635504,"Datta Dhebe","2026-09-26 13:29:14",1963.8,2,dattadhebe
1472,16744842,juisajdiasd,"2026-09-24 13:54:36",1963.1,2,juisajdiasd
1473,16789990,SA,"2026-09-27 04:10:19",1962.7,2,soheiarisaka
1474,16735794,宗宗没有英文名,"2026-09-27 00:29:39",1961.6,2,iver666
1475,16864113,YYC3,"2026-09-23 10:47:51",1961.4,2,icongovo
1476,16692956,VanKoha,"2026-09-27 01:04:12",1961.4,2,kohasama
1477,16948431,t.me/anpilovetg,"2026-09-27 07:38:44",1961.2,2,anpilovkirill
1478,16741639,kirito83,"2026-09-25 06:18:26",1959.5,2,lishsh83
1479,16630251,"Handry Novianto","2026-09-24 08:49:02",1958.6,2,handrynovianto
1480,16741527,meiyoun,"2026-09-23 14:51:46",1958.5,2,"guetsg,meiyoun,miraclehat"
1481,16742149,"Ankith Savio","2026-09-25 22:13:45",1958.1,2,weedoo
1482,16880830,Piyorin,"2026-09-26 05:02:30",1957.7,2,mystakhs
1483,16887107,"Crazy Spirits","2026-09-27 07:38:13",1955.8,2,latents
1484,16725996,MatheusPSorancoDeCarvalho,"2026-09-26 13:34:34",1955.2,2,matheussoranco
1485,16661607,choqui62,"2026-09-27 04:51:05",1955.0,2,choqui62
1486,16935521,闰土和‌猹‌,"2026-09-26 17:18:59",1954.7,2,"fenghanxiang,zzh13332470923"
1487,16842747,314?,"2026-09-24 08:51:31",1954.0,2,elshahed
1488,16939190,Ichika,"2026-09-27 07:00:10",1953.9,2,natsue
1489,16896774,EPHEMORIA,"2026-09-25 09:29:13",1953.6,2,ephemoria
1490,16888303,Satuker,"2026-09-26 22:44:20",1953.5,2,filipgaliski
1491,16679245,"Krzysztof Gonia","2026-09-27 06:14:54",1953.1,2,krzysztofgonia
1492,16757064,"coke lu","2026-09-24 08:51:05",1952.8,2,cokelu
1493,16862096,"Saksham Gupta","2026-09-26 19:01:26",1952.4,2,mashug
1494,16698294,"John Doe","2026-09-25 01:10:36",1952.4,2,johndoe90843
1495,16713048,"liqin fei 2005","2026-09-27 09:20:53",1951.9,2,liqinfei2005
1496,16756153,"🪏Harvest Moon","2026-09-26 14:53:59",1951.2,2,"bbrage,bobmyersthesecond,wguesdon,yutomuroshima"
1497,16927351,"Bryan Yahir Hernandez","2026-09-26 20:33:22",1950.8,2,bryanhernandez
1498,16784608,shawenher,"2026-09-23 17:45:03",1950.4,2,shawenher
1499,16852383,"Ahmed Mostafa #2","2026-09-26 16:56:00",1950.3,2,republic966
1500,16765668,shun_johnny,"2026-09-27 01:17:01",1950.1,2,shunjohnny
1501,16936225,Holeon,"2026-09-26 17:05:58",1949.8,2,holeon
1502,16752104,WYSSR1225,"2026-09-27 00:34:25",1949.7,2,wyssr1225
1503,16655686,Kyle,"2026-09-24 04:31:20",1949.1,2,kylezhouzhou
1504,16632867,"Rayk Kretzschmar","2026-09-24 23:30:25",1947.9,2,raykkretzschmar
1505,16773026,アルモンド,"2026-09-27 06:25:55",1947.8,2,almondman0707
1506,16734914,bharat,"2026-09-25 18:08:02",1947.6,2,bharatmohan
1507,16793287,"Kim Jinseo","2026-09-27 07:35:55",1947.1,2,kimjinseo1
1508,16660046,"Ikki Katsuyama","2026-09-27 06:27:09",1946.7,2,kacchanwriting
1509,16751999,"Poorna Sai Dumpa","2026-09-25 02:32:17",1945.6,2,poornasaidumpa
1510,16658499,Grifun,"2026-09-25 09:06:13",1945.4,2,msingatullin
1511,16755654,oQo,"2026-09-23 20:02:51",1945.1,2,oqoxodk6
1512,16709435,"Artyom Lyan","2026-09-24 09:36:10",1944.8,2,arli2016
1513,16755203,TY0912,"2026-09-24 14:18:59",1942.8,2,samejimatink0
1514,16942011,"Öylesine Yarışıyoruz","2026-09-25 14:43:54",1942.7,2,"burakemrepolat,muhammedfurkanata"
1515,16848970,massi0411,"2026-09-25 04:07:23",1942.2,2,massi0411
1516,16809294,Cherie01,"2026-09-27 06:53:06",1941.6,2,cherie01
1517,16623805,"Howon Kang","2026-09-27 06:39:10",1941.3,2,howonkang
1518,16798317,"Baran Akyıldız","2026-09-24 16:17:09",1941.1,2,baranakyldz
1519,16692185,"Xu Suyi","2026-09-25 17:19:32",1940.2,2,xuyuhaosuyi
1520,16938955,何时成为宗师,"2026-09-23 16:09:32",1939.2,2,wowandanle
1521,16693431,"Yi Wang","2026-09-24 11:43:20",1938.0,2,jone520
1522,16948146,tsuka3a_soc,"2026-09-27 09:04:31",1938.0,2,tsuka3asoc
1523,16626093,"Pilkwang Kim","2026-09-27 01:31:52",1937.7,2,pilkwang
1524,16624056,Raggriculture,"2026-09-26 10:42:52",1936.7,2,ravi123a321at
1525,16659467,AlexMoura2026,"2026-09-27 00:00:47",1936.7,2,alexmoura2023
1526,16655316,Nader,"2026-09-26 18:31:04",1936.6,2,naderamin
1527,16661754,edwinis,"2026-09-26 19:08:11",1935.3,2,edwinis
1528,16921300,tamakawa,"2026-09-26 16:16:22",1935.2,2,tantantama1192
1529,16669123,"Alex #2","2026-09-24 12:40:04",1935.2,2,alxdfy
1530,16746010,"Khoi Tuan Nguyen","2026-09-23 15:06:41",1935.2,2,khoingt
1531,16932996,"Francisco Angulo de Lafuente","2026-09-25 22:30:06",1934.8,2,franciscoangulo
1532,16666571,"Zhengxu Yu","2026-09-24 09:26:27",1934.0,2,zhengxuyu
1533,16906651,Izumi_LP,"2026-09-24 08:17:44",1933.2,2,amememe
1534,16743836,"Auto Fermers","2026-09-27 02:36:59",1933.1,2,"arsgorynich,artemboltaev,dmitriigluzdov"
1535,16704818,probably6767,"2026-09-27 08:31:14",1932.8,2,probably6767
1536,16633178,"Cow Boy","2026-09-27 09:11:04",1932.7,2,shanzhong8
1537,16850522,WayneCheng,"2026-09-26 07:45:24",1931.6,2,taffy1883
1538,16693342,takemo,"2026-09-27 09:22:42",1931.5,2,takemoriyuto
1539,16701024,pig7selene,"2026-09-27 06:00:53",1931.3,2,"ejlthomas,gaoeeee"
1540,16795798,"Refrain 1","2026-09-22 15:35:00",1931.2,2,"chisatoy,refrain1"
1541,16665357,XW,"2026-09-26 07:21:49",1931.0,2,xuewei
1542,16842300,fanmili,"2026-09-27 08:02:33",1930.8,2,fanmili
1543,16692923,"Pavel Kazlou","2026-09-27 06:40:51",1930.7,2,paulik
1544,16937599,"Tanampa Ampun","2026-09-24 16:17:30",1930.7,2,fathurachmadhanafi
1545,16639625,"Dr Chandrasen Pandey","2026-09-27 02:51:40",1930.4,2,devchandra
1546,16762248,KongKongDe,"2026-09-27 07:10:08",1930.2,2,kongkongde
1547,16779977,sue124,"2026-09-26 19:55:47",1927.5,2,ryotasueyoshi
1548,16761434,t07_noma,"2026-09-25 14:26:28",1926.7,2,t07noma
1549,16732714,Mforg,"2026-09-25 03:26:51",1926.5,2,mforg74911
1550,16693092,"Sell wheat everyday💨","2026-09-26 13:14:30",1926.5,2,"dzisandy,e0xextazy,liderpartiii"
1551,16904289,"farmer zefeng","2026-09-27 08:34:51",1926.0,2,zefengai
1552,16765601,"Dinesh Makireddy 7389","2026-09-26 20:15:26",1925.9,2,dineshmakireddy7389
1553,16892118,DsLiner,"2026-09-25 15:12:41",1925.7,2,dsliner
1554,16671454,Shadow,"2026-09-23 16:27:35",1925.1,2,uziahmd
1555,16651402,"Mille Initiate","2026-09-24 09:07:29",1923.0,2,milleinitiate
1556,16772678,SuppliLion,"2026-09-26 10:18:39",1922.7,2,supplilion
1557,16653068,"Shuichi Fushimi","2026-09-27 07:35:56",1922.6,2,shuichifushimi
1558,16663513,DLTLM,"2026-09-23 13:12:06",1921.8,2,"debayank2024,laveshjadon,laxmikantaroy,moumitaaaaaa,tarunraii"
1559,16633069,"Nur Srijan","2026-09-25 15:27:30",1921.6,2,nursrijan
1560,16863350,"Horatio Eversfield","2026-09-25 11:13:28",1921.5,2,horatioeversfield
1561,16932335,"Dom Bavuso","2026-09-27 05:44:33",1920.9,2,dombavuso
1562,16715933,Scomics,"2026-09-24 05:25:58",1920.5,2,"bruceche7797,dongyiqun,jyxxxx"
1563,16723272,"Rimsha Kanwal","2026-09-23 18:18:16",1920.3,2,rimsha234
1564,16810306,"Asy Mortenson","2026-09-25 19:53:34",1920.2,2,asymortenson
1565,16664217,Shushantw,"2026-09-23 14:34:39",1919.6,2,shushantw
1566,16724847,辽大之光,"2026-09-27 08:50:22",1918.9,2,guangchenlu
1567,16634462,"Yash Marathe","2026-09-23 13:27:14",1918.8,2,maratheyash
1568,16905685,小娃娃是娃娃里较小的娃娃,"2026-09-23 17:54:00",1918.3,2,xiewenwei29
1569,16911078,Tolgii,"2026-09-26 06:56:06",1917.6,2,tolgakiremit
1570,16653982,"Arul Prasad S P","2026-09-27 06:51:48",1917.5,2,arulprasadsp
1571,16683529,"Yanis Belami","2026-09-26 20:22:05",1916.5,2,yanisbelami
1572,16897489,"East Kowloon","2026-09-23 16:16:34",1916.3,2,"haydenmlh,veron0611"
1573,16748941,"We Forgot To Water","2026-09-27 05:36:26",1915.9,2,"dearkarl,shuangxue"
1574,16689599,Ryvven,"2026-09-26 20:13:01",1915.6,2,unethicalmk
1575,16694110,"Team Amboss","2026-09-23 16:09:25",1915.3,2,alexphilippi
1576,16811920,"MINGXI LIU","2026-09-18 04:59:30",1914.5,2,wang5630900
1577,16671017,"Pablo César Ruíz","2026-09-24 18:21:58",1914.4,2,pcruiher08
1578,16638994,wpl,"2026-09-26 14:13:08",1914.4,2,peilwang
1579,16689741,shinamonmon,"2026-09-24 07:38:25",1914.4,2,shinamonmon
1580,16664359,Nightingale,"2026-09-25 08:33:17",1914.2,2,apilkhadka
1581,16668736,bhundreds,"2026-09-27 07:14:08",1914.2,2,hundreds1103
1582,16655631,"Djamila Benchikh","2026-09-25 16:02:10",1913.6,2,djamilabenchikh
1583,16663387,Ju,"2026-09-27 08:09:16",1913.5,2,juziddd
1584,16701728,"katya barzova","2026-09-26 09:49:29",1913.3,2,"harlenka,nipah1,sigmaborov"
1585,16859963,LINXI,"2026-09-27 05:57:29",1913.1,2,linxii012
1586,16782203,"rui xiong","2026-09-24 02:53:17",1913.1,2,xiongruihumingyu
1587,16658830,"Farhat Pachisa","2026-09-25 11:39:11",1912.8,2,farhatpachisa
1588,16823942,"jiajun chi","2026-09-25 05:33:48",1912.6,2,jiajunchi
1589,16626732,islet,"2026-09-27 08:51:35",1911.9,2,kojimar
1590,16936082,"H IMedit","2026-09-24 21:37:36",1910.3,2,himedit
1591,16730728,"Le Trong Hieu","2026-09-27 00:24:59",1910.3,2,backtracking
1592,16676114,Gekkotron,"2026-09-24 13:32:38",1910.0,2,gekkotron
1593,16736474,"Håkon Kjelseth","2026-09-23 09:18:48",1909.7,2,hkon2k
1594,16892682,"Yasuhiro Manai","2026-09-27 07:35:46",1909.2,2,yasu01
1595,16931893,IUT_BakeNekos【化け猫】,"2026-09-25 19:38:48",1908.3,2,"didhitinahid,farhanishraqq"
1596,16810078,Sam-wiz,"2026-09-25 21:18:43",1907.5,2,samwiz
1597,16710428,"Mansi Aggarwal","2026-09-26 09:03:28",1907.0,2,mansiaggarwal88
1598,16841434,soraemon,"2026-09-27 07:26:42",1907.0,2,soraemon
1599,16884467,jiangnanxn,"2026-09-23 18:43:49",1907.0,2,jiangnanxn
1600,16728571,hasibirok0,"2026-09-25 12:25:55",1906.8,2,hasibirok0
1601,16621243,"Jesse Bullard","2026-09-27 05:00:36",1906.8,2,jessebullard
1602,16640472,"Vsevolod Rakita","2026-09-27 06:21:08",1906.4,2,vsevolodrakita
1603,16661325,"Max Fofanov","2026-09-25 12:31:58",1906.3,2,maxfofanov
1604,16896224,"Rajveer Singh Rajput","2026-09-26 15:58:34",1905.8,1,rajveersrajput080
1605,16752082,"Tian hao Qing Nano7ko","2026-09-24 08:44:08",1905.8,2,tianhaoqingnano7ko
1606,16674932,kokinnwakashuu,"2026-09-24 22:11:22",1905.6,2,kokinnwakashuu
1607,16767360,"Sinh Nguyễn Đức","2026-09-23 17:39:10",1905.5,2,sinhnguync
1608,16634312,"Linh Le","2026-09-25 01:49:09",1905.4,2,linhlethuy
1609,16843582,isk54_34,"2026-09-26 05:25:07",1905.2,2,isk5434
1610,16744837,JuliaGastellu,"2026-09-26 15:17:23",1905.1,2,juliagastellu
1611,16659550,"Sai Syam","2026-09-24 09:02:08",1904.9,2,saisyam
1612,16671292,Yuyajk,"2026-09-24 05:39:41",1904.9,2,yuyajk
1613,16852910,omoch1,"2026-09-25 09:35:30",1904.4,2,agecom
1614,16879185,"xuhang ren","2026-09-27 05:25:05",1904.2,2,xuhangren
1615,16647192,"Sailor Ren","2026-09-25 09:21:57",1904.2,2,"dongdongjiaqi,sailorren"
1616,16847478,tokitamago,"2026-09-25 11:35:25",1903.9,2,tokitamago
1617,16736985,Colt,"2026-09-26 16:59:14",1903.6,2,nht1990
1618,16746395,Levin,"2026-09-25 15:56:11",1903.3,2,"sophiexs,zhengliwen"
1619,16819030,sunyuxiang136,"2026-09-27 02:55:42",1902.4,2,"hqy0619,orangetailfish,sunyuxiang136,tshen12"
1620,16674385,"qr farm","2026-09-26 19:18:00",1901.9,2,qrz1201
1621,16927550,User1114,"2026-09-26 15:05:15",1901.8,2,lyboihh
1622,16623799,"Akhilesh godugu","2026-09-24 06:37:23",1901.6,2,"akhileshgodugu,ashokgodugu"
1623,16641138,"Bharath Varma","2026-09-27 06:42:54",1901.6,2,bharath111l
1624,16914801,milkdragon,"2026-09-26 13:28:48",1900.4,2,hhhhhhyc
1625,16771394,"ZHIRUI ZHAO","2026-09-23 14:17:48",1900.3,2,"harr23,zhiruizhao"
1626,16930688,"Solo Leveling","2026-09-26 14:05:00",1900.3,2,lingyuzhi
1627,16890503,KevinYongxin,"2026-09-25 08:29:37",1900.1,2,yongxinkwan
1628,16641348,wata,"2026-09-27 04:55:51",1899.9,2,iwatahiroki
1629,16688979,"Dhayaney Vijayan","2026-09-21 18:04:43",1899.0,2,dhayaneyvijayan
1630,16938431,"ADRIANO ALMEIDA","2026-09-24 00:03:40",1898.5,2,adrianoalmeidaa
1631,16637031,"and more","2026-09-25 07:28:43",1898.3,2,kym2022
1632,16707057,tamo,"2026-09-26 11:43:13",1897.4,2,ryotakasuya
1633,16745995,"Guido Tapia","2026-09-24 08:41:21",1897.2,2,guidotapia
1634,16654704,mandgeee,"2026-09-27 09:05:24",1896.6,2,mandgeee
1635,16713797,CrazyDave111,"2026-09-25 15:43:49",1896.5,2,crazydave111
1636,16760244,"Alex Paul","2026-09-27 00:02:26",1896.4,2,alexazander
1637,16772391,"Jinhan Gao","2026-09-26 21:39:49",1896.1,2,jinhangao
1638,16922832,"Zhang Feifan","2026-09-25 08:34:36",1895.2,2,zhangfeifan
1639,16767709,"Mike Anderson","2026-09-27 00:54:38",1895.1,2,manderson240
1640,16747069,l'rug,"2026-09-25 16:10:12",1894.9,2,sdfsfsfsdf
1641,16634088,Jet,"2026-09-25 09:54:52",1894.6,2,drkongvis
1642,16623400,Less,"2026-09-23 04:33:03",1894.4,2,jiaoyouzhang
1643,16783740,ZiYiMing,"2026-09-24 11:53:34",1894.2,2,"kaibozhou,ziyiming"
1644,16655758,patience,"2026-09-26 13:36:26",1893.7,2,"weirdocurry,wenjunkai124"
1645,16709126,"Jamie Nojek","2026-09-27 01:19:54",1892.0,2,jamienojek
1646,16655477,Aurora,"2026-09-27 06:03:04",1891.7,2,"niteshranjansingh,themeghajoshi"
1647,16936519,Found,"2026-09-26 15:21:54",1891.7,2,seventeennine
1648,16663214,"Mathieu W","2026-09-26 18:50:12",1889.6,2,mathieuw
1649,16942720,"Shadow Es","2026-09-27 08:29:39",1889.6,2,shadowes
1650,16746632,tingyu516,"2026-09-26 11:23:11",1889.5,2,tingyu516
1651,16838312,macaron,"2026-09-24 05:32:31",1889.3,2,hayatotech
1652,16923373,"kouhei mori","2026-09-23 13:22:14",1888.8,2,kouheimori
1653,16936396,olHwHlo,"2026-09-26 07:44:32",1888.4,2,olhwhlo
1654,16779171,Xunden,"2026-09-27 07:16:27",1888.0,2,xunden
1655,16796370,Z-A,"2026-09-27 08:57:09",1887.5,2,"dfgtde,yuyizhu"
1656,16660601,"Rabbiya affan","2026-09-25 07:46:27",1887.2,2,rabbiyaaffan
1657,16718649,"Zakaria Aala","2026-09-26 19:12:04",1887.1,2,zlordgrim
1658,16760990,naren_v,"2026-09-26 06:29:49",1886.8,2,varuthakari
1659,16741178,guruguru000,"2026-09-26 13:13:42",1886.8,2,guruguru000
1660,16907393,Logus,"2026-09-24 08:15:27",1886.6,2,logus4704
1661,16622245,"Vlas Veles","2026-09-27 04:17:56",1886.3,2,vlasveles
1662,16728160,Ozi,"2026-09-27 00:34:36",1886.3,2,muhammaduzair21
1663,16888752,"edward john washins","2026-09-26 18:43:24",1886.1,2,edwardjohnwashins
1664,16672456,hangglider5,"2026-09-24 07:49:26",1885.9,2,hangglider5
1665,16838479,"Sufi Afifi","2026-09-24 07:41:01",1885.8,2,emrys21
1666,16683755,"Meng Di","2026-09-26 22:32:34",1885.8,2,hughshaoqz
1667,16629308,Sutee,"2026-09-27 07:41:42",1885.8,2,lszlst
1668,16725403,tabetai28,"2026-09-27 05:29:05",1885.6,2,taichiabewaseda
1669,16732051,Jeryos,"2026-09-26 22:02:37",1885.5,2,joulskaf
1670,16662121,One-For-All,"2026-09-26 01:56:52",1885.2,2,"akankshatiwari2803,indarkarhana"
1671,16941777,"Ziming Wu","2026-09-23 08:55:56",1885.0,2,zimingwu
1672,16832555,"Yanxi Teng","2026-09-24 00:17:25",1884.7,2,yanxiteng
1673,16706410,lixiaoxin25,"2026-09-25 07:20:08",1884.4,2,lixiaoxin25
1674,16657152,"K S VIJAYARAAGHAVAN","2026-09-24 07:30:18",1883.3,2,"blackscythe123,ksvijayaraaghavan"
1675,16732129,"payne yam","2026-09-23 01:46:06",1883.2,2,payneyam
1676,16730578,BostonKaggle,"2026-09-26 23:03:39",1883.1,2,"isthereanycode,lynnkim0"
1677,16738349,Suna-D,"2026-09-27 02:55:47",1883.1,2,sunad0630
1678,16941364,anto,"2026-09-26 15:03:27",1882.3,2,"yeohzhonghanervin,yueyaozzz"
1679,16786595,"dbvz sbsbs","2026-09-27 05:05:44",1882.1,2,dbvzsbsbs
1680,16661743,"Sergey Kutepov","2026-09-26 04:25:34",1881.6,2,natsyst
1681,16931054,"Asakusa Agricultural Co., Ltd","2026-09-27 09:14:01",1881.4,2,daeyoungahn
1682,16762319,"Shiji Zheng","2026-09-27 09:02:22",1881.2,2,"q20020006073,watcher996,zhengshiji"
1683,16939767,"Elias William","2026-09-25 06:29:39",1881.2,2,eliaswilliam
1684,16933123,dynatrixa,"2026-09-26 05:37:38",1880.6,2,"datacinder7,dynatrixa,veltronic"
1685,16930858,LIUDIZHU,"2026-09-27 00:15:32",1880.3,2,liudizhu
1686,16944820,Nikouo,"2026-09-25 06:20:36",1880.0,2,nikouo
1687,16624645,"Closed Loop","2026-09-24 01:42:33",1880.0,2,hobbisttech
1688,16660735,"Bassel Elbahnasy","2026-09-26 20:24:18",1879.6,2,basselashraf
1689,16659715,masb,"2026-09-26 07:30:44",1879.5,2,affansaied
1690,16872211,"Artem Bakalinskiy","2026-09-25 09:15:35",1878.9,2,artembakalinskiy
1691,16798724,"junfan shen","2026-09-23 08:25:25",1878.6,2,junfanshen
1692,16876853,PUN,"2026-09-26 17:24:20",1878.5,2,pshikk
1693,16768143,KingDellaFarm,"2026-09-23 17:55:42",1878.3,2,"alessandrodestasi,disteroas"
1694,16874388,"Shuqi Zhang","2026-09-24 06:55:25",1877.9,2,"giadungho,sasalisa"
1695,16809211,"Aleix López","2026-09-24 21:25:39",1877.5,2,aleixlopez
1696,16655789,"wen chong yu","2026-09-27 07:05:06",1877.5,2,wenchongyu
1697,16904651,chenpengyu603,"2026-09-26 08:17:07",1876.5,2,chenpengyu603
1698,16766498,HNUST,"2026-09-27 07:30:39",1876.3,2,"aloemoon,castianhans"
1699,16852766,MCZK,"2026-09-25 04:27:58",1876.3,2,hitoshimochizuki
1700,16893046,ClaudiCulture,"2026-09-27 04:15:00",1874.8,2,ortimusprime
1701,16912988,"Roy Zhu","2026-09-22 03:55:22",1874.6,2,roy0zhu0
1702,16891334,"Ruslan Akhmetov","2026-09-27 09:07:37",1873.1,2,ecolla999
1703,16743136,unhappy,"2026-09-26 15:29:43",1873.1,2,chenyahui123
1704,16846963,成吉思汗,"2026-09-27 06:55:22",1873.0,2,jddhhdh
1705,16660220,tomo11111,"2026-09-23 17:04:13",1872.3,2,tomo11111
1706,16740659,haodou092,"2026-09-27 08:39:22",1872.3,2,haodou092
1707,16728863,Irabala,"2026-09-26 10:17:15",1871.7,2,irabala1
1708,16661558,안녕하세요이세입니다잘부탁드립니다,"2026-09-27 07:13:22",1870.3,2,"moonswalk,municef1"
1709,16643453,Haumea,"2026-09-24 12:21:06",1869.6,2,chaitanyagullapalli
1710,16734715,史永刚,"2026-09-24 01:58:08",1869.4,2,shizehao
1711,16671767,Kaileh57,"2026-09-27 06:42:50",1869.1,2,kaileh57
1712,16747408,すずき,"2026-09-27 06:55:01",1868.8,2,shumpeace
1713,16635340,"zhuo wamg","2026-09-27 07:07:41",1868.4,2,zhuowamg
1714,16662380,"Brandon Calderon-Morales","2026-09-27 01:45:32",1868.4,2,bmoe640
1715,16806346,"Mike chen666","2026-09-26 04:54:57",1868.2,2,"mikechen666,tiffanyjade"
1716,16768104,"Ivan Aleksandrov","2026-09-26 11:46:18",1868.2,2,ivanblch
1717,16655796,"dijia zhang735","2026-09-26 16:04:26",1867.8,2,dijiazhang735
1718,16911850,Farmerjay,"2026-09-26 02:44:29",1867.5,2,officeghost
1719,16794207,AlekseiProvorov,"2026-09-26 14:27:59",1867.0,2,leoprovorov
1720,16628765,"Kota Iizuka","2026-09-25 00:04:42",1866.8,2,kotaiizuka
1721,16698688,JeremiahMannings,"2026-09-24 04:03:51",1866.4,2,jmannings
1722,16823251,"Khaled Yousef","2026-09-25 05:52:51",1865.9,2,recochet96
1723,16647607,pumpkin,"2026-09-25 09:22:32",1865.7,2,gealachpumpkin
1724,16810171,kta_jpn,"2026-09-24 12:10:13",1865.2,2,ktajpn
1725,16696720,"JAZ COLD HORN","2026-09-27 05:15:34",1865.1,2,"evanmaksud,jazivxt,maulikgajera,niazmohaimanabtahi,victorhorn"
1726,16665331,winstonton,"2026-09-26 06:49:40",1865.1,2,winstonton
1727,16640388,SANNNNN,"2026-09-27 06:42:49",1864.5,2,zuhairsan
1728,16673881,"Sebastian Johansson","2026-09-24 15:36:56",1863.2,2,sebbejohansson
1729,16811251,poijio,"2026-09-26 17:32:59",1862.9,2,poijio
1730,16785483,xiongrui666,"2026-09-23 01:45:19",1862.7,2,xiongrui666
1731,16906728,"Konstantin Zhar","2026-09-26 22:47:48",1862.1,2,zharkd
1732,16627032,"Kaito Fukami","2026-09-27 00:14:47",1860.7,2,kaitofukami
1733,16925892,野獸先輩,"2026-09-22 17:10:48",1860.5,2,rayyen216
1734,16659351,"Hamna Kaleem","2026-09-27 02:21:05",1860.5,2,hk3296
1735,16699082,Sakthei,"2026-09-20 13:41:34",1856.2,2,sakthei
1736,16815132,"Duc-Anh Nguyen","2026-09-26 14:10:50",1856.1,2,valentinonguyen
1737,16674102,没落者,"2026-09-27 08:27:41",1856.1,2,needless090
1738,16622509,Ali,"2026-09-26 17:34:55",1855.7,2,asalhi
1739,16731940,xxxxyt,"2026-09-24 04:29:54",1854.9,2,"shengqinxi,xmxgxcs,xxxxyt"
1740,16623812,"SeshuRaju 🧘‍♂️","2026-09-27 07:28:40",1854.6,2,seshurajup
1741,16634432,KARGI,"2026-09-26 17:37:06",1852.7,2,learningkin
1742,16888260,"Ndabenhle Ngema","2026-09-25 02:15:27",1852.3,2,ndabenhlengema
1743,16634873,shin0000,"2026-09-24 03:07:22",1852.0,2,shin0000
1744,16665129,Doom,"2026-09-26 22:12:36",1850.8,2,"mr6436,sanskaarundale"
1745,16909485,SatoGo,"2026-09-26 06:14:53",1850.1,2,satogo
1746,16729192,1m0ke,"2026-09-27 08:22:44",1849.7,2,smokelate
1747,16772204,"Hamam Ahmed","2026-09-27 02:44:56",1849.4,2,hamamelsanousi
1748,16795698,ml_gg,"2026-09-25 17:59:14",1848.4,2,ramnarayanchoudhary
1749,16631115,prvsiyan,"2026-09-24 10:51:35",1848.3,2,prvsiyan
1750,16673230,saitamad,"2026-09-27 05:43:06",1848.1,2,saitamad
1751,16654669,"Jordi Corbilla","2026-09-27 04:07:49",1846.7,2,jordicorbilla
1752,16791977,JeremyLIU858,"2026-09-27 06:00:57",1846.6,2,jeremyliu1997
1753,16765135,neuro168,"2026-09-23 11:11:29",1846.4,2,lordmc
1754,16907246,VROPEXT,"2026-09-26 21:16:02",1846.2,2,vropext
1755,16660485,tablecables,"2026-09-25 20:07:51",1845.8,2,colingaffney1
1756,16718033,TheMightiestMan,"2026-09-26 06:17:33",1845.5,2,themightiestman
1757,16632599,HyperARC,"2026-09-27 05:28:12",1845.5,2,shadowell888
1758,16731911,"liu bo","2026-09-25 14:05:21",1844.5,2,liuboo45586
1759,16640467,Catalyst,"2026-09-23 09:25:57",1844.4,2,vibekaggler
1760,16854477,"Marc Maldonado Lorca","2026-09-23 08:04:16",1843.8,2,marcmaldonado
1761,16776505,"Duck Typing","2026-09-26 19:45:40",1843.0,2,ahmadamindw
1762,16779067,fishwg,"2026-09-27 08:34:27",1841.5,2,fishwg
1763,16938859,Adequate_Echo,"2026-09-25 05:09:30",1841.4,2,adequateecho
1764,16716533,wiffany,"2026-09-26 13:18:29",1840.1,2,wiffany
1765,16863329,"Alvaro Mendizabal","2026-09-27 05:10:32",1839.7,2,alvaromendizabal
1766,16709809,RiyaSoni20,"2026-09-26 23:13:47",1839.4,2,"riyasoni20,rudraamin06"
1767,16799832,"Maman Salto","2026-09-25 03:57:41",1839.3,2,saddamaditya
1768,16657277,"Dude and Destroy","2026-09-24 03:39:44",1838.8,2,raymondbrookman
1769,16745059,mekduy,"2026-09-25 06:52:33",1838.6,2,mekduy
1770,16676193,"Akira Hirohashi","2026-09-27 09:22:06",1838.5,2,akirahirohashi
1771,16790005,"Rohit Kumar Sahoo","2026-09-27 08:17:23",1838.4,2,rohit4118
1772,16656432,"CornHub Premium","2026-09-26 17:35:38",1838.3,2,nihilisticneuralnet
1773,16765834,Oakzen,"2026-09-24 11:49:54",1837.8,2,gyx517120273
1774,16905517,Marti,"2026-09-24 01:00:51",1837.7,2,marticn
1775,16888093,"Alejandro Izaguirre","2026-09-24 20:35:33",1837.3,2,alejandroizag
1776,16875984,cccyou,"2026-09-23 07:34:18",1836.7,2,cccyou
1777,16737237,"Ayodeji Adesegun","2026-09-27 07:17:34",1836.1,2,ayodejiadesegun
1778,16924407,"Laxmi Khilnani","2026-09-26 17:32:18",1835.4,2,laxmikhilnani2004
1779,16667018,ZekeAlx,"2026-09-27 03:27:33",1832.7,2,alexthomas12345
1780,16665864,kavipavi19,"2026-09-22 10:37:14",1832.7,2,kavipavi19
1781,16841663,"Ryosei Hara","2026-09-26 23:45:14",1832.4,2,ryhara
1782,16717255,Ryuuga89,"2026-09-25 15:08:51",1831.9,2,ryuuga89
1783,16671424,cicen1139,"2026-09-27 04:22:11",1831.0,2,cicen1139
1784,16734803,guoziyi123456,"2026-09-23 00:17:46",1830.2,2,"ax1lec,guoziyi123456,linhexlu,xuanzhechen"
1785,16664573,AdhithyaRokhith,"2026-09-25 17:29:38",1828.9,2,adhithyarokhith
1786,16847247,月之光面,"2026-09-24 02:35:20",1828.9,2,cxcxcxcx
1787,16843203,"Liyi xin jie","2026-09-25 04:29:21",1828.6,2,liyixinjie
1788,16751411,"lamb Liu","2026-09-25 13:57:23",1828.2,2,liuxiaohua72
1789,16891703,"Rasmus Hulthe","2026-09-27 00:32:59",1828.0,2,zazmuz
1790,16756972,"Đức Hải Hà","2026-09-26 15:12:59",1826.7,2,tankinguyen
1791,16853540,WUZB,"2026-09-23 03:14:03",1826.6,2,wzhengbiao
1792,16880664,"Nodir Xamdamov","2026-09-24 16:18:54",1826.4,2,nodirxamdamov
1793,16899084,"Asan Ashirov","2026-09-22 16:32:11",1826.2,2,asanashirov
1794,16845965,Oldplaykid,"2026-09-24 12:37:52",1825.1,2,"tonf3195,zerethon"
1795,16931975,loki005,"2026-09-26 15:51:58",1823.7,2,loki005
1796,16741096,"Yohanes Lengkong","2026-09-26 02:38:11",1822.8,2,yohanesfc
1797,16763767,"Carson Zhang","2026-09-22 22:21:32",1822.7,2,zmcddn
1798,16714474,"Glenn Dalbey","2026-09-23 00:15:27",1822.6,2,glenndalbey
1799,16658300,"Thành Toàn Vương","2026-09-23 11:25:19",1822.4,2,thnhtonvng
1800,16855295,zhudong1949,"2026-09-24 15:21:27",1822.2,2,zhudong1949
1801,16949503,"Nikita Makarov","2026-09-27 08:28:48",1822.0,2,nikimakarov
1802,16667951,KoRo2_JP,"2026-09-27 07:59:41",1821.6,2,koro2jp
1803,16655150,"Benjamin H Pepper","2026-09-24 11:34:27",1821.5,2,bhpepper
1804,16762926,"Ricky RTG","2026-09-24 02:48:42",1821.5,2,rickyrtg
1805,16622420,RuiFSPinto,"2026-09-26 18:36:18",1821.4,2,ruifspinto
1806,16935813,MINGHUN,"2026-09-27 07:28:50",1820.9,2,"aiwuhui,jiyuhao1213"
1807,16838956,"Michael Brown","2026-09-26 19:51:50",1820.7,2,michaelbrown4343
1808,16635745,DataRockstar,"2026-09-23 18:33:49",1819.4,2,"amaropeter,jvlegend"
1809,16879253,Bldr2,"2026-09-25 08:16:37",1819.4,2,alphalin2010
1810,16936848,spy007,"2026-09-24 11:46:46",1819.0,2,"py1603300133,syhsyh123"
1811,16677847,ShiviWhivi,"2026-09-22 02:15:51",1818.6,2,blackpearls1
1812,16762935,"ibr mo sal","2026-09-25 08:20:45",1817.7,2,ibrmosal
1813,16746599,Borrun,"2026-09-22 05:23:12",1817.4,2,borrun
1814,16658665,ChandramouliNagasundaram,"2026-09-26 07:28:12",1817.3,2,"enginegeneral,mouliindian"
1815,16919030,"wenzhi liu","2026-09-23 03:25:11",1816.6,2,liuwenzhi
1816,16742684,Inzilbêth,"2026-09-24 06:24:15",1816.3,2,inzilbth
1817,16778627,LXZ538,"2026-09-26 05:04:47",1816.0,2,lxz538
1818,16845713,"qweq asd","2026-09-24 08:12:48",1815.2,2,qweqasd
1819,16661737,"Márcio Santos","2026-09-26 21:56:31",1814.7,2,mos3santos
1820,16818313,"haonan zhengh","2026-09-27 01:57:16",1814.7,2,haonanzhengh
1821,16854074,yudai_000111,"2026-09-24 12:02:57",1813.9,2,yudai000111
1822,16684954,Rogues,"2026-09-26 17:37:53",1813.7,2,"saikushal185,suneethreddy"
1823,16640394,"MOHAMMADJAFAR ZAMANI","2026-09-27 08:12:54",1813.6,2,mohammadjafarzamani
1824,16658038,Khanh,"2026-09-25 15:24:53",1813.6,2,khanhp142
1825,16884753,God111,"2026-09-27 05:57:49",1813.1,2,god111
1826,16840439,"God Se7en","2026-09-26 16:09:14",1812.6,2,godseven7
1827,16752277,YKuma,"2026-09-26 12:42:32",1811.9,2,ykumazaki
1828,16656011,"Jiashun Tan","2026-09-24 01:40:53",1811.8,2,jiashuntan
1829,16731186,Naru041104,"2026-09-27 07:52:29",1811.5,2,naru041104
1830,16946367,dwinging,"2026-09-23 14:07:09",1810.5,2,dwinging
1831,16806000,wyz0210,"2026-09-26 13:35:47",1810.5,2,weiyouzhen
1832,16719563,"GPT-5.6 Sol🏆","2026-09-27 06:54:05",1810.3,2,"ctfxiao,gaoruihua,otherworldly777,wennaliu2007,xgentle"
1833,16719451,"Syed Toubur","2026-09-23 07:12:40",1810.3,2,syedtoubur
1834,16728114,yu9824,"2026-09-24 16:47:05",1810.0,2,yu9824
1835,16741932,"Michael Chen","2026-09-23 01:27:57",1809.2,2,fuqiangchen
1836,16904371,Makhmudov_1602,"2026-09-22 10:40:41",1808.8,2,makhmudov1602
1837,16944065,"Wael El Ghazzawi","2026-09-22 23:05:10",1808.6,1,waelelghazzawi
1838,16869614,"Szymon Miłosz","2026-09-27 03:01:10",1808.2,2,szymonmiosz
1839,16855214,"Kazumi Sakamaki","2026-09-24 00:26:27",1808.1,2,hatimitusiropp
1840,16848063,"Yuan Weijun","2026-09-23 14:26:32",1808.1,2,yuanweijun
1841,16927484,eigeness9,"2026-09-27 07:46:45",1807.9,2,"eigeness9,postrflux,reciprocityj,zenoflux77"
1842,16676336,lemon13418,"2026-09-23 00:05:09",1807.9,2,lemon13418
1843,16758982,Boredom,"2026-09-22 17:34:35",1807.2,2,"baodewen,cudacoding,elektromagnetizm,j12345673,mikeyu2026"
1844,16947886,"Rufeng Toxins","2026-09-23 14:01:48",1806.9,2,rufengtoxins
1845,16659419,"Chahat Mehra","2026-09-26 17:53:15",1806.9,2,chahatmehra
1846,16842093,aether74,"2026-09-24 02:23:54",1806.7,2,aether74
1847,16687824,"André Dkw","2026-09-24 21:05:42",1806.6,2,andrdkw
1848,16940453,"HIbiki Awai","2026-09-22 13:57:50",1806.0,2,hibikiawai
1849,16784420,renyxin,"2026-09-26 13:45:53",1805.3,2,renyxin
1850,16767929,Timbydude,"2026-09-24 15:30:58",1804.8,2,timbydude
1851,16625921,JinchengZhang1,"2026-09-27 01:29:31",1804.7,2,jinchengzhang1
1852,16796574,cununn,"2026-09-27 04:09:41",1804.5,2,w007425y
1853,16774712,icelemon2004,"2026-09-27 07:00:40",1804.3,2,"guanghuchen,icelemon2004,mustard64"
1854,16925367,codezzzsleep,"2026-09-27 03:00:55",1804.3,2,codezzzsleep
1855,16681116,Kagamihara,"2026-09-26 01:45:41",1803.6,2,kagamihara
1856,16870440,GOSS,"2026-09-27 07:10:06",1803.2,2,gossan
1857,16738487,"Andrey Shpigar","2026-09-23 18:18:09",1803.0,2,andreyshpigar
1858,16678061,"Sushanth Tiruvaipati","2026-09-25 06:33:19",1802.3,2,sushanthtiruvaipati
1859,16742183,alessandrozonta,"2026-09-23 07:46:51",1802.2,2,azonta
1860,16880694,yuxian6666,"2026-09-23 13:00:16",1802.1,2,yuxian6666
1861,16662684,"Harshini Reddy","2026-09-25 13:56:07",1802.1,2,luffyh04
1862,16905426,futabato,"2026-09-27 01:32:28",1801.9,2,futabato
1863,16879166,NoDash,"2026-09-26 23:15:11",1801.3,2,nodash
1864,16946537,"Roustoum Abdel Moula","2026-09-23 09:34:04",1801.2,1,roustoumabdelmoula
1865,16886856,爱上帝的小熊猫,"2026-09-23 04:30:55",1801.2,2,xuefengxie
1866,16774075,"Mohammad Yaser Hussain","2026-09-24 11:10:55",1800.7,2,mohammadyaserhussain
1867,16815017,Humanitis,"2026-09-27 09:17:26",1799.9,2,humanitis
1868,16632304,"Masataka Suzuki","2026-09-25 17:14:34",1799.0,2,masatakasuzuki
1869,16657728,"T Soo","2026-09-24 07:43:09",1799.0,2,ttgrcgrc
1870,16712863,ominteam,"2026-09-26 18:32:12",1798.5,2,"luantony,suruikk"
1871,16843864,IkeKodd,"2026-09-22 12:16:03",1798.4,2,"ikekodd,pinluk"
1872,16858207,"David Wang","2026-09-23 02:44:56",1798.3,2,renew66
1873,16794753,"Yan #2","2026-09-26 19:29:49",1798.0,2,diskya
1874,16674526,"Imdadul hasan hamim","2026-09-22 08:06:03",1798.0,2,imdadulhasanhamim
1875,16681848,Haraguchi-T,"2026-09-23 15:07:53",1796.9,2,haraguchit
1876,16635351,AAAMIKASA,"2026-09-22 15:04:54",1795.8,2,aaamikasa
1877,16669686,"Mert Bayraktar","2026-09-27 01:22:49",1795.8,2,mertbayraktar
1878,16943126,"Aaditya Verma","2026-09-27 03:23:57",1795.3,2,tensura911
1879,16770832,"Harish Yadav","2026-09-24 11:57:04",1795.2,2,harishyadav0506
1880,16732530,可抽奖的冰棒,"2026-09-27 05:02:23",1794.9,2,daniel1547
1881,16748866,masayoshi,"2026-09-26 19:51:38",1794.7,2,masayoshi64
1882,16644229,"Amy Yuan","2026-09-25 08:08:13",1794.6,2,cozytato
1883,16732727,brightest66,"2026-09-27 07:14:39",1794.1,2,"brightest66,laplacenvmv"
1884,16644877,lu_fish,"2026-09-26 08:00:10",1793.6,2,thefish114514
1885,16627906,"Tergel Munkhbat","2026-09-26 09:27:08",1793.1,2,tergelmunkhbat
1886,16915820,CjzmFeng,"2026-09-27 06:12:33",1793.0,2,cjzmfeng
1887,16655379,Ikeda0516,"2026-09-27 00:05:14",1792.8,2,ikeda0516
1888,16727350,"T Hansda","2026-09-22 13:49:10",1792.2,2,hansda
1889,16723893,iring58,"2026-09-27 02:18:39",1791.7,2,iring58
1890,16678693,"Maher el Ouahabi","2026-09-27 08:47:25",1790.5,2,maherelouahabi
1891,16857491,cherish_zhang,"2026-09-23 07:18:03",1790.5,2,cherishzhang
1892,16661039,Abracadabra,"2026-09-27 02:42:17",1790.5,2,giovannicr
1893,16647324,GG-bond,"2026-09-24 09:36:10",1790.2,2,wyhwyh123
1894,16671012,"Sean Zhang","2026-09-24 01:00:58",1788.7,2,seanzhang2445
1895,16935983,"Anas Zewail","2026-09-22 16:30:50",1788.3,2,anashanyzewail
1896,16750448,"Ansh Agarwal","2026-09-25 16:03:14",1788.1,2,anshagarwal2616
1897,16793427,wuwuwu,"2026-09-23 10:35:31",1787.6,2,wu1570
1898,16736632,Leo,"2026-09-25 11:20:07",1787.4,2,huangkx666
1899,16798974,huangbin,"2026-09-26 23:38:16",1787.3,2,huangbin1
1900,16848217,"Yang Bai","2026-09-23 11:23:39",1787.0,2,jackelysia
1901,16759626,"Ghazaros Barseghyan","2026-09-27 08:37:21",1786.9,2,ghazarosbarseghyan91
1902,16622422,ss,"2026-09-23 06:37:19",1786.5,2,forest2026
1903,16861903,iwa,"2026-09-23 09:53:06",1786.2,2,ichiko
1904,16712134,cf696666,"2026-09-26 18:07:18",1785.9,2,cf33333
1905,16878968,"Dale Zhong","2026-09-27 05:45:50",1785.6,2,dalezhong
1906,16725177,misaka12435,"2026-09-26 23:56:47",1785.3,2,misaka12435
1907,16692895,Manuf,"2026-09-25 13:01:40",1784.9,2,manuelferromorales
1908,16704466,"QQ Farming","2026-09-27 05:22:30",1784.9,2,"dzjiann,hdhsjdjd,keithtyser,mitubant,ngyzly"
1909,16623515,"Apple Joy","2026-09-23 05:27:00",1784.6,2,"cqput640,fishcat37,sdq2237"
1910,16682843,underline12311,"2026-09-23 04:27:15",1784.5,2,underline12311
1911,16707547,Lin,"2026-09-24 07:52:17",1784.3,2,linjianrong
1912,16696762,SOSyuki,"2026-09-22 01:32:23",1784.2,2,sosyuki
1913,16917149,beastars,"2026-09-25 22:49:43",1783.0,2,"doorknob881,ohyabuddy,vickylinvicky"
1914,16796901,hanhan761,"2026-09-24 03:05:34",1782.9,2,"hanhan761,kiivii,noice12138,xiaobai0417"
1915,16904440,"Orion on earth","2026-09-27 08:30:35",1782.5,2,oriononearth
1916,16685743,"Alex Oranov","2026-09-25 09:46:36",1781.9,2,aoranov
1917,16622330,"hiroshi murakami","2026-09-26 06:48:51",1781.1,2,zabojeb
1918,16657941,"Nick Styles","2026-09-27 04:57:51",1781.0,2,styles
1919,16921163,"Sam StSt","2026-09-22 06:30:05",1780.9,2,samstst
1920,16623378,"nvidia fan","2026-09-26 04:49:45",1780.5,2,outwrest
1921,16634803,hongzhouzhou,"2026-09-26 09:24:12",1780.4,2,afterrain42
1922,16859473,wakaka,"2026-09-27 05:01:20",1780.4,2,bernicerobinson
1923,16930996,"ROGER REN","2026-09-23 08:01:24",1780.1,2,rogerrenruben
1924,16807538,Asterope,"2026-09-23 08:04:06",1779.5,2,jianlee0
1925,16662946,uzair,"2026-09-26 20:18:12",1779.3,2,quantumcurator
1926,16936346,"Han Zhou","2026-09-22 00:51:30",1778.6,2,hanzhou445
1927,16944349,m_meles,"2026-09-23 16:04:45",1778.5,2,mmeles
1928,16672251,"Kavinkumar M","2026-09-27 05:44:20",1778.4,2,kavinkumarrkm
1929,16915571,"jay tsang","2026-09-26 07:57:39",1778.0,2,jaytsang
1930,16688893,CCG,"2026-09-26 14:16:10",1777.7,2,"hirokenn,nagomenk"
1931,16730462,XTang,"2026-09-23 04:47:53",1776.3,2,flyonthewater
1932,16818194,sugiharahara,"2026-09-24 15:33:48",1776.3,1,sugiharahara
1933,16693942,"Lisan al-Gaib","2026-09-27 08:35:39",1776.1,2,azrihasin
1934,16858208,linhaiy,"2026-09-27 00:21:14",1775.9,2,linhaiy
1935,16726547,"Ezra Kho","2026-09-26 11:07:55",1775.6,2,ezrakho
1936,16876706,"zijun zhang","2026-09-26 16:27:15",1775.5,2,kongmu0503
1937,16769234,"Akshar #2","2026-09-23 17:16:50",1774.5,2,"aksharzala,therishitaggarwal"
1938,16736124,GIN,"2026-09-23 06:57:33",1774.2,2,runjinzhang
1939,16932850,"Amir Ghazi","2026-09-26 20:05:27",1773.9,2,amirghazi
1940,16712121,"Hai Dang","2026-09-27 09:01:02",1773.8,2,haidang2405
1941,16894950,csly666,"2026-09-21 15:34:28",1773.8,2,csly666
1942,16931127,taipen,"2026-09-26 12:47:36",1773.1,2,pankhuri001
1943,16914676,"Luon may Man","2026-09-26 00:02:52",1773.0,2,luonmayman
1944,16775803,Robson,"2026-09-26 23:42:19",1773.0,2,robsonsan
1945,16778707,momohuhu_kkkkkarrot,"2026-09-24 01:25:18",1772.8,2,kjy666
1946,16809323,"Naoki Yamada","2026-09-23 14:17:01",1772.2,1,naokiyamada1106
1947,16622242,"Robert Koval","2026-09-27 08:34:05",1771.7,2,robertkoval
1948,16639507,Homii_N,"2026-09-23 00:41:19",1771.3,2,homeshwarrao
1949,16801457,"Anthropic Banned My Account","2026-09-23 06:52:31",1770.7,2,subaru486
1950,16664487,houlidai-jiekiulai,"2026-09-27 05:04:59",1769.0,2,houlidaijiekiulai
1951,16768650,ifarm,"2026-09-23 08:48:33",1768.7,2,sericsheon
1952,16827859,"Ishraq Tanvir","2026-09-25 14:54:39",1767.9,2,ishraqtanvir
1953,16871584,xder,"2026-09-26 11:09:18",1767.9,2,xderyeke393
1954,16914287,"Vinzi Leo","2026-09-23 02:31:46",1767.7,2,vinzileo
1955,16731966,ねねね,"2026-09-24 22:49:32",1767.5,2,napier1550
1956,16861198,Eggplanck,"2026-09-26 12:26:38",1766.1,2,gyozzza
1957,16809842,"zg l1218","2026-09-27 09:01:21",1765.0,2,"dkttttt,zgl1218"
1958,16671607,"Chanhyuk Han","2026-09-23 08:38:04",1764.8,2,chanhyukhan
1959,16641893,"Kashyapsinh gohil","2026-09-26 15:44:03",1764.8,2,kashyapsinhgohil
1960,16908403,"Stepan Ivanov","2026-09-25 14:31:15",1763.7,2,stepanivanov233
1961,16761744,"Daiki Takahashi","2026-09-23 08:45:23",1762.6,2,daikitakahashi
1962,16880558,"Georgi Kanev","2026-09-26 11:05:46",1762.6,2,georgikanev
1963,16916611,Infinity,"2026-09-27 07:40:18",1762.2,2,"maaz101,syedtahahassan"
1964,16852049,Tremble,"2026-09-22 02:07:51",1762.0,2,"aimeechen1,haoxuanwang12366,junsongzhang,qiyaoxu,yifuandonlyyifu"
1965,16765233,Shun,"2026-09-24 04:56:58",1761.9,2,shunchan0677
1966,16657093,"sixer srinath","2026-09-27 08:05:33",1761.6,2,srinath2495
1967,16919615,AcidicBlaster,"2026-09-21 10:37:49",1761.6,2,adityamurugesh
1968,16898651,Kitsune0o,"2026-09-25 12:33:32",1759.5,2,theodaimones888
1969,16882746,yuiop!,"2026-09-24 22:09:05",1759.4,2,yuiopy
1970,16675344,PP_Azalearn,"2026-09-26 04:44:14",1759.0,2,"androidss,keitookamoto,pptakehirokawada"
1971,16677855,Mehrdad_LU,"2026-09-22 20:50:28",1758.3,2,mehrdadal2023
1972,16931056,zhangsan1224789,"2026-09-23 14:05:54",1758.2,2,zhangsan1224789
1973,16738298,tomo0608,"2026-09-25 14:46:56",1756.7,2,tomo0608
1974,16861805,farmer-kuni,"2026-09-23 07:28:14",1756.3,2,kuni05
1975,16728708,"Rishi Jain","2026-09-25 19:29:04",1755.9,2,rishijain07
1976,16680690,MYOUCER,"2026-09-24 01:40:19",1755.2,2,myoucer
1977,16746689,"Harm Buisman","2026-09-26 09:19:53",1754.7,2,harmbuisman
1978,16925703,darkphase11,"2026-09-27 08:20:56",1754.1,2,"corephase,darkphase11,metacraftt,neurofieldd"
1979,16689881,"yuki #2","2026-09-27 08:22:16",1753.6,2,hosikusa
1980,16638804,"Anhad Mahajan","2026-09-25 11:05:20",1752.7,2,anhadmahajan06
1981,16891911,N_noa21,"2026-09-24 11:49:18",1752.5,2,nnoa21
1982,16845736,Gio,"2026-09-23 20:23:43",1752.2,2,giovanizanfra
1983,16646318,TeamNexus,"2026-09-26 18:21:52",1751.3,2,chrisopherjoshy
1984,16936542,"Lee Velon","2026-09-23 05:30:12",1751.2,2,leevelon
1985,16762195,eliasruntime,"2026-09-24 20:15:23",1751.0,2,eliasruntime
1986,16736427,KouFu,"2026-09-27 09:17:26",1750.9,2,kouheif
1987,16824931,Magniverko,"2026-09-27 02:34:19",1750.8,2,huangyingkun
1988,16723318,グレイラットルーデウス,"2026-09-22 07:27:17",1750.4,2,rudeus666
1989,16849330,"Ian Wang","2026-09-23 12:15:26",1748.6,2,ianwang1204
1990,16860071,TOSS,"2026-09-22 20:52:48",1748.2,2,toshikawa80
1991,16678370,Wangles,"2026-09-22 11:10:59",1747.4,2,wangles
1992,16778946,yuki0731,"2026-09-27 09:20:53",1747.0,2,yuki0731
1993,16928213,橋本真旺,"2026-09-22 16:37:33",1746.9,2,mao925
1994,16749257,rsraki,"2026-09-26 05:41:43",1746.6,2,rsraki
1995,16841826,抵扣豆浆,"2026-09-27 04:49:07",1746.3,2,tootough
1996,16848297,chacha260,"2026-09-23 02:18:18",1746.2,2,chacha260
1997,16658365,OnlyFarms,"2026-09-26 09:23:24",1746.1,2,hoowoo
1998,16796937,Alan,"2026-09-24 00:44:47",1745.3,2,amunsentom
1999,16923217,kou,"2026-09-20 20:09:04",1745.2,2,yuu111111111
2000,16857505,"joy of harvest","2026-09-22 01:46:50",1744.9,2,"dllogic,hanleileo,lawjkj,mragentrrr"
2001,16631421,cg,"2026-09-22 14:31:09",1743.4,2,chaitanyagarg2
2002,16740263,4H,"2026-09-27 08:01:33",1743.3,2,scottweeden
2003,16783870,malaxg,"2026-09-23 08:04:19",1743.3,2,guoyixian2
2004,16848588,"vibe coders","2026-09-26 07:10:12",1742.8,2,"caando,sheryllynntan"
2005,16779388,"Mohammad Alnajdawi","2026-09-23 11:40:29",1742.3,2,mohammadalnajdawi
2006,16655912,sssskilo,"2026-09-27 03:26:29",1742.0,2,wellkilo
2007,16664836,"Adnan Zaman","2026-09-27 07:33:26",1741.9,2,adnanzamanniloy
2008,16708296,LUCKY2,"2026-09-25 19:45:03",1741.5,2,carolezountangni
2009,16839427,kooooozh,"2026-09-22 19:04:19",1741.3,2,grigoriykozhemyakin
2010,16880792,dre,"2026-09-22 17:25:08",1741.1,2,ahmedelfazouan
2011,16937798,"Semih Temiz","2026-09-27 09:09:58",1740.5,2,semhtemiz
2012,16688568,Sophie555,"2026-09-27 04:10:25",1740.5,2,sophie555
2013,16886400,Nisshi888880,"2026-09-23 02:45:13",1739.7,2,nisshi888880
2014,16682514,"Pavel Pavlov","2026-09-25 13:16:01",1739.6,2,akakii
2015,16681986,"Chirantan Bhardwaj","2026-09-25 04:22:03",1739.6,2,chirantanbhardwaj
2016,16786357,guoyihui,"2026-09-23 06:12:19",1739.5,2,guoyihui
2017,16867067,jiazepin,"2026-09-27 08:03:09",1737.8,2,jiazepin
2018,16768385,neibyr,"2026-09-21 17:37:47",1736.9,2,neibyr
2019,16858986,kam,"2026-09-24 07:21:27",1736.7,2,kotakambayashi
2020,16884858,HojunLee,"2026-09-27 09:06:35",1736.6,2,hojuna
2021,16870247,mxt1022,"2026-09-22 04:37:53",1736.5,2,unlome
2022,16881512,"Asem Adnan","2026-09-24 10:30:05",1736.4,2,asemadnan
2023,16885735,keith,"2026-09-26 10:32:10",1736.1,2,kamatt
2024,16729130,KoshinM,"2026-09-26 10:06:25",1735.9,2,koshinm
2025,16842183,"Sumukh M G","2026-09-25 03:33:11",1735.8,2,sumukhmg35
2026,16682753,"Cam-Luan Truong","2026-09-22 11:11:54",1735.4,2,luantruong
2027,16683808,RuggedBones,"2026-09-22 17:38:06",1734.8,2,ruggedbones
2028,16732156,"Ца-ри-ца по-лей, ку-ку-ру-за!","2026-09-23 18:23:49",1734.4,2,samvelkoch
2029,16794527,linyifangzhenshuai,"2026-09-27 08:46:44",1734.3,2,linyifangzhenshuai
2030,16728897,kaba777,"2026-09-27 04:08:18",1734.3,2,kaba777
2031,16654332,"Borys Tymchenko","2026-09-25 07:10:49",1733.5,2,spsancti
2032,16763375,Makus,"2026-09-22 13:33:25",1732.9,2,alexmartinez75
2033,16917715,Jacker_Du,"2026-09-26 17:29:39",1732.3,2,"jackerdu,pinjiewang,sunjiadong12,sunruiwang"
2034,16749061,"Wang H2O","2026-09-23 03:58:50",1732.2,2,wangh2o
2035,16655704,heinado,"2026-09-26 19:48:20",1731.9,2,heinado
2036,16838362,"Yixuan Yang","2026-09-21 18:31:24",1731.4,2,easoney
2037,16883863,qhapaq49,"2026-09-24 05:46:37",1731.0,2,qhapaq49
2038,16658203,Lan_Sky,"2026-09-26 11:50:23",1730.8,2,lansky6
2039,16809332,"ansheng jhang","2026-09-23 08:52:27",1730.4,2,anshengjhang
2040,16875653,xuzenkun,"2026-09-22 03:42:07",1730.1,2,xuzenkun
2041,16657094,irynavs,"2026-09-23 14:18:45",1729.6,2,irynavs
2042,16774141,Radiance,"2026-09-21 14:11:32",1729.4,2,"evelyn3976,wangyi01"
2043,16890118,chiikavyshy,"2026-09-22 08:05:07",1728.9,2,"marynaborovska,yuriygreben"
2044,16855992,"Vanshika #2","2026-09-22 05:15:19",1728.3,2,crystalbaby
2045,16768449,"Dmitry Volovikov","2026-09-26 20:05:59",1727.7,2,dmitryvolovikov
2046,16674919,yukiZ,"2026-09-27 04:51:31",1727.7,2,hideyukizushi
2047,16808526,iheng88,"2026-09-26 05:47:31",1727.5,2,iheng88
2048,16943033,BobChuckyJoe,"2026-09-24 05:07:19",1727.4,2,bobchuckyjoe
2049,16682885,风沙星辰,"2026-09-21 20:40:04",1726.9,2,"duoliya,linyeping,sereinovov,wangying2026"
2050,16896299,Bungalow0,"2026-09-27 07:11:11",1726.4,2,"achatoyant,bungalow0,demuure"
2051,16721248,"Raef Guizani","2026-09-22 08:25:43",1726.3,2,raefguizani
2052,16915663,Wlemalin,"2026-09-23 15:16:20",1725.5,2,wlemalin
2053,16658677,大山,"2026-09-24 02:51:50",1725.1,2,mapodoufu
2054,16932743,"Chris Chia","2026-09-22 02:24:46",1725.0,2,cchia3
2055,16887631,"Wills Cui","2026-09-22 05:47:39",1724.3,2,willscui
2056,16674451,NycteacoBa,"2026-09-27 03:31:05",1724.0,2,nycteaowl
2057,16940950,"Camarillo Kull","2026-09-24 14:09:04",1723.9,2,camarillokull
2058,16924604,"Dzmitry Pihulski","2026-09-26 23:12:29",1723.4,2,dzmitrypihulski
2059,16935319,"Adrian Phillips","2026-09-23 06:52:14",1722.8,2,adrianphillips00
2060,16765327,master_ssx,"2026-09-22 03:19:56",1722.6,2,masterssx
2061,16789546,"lsm jii","2026-09-25 04:46:00",1722.2,2,lsmjii
2062,16705139,gogogo,"2026-09-27 08:39:53",1722.1,2,huzech
2063,16623399,Kendamarron,"2026-09-21 07:06:28",1722.0,2,kazuhirokuriyama
2064,16644480,"Umut Keltek","2026-09-23 19:23:59",1721.9,2,umutkeltek
2065,16632113,"Any Things","2026-09-26 20:43:32",1721.8,2,anythingsj3fare767
2066,16659103,Arin,"2026-09-24 14:33:50",1721.3,2,skarin
2067,16660395,ljx59141421,"2026-09-22 13:47:32",1721.1,2,ljx59141421
2068,16623071,"Santiago Maniches","2026-09-27 09:17:48",1720.9,2,santmani
2069,16650181,victorvv,"2026-09-26 13:13:38",1720.6,1,whs66666666666
2070,16912574,好运连连,"2026-09-26 11:36:28",1720.6,2,"jiangxinyuan616,xiaoranx,xigemalyk"
2071,16741672,张菠,"2026-09-22 03:23:37",1720.3,2,ysqdababa
2072,16696421,"Koyashiki Mao","2026-09-22 11:55:10",1720.2,2,koyashikimao
2073,16621294,dpquoc,"2026-09-24 04:40:59",1720.0,2,dpquoc
2074,16653728,"Iswar Patra","2026-09-25 15:05:38",1719.9,2,iswarpatra
2075,16734551,"junseok lee","2026-09-21 21:25:20",1719.4,2,jaslee2
2076,16661073,PyJa,"2026-09-21 22:26:27",1719.3,2,pixiux
2077,16655567,Heisnotanimposter,"2026-09-22 04:52:39",1718.8,2,test013
2078,16690500,Mr.NoT_GaMeR,"2026-09-27 03:47:24",1718.7,2,joshdilipkumarpatel
2079,16709468,"Andrey Chankin","2026-09-27 07:42:02",1718.2,2,bluepill
2080,16804827,"Bala Baskar","2026-09-25 08:46:44",1718.1,2,balabaskar
2081,16859316,LP,"2026-09-25 12:13:14",1716.5,2,lihu6666
2082,16841940,"Hakkı Besim Bardakçı","2026-09-25 13:53:39",1714.6,2,xdebron
2083,16755229,theearthcheng,"2026-09-22 02:20:25",1714.5,2,theearthcheng
2084,16644530,"Busya PRIME","2026-09-21 11:20:07",1714.3,2,busyaprime
2085,16657032,"Ayaan Ghosh","2026-09-27 06:23:06",1714.3,2,ayan9001
2086,16886344,魏杨康,"2026-09-27 04:46:14",1714.2,2,weiiyangkang
2087,16642036,enddl22,"2026-09-22 00:21:17",1714.2,2,enddl22
2088,16934170,"Krish Shah","2026-09-23 05:49:34",1714.1,2,krshs90
2089,16818060,bnfan,"2026-09-27 00:01:53",1713.8,2,simonfan7
2090,16799304,"Rlug mb","2026-09-26 06:43:07",1713.7,2,"hongxinzhang111,minhtrph,rlugmb"
2091,16664392,AdamHsieh,"2026-09-26 03:06:41",1713.6,2,adamhsieh
2092,16860559,"Sara Lark","2026-09-22 02:44:20",1713.2,2,saralark
2093,16655632,"Dmitry Kozlov","2026-09-22 05:26:12",1712.7,2,dkozlov
2094,16924529,dacheah,"2026-09-24 12:40:10",1712.5,2,dacheah
2095,16862614,"Andrew Bunn","2026-09-22 00:14:18",1712.4,2,andrewbunn
2096,16657576,"SUBHASH B","2026-09-26 10:30:54",1712.3,2,"rishikrish1,subhashb21022"
2097,16927137,"Hibachi Fried Rice","2026-09-27 04:45:08",1712.3,2,samvalladares
2098,16629787,FlameZywoo,"2026-09-24 01:55:15",1711.5,2,zgdllt
2099,16682867,sneaky6767,"2026-09-27 08:31:19",1711.5,2,sneaky6767
2100,16806219,"Yiwei Pu","2026-09-22 01:59:54",1710.8,2,"lvyihan1210,raven20010261,yiweipu"
2101,16715828,samg,"2026-09-24 11:25:06",1709.2,2,samgreen2046
2102,16704924,jdx,"2026-09-25 02:15:10",1708.9,2,jdsemrau
2103,16726769,"Ci Zhu","2026-09-27 03:39:13",1708.7,2,zhuci1993
2104,16664239,VK_Kaggriculture..StartCompet,"2026-09-24 13:28:59",1708.4,2,venkatkumar001
2105,16644690,Dubnium,"2026-09-26 21:50:37",1708.4,2,ahmetyasin1
2106,16713743,oliver,"2026-09-23 17:57:56",1708.2,2,ollibolli
2107,16747982,"Affriza Wildan Fauzan","2026-09-27 03:30:57",1707.5,2,affrizawildanfauzan
2108,16840550,henriquejsza,"2026-09-21 05:07:28",1707.2,2,henriquejsza
2109,16653828,Boltuzamaki,"2026-09-21 09:13:57",1707.1,2,boltuzamaki
2110,16657229,"Adam Plow","2026-09-22 09:40:21",1707.1,2,lizhiiii
2111,16667020,SCLim2022080004,"2026-09-22 03:18:23",1706.2,2,sclim2022080004
2112,16681893,morality0707,"2026-09-27 01:15:34",1705.4,2,morality0707
2113,16733851,tangaii,"2026-09-27 09:25:26",1705.2,2,tangai1
2114,16663603,xsong2020,"2026-09-25 16:05:34",1704.1,2,xstargate
2115,16674839,"hongqian miao","2026-09-20 14:22:50",1703.6,2,hongqianmiao
2116,16768047,アメリカ農業研究会,"2026-09-21 20:12:15",1703.5,2,flnkhome
2117,16735232,"Johnson Chishimba","2026-09-22 05:41:07",1702.9,2,johnsonchishimba
2118,16673013,TTT,"2026-09-23 08:59:54",1702.6,2,tadahiroasami
2119,16634716,Eusebius,"2026-09-26 13:29:43",1702.5,2,protuberanzen2000
2120,16622937,"Sheep 🐑","2026-09-25 20:46:49",1702.0,2,kabilrh
2121,16662191,Danieler,"2026-09-22 18:46:56",1702.0,2,danielerufo
2122,16779598,RiverStead,"2026-09-24 14:28:38",1701.3,2,riverstead
2123,16904028,BraydenPikachu,"2026-09-27 06:37:58",1700.7,2,braydenpikachu
2124,16683435,CoorDi,"2026-09-27 06:39:07",1700.4,2,bxy0125
2125,16664459,gngnher,"2026-09-27 03:00:52",1699.3,2,ryanshunsuke
2126,16848622,"KUO JEN WEI","2026-09-24 19:20:54",1698.7,2,"kuojenwei,kuyiting"
2127,16851399,"Ali Eren Konak","2026-09-25 14:43:37",1698.6,2,alierenkonak
2128,16764386,Troy_xx,"2026-09-27 07:41:14",1698.2,2,troyxx
2129,16645203,easonyanyan,"2026-09-27 05:10:36",1697.8,2,easonyanyan
2130,16845531,"Suzuki Yuto - W","2026-09-24 06:15:04",1697.3,2,hoshinoyumemi
2131,16725856,"Abhi Datta","2026-09-27 04:43:44",1696.8,2,abhidatta87
2132,16838560,Aphrodite,"2026-09-24 05:04:21",1695.8,2,aphrodite874
2133,16786109,"Thomas Deng","2026-09-27 00:58:09",1695.3,2,tdeng24
2134,16623450,S.Aoki,"2026-09-21 04:27:13",1695.2,2,soyaoki
2135,16745419,elren,"2026-09-21 15:48:47",1695.0,2,elrensmin
2136,16721501,αίνιγμα,"2026-09-26 17:17:50",1694.8,2,"muditnagori09,shahidnadaf001"
2137,16888254,CaliforniaDog,"2026-09-24 04:55:58",1694.0,2,californiadog
2138,16736931,"Sergei Fironov","2026-09-25 14:06:23",1693.9,2,sergeifironov
2139,16789561,"Rohan Kishibe","2026-09-22 14:43:18",1692.6,2,anbianluban1
2140,16921085,Keerthana,"2026-09-23 16:30:06",1692.3,2,k33rthanaa
2141,16675960,"Audric LOKO","2026-09-24 20:40:08",1692.2,2,audricloko
2142,16622482,"Veniamin Nelin","2026-09-21 10:44:20",1691.7,2,veniaminnelin
2143,16757034,"Hanxiang Li","2026-09-21 03:43:45",1691.1,2,hanxiangjames
2144,16659730,"Zhang Yingluo","2026-09-22 14:08:04",1689.8,2,zhangyingluo
2145,16750317,"ELhamdaoui AM","2026-09-27 02:06:59",1689.2,2,elhamdaouiabdelmajid
2146,16670883,G*Sim,"2026-09-26 14:43:12",1689.0,2,guillaumesimiand
2147,16900489,Machine_e1,"2026-09-25 12:52:38",1689.0,2,"arcanee1,machinee1,mymilk"
2148,16942875,Vikram,"2026-09-24 03:42:14",1688.8,2,vikramreddy2001
2149,16754823,"tiki tiki tiki","2026-09-23 22:48:33",1688.7,2,slangitup
2150,16791862,"Emmanuel Mireku","2026-09-26 21:25:17",1688.2,2,eldermireku
2151,16791943,tamref,"2026-09-27 09:04:22",1687.6,2,tamreff3290
2152,16848992,"Lee Shit Hoo","2026-09-25 16:13:41",1687.1,2,leeshithoo
2153,16862155,"Kydyrbek Kozykorpesh","2026-09-25 20:42:20",1686.6,2,kozykappa
2154,16916938,MC1127,"2026-09-24 13:08:50",1686.0,2,mc1127
2155,16732878,modelcollapse,"2026-09-21 10:09:15",1685.7,2,modelcollapse
2156,16773185,"Alwin Djuliansah","2026-09-26 01:40:34",1684.2,1,alwdj07
2157,16665077,"Mohit Babel","2026-09-24 20:55:36",1684.0,2,mohitbabel
2158,16935420,"zicong pan","2026-09-24 09:34:45",1683.3,2,zicongpan
2159,16897821,bjthomas,"2026-09-20 17:39:05",1683.1,2,bjthomas
2160,16662749,Jordan,"2026-09-27 06:17:34",1682.3,2,extergeist
2161,16932991,"Gabriel Stoms","2026-09-22 15:15:38",1682.1,2,gabrielstoms
2162,16797699,"Dylan Moraes","2026-09-27 07:58:37",1682.0,2,dylanmoraes
2163,16851147,Saifuddin,"2026-09-26 21:51:24",1681.7,2,syehsyoh
2164,16770715,"Vicens Gaitan","2026-09-20 17:06:04",1679.6,2,vicensgaitan
2165,16817923,"Adhiraj Jagtap","2026-09-23 19:44:00",1679.4,2,adhirajjagtap
2166,16806014,"weihao huang2004","2026-09-26 03:05:17",1679.3,2,weihaohuang2004
2167,16806475,sohma,"2026-09-25 16:29:25",1678.9,2,hi210278
2168,16931481,"Дмитрий Томилов","2026-09-22 02:12:22",1678.9,2,floyed
2169,16772723,"Zhou Haonan","2026-09-21 13:37:50",1678.3,2,hatsuseizuna
2170,16796484,"Ryutaro Tsujii","2026-09-27 08:42:44",1678.2,2,ryutarotsujii
2171,16668260,"Yangle Ma","2026-09-27 08:18:21",1678.2,2,yanglema
2172,16668056,"Quantum Farm","2026-09-21 16:05:52",1677.4,2,"anselem7,divineokwueze,nnanyereuzoma"
2173,16795134,"jiawei li","2026-09-21 13:10:30",1677.1,2,jiaweiaaa
2174,16665224,tyz123456,"2026-09-27 09:09:11",1677.1,2,tyz123456
2175,16841190,dp23334,"2026-09-22 10:42:21",1676.8,2,dp23334
2176,16849780,"Juan Leiva","2026-09-20 14:08:59",1676.4,2,juank333
2177,16623463,porply,"2026-09-21 13:32:47",1675.3,2,porply
2178,16770282,colt,"2026-09-21 17:56:20",1675.1,2,"logicalgenius1,mindmaniac,mindpioneer,thinkinglogic2,xiaomaguo"
2179,16924825,"Steven Feng","2026-09-24 09:46:32",1674.6,2,stevenkaiyi
2180,16718660,"Ramona Flowers","2026-09-26 07:54:36",1674.5,2,forsmthnoithingtosay
2181,16797543,Tarang222,"2026-09-21 03:38:32",1674.5,2,tarang222
2182,16625214,Malla,"2026-09-21 14:31:15",1674.0,2,mallaphalguni
2183,16822002,shiokoh,"2026-09-27 02:09:16",1673.7,2,shiokoh
2184,16851186,kaerururu,"2026-09-27 03:10:18",1673.5,2,kaerunantoka
2185,16864870,JR,"2026-09-22 14:20:57",1672.9,2,jurijsruko
2186,16901894,"Michael Reid","2026-09-23 17:10:41",1672.5,2,michaelreid2025
2187,16669632,"Kenneth Alonso","2026-09-26 19:24:14",1672.5,2,kennethalonso
2188,16732746,MSG_Encrypted,"2026-09-27 00:07:59",1672.4,2,msghais
2189,16712751,haruo_tensai,"2026-09-26 01:58:17",1671.8,2,haruotensai
2190,16858087,"Mohd Aasim Ansari","2026-09-21 07:35:49",1671.7,2,aasim2003
2191,16863501,ATC,"2026-09-20 09:24:46",1671.5,2,t6ccc2
2192,16929850,"XINGYUAN  ZHOU","2026-09-22 14:12:26",1671.4,2,n05199
2193,16817077,"Dinesh kumar Thiyagarajan","2026-09-20 21:01:23",1670.8,2,dineshkumar0705
2194,16935893,lixusb,"2026-09-21 11:31:19",1670.3,2,lixusb
2195,16930280,greyhound,"2026-09-23 07:24:56",1669.6,2,tapaskd123
2196,16682879,"Ace Team","2026-09-27 01:57:07",1668.7,2,drpatrickchan
2197,16644452,Durlabh_Jha,"2026-09-24 01:41:55",1668.6,2,durlabhjha
2198,16779519,"Xiangsong Tian","2026-09-27 05:18:09",1668.6,2,xiangsongtian25
2199,16806840,"Tavuk Master","2026-09-21 09:52:18",1668.5,2,mkrimenurgm
2200,16658109,edward1503,"2026-09-21 09:31:07",1668.0,2,nguynnc
2201,16935499,"Smarter Decision🏆","2026-09-26 13:05:44",1667.8,2,yunkuns
2202,16925842,Naoya,"2026-09-27 06:19:37",1667.6,2,takashimanaoya
2203,16657785,"Himanshu Kumar","2026-09-27 05:57:06",1667.6,2,himanshujha2812
2204,16730810,mgoto51004,"2026-09-27 08:52:39",1667.6,2,mgoto51004
2205,16749576,heralces,"2026-09-21 15:38:45",1667.6,2,heralces
2206,16844004,"Takahiro Saito","2026-09-26 23:02:46",1667.2,2,takahiro3110
2207,16806376,pardival,"2026-09-26 11:26:40",1667.0,2,pardival
2208,16659540,"Goua Henri","2026-09-24 07:27:58",1666.4,2,gouahenri
2209,16878026,yamazaking,"2026-09-27 00:44:28",1665.9,2,zacky21
2210,16668406,"VAP RF5","2026-09-26 08:11:48",1664.9,2,vaprf5
2211,16728549,Karatelb,"2026-09-26 11:53:23",1664.6,2,karatelb
2212,16730634,Priestess,"2026-09-21 05:34:51",1664.6,2,kalypheus
2213,16949339,Kuriboh,"2026-09-27 06:59:23",1664.1,2,cauchyeix
2214,16847609,"Aura Farmers","2026-09-23 21:03:10",1663.7,2,"adriana0022,ayrnpn,shengkaizhu"
2215,16764850,"cy zhang","2026-09-26 03:21:38",1662.7,2,zcy20051117
2216,16750575,Gronk,"2026-09-26 07:47:06",1661.9,2,jianyicai
2217,16744983,Gappy,"2026-09-21 12:02:19",1661.9,2,takahirohigasa
2218,16623440,"JB Bryant","2026-09-22 19:26:37",1661.3,2,jbbryant
2219,16857607,inny,"2026-09-23 04:12:13",1659.8,2,innycc
2220,16849282,ancientLuck,"2026-09-20 13:04:14",1659.8,2,ancientluck
2221,16899004,Antonoof,"2026-09-20 08:51:31",1659.5,2,antonoof
2222,16920189,"Son Hoang","2026-09-23 12:57:59",1659.2,2,sonhoang82
2223,16663403,matthewwh,"2026-09-20 03:47:30",1658.3,2,matthewwh
2224,16699586,"Linda Liu","2026-09-22 03:43:59",1658.1,2,lpoint
2225,16693488,HarvestZero,"2026-09-25 03:34:38",1656.9,2,bernardboatey
2226,16672033,"Mohan Prasath P","2026-09-21 13:48:43",1656.6,2,mohanprasath21
2227,16766401,"Gobi Elangovan","2026-09-20 11:00:23",1656.4,2,gobielangovan
2228,16670524,"Nat Bel ML Fun","2026-09-20 18:16:27",1656.4,2,natbel4ml
2229,16755495,"Leo Udah","2026-09-24 06:03:33",1656.3,2,leoudah
2230,16795086,Leroll,"2026-09-20 15:54:30",1656.2,2,leroll
2231,16851343,"Ritwika Kancharla","2026-09-27 01:43:09",1656.0,2,ritwikakancharla
2232,16632006,"Adwait Tagalpallewar","2026-09-20 11:40:04",1655.3,2,adwaittagalpallewar
2233,16840857,Meteor,"2026-09-26 15:51:24",1655.3,2,meteorkid
2234,16701074,"One Policy to Rule Them All","2026-09-20 17:04:35",1655.1,2,qujiahui
2235,16924433,stochar,"2026-09-26 14:28:44",1655.0,2,"bayerfe,quantforge12,spectior,stochar"
2236,16658221,"Roshan Roy","2026-09-25 18:08:07",1654.0,2,"adhilvt,mohamedarifj,roshanroy333"
2237,16779110,markastra,"2026-09-27 01:14:23",1653.9,2,markastra
2238,16857977,namopanda,"2026-09-27 06:28:53",1653.6,2,namopanda
2239,16832192,"No Name #2","2026-09-25 16:33:33",1653.5,2,ivanj0
2240,16641183,"Team Name Pending","2026-09-20 14:32:46",1653.3,2,"abdaathaillahhadyan,oliverspiby"
2241,16752444,zama,"2026-09-21 06:56:28",1653.1,2,zamami
2242,16730142,static,"2026-09-20 11:56:45",1653.0,2,huangshunhao
2243,16898500,"M Noxon","2026-09-18 21:46:34",1653.0,2,mnoxon
2244,16631536,kglctf,"2026-09-27 07:41:26",1652.6,2,kglctf
2245,16645431,Amin,"2026-09-25 15:27:01",1652.1,2,aminvafaei
2246,16640264,DhanaLakshmiMalla,"2026-09-22 20:29:36",1651.2,2,dhanalakshmimalla
2247,16880773,最强扫地僧,"2026-09-21 05:14:26",1651.0,2,yyx466005036
2248,16907973,Mainafly,"2026-09-23 06:07:12",1650.9,2,ishakuyusufmaina
2249,16771558,"Vitalie Cervinschi","2026-09-27 00:52:07",1650.7,2,vitaliecervinschi
2250,16891902,Farmcore,"2026-09-27 03:33:06",1650.2,2,"betmyex,doifgoox,garifullintimur,naviniklag"
2251,16939133,wang,"2026-09-27 08:11:49",1650.0,2,tombryant
2252,16718937,62326368,"2026-09-26 11:50:31",1649.1,2,mooniim
2253,16669594,euorrl,"2026-09-26 14:02:56",1649.0,2,euorrl
2254,16839638,keeplooking,"2026-09-23 19:17:02",1648.9,2,keeplooking
2255,16630545,"GAURAV PARKHEDKAR","2026-09-25 13:18:41",1648.8,2,gauravparkhedkar
2256,16808111,"Oliver #2","2026-09-21 10:29:39",1648.5,2,wangzn0410
2257,16927660,abraxas417,"2026-09-20 13:44:26",1648.0,2,abraxas417
2258,16922907,萤火2018,"2026-09-20 09:48:37",1647.8,2,aiwody
2259,16930459,Ela,"2026-09-20 12:04:21",1647.1,1,pentol
2260,16654710,"Ray Brothers","2026-09-27 03:57:29",1646.1,2,"madhurjyaray,vibekodr"
2261,16706227,"Wise Fancy","2026-09-20 10:09:34",1645.7,2,wisefancy
2262,16881681,失忆的海_,"2026-09-27 03:38:08",1645.7,2,shiyidehai
2263,16659961,faahh,"2026-09-25 18:30:51",1645.4,2,shivam98saini
2264,16924344,trigo,"2026-09-21 07:41:11",1644.7,2,trigoani
2265,16660215,"YoungDSML [dsml.kz]","2026-09-21 05:22:59",1644.6,2,"mazgas,nurikw3"
2266,16632476,"Назар Коваль","2026-09-26 21:58:56",1644.0,2,miickey
2267,16671088,jasonstillchasin,"2026-09-27 08:31:24",1644.0,2,jasonstillchasin
2268,16884028,"Jayden Y","2026-09-25 01:39:28",1643.6,2,jy0810
2269,16924499,Matterhorn3838,"2026-09-26 01:53:36",1643.5,2,matterhorn3838
2270,16676904,researchstudio.site,"2026-09-26 23:23:44",1643.0,2,fistyee
2271,16887858,"Oleg Zholobov","2026-09-21 14:06:59",1642.9,2,olegzholobov
2272,16669148,"Syed Muhammad Gillani","2026-09-20 23:33:36",1642.6,2,syedmuhammadgillani
2273,16943490,"green algeria","2026-09-22 19:12:48",1642.0,2,greenalgeria
2274,16743528,shfyyds12138,"2026-09-20 02:46:07",1640.5,2,"chrisshi123,junwenzhu1314"
2275,16865693,Eda,"2026-09-20 11:51:41",1640.4,2,edagram
2276,16850683,cooked,"2026-09-27 05:48:08",1639.7,2,"jentopia,toasty3302,xenonminer"
2277,16627799,"navazsh fathi","2026-09-22 15:31:34",1639.2,2,navazshfathi
2278,16673604,"Jiman Kwon","2026-09-27 03:49:55",1639.0,2,jimankwon
2279,16853132,masa0219,"2026-09-26 21:46:08",1639.0,2,masa0219
2280,16939292,Cunriman,"2026-09-24 12:59:54",1638.4,2,cunriman
2281,16785884,TX,"2026-09-26 20:08:27",1638.2,2,realrudraa
2282,16871409,"Aleksandr Isakov","2026-09-27 00:41:21",1638.0,2,aleksandrisakov
2283,16937269,"Egg D. Kernel","2026-09-22 01:53:27",1637.8,2,eggdkernel
2284,16768100,Nathael,"2026-09-21 00:41:59",1637.5,2,nathaeldias
2285,16925409,GEHAOHUA,"2026-09-20 09:31:42",1637.2,2,gshy2028
2286,16868304,"Aaron amacadu","2026-09-19 20:18:38",1637.0,2,aaronamacadu
2287,16928640,Kenj,"2026-09-20 08:01:59",1636.9,1,kiritoooooooo
2288,16724242,"Romash Koirala","2026-09-25 12:35:17",1636.8,2,romashkoirala
2289,16624047,GUOHAOYANG,"2026-09-21 06:13:29",1636.7,2,pkuszboi
2290,16751358,Cristiano,"2026-09-26 14:41:59",1635.8,2,zhuangbility
2291,16860164,Ry_Sa,"2026-09-22 13:02:38",1635.5,2,ryqsaq
2292,16651804,"Bocen Li","2026-09-21 07:31:53",1635.3,2,bocenli
2293,16805952,hatakazu93,"2026-09-20 23:00:27",1635.2,2,hatakazu93
2294,16865949,bhaskar9221,"2026-09-26 17:24:42",1633.6,2,bhaskarkumar11
2295,16630315,janson,"2026-09-22 15:28:31",1633.3,2,johnjanson
2296,16716531,tebenia,"2026-09-20 08:51:40",1632.8,2,tebenia
2297,16949981,"Yi Yu","2026-09-26 19:49:14",1632.4,2,yy5652
2298,16714159,Lonnie,"2026-09-22 16:13:10",1631.9,2,lonnieqin
2299,16885137,"Manjunadh Padarthi","2026-09-25 05:27:43",1629.9,2,manjunadhpadarthi
2300,16742267,chandora,"2026-09-27 08:54:45",1629.6,2,chandora
2301,16926297,brave-心勇-heart,"2026-09-22 10:33:15",1629.3,2,braveheart
2302,16709068,Vib,"2026-09-25 04:41:27",1628.7,2,viblal
2303,16719123,"Thomas Tschinkel","2026-09-23 02:43:20",1627.6,2,thomastschinkel
2304,16807038,mitsuki,"2026-09-24 10:16:05",1627.0,2,mk00000
2305,16863383,HanFish,"2026-09-26 11:04:51",1626.8,2,hananfish
2306,16941720,Abdellatif,"2026-09-22 13:35:50",1626.6,2,moussaid
2307,16906626,JY,"2026-09-20 13:07:00",1626.4,2,junyihjy
2308,16657657,ArnabKarmakar,"2026-09-27 05:30:51",1626.3,2,arnabkarmakar
2309,16736874,mhiro2,"2026-09-27 00:04:47",1626.3,2,mhiro2
2310,16848394,Polaris,"2026-09-19 12:40:07",1626.2,2,zhanglei226
2311,16849814,"Mr. Architect","2026-09-20 08:06:03",1626.2,2,vietnguyen130593
2312,16632493,"oni chan arigato","2026-09-20 10:55:22",1625.9,2,"kindasomethin,nabidnur"
2313,16823957,"kiki yi2","2026-09-27 08:40:09",1625.8,2,kikiyi2
2314,16842482,Litvin,"2026-09-27 07:21:43",1625.6,2,wodo888
2315,16801855,KooDol,"2026-09-22 19:32:13",1625.5,2,koodol
2316,16661575,skw1990,"2026-09-20 23:43:37",1624.7,2,skw1990
2317,16665084,"Wei Han","2026-09-20 06:30:13",1624.4,2,weihan87
2318,16749251,HawkOsm,"2026-09-23 05:17:19",1624.1,2,hawkosm
2319,16678080,"Timothy Adeyemi","2026-09-19 16:58:52",1623.2,2,timothyadeyemi
2320,16866996,"Marina Afanas'eva","2026-09-20 22:23:21",1622.9,2,proamari
2321,16699856,yukio,"2026-09-27 08:56:16",1622.8,2,yukioseki
2322,16916418,Lukas,"2026-09-23 13:02:38",1622.4,2,lukasbuck
2323,16704580,"Yunho Hwang","2026-09-27 05:52:20",1622.3,2,yunhohwang
2324,16673328,"Preetham Prasanna","2026-09-27 03:36:16",1621.7,2,preethamprasanna
2325,16855111,PixelPuff,"2026-09-26 14:16:59",1621.5,2,krishpatel290895
2326,16838914,kikikukikii,"2026-09-20 11:03:49",1620.5,2,kikikukikii
2327,16811072,Rafael,"2026-09-19 17:19:25",1620.4,2,rafaeldsjhkas
2328,16712560,"Max vrstpan1","2026-09-25 15:57:43",1620.1,2,wdjy123456
2329,16937817,Yuki_ARL,"2026-09-21 17:58:56",1620.0,1,yukiarl
2330,16719869,"Swamy Gadila","2026-09-25 14:32:08",1619.4,2,testfridaycore2
2331,16898309,"Mohammad Albaddawi","2026-09-19 14:27:45",1619.3,2,m7mdalbaddawi
2332,16773244,"Yudai Ueno","2026-09-20 01:13:36",1618.8,2,yudaiueno
2333,16665637,Luvsh81,"2026-09-27 09:12:53",1618.0,2,luvsh81
2334,16713543,"Rustam Bazarbayev","2026-09-26 03:50:46",1617.8,2,rustambazarbayev
2335,16917535,"Edric Zhou","2026-09-21 08:05:07",1617.8,2,edriczhou
2336,16658777,"Jiarui (Jerry) Cao","2026-09-20 06:23:25",1617.1,2,jiaruicao7
2337,16623988,"Charismatic Pizza Party🍕","2026-09-19 12:22:20",1617.1,2,debugendless
2338,16717572,kiyomiya-k,"2026-09-20 11:37:44",1616.4,2,kiyomiyak
2339,16926712,lostargon,"2026-09-21 21:44:55",1615.0,2,vadimpryakhin
2340,16755911,"Paarth Patel","2026-09-20 04:34:50",1614.7,2,martis10
2341,16722619,vlavlalva,"2026-09-20 13:44:47",1614.7,2,cppcph
2342,16746380,JKong,"2026-09-24 00:00:30",1614.5,2,kmt2001
2343,16881005,"Donald Trump","2026-09-22 01:00:34",1613.5,2,"seanmtk,sinfonia8838"
2344,16891396,易思言ysy,"2026-09-17 15:02:45",1613.5,2,ysykevin
2345,16624571,"Baidalin Adilzhan [dsml.kz]","2026-09-27 08:58:03",1612.5,2,"baidalinadilzhan,qasminumber,zelza0"
2346,16635067,"Berat Egemen Gök","2026-09-23 19:09:42",1611.3,2,berategemengk
2347,16805906,FENGYESHAN,"2026-09-26 04:07:51",1609.9,2,fengyeshan
2348,16947082,"Alex  Redna","2026-09-25 12:46:49",1608.6,2,alexredna
2349,16762957,邪悪な暁山瑞希、ジャガイモを量産してフライドポテト市場を独占,"2026-09-26 09:13:26",1608.4,2,yinzimike
2350,16847096,Jackylw,"2026-09-20 15:53:08",1608.1,2,jackylw
2351,16790652,救赎之道，就在其中,"2026-09-20 01:08:29",1608.0,2,"mengyihu,pengchaozheng"
2352,16866458,lalal2006,"2026-09-23 14:26:28",1608.0,2,lalal2006
2353,16654681,htech5,"2026-09-25 13:19:38",1607.6,2,htech5
2354,16726545,whm8016,"2026-09-23 16:17:05",1607.6,2,whm8016
2355,16621075,"Octavi Grau","2026-09-22 16:25:47",1607.3,2,octaviograu
2356,16777394,antadam127,"2026-09-19 23:03:20",1606.8,2,antadam127
2357,16731415,BOB,"2026-09-26 15:56:57",1606.8,2,hotpotbro
2358,16880296,"CT in CS","2026-09-24 15:07:38",1606.0,2,"anhphamtranminh,nguyenvietdat,nnvietha,toanleducanh"
2359,16870800,Myasui,"2026-09-27 06:01:32",1605.7,2,zaki38
2360,16763437,"⸻AgentZZ ⸻","2026-09-26 16:27:48",1605.6,2,agentzz
2361,16782520,Durian,"2026-09-20 08:09:06",1605.3,2,rainyjin
2362,16668123,B0RN2BL0W0UT,"2026-09-19 19:30:24",1605.0,2,kadenmansur
2363,16696960,pi-500.phys,"2026-09-22 19:46:47",1604.9,2,pi500phys
2364,16854939,nusrati,"2026-09-20 04:10:54",1604.7,2,nusrati
2365,16848850,Lazyman,"2026-09-21 18:42:12",1604.5,2,lazyman
2366,16623920,"Kazuta MIZUTA","2026-09-21 00:27:46",1604.2,2,kazutamizuta
2367,16663759,Aggro,"2026-09-21 17:30:40",1602.7,2,datafad
2368,16634426,ertu,"2026-09-20 16:42:44",1602.5,2,ozertuu
2369,16929902,Daijun_zju,"2026-09-21 07:23:03",1601.5,2,daijunzju
2370,16668798,"Ayush Shukla","2026-09-26 18:08:36",1600.6,2,ayushivy
2371,16691451,Nakano,"2026-09-27 09:25:00",1600.0,2,spicatom0914
2372,16926545,"Rintaro Washio","2026-09-19 19:02:47",1599.5,1,rintarowashio
2373,16791248,"Ioannis Tzachristas","2026-09-19 06:15:43",1598.8,2,"ioannistzachristas,lilishyxf"
2374,16665596,chunhu666,"2026-09-26 08:12:26",1598.8,2,chunhu666
2375,16920843,"Hou JH-71","2026-09-20 13:09:46",1598.4,2,houjihao
2376,16743546,"Simon Dorcas","2026-09-24 16:36:17",1598.1,2,simondorcas
2377,16701697,Pelican,"2026-09-24 14:11:36",1597.5,2,chetanagrawall
2378,16898760,"Berat Erol ÇELİK","2026-09-25 17:54:55",1597.4,2,beraterolelk
2379,16654379,"Sebastian Mateus","2026-09-20 00:48:16",1597.2,2,"brenorb,sebastianmateus"
2380,16831179,"Andrey Baranov","2026-09-23 16:19:45",1596.7,2,baranov
2381,16946322,"hb and ys","2026-09-26 08:09:47",1596.6,2,hbandys
2382,16697461,Agricroporation,"2026-09-19 09:25:16",1596.6,2,"algionightly,kroissant7,officialabhinavsingh"
2383,16942821,PabloKim,"2026-09-25 11:26:53",1596.5,2,pablodevkim
2384,16654914,Nozprod,"2026-09-20 18:40:20",1595.8,2,nozprod
2385,16919647,moo_&yuu1,"2026-09-23 02:21:58",1595.2,2,"a91zjy,mooyuu"
2386,16732126,iwashi,"2026-09-19 21:31:56",1594.7,2,iwashi
2387,16918063,"Dante Lok","2026-09-27 08:22:27",1594.7,2,dantelok
2388,16854216,Rita-1021,"2026-09-27 04:23:43",1593.8,2,rita1021
2389,16663827,magoemu,"2026-09-27 08:50:37",1593.6,2,magoemu
2390,16875601,forwardidear,"2026-09-19 08:49:41",1593.3,2,forwardidear
2391,16757392,Winter01,"2026-09-26 12:27:22",1593.3,2,wei111111
2392,16920912,wxxbest,"2026-09-23 13:36:08",1592.2,2,w20260801
2393,16757987,maverick_ss_26,"2026-09-22 13:19:24",1592.0,2,maverickss26
2394,16688907,青烟,"2026-09-26 15:01:44",1591.7,2,"imagine4391,mortal4416"
2395,16623643,LiXingtao,"2026-09-27 04:27:57",1591.1,2,lixingtao123
2396,16885090,higuuu,"2026-09-27 05:40:50",1591.0,2,higuuu
2397,16860288,"VIKASH YADAV","2026-09-25 08:53:44",1590.6,2,vikashyadav05
2398,16914950,"Alessio Mezzina","2026-09-22 07:11:58",1589.2,2,alessiomezzinaaa
2399,16735741,"Фермеры чист","2026-09-22 17:23:30",1589.0,2,"gdreallygoodman,maksonch1k"
2400,16924069,levshaazz,"2026-09-26 10:09:19",1588.2,2,levshaazz
2401,16763761,mkai1981,"2026-09-22 05:43:59",1587.6,2,mkai1981
2402,16621315,"Reyhan Ksatria","2026-09-19 11:26:15",1586.9,2,reyhanksatria
2403,16732670,minoneru,"2026-09-27 04:31:04",1586.4,2,kotaminoshima
2404,16926016,"[KGZ] Aruke Sulaimanova","2026-09-19 15:15:47",1586.4,2,arukesulaimanova1
2405,16866689,snehitha,"2026-09-23 13:47:34",1586.4,2,andapallysnehitha
2406,16622034,"Aryan Yadav","2026-09-19 05:51:25",1584.9,2,simplexcomplex
2407,16806568,"Mumtaz Ahmad Maitla","2026-09-21 07:45:28",1584.9,2,mumtazahmadmaitla
2408,16944157,"Aly Dhedhi","2026-09-23 00:53:42",1584.3,2,alydhedhi
2409,16675063,"King Tian","2026-09-27 03:04:11",1583.3,2,"serven1,tianwang1210"
2410,16900902,"Younes Chafi","2026-09-23 12:36:44",1582.5,2,youneschafi
2411,16862461,"Guilherme Volpe","2026-09-23 00:38:39",1582.3,2,guivolpe
2412,16761267,"Pranav Arvind","2026-09-19 13:28:32",1581.8,2,pranavarvind
2413,16656213,"Mehdi Boumiza","2026-09-24 03:56:40",1581.5,2,mehdiboumiza
2414,16790765,Aristotle.Chen,"2026-09-26 17:38:45",1581.4,2,aristotlechen
2415,16775474,ERS,"2026-09-19 06:16:01",1581.4,2,shingo257
2416,16739537,"Bina Salama","2026-09-24 10:00:16",1580.9,2,binasalama
2417,16927087,"Arun #2","2026-09-19 21:10:10",1580.8,1,arun8ovfjfdr6
2418,16635600,"Divyansh Kumar","2026-09-27 06:03:26",1580.5,2,"divyanshkumar3,vivekjeetpatel"
2419,16921850,"Leon Sakakibara","2026-09-21 02:05:50",1579.6,2,leonsakakibara
2420,16728996,autowin,"2026-09-20 06:57:56",1579.6,2,atharvjairath
2421,16692432,"Les 2 oies","2026-09-27 08:49:04",1578.4,2,"sanarceate,youyoucrf"
2422,16822706,"YUE WU","2026-09-21 00:34:02",1578.2,2,yuewuacademic
2423,16635421,"Lennart Haupts","2026-09-27 05:02:52",1578.2,2,lennarthaupts
2424,16866014,htsbrer,"2026-09-20 00:09:51",1578.0,2,ht5brer
2425,16658946,theredbluepill,"2026-09-27 03:03:48",1577.2,2,poonszesen
2426,16659942,"Abdoulaye DIAW","2026-09-22 09:46:49",1577.1,2,abdoulayediaw25
2427,16854521,koumiyata,"2026-09-27 08:32:40",1576.6,2,koumiyata
2428,16844518,"Haroon Rasheed","2026-09-24 04:47:28",1576.2,2,haroonnsgb
2429,16682254,"Jeffery Jerome Harris","2026-09-27 01:53:26",1575.8,2,jefferyjeromeharris
2430,16854072,r13721,"2026-09-19 15:19:42",1575.2,2,r13721
2431,16890772,tcipin-egor,"2026-09-19 01:12:37",1575.1,2,egorich51
2432,16910041,"Gorgulu Fried Chicken Wings","2026-09-19 22:00:21",1574.9,2,"jingshixu,ooorangecatt"
2433,16889522,nyayassist,"2026-09-27 08:18:31",1574.9,2,"gauravnagotanekar,raneyash"
2434,16652214,Zhenrui.Weng,"2026-09-20 04:23:41",1574.3,2,zhenruiweng
2435,16842384,"Muhammad Mirza Darma Putra","2026-09-26 12:55:24",1574.2,2,mirzadarma
2436,16723967,dk2lone,"2026-09-26 01:25:11",1574.0,2,dk2lone
2437,16636756,"K.THARUN KUMAR","2026-09-25 00:17:28",1574.0,2,tharunkumar369
2438,16764901,"Han Chen","2026-09-22 09:05:16",1572.8,2,puffohan
2439,16736198,JetJetGo,"2026-09-19 14:10:00",1572.7,2,psykrishna
2440,16744503,"Jun AKita","2026-09-26 11:50:00",1572.6,2,junakita
2441,16879636,aaaaLiu123,"2026-09-27 05:33:57",1572.5,2,aaaaliu123
2442,16689926,3MnRho,"2026-09-19 06:59:04",1571.7,2,yongxiangzhao
2443,16641130,LitvinKA,"2026-09-26 11:07:00",1571.7,2,litvinka
2444,16927279,santa9150,"2026-09-26 13:14:15",1571.6,2,santa9150
2445,16936434,joshuag99,"2026-09-27 08:15:37",1571.5,2,joshuag99
2446,16630274,yutoAb,"2026-09-25 08:13:44",1571.4,2,yutoab
2447,16802752,hako22,"2026-09-22 01:31:31",1571.2,2,hako22
2448,16677565,"Avish Sinha","2026-09-26 13:33:11",1570.6,2,avish006
2449,16919736,elda27,"2026-09-22 01:32:59",1570.5,2,elda27
2450,16944358,Kobamiyannnn,"2026-09-23 02:50:24",1570.4,2,kobamiyannnn
2451,16841061,"Artin yzn","2026-09-27 06:58:44",1570.3,2,artinyzn
2452,16661533,wangyuou,"2026-09-25 11:22:49",1570.0,2,wangyuou
2453,16700207,"S. Mujtaba Hussain","2026-09-23 08:49:23",1569.5,2,smujtabahussain
2454,16705499,byncpy,"2026-09-27 07:56:17",1569.4,2,jinliangbi
2455,16632377,"Legend Brothers","2026-09-26 02:47:10",1569.1,2,"holeguma,shunhirota"
2456,16734435,Economist,"2026-09-26 11:54:48",1568.9,2,jtheyogi
2457,16885933,"Nadeem Kilani","2026-09-23 03:32:45",1566.9,2,fifthway
2458,16731776,ASH,"2026-09-24 09:17:40",1566.9,2,pentannnn
2459,16747273,红烧肉,"2026-09-18 09:24:59",1566.9,2,ra1nac1d
2460,16656340,MAGMA,"2026-09-26 01:49:48",1566.6,2,infiheart
2461,16743639,Hanserong,"2026-09-18 06:20:56",1566.5,2,"ronghedragon,rufus666"
2462,16630740,"Ramazan Turan","2026-09-19 08:51:11",1566.2,2,ramazanturann
2463,16690065,JiangWenfeng1,"2026-09-20 05:21:03",1566.0,2,jiangwenfeng1
2464,16843522,clouds111,"2026-09-24 13:40:53",1565.7,2,clouds111
2465,16622788,Fitzcarraldo,"2026-09-27 06:42:36",1565.4,2,ivankuc
2466,16672371,Loren-wen,"2026-09-27 04:40:08",1565.4,2,wofusituerte
2467,16684093,"fog flower","2026-09-27 03:36:58",1565.0,2,"fogflower,gdz007,kitchs,xuesongyin"
2468,16838589,iCO,"2026-09-26 17:00:02",1564.6,2,takashimaeda
2469,16793385,"Rishav Utkarsh","2026-09-19 18:07:24",1564.5,2,rishavutkarsh
2470,16743055,栗ご飯,"2026-09-26 22:23:06",1563.9,2,criticalpath1903
2471,16623263,ASHML,"2026-09-19 20:19:53",1563.8,2,ashml
2472,16924209,AmirabbasBF2027,"2026-09-24 19:10:14",1563.3,2,amirabbasbf2027
2473,16939130,BenRed1,"2026-09-27 00:58:59",1563.1,2,benred1
2474,16640552,"rupsa roy","2026-09-19 06:11:54",1562.5,2,rupsarroy
2475,16667880,DOPEなNOUFU耕すHOPE👨‍🌾,"2026-09-25 00:02:40",1561.6,2,"shin9915,syamoji141chan"
2476,16871053,Ni123456&,"2026-09-25 05:05:05",1561.3,2,bingdongni
2477,16755808,"Van-Phuc Huynh","2026-09-22 07:21:40",1561.3,2,hvanphucs112
2478,16746275,LittleScottyy,"2026-09-19 11:11:39",1561.1,2,fongwaiyong
2479,16879879,wulawulacong,"2026-09-18 03:56:01",1561.0,2,wulawulacong
2480,16885430,zoujustkidding,"2026-09-18 08:42:04",1561.0,2,chenxianshen123
2481,16621616,insuperabilehart,"2026-09-24 15:18:01",1560.5,2,insuperabile
2482,16759501,BaconT,"2026-09-22 15:56:11",1559.9,2,bacont
2483,16691572,"Lord Momo","2026-09-19 14:12:55",1559.2,2,stevenleehans
2484,16875763,"芳村 愛支","2026-09-20 03:21:14",1559.0,2,shin1012
2485,16656382,Aevion-Labs,"2026-09-23 14:23:35",1558.4,2,aevionlabs
2486,16723241,TrinhDung16,"2026-09-19 04:29:59",1558.1,2,trinhdung16
2487,16871967,"Md Arafat #2","2026-09-26 16:14:28",1558.0,2,arafat362
2488,16922609,rofa2,"2026-09-18 23:05:58",1557.8,2,"gaoyuanjun,zhdmath"
2489,16657623,Restart:),"2026-09-19 16:26:31",1557.1,2,wayne127
2490,16769849,"Shuwen(Shawn) Ge","2026-09-27 09:15:17",1556.7,2,shuwenshawnge
2491,16772808,lucataco,"2026-09-27 07:28:15",1556.7,2,lucataco
2492,16773064,GoPreCure,"2026-09-27 01:13:31",1556.6,2,sonuyadav710
2493,16685014,"Vishal Kishore","2026-09-20 11:55:12",1555.8,2,kishorevishal
2494,16806053,hisatarosu,"2026-09-27 07:57:56",1554.4,2,tomako4390
2495,16664506,"Jonatan Asketorp","2026-09-25 15:30:45",1554.1,2,weft169aston
2496,16630964,LEEKANG,"2026-09-19 08:43:02",1553.3,2,poby7722
2497,16863551,"Fady Mohammed","2026-09-26 04:39:25",1552.9,2,fadymagdy
2498,16790091,"[Deleted] 0c90d8c7-6287-45e2-a53d-b800213ae7c3","2026-09-23 14:47:14",1552.5,2,del=09910093914da146
2499,16660090,"Kaggriculture @ Farmageddon","2026-09-26 18:38:31",1551.3,2,gary08phillios
2500,16775010,"Alexey Kuznetsov","2026-09-19 14:26:40",1550.8,2,legtarrr
2501,16852208,"LONG NT123","2026-09-19 08:30:22",1549.6,2,longnt123
2502,16663851,"Harshith revuru","2026-09-19 19:18:24",1549.0,2,harshithrevuru
2503,16939076,"Solo runner","2026-09-26 23:10:19",1548.9,2,camronsanders
2504,16913591,fly,"2026-09-18 07:06:04",1548.5,2,"azh1sdad,linjingmax,rong414,w1ll1am10,yuhanleo"
2505,16730446,photunix,"2026-09-24 23:29:29",1548.4,2,photunix
2506,16635280,"Narendra Sirvi","2026-09-24 04:12:37",1548.4,2,narendras78
2507,16668688,"Nezihe Sözen","2026-09-26 17:42:04",1548.3,2,nezihesozen
2508,16898165,"Mahmoud Nasser","2026-09-21 20:18:26",1548.1,2,lomnafsk
2509,16896240,mexlora,"2026-09-23 08:23:06",1548.0,2,"mexlora,nolzixo,qizlona"
2510,16935669,"Timon Wendland","2026-09-23 19:58:41",1547.7,2,timonwendland
2511,16796223,"Bohan Shao","2026-09-18 11:27:52",1547.6,2,bohanshao
2512,16882280,K_daisuke,"2026-09-18 16:07:55",1547.4,2,kawakamidaisuke
2513,16817750,"Baiqing Wang","2026-09-18 08:46:19",1546.7,2,wangbqbqbq
2514,16911021,spark328,"2026-09-19 10:30:15",1546.4,2,spark328
2515,16740010,"[Deleted] 3d43f904-9731-4807-b835-0ae07351a8c7","2026-09-20 18:57:10",1545.3,2,del=230950f98ee5f235
2516,16635910,K3V1NM,"2026-09-18 13:33:33",1545.2,2,k3v1nm
2517,16863212,"Jayanth Koppala","2026-09-21 19:38:51",1544.5,2,jayanthkoppala
2518,16870780,"John Gates","2026-09-21 11:59:23",1544.5,2,johngates
2519,16888648,"MAOSEN ","2026-09-21 10:40:03",1544.1,2,maosen
2520,16658840,sanju25,"2026-09-18 14:32:41",1543.7,2,sanju25
2521,16810954,BayramAnnakov,"2026-09-19 11:14:29",1543.2,2,bayramannakov
2522,16653078,pk210495,"2026-09-21 12:11:20",1543.0,2,pk210495
2523,16921161,"earl naranja","2026-09-18 14:29:46",1542.6,1,earlnaranja
2524,16668370,"Matthew Labrador","2026-09-17 14:07:15",1542.0,2,m4tyuuu
2525,16743852,"Giovanni Giorgio","2026-09-18 14:57:23",1541.3,2,"alexandermlad,erikpymay"
2526,16924271,kitton,"2026-09-27 08:43:35",1540.4,2,kitton20250606
2527,16888261,"Andreas meling","2026-09-19 22:03:28",1540.0,2,andreasmeling
2528,16623708,"Chekhlov Dmitrii","2026-09-18 13:45:33",1538.7,2,zoli800
2529,16635314,"Aurora wy","2026-09-18 15:14:20",1538.4,2,aurorawy
2530,16683865,Shin7jp,"2026-09-27 09:14:15",1538.3,2,shin7jp
2531,16915888,"Steve T","2026-09-20 05:28:41",1537.9,2,jamesfitxroi
2532,16781279,zhyphirus,"2026-09-16 11:08:51",1537.9,2,zhyphirus
2533,16907699,"zhirong ye","2026-09-18 16:25:01",1537.7,2,zhirongye
2534,16884417,"malcolm tan","2026-09-18 18:24:39",1537.4,2,malcolmtan
2535,16826555,AioRaito,"2026-09-18 16:49:58",1537.4,2,aioraito
2536,16669089,YujieXing10,"2026-09-22 18:01:14",1537.0,2,yujiexing10
2537,16941958,"Justin Anderson","2026-09-25 10:20:24",1536.4,2,justanderson
2538,16824664,wozijishuode,"2026-09-27 08:32:18",1536.4,2,jamsubmarines
2539,16880856,jinxingweilai,"2026-09-17 03:05:31",1535.5,2,jinxingweilai
2540,16798989,"Harvest Sun","2026-09-17 06:18:22",1535.0,2,zaoooo29
2541,16621628,pupen_o,"2026-09-23 17:16:53",1535.0,2,pupeno
2542,16897955,Diganta,"2026-09-18 15:58:46",1534.6,2,digantabhattacharya
2543,16764868,y129besan,"2026-09-19 02:30:37",1533.7,2,y129besan
2544,16659160,"Dmitry Bardonov","2026-09-18 18:20:26",1533.4,2,bdesim
2545,16772109,Yashvs56,"2026-09-19 11:04:41",1533.1,2,"vivaancyber,yashvs56"
2546,16823981,"mou mou","2026-09-21 13:30:48",1533.0,2,moumou6322
2547,16667604,L7n,"2026-09-17 08:29:55",1532.7,2,znwe342
2548,16637919,NoOneAhead,"2026-09-19 03:24:29",1532.7,2,jerrlu
2549,16676063,"Kembang Melon","2026-09-22 01:54:48",1532.6,2,wajawaja
2550,16655654,Cacinie,"2026-09-27 04:32:55",1532.6,2,cacinie
2551,16663485,"Jacob Alstrup","2026-09-18 17:30:37",1532.5,2,jacobalstrup
2552,16780062,Kousuke55,"2026-09-25 15:01:04",1532.3,2,kousuke555
2553,16733839,"Fabian Ruiz","2026-09-19 21:47:07",1532.0,2,fabianruiz3
2554,16880975,"Shenyu Ma","2026-09-18 15:19:11",1530.3,2,shenyuma
2555,16870596,juicyorange,"2026-09-27 01:18:18",1530.3,2,billychau1
2556,16897519,SShota-box,"2026-09-18 05:12:20",1530.3,2,sshotabox
2557,16631592,ktr,"2026-09-26 15:20:21",1530.3,2,kcotton21
2558,16807373,"junxing peng","2026-09-17 07:28:50",1529.9,2,junxingpeng
2559,16698560,"Seungjun Lee","2026-09-18 17:11:22",1529.7,2,seungjunleeofficial
2560,16856629,Methematics,"2026-09-17 15:14:04",1528.5,1,pavelvasilevskiy
2561,16903912,樱花冷月,"2026-09-18 06:28:43",1528.0,2,yinghualengyue
2562,16853849,emreaydin,"2026-09-27 08:24:22",1526.6,2,aydinemre
2563,16866933,tech-Mira,"2026-09-18 14:19:35",1526.0,2,itsukiito
2564,16926797,aurnik,"2026-09-24 19:26:39",1525.6,2,aurnik
2565,16654373,thwaitsusa2,"2026-09-27 00:02:16",1525.6,2,thwaitsusa2
2566,16676321,"tao wu11","2026-09-27 07:17:27",1525.1,2,"taowu11,xujchill"
2567,16623749,Tejas,"2026-09-17 09:53:36",1524.8,2,tejuuss
2568,16721259,Qsj,"2026-09-24 01:31:34",1523.9,2,qiaoshiji
2569,16749466,"The Wolf of Wheat Street","2026-09-16 23:35:18",1523.6,2,"lijuantang19,yuemengzheng01"
2570,16826999,donaldxu,"2026-09-25 15:15:45",1523.6,2,abc1705
2571,16635969,"Omkar Kadam","2026-09-26 18:54:41",1523.6,2,"itzzomkar,khanayanayub,princypaonam"
2572,16839580,"Søren Ravn Andersen","2026-09-16 13:57:31",1523.5,2,sorenravn
2573,16655766,前衛,"2026-09-18 16:22:25",1522.7,2,"atharvranjan,shreyasgandhe,siddharth9077"
2574,16664751,"Cindy Meng90","2026-09-21 08:37:53",1522.0,2,cindymeng90
2575,16653044,"Claudex - An","2026-09-18 09:35:31",1521.9,2,"binhdth,buphmquc,hainguyenthien,pntan17"
2576,16899240,"Abel Mendez","2026-09-25 04:42:43",1521.4,2,abelmendez
2577,16729488,"Bala vighnesh Reddy","2026-09-20 11:38:40",1521.0,2,balavighneshreddy
2578,16915895,Shaylynn,"2026-09-17 15:58:29",1521.0,1,shittttttt
2579,16777138,"Anna Pakhaliuk","2026-09-26 20:57:25",1520.8,2,annapakhaliuk
2580,16940722,"Jalen ShiAo","2026-09-22 08:39:38",1520.8,1,jalenshi
2581,16907595,"Eric Zhang63","2026-09-18 18:15:50",1520.4,1,"ericzhang63,szqg666"
2582,16662318,"Bardia Bahadori","2026-09-18 15:21:53",1519.7,2,bardiabahadori
2583,16886174,还没想好冥,"2026-09-18 14:45:39",1519.5,2,"fufustory,hashak,linjunren1016,mushroom1763,yamaer"
2584,16677774,"Abdulatif Mahgoub","2026-09-26 16:27:13",1519.3,2,abdulatifmahgoub
2585,16652451,JackGong,"2026-09-25 13:32:45",1519.0,2,jackgong
2586,16799769,manyuA,"2026-09-22 04:52:29",1516.1,2,"forheuristiclifeksh,manyua,realhonest"
2587,16806635,digimagi,"2026-09-22 08:18:35",1514.8,2,digimagi
2588,16743427,Under遊具,"2026-09-18 06:00:32",1514.3,2,andayougui
2589,16692038,CodeHacker,"2026-09-26 04:42:34",1513.9,2,junhanzangai
2590,16894457,kento2002,"2026-09-17 16:44:18",1513.8,2,kento2002
2591,16709930,llRX,"2026-09-23 07:11:17",1512.8,2,"bankkobe,leojeel,ruikaihong"
2592,16661362,BEETRiX🦋,"2026-09-25 21:08:13",1512.3,2,johannaleighdeley
2593,16917982,"Haitao56 ","2026-09-19 14:38:52",1512.2,2,haotao56
2594,16891562,"Weverton Guedes","2026-09-25 12:29:45",1511.9,2,owevertonguedes
2595,16899300,"Yassine Chritt","2026-09-17 06:31:14",1511.7,2,yassinechritt
2596,16927981,narihz,"2026-09-22 12:25:06",1511.6,2,xiaochaizhen
2597,16739019,quzhihang,"2026-09-23 08:28:40",1511.5,2,quzhihang
2598,16773170,"yy li","2026-09-24 03:40:48",1511.3,2,yangyili11
2599,16820607,PeriwinkleBlueOvO,"2026-09-23 12:08:16",1510.7,2,"PeriwinkleBlueOvO,wenqiangao1"
2600,16912371,Dorararra,"2026-09-23 03:37:28",1510.5,2,dorafairy661
2601,16875968,"Dias Bakhtiyarov","2026-09-16 19:41:15",1510.3,2,diasbakhtiyarov
2602,16859157,"David Mensah-Gbekor","2026-09-17 22:03:56",1509.9,2,ravdave
2603,16802575,saeNeko,"2026-09-17 07:47:44",1509.6,2,sae20gorilla
2604,16633688,Ryo,"2026-09-27 08:49:21",1509.3,2,ryosukekurakami
2605,16839902,"Sōsuke Aizen","2026-09-16 19:50:03",1508.1,2,"soukeaizenz,souvikdbiswas"
2606,16849125,"OBSTACLE DEVELOPER","2026-09-26 09:46:19",1506.5,2,obstacledeveloper
2607,16641548,"Indium AI Labs","2026-09-17 08:19:29",1506.5,2,"devaanshpa,wolframbopp"
2608,16888126,Iminabo,"2026-09-17 16:21:33",1506.4,2,iminabo
2609,16897870,妮选择遗忘的,"2026-09-17 13:59:51",1506.2,2,yk120951
2610,16644481,Liquidus,"2026-09-16 02:57:18",1506.2,2,liquidus
2611,16697249,"Sudharsana Rajasekaran","2026-09-24 01:19:07",1506.2,2,sudhan03
2612,16806018,トゲアリトゲナシトゲトゲ,"2026-09-26 14:22:36",1505.7,2,togearitogenasi
2613,16861616,"Gagan Deep","2026-09-20 14:50:30",1505.5,2,gagandeep1
2614,16669711,"Anton Shaniuk","2026-09-18 18:08:55",1504.7,2,antonshaniuk
2615,16770842,yatakeuc,"2026-09-26 13:34:10",1503.8,2,yatakeuc
2616,16854776,aruuu,"2026-09-24 03:30:09",1501.8,2,arruuu
2617,16793452,"Ghazaros Ghazaros","2026-09-26 18:49:00",1500.5,2,ghazarosghazaros
2618,16664111,"John Park","2026-09-21 14:31:23",1500.5,2,sigint
2619,16898547,"[Deleted] 56e880dc-015c-4899-9c1b-85d9958ef4af","2026-09-15 18:25:34",1500.3,2,del=84798c2d77df7d9d
2620,16825340,xiaoBOSS97,"2026-09-21 15:18:33",1500.2,2,xiaoboss97
2621,16667346,Artwenty-six,"2026-09-27 04:57:22",1499.6,2,rezakautsarinsani
2622,16655263,rishavsaigal,"2026-09-25 08:49:02",1499.2,2,rishavsaigal
2623,16936777,tagokoro,"2026-09-24 05:14:27",1498.6,2,tagokoro
2624,16681100,Chiranjith,"2026-09-17 11:37:34",1498.4,2,chiranjithdharma
2625,16774250,"C R Suthikshn Kumar","2026-09-26 16:32:59",1497.8,2,crsuthikshnkumar
2626,16866968,HXS-CF13,"2026-09-20 00:49:11",1497.4,2,hxscf13
2627,16731630,SatoshiN04,"2026-09-26 08:00:46",1497.2,2,satoshinakamura04
2628,16680144,AM,"2026-09-17 15:52:11",1496.9,2,adammekky
2629,16891588,Krtecek,"2026-09-20 11:16:13",1496.7,2,krtecek
2630,16706395,"Kunal Desale","2026-09-18 04:08:03",1495.2,2,kunaldesale2408
2631,16621610,NMarkS,"2026-09-21 12:03:36",1494.8,2,nmarks
2632,16690820,"Alan C52","2026-09-27 08:47:29",1494.5,2,alanc52
2633,16843555,sol12378,"2026-09-22 05:46:50",1493.5,2,sol12378
2634,16910590,Hubillionaire,"2026-09-17 06:56:01",1492.5,2,hubillionaire
2635,16687479,kowalskii,"2026-09-17 08:52:42",1492.3,2,anirudhkumaraheer
2636,16806249,CLJY,"2026-09-24 03:05:08",1490.9,2,cljy2026
2637,16830678,Voodoo_m88,"2026-09-26 05:18:05",1490.7,2,voodoom88
2638,16891851,kamranahmmed,"2026-09-23 12:49:22",1490.5,2,kamranahmmed
2639,16651257,PursueML,"2026-09-22 16:24:27",1490.3,2,"cuijohn,pursueml"
2640,16912052,"Nana Bast","2026-09-18 16:29:38",1490.2,2,"fontainedefurina,nanabast"
2641,16652630,stars_w,"2026-09-18 06:57:00",1489.6,2,starsw
2642,16860811,XiaoXiaoJ,"2026-09-17 19:38:39",1489.0,2,xiaoxiaoj
2643,16738408,kujitama,"2026-09-17 12:13:20",1488.8,2,tyamujin
2644,16830526,"Raghav Agrawal","2026-09-23 17:42:54",1488.2,2,raghagra
2645,16814375,"Yuta Eiki","2026-09-18 02:27:16",1487.5,2,wildauk
2646,16633552,Unkn0wn,"2026-09-27 07:54:20",1487.5,2,"harnadshilpa,nagendraadisesha"
2647,16621683,Shivangoudaa,"2026-09-16 16:04:07",1487.2,2,ishivapatil
2648,16640600,"Giord Frank","2026-09-27 02:36:30",1487.0,2,"fggggg12345,tangerinedog"
2649,16908326,"Cristiano M Martins","2026-09-25 18:47:00",1486.8,2,cristianommartins
2650,16714134,"Raul Tinajero","2026-09-17 19:57:39",1486.6,2,raultinajeroo
2651,16707994,"Ayush Gupta #2","2026-09-17 22:21:54",1485.6,2,desmond6101
2652,16624651,"Zihao Zeng","2026-09-27 06:15:40",1485.5,2,zihaozeng0021
2653,16743656,Deskbo,"2026-09-16 13:45:12",1484.5,2,deskbo
2654,16673131,"Arfin Mustofa","2026-09-17 01:40:55",1484.1,2,arfinmustofa
2655,16791828,Ling,"2026-09-14 21:50:30",1483.8,2,lingbia
2656,16791873,Eldritch,"2026-09-25 05:54:39",1483.7,2,"sanjay6727,thefool00"
2657,16915300,wanhty,"2026-09-18 13:43:54",1482.8,1,wanhty
2658,16897719,"Muhammad Aashir Irshad","2026-09-21 14:44:03",1482.7,2,muhammadaashirirshad
2659,16908116,"Kabir Potdar","2026-09-16 18:40:56",1482.2,2,kabir01010
2660,16626203,"Manish Kumar Maurya","2026-09-19 19:39:02",1481.7,2,manishkumarmaurya11
2661,16721384,Hackoholics,"2026-09-16 05:57:18",1481.6,2,"limyenhui,richierx"
2662,16676034,"Songyot P","2026-09-18 06:33:06",1481.5,2,songyotpi
2663,16805778,"Dương Đức Anh","2026-09-17 14:52:22",1481.4,2,"dda2k6,trungdttik55"
2664,16752019,"Kaipeng Zheng","2026-09-20 08:37:16",1481.1,2,kaipengzheng
2665,16643693,"Kerem çelik","2026-09-26 14:43:29",1480.9,2,keremelik
2666,16681464,Amyel21,"2026-09-17 18:28:33",1480.6,2,amyel21
2667,16768543,caas_sicca,"2026-09-19 07:56:21",1480.2,2,caassicca
2668,16885548,"Anand Kumar 369o","2026-09-27 07:45:49",1480.1,2,anandkumar369o
2669,16897094,Ryota-Di,"2026-09-23 01:49:48",1479.6,2,ryota6230
2670,16676762,"Tomas Escobar Rivera","2026-09-16 01:46:24",1479.4,2,tomasescobarrivera
2671,16670659,saumyagupta12,"2026-09-26 18:07:30",1479.1,2,saumyagupta12
2672,16751899,peggy,"2026-09-27 01:10:20",1477.3,2,refrigerator21
2673,16716012,LaiCxm,"2026-09-24 11:50:02",1477.3,2,laicxm
2674,16857404,gachichan,"2026-09-16 23:58:47",1477.2,2,gachichan
2675,16725947,SamarthRawat18,"2026-09-24 16:29:45",1476.7,2,samarthrawat18
2676,16886193,"Xiaoyong Zhu","2026-09-15 01:23:47",1476.4,2,xiaoyzhu
2677,16743392,tellurium_rrr,"2026-09-27 07:32:34",1476.3,2,telluriumrrr
2678,16682667,"zeel vavliya","2026-09-26 10:43:07",1475.8,2,zeelvavliya
2679,16845382,Alpha_Ashwin007,"2026-09-23 20:31:55",1475.3,2,alphaashwin007
2680,16738534,"Sakito Horie","2026-09-16 14:14:19",1475.3,2,sakitohorie
2681,16876520,OpenModelMap,"2026-09-18 15:05:55",1475.2,2,openmodelmap
2682,16907222,"Harshith Kumar","2026-09-16 17:13:57",1475.2,2,harshith1212a
2683,16655682,"Azamat Sadikov","2026-09-16 23:07:23",1475.1,2,azamatsadikov
2684,16761324,WLYYYo,"2026-09-22 14:15:28",1474.9,2,wlyyyo
2685,16743172,moonzfxs,"2026-09-23 15:34:29",1474.8,2,moonzfxs
2686,16692711,Deniz,"2026-09-16 14:51:14",1474.7,2,denizeryilmaz
2687,16892796,FunLegendGaming,"2026-09-17 16:27:04",1474.3,2,funlegendgaming
2688,16827097,"Bình Trần Thanh","2026-09-16 03:47:00",1473.8,2,dsdadasda
2689,16731678,ShadowT_T,"2026-09-26 22:37:43",1471.7,2,shadowtt
2690,16850078,"Safwan Amin","2026-09-16 16:53:04",1471.3,2,bracu23101281
2691,16726816,"Games Jadley","2026-09-24 22:02:50",1470.7,2,gamesjadley
2692,16623370,kenmatsu4,"2026-09-27 04:15:20",1470.5,2,kenmatsu4
2693,16758954,shenjj02,"2026-09-17 02:30:08",1469.9,2,shenjj26
2694,16853125,"BEIKE YAN","2026-09-21 02:10:30",1469.7,2,craigsid
2695,16701948,"Shaokai Zhang","2026-09-19 10:58:04",1469.6,1,shaokaizhang
2696,16855477,SiriusStarRally,"2026-09-16 09:32:59",1469.2,2,siriusstarrally
2697,16878308,Pjchauhan,"2026-09-25 04:59:56",1468.6,2,pjchauhan
2698,16852963,LingLingToshite,"2026-09-27 07:52:09",1468.5,2,lingtoshitehiroki
2699,16763551,"PRASHANT SHUKLA91","2026-09-26 17:29:01",1468.4,2,prashantshukla91
2700,16793553,hoon0303,"2026-09-16 12:38:01",1467.1,2,hoon0303
2701,16623577,"Jiayi Tang","2026-09-24 11:24:41",1467.1,2,mannguo
2702,16729102,"Bruce Zheng","2026-09-16 06:58:02",1467.0,2,brucezheng666
2703,16849328,"Gaurav #2","2026-09-17 13:14:38",1466.4,2,genesis96839
2704,16623520,asteriam,"2026-09-27 08:08:46",1466.3,2,masatakashiwagi
2705,16732735,MMMMMMMMMMMM,"2026-09-16 14:57:27",1466.2,2,hyh273279
2706,16881600,"Yoshihiro Hatakeyama","2026-09-21 03:41:49",1466.0,2,yoshihiro1909
2707,16905157,Moonyk,"2026-09-16 08:16:37",1464.9,1,moonyk
2708,16685342,"Kanth Da","2026-09-21 04:15:12",1464.1,2,"kanthda,riteeshreddybysani"
2709,16639844,MaxChen303,"2026-09-20 03:12:58",1463.1,2,maxchen303
2710,16904006,vorlian,"2026-09-16 03:18:09",1462.5,2,vorlian
2711,16697185,"Prince Special","2026-09-26 22:26:42",1462.5,2,temitayogbolahan
2712,16855268,"Jiayi Du","2026-09-26 21:17:21",1461.8,2,jahyee
2713,16688460,lllleeeo,"2026-09-16 17:38:13",1461.7,2,lllleeeo
2714,16908832,"ranya marwan","2026-09-18 20:46:58",1461.5,2,ranymarwan286
2715,16796544,"Xiaonan FU","2026-09-16 01:44:11",1460.3,2,xiaonanfu999
2716,16915374,"Muaz Husaini","2026-09-21 06:18:49",1459.9,2,muazhus
2717,16914244,Poemcourt,"2026-09-17 11:14:15",1459.5,1,poemcourt
2718,16764546,Thirst,"2026-09-15 13:07:32",1458.4,2,wahidakram
2719,16671504,Agentmaster,"2026-09-16 15:21:27",1458.3,2,"kinjaza,shawnno"
2720,16630713,"Grzegorz Sionkowski","2026-09-16 11:44:56",1458.3,2,sionek
2721,16670933,Pat,"2026-09-15 05:34:10",1458.2,2,junseia
2722,16661622,"Ergin Akın","2026-09-21 17:19:04",1457.5,2,erginakin
2723,16909973,"Tri Tuc Cao","2026-09-17 09:59:28",1457.5,1,tricao
2724,16679004,"Kevin Zhao","2026-09-22 07:36:22",1456.7,2,kevinzhao666
2725,16824010,yuxingyizhou,"2026-09-18 03:29:21",1456.5,2,yuxingyizhou
2726,16864125,culture,"2026-09-15 12:50:09",1456.1,2,shkurak
2727,16679827,Juanky_too,"2026-09-26 19:22:18",1455.7,2,juankytoo
2728,16847311,WangYilin_henuAI,"2026-09-21 03:46:35",1453.7,2,"hyhyyh,violin1,xiaoming1238952"
2729,16697139,Stocks152,"2026-09-20 04:10:05",1453.5,2,stocks152
2730,16865570,"Kedar Kale","2026-09-22 14:32:10",1452.8,2,kedarkale
2731,16854472,Taimo,"2026-09-16 14:56:55",1452.7,2,taikimori
2732,16889004,SkOnTheRocks,"2026-09-15 11:43:43",1452.6,2,skontherocks
2733,16877685,"Felipe Figueiredo","2026-09-24 02:47:56",1452.6,2,felipefigueiredo02
2734,16881248,Veerakrishna,"2026-09-17 16:30:12",1452.2,2,veerukhannan
2735,16702275,Joyal,"2026-09-16 09:41:16",1451.4,2,joyalseejo
2736,16896886,"hemloock ","2026-09-15 12:35:43",1450.6,2,hemloock
2737,16711317,"yf D","2026-09-27 08:30:26",1450.5,2,dengvitruviano
2738,16907576,"Dat Nguyen Viet","2026-09-16 16:39:59",1450.2,2,datnguyenviet
2739,16849778,"Kim Minh","2026-09-22 03:21:00",1450.1,2,hanming14
2740,16905643,yngd99,"2026-09-16 12:32:42",1449.7,1,yngd99
2741,16750931,"Antonio Rotundo","2026-09-19 12:04:18",1449.4,2,antoniorotundo2
2742,16807380,"D × MirAI","2026-09-25 07:43:33",1448.9,2,kmnkmn
2743,16751603,xxxzzz123312123321,"2026-09-24 02:40:01",1447.9,2,xxxzzz123312123321
2744,16724801,Noir,"2026-09-27 05:04:55",1447.9,2,nuitnoir
2745,16646970,juewang1p,"2026-09-21 13:00:11",1447.7,2,juewang1p
2746,16690401,Skyspace,"2026-09-16 11:02:11",1447.5,2,empireblue
2747,16673370,JeovaAnderson,"2026-09-24 15:45:12",1447.5,2,jeovaanderson
2748,16651806,shawnYiB,"2026-09-24 14:34:14",1447.4,2,"mike17cui,shawnyib"
2749,16693439,"Ankit Hemant Lade","2026-09-24 23:26:13",1446.6,2,"ankitlade12,jsaikrishna"
2750,16744342,"glupez ","2026-09-23 16:52:06",1445.9,2,glupez
2751,16622531,"musya lyusya team","2026-09-15 17:44:15",1445.9,2,vswz2nqp
2752,16623199,"Jesse Ferguson","2026-09-25 22:32:37",1445.8,2,jesseferguson
2753,16634493,xixi,"2026-09-15 16:40:52",1445.1,2,huangcarry26
2754,16640540,QYQ1693,"2026-09-16 03:29:19",1444.5,2,qyq1693
2755,16709504,U023,"2026-09-14 16:44:14",1443.1,2,ryutek
2756,16845020,AGI,"2026-09-17 18:19:05",1442.8,2,"guusadema,tgroen3"
2757,16710466,"Charles Backman on LinkedIn","2026-09-14 14:14:42",1442.8,2,charlesbackman
2758,16847620,york1to,"2026-09-15 19:10:35",1442.7,2,yorkkang
2759,16669441,"Chirag Desai","2026-09-18 15:03:16",1442.1,2,cid007
2760,16832971,"Scott Willis","2026-09-27 08:26:00",1441.4,2,scottgwillis
2761,16728135,sukirman,"2026-09-16 03:25:01",1441.3,2,rakbidb
2762,16904305,"YICHEN PAN","2026-09-16 18:39:53",1440.9,2,sakanamango
2763,16661276,Middle,"2026-09-27 08:15:38",1440.5,2,aydagul
2764,16676278,"Om Sangwan","2026-09-23 15:04:01",1440.2,2,omsangwan
2765,16840576,kfsky,"2026-09-19 11:16:48",1439.9,2,kengofujii
2766,16662314,"Hanh Tran","2026-09-16 09:57:42",1439.4,2,honghanhhh
2767,16791999,"Dashi Tsybikzhapov","2026-09-22 09:40:23",1439.4,2,dashitsybikzhapov
2768,16903970,qorlin,"2026-09-16 03:12:00",1438.7,2,qorlin
2769,16662681,"Vernon Campbell","2026-09-18 01:51:57",1438.5,2,vernoncampbell
2770,16731832,jackee777,"2026-09-26 14:51:58",1438.1,2,jackee777
2771,16887661,magic101,"2026-09-14 22:48:26",1437.6,2,magicbuttons
2772,16903902,wanghaozhi,"2026-09-20 02:00:08",1436.8,2,wanghaozhi
2773,16767960,"Yuvraj Bhati","2026-09-14 23:24:32",1436.5,2,avioon
2774,16746372,"Meerub Atiq","2026-09-18 13:00:49",1436.3,2,meerubatiq
2775,16777137,Bernardus,"2026-09-25 08:18:07",1436.0,2,bernubritz
2776,16878353,"Hongbin Gu","2026-09-16 02:18:10",1435.9,2,guhongbin
2777,16670504,Shirabe,"2026-09-17 03:00:23",1435.2,2,carlmakt
2778,16862967,Unicorns,"2026-09-15 17:50:14",1435.0,2,"isaacjiang,ryokitano"
2779,16896267,HendraDanuSaputraChauwito,"2026-09-16 12:37:41",1434.5,2,usilisme
2780,16893291,"We Want... A Shrubbery!","2026-09-17 21:55:10",1434.0,2,timlongii
2781,16774699,"Rio Nakamura","2026-09-16 09:25:16",1433.5,2,rionakamura10
2782,16759849,kkanayj,"2026-09-25 12:56:58",1432.9,2,kkanayj
2783,16867924,PeaBrain,"2026-09-16 01:22:29",1432.6,2,abiruekanayaka1
2784,16864346,"Yanwei Lu","2026-09-15 19:27:35",1432.2,2,yanweilu
2785,16748738,Shymohn,"2026-09-17 07:01:37",1431.8,2,shymohn
2786,16895014,trying_out,"2026-09-15 20:03:10",1431.6,2,"samiatisha,vickysynapsev"
2787,16924959,"Shun Liou","2026-09-27 08:07:44",1431.5,2,shunliou
2788,16838625,kyohei2106,"2026-09-17 22:37:42",1431.2,2,kyohei2106
2789,16768702,"Crop It Like It's Hot","2026-09-26 19:28:20",1431.0,2,"davidben10,rachel79"
2790,16891432,porzlck,"2026-09-17 10:07:44",1430.7,2,orzlck
2791,16730713,"Michael Mueller","2026-09-20 19:57:03",1430.4,2,michaelmueller26
2792,16826719,"Dennis HT","2026-09-18 09:43:32",1430.2,2,dennisht
2793,16739181,yamu_duck,"2026-09-18 12:14:10",1430.1,2,crazyleg11
2794,16765151,htnhtn,"2026-09-26 13:00:38",1430.0,2,htnhtn
2795,16682306,岸本湧士郎,"2026-09-15 05:27:08",1430.0,2,yushiro20021111
2796,16720316,"Hưng Trần","2026-09-16 10:27:05",1429.9,2,hungtrabiz
2797,16728321,Rohitt_94,"2026-09-14 11:49:40",1429.1,1,rohitt94
2798,16884892,AQiDA19,"2026-09-14 02:32:26",1428.8,2,aqida19
2799,16640780,"drezna ultra","2026-09-18 14:14:35",1428.7,2,notakes
2800,16716078,H&E,"2026-09-24 02:00:13",1428.4,2,"jenzenhuang,luwyeb,wafflebear,wenjiewangdev"
2801,16677399,lyts,"2026-09-26 08:54:14",1428.2,2,lytsyyds
2802,16709950,"Ryan Myers","2026-09-25 05:52:17",1427.8,2,ryanmyers03
2803,16742159,mimi！,"2026-09-16 05:57:58",1427.1,2,"morongzhu,we111135"
2804,16783459,LKQ669,"2026-09-26 15:34:52",1427.0,2,lkq669
2805,16862582,StephaneB7899,"2026-09-14 02:34:17",1427.0,2,stephaneb7899
2806,16931121,Caocao,"2026-09-24 12:27:11",1426.4,2,caocaoIvy
2807,16662628,AbhiniveshSharma5354,"2026-09-15 06:38:39",1426.3,2,abhiniveshsharma5354
2808,16775190,bianfu,"2026-09-27 07:42:02",1425.3,2,bianfu
2809,16896033,omnifluxor,"2026-09-15 09:40:03",1424.4,2,omnifluxor
2810,16896854,photonova,"2026-09-15 12:29:25",1424.3,2,photonova
2811,16806728,"Neural Knight","2026-09-24 16:39:55",1424.3,2,"chinmaymnaik,sivasainath06"
2812,16659771,DieByTheSword,"2026-09-16 08:53:03",1424.1,2,przemysawstroiws
2813,16624919,"Juste Me (●'◡'●)","2026-09-27 08:51:30",1424.1,2,degnonguidi
2814,16653927,"Fernando GH H","2026-09-27 02:40:20",1423.6,2,fernandoghh2
2815,16879578,"kabir Merakeb","2026-09-27 08:01:39",1423.3,2,kmerakeb
2816,16875618,"Joel P. Joseph","2026-09-25 13:57:41",1422.4,2,joelpjoseph
2817,16684704,LIQUIDHORSE,"2026-09-14 17:57:58",1422.3,1,liquidhorse
2818,16895926,Zengr1,"2026-09-17 09:58:50",1421.4,2,zengr1
2819,16671133,Kazeneko,"2026-09-14 22:39:30",1420.6,2,kazeneko77
2820,16709236,rick11224,"2026-09-13 16:37:58",1420.5,2,rick11224
2821,16625082,真的懒,"2026-09-19 06:14:56",1419.8,2,gtccc9
2822,16635418,ocean240812,"2026-09-23 10:27:41",1419.5,2,ocean240812
2823,16891791,judy12345.0316,"2026-09-15 05:38:38",1419.0,2,judy123450316
2824,16872207,"Tèo Búng","2026-09-18 08:06:06",1418.7,2,teobung
2825,16847725,SOLUCIENCE,"2026-09-27 02:31:00",1417.1,2,solucience
2826,16763457,"Mohammad Essam","2026-09-26 16:13:34",1416.8,2,mohammedessam97
2827,16637973,StephenNedumpally,"2026-09-15 07:50:55",1416.5,2,stephennedumpally
2828,16758817,Ruwawa,"2026-09-15 14:26:15",1416.4,2,ruwawa
2829,16723427,"Nikita Biryukov","2026-09-14 07:00:48",1416.4,2,bnikita
2830,16918151,"Hidenori Sasaki","2026-09-25 16:49:57",1416.2,2,hidenorisasaki
2831,16845165,Tanuki_boosting,"2026-09-13 12:41:51",1416.1,2,miyamotodaiya
2832,16754838,"Berkay Özkan","2026-09-25 12:57:20",1415.3,2,berkayzkan
2833,16710499,sukeke,"2026-09-15 04:28:10",1415.2,2,sukeke
2834,16694346,ywwywww,"2026-09-14 07:52:56",1414.9,2,ywywww
2835,16783021,"TAN TIANYE","2026-09-13 03:04:35",1414.7,2,tantianye
2836,16842246,montplusa,"2026-09-17 00:59:05",1414.1,2,montplusa
2837,16895927,logicorix,"2026-09-15 09:30:21",1413.7,2,logicorix
2838,16674586,"Stanislav Ilin","2026-09-15 13:33:30",1413.6,2,stanislavilin2026ai
2839,16744914,"El Mehdi EL JAIR","2026-09-21 07:56:02",1413.1,2,elmehdieljair
2840,16866971,imriad,"2026-09-23 04:26:59",1412.2,2,riadhhossain
2841,16924679,"Vandan Sharma","2026-09-20 09:50:10",1411.6,2,vanam56
2842,16828191,wanghongwei111,"2026-09-14 13:07:32",1411.3,2,wanghongwei111
2843,16696716,MatiasMG,"2026-09-25 06:10:49",1410.6,2,matiasmgonzalez
2844,16835851,ruizhichen,"2026-09-22 16:59:50",1409.8,2,ruizhichen
2845,16731799,"Ansh The Farmer 👩‍🌾","2026-09-15 19:05:59",1409.8,2,affection
2846,16706576,王一凡,"2026-09-23 01:33:57",1408.8,2,"liuziyang1016,mikakohinata68"
2847,16843303,inori315,"2026-09-14 13:31:27",1408.3,2,inori315
2848,16893208,hongan,"2026-09-15 21:49:30",1408.2,2,honganzhu
2849,16773448,"Qamar usman","2026-09-26 16:51:58",1408.1,2,qamarmath
2850,16667766,vasujain7,"2026-09-14 17:44:19",1408.1,2,vasujain7
2851,16630312,beijijun,"2026-09-14 12:04:11",1408.1,2,beijijun
2852,16887142,backsider,"2026-09-16 09:34:44",1407.6,2,backsider
2853,16753925,"Tyler Durden","2026-09-15 08:06:49",1407.5,2,jeedimetlacharan213
2854,16695664,Bantam,"2026-09-24 21:35:52",1407.4,2,bantam
2855,16797457,Aamod06,"2026-09-27 06:34:09",1407.1,2,aamod06
2856,16845695,"Nam Lê Phương","2026-09-14 06:56:08",1407.1,2,pearpn25
2857,16661539,"Ilia Mironov","2026-09-23 22:03:44",1407.1,2,millcool
2858,16918568,"Penn Lam","2026-09-24 09:56:43",1406.8,2,pennlam
2859,16657276,"Пётр П","2026-09-25 22:36:49",1406.6,2,petrinvest
2860,16630129,"Yi Lu","2026-09-16 01:54:33",1406.3,2,liqiu0224
2861,16845023,zhtmgxr,"2026-09-17 04:53:03",1406.2,2,zhtmgxr
2862,16732945,"Aru Ohta","2026-09-22 14:21:41",1405.1,2,aruohta
2863,16691001,"Mahmoud Abdelshafy","2026-09-14 20:08:03",1404.5,2,mahmoudabdshafy
2864,16682032,"Satkar sarvankar","2026-09-25 14:17:58",1403.7,2,satkar003
2865,16653127,"Talim Aushakhman","2026-09-15 17:29:46",1403.7,2,talimaushakhman
2866,16760515,"Kazuo Watanabe","2026-09-14 12:06:35",1403.7,2,watanabekazuo
2867,16799024,Becegatto,"2026-09-26 23:58:24",1403.5,2,viniciussignorelli
2868,16730495,joinus,"2026-09-15 08:34:22",1403.3,2,joinus2003
2869,16861256,lizh2025,"2026-09-16 15:02:06",1403.1,2,lizh2025
2870,16674295,"Nguyễn Minh Hiếu","2026-09-19 07:44:18",1402.2,2,endermage
2871,16868001,"Young MacDonald","2026-09-18 15:16:22",1401.7,2,natert
2872,16756698,savoelh,"2026-09-25 19:05:51",1401.4,2,savoelh
2873,16731577,RYnerv,"2026-09-14 11:33:32",1400.8,2,rynerv
2874,16741551,"Vedant Tiwari","2026-09-26 17:22:42",1400.7,2,vedant7312
2875,16654742,"Aastik Rajan15","2026-09-14 11:58:25",1400.6,2,aastikrajan15
2876,16624109,"Nguyễn Thế Minh Đức","2026-09-15 01:01:29",1400.3,2,nguynthminhc
2877,16832231,lst1923,"2026-09-26 22:06:29",1399.1,2,lst1923
2878,16893402,tedo,"2026-09-15 00:05:46",1398.8,2,takuroedo
2879,16757320,Jingxiang,"2026-09-12 22:11:32",1397.6,2,jingxiango
2880,16697411,VynoDePal,"2026-09-20 23:47:47",1397.3,2,kvynodjo
2881,16621355,Raiden.B,"2026-09-22 16:08:44",1397.1,2,raidenb
2882,16655844,MAFIN,"2026-09-14 12:37:15",1397.1,2,moneyman91
2883,16780279,"N Divij","2026-09-12 18:30:06",1397.0,2,divijio
2884,16755099,"Aleksandr Ulianin","2026-09-14 12:05:33",1396.7,2,aleksandrulianin
2885,16797029,phospholipid,"2026-09-20 23:17:05",1396.1,2,phospholipid0614
2886,16884861,Sky,"2026-09-13 07:20:40",1396.0,2,dhaksheshwarm
2887,16726616,9Hash,"2026-09-26 10:46:04",1395.7,2,hashimrazi
2888,16655098,"Brotron Carbide","2026-09-27 03:34:44",1394.7,2,brotroncarbide
2889,16840588,Q.Ai,"2026-09-13 19:36:27",1394.6,2,"alperennbaran,hseyinemre134"
2890,16841440,CornFormer,"2026-09-17 03:03:35",1394.4,2,linyangtian
2891,16881631,"Arjun Sharma","2026-09-12 14:47:32",1393.8,2,arjundsharma
2892,16777836,キムチ納豆,"2026-09-13 07:07:18",1393.7,1,ccchikuwa
2893,16669604,"Abhijit Pise","2026-09-13 21:25:57",1393.5,2,abhijitpise
2894,16810141,"Sijie Ma","2026-09-13 14:22:49",1393.3,2,"dimashitong112,sijiema"
2895,16735353,我是刘大聪,"2026-09-14 16:55:50",1393.0,2,smartorz
2896,16881350,xwl_tree,"2026-09-18 10:40:29",1392.2,2,xwltree
2897,16722295,"Yuya Shintani","2026-09-20 16:06:02",1392.2,2,uplus26e7
2898,16668157,"vineet dairashri","2026-09-24 21:14:39",1391.9,2,vineetdairashri
2899,16713335,"Muhammad Imran","2026-09-14 09:42:21",1391.4,2,muhammadimranchitral
2900,16674878,KirillKlem,"2026-09-13 18:19:27",1391.2,2,kirillklem
2901,16659395,HyperX,"2026-09-15 11:53:22",1390.2,2,"diversedharun,harishinkaggle"
2902,16764301,"Quýt đây đừng sợ","2026-09-20 15:19:28",1390.1,2,ponschannel
2903,16810030,fukumayo,"2026-09-23 05:07:59",1389.1,2,fukumayouta
2904,16686155,梁圣的恩情还不完,"2026-09-14 14:08:46",1388.6,2,yyyyhhhhwww
2905,16802442,"Rabia Eda Yılmaz","2026-09-15 19:10:02",1388.3,2,truthisneverlinear
2906,16678618,"Manu Nicholas Jacob","2026-09-26 16:04:53",1388.0,2,manunicholasjacob
2907,16846069,"Bryce Muhlnickel","2026-09-14 03:27:19",1388.0,2,tokenjunkielabs
2908,16780995,"Silver Surfer","2026-09-25 09:29:46",1387.4,2,hausch11
2909,16892272,"Leo #3","2026-09-14 15:44:18",1387.4,1,leo123321
2910,16658426,RIVEN23,"2026-09-15 04:02:51",1386.9,2,riven5
2911,16679987,"Said Mohamed Omary","2026-09-21 11:31:47",1386.8,2,saidmohamedomary
2912,16738653,"Julien Trocmé","2026-09-25 12:47:01",1385.8,2,julientrocm
2913,16639642,c-number,"2026-09-13 03:29:40",1385.5,2,cnumber
2914,16783537,JustinybGao,"2026-09-20 15:51:23",1385.0,2,justinybgao
2915,16769435,"Nguyễn Mạnh","2026-09-21 04:23:56",1385.0,2,nguyenmanh97
2916,16672121,"Tiger bonbon","2026-09-14 03:41:59",1384.8,2,fujiwarayuto
2917,16862912,"Nicolas Krusche","2026-09-15 00:03:10",1384.7,2,nicolaskrusche
2918,16875464,tllswelp,"2026-09-13 11:07:16",1384.3,2,tllswelp
2919,16725287,NoahRyan,"2026-09-13 10:37:32",1384.2,2,beginner080
2920,16942588,Isabe11aM00re,"2026-09-25 19:37:41",1384.0,2,"dan1e1c1ark,henryy0ung,isabe11am00re,s0ph1amart1n"
2921,16630784,"🚜 Sub-Par Seedlings","2026-09-15 16:54:05",1383.7,2,"dwellement0baser,michaellist,oneupkiwi,wilhelmberghammer"
2922,16698726,加油,"2026-09-14 12:25:38",1383.5,2,honeeyl
2923,16659286,shane18,"2026-09-27 06:00:54",1383.0,2,shane18
2924,16861637,薄荷喵呜,"2026-09-12 09:39:16",1382.7,2,bohemiao
2925,16649314,"Yuka,Ota","2026-09-14 08:17:18",1382.1,2,yukaika
2926,16796133,NoMoreThan20Words,"2026-09-15 00:19:25",1381.9,2,nomorethan20words
2927,16845112,"Robert Baburin","2026-09-20 18:23:29",1381.6,2,robertbaburin
2928,16672448,"Crisis Liu","2026-09-23 05:47:19",1381.3,2,crisisliu
2929,16947863,"Minato Namikaze","2026-09-25 15:19:20",1381.1,2,arunklenin
2930,16707303,meTeam,"2026-09-24 18:14:20",1380.7,2,aaronzribi
2931,16791254,player123,"2026-09-21 15:21:23",1380.3,2,prashantbhattarai093
2932,16766796,panda__MB__maximus,"2026-09-27 05:24:45",1380.0,2,tanishmohokar09
2933,16943709,ser5kovskiy,"2026-09-27 08:47:45",1379.3,2,sergeypyatkovskiy
2934,16877958,"Igor Buinyi","2026-09-27 06:33:31",1379.2,2,buinyi
2935,16854439,"Yosef Zoabi","2026-09-13 21:05:15",1378.6,2,yosefzoabi
2936,16641816,"Toshiki Honda","2026-09-16 15:03:37",1378.0,2,toshikihonda
2937,16793755,"Juank Suarez","2026-09-20 02:45:18",1377.7,2,juanksuarez
2938,16886979,"Ivan Toropin","2026-09-13 21:21:17",1377.1,2,ivantoropin
2939,16840921,evolved,"2026-09-15 05:03:46",1377.1,2,algunion
2940,16875849,"Yaotong Niu","2026-09-15 13:37:34",1377.1,2,yaotongniu
2941,16847370,"Suleyman Yollyyev","2026-09-25 05:54:55",1376.7,2,suleyman71
2942,16652272,"nadhir hasan","2026-09-13 14:07:09",1376.6,2,nadhirhasan
2943,16623326,"Tatiana Malygina","2026-09-26 22:31:17",1376.6,2,latticetower
2944,16707865,"bb aa","2026-09-20 09:47:41",1376.1,2,bbaa233
2945,16625219,MJVinay,"2026-09-25 15:57:09",1375.6,2,mallajayanthvinay
2946,16761418,"Piggy Piggy","2026-09-14 23:37:49",1375.2,2,txgg123
2947,16941692,twotodevnull,"2026-09-26 06:13:57",1374.8,2,twotodevnull
2948,16633773,copasta,"2026-09-13 06:16:43",1374.5,2,copasta
2949,16722399,"Meta learners","2026-09-27 05:05:01",1374.0,2,aditya2909rb
2950,16731983,Gracie,"2026-09-27 05:10:06",1373.5,2,gracie428
2951,16884368,LaManbo,"2026-09-13 10:51:44",1373.5,2,encizhang
2952,16835641,baojidehuangmao,"2026-09-17 10:38:44",1373.2,2,"brittneylewis2,innocentdzzz"
2953,16863498,Jackmama-nolfwin,"2026-09-13 04:36:37",1372.3,2,nolfwin
2954,16802843,Dream,"2026-09-16 02:45:24",1371.8,2,"jamesl8,tzeweilim"
2955,16865554,"parker tan","2026-09-18 10:42:33",1371.4,2,parkertan
2956,16867375,YUXUCH,"2026-09-18 13:21:43",1371.3,1,yuxuch
2957,16623603,"Renji Starfall","2026-09-13 14:14:01",1371.3,2,renjistarfall
2958,16728774,あなまか,"2026-09-25 23:42:10",1370.9,2,arakish
2959,16905027,"xiaomeng lin","2026-09-26 15:10:44",1370.9,2,xiaomenglin
2960,16879614,"Razvan Stancioiu","2026-09-22 20:24:54",1369.8,2,razvanstancioiu
2961,16697540,"Jared Floersch","2026-09-24 12:24:14",1369.2,2,jaredfloersch
2962,16743342,"Артём Свинобоев","2026-09-13 11:38:29",1369.1,2,ssstelmah
2963,16792799,Kohecchi,"2026-09-15 16:17:53",1369.1,1,kohecchi
2964,16884932,torvile,"2026-09-13 05:54:14",1368.8,2,torvile
2965,16858523,"Taivanbat Bayarsaikhan","2026-09-24 08:03:28",1368.5,2,taivnaaiwnl
2966,16796235,"Keside Onyeocha","2026-09-20 01:25:05",1368.5,2,kesideonyeocha
2967,16710459,Nironiro,"2026-09-27 07:13:02",1368.2,2,nironiro
2968,16656312,"retiring to farm","2026-09-25 14:55:10",1367.7,2,"avnermlim,belati,hilariusjeremy,matthewpramana,nicholasarditirta"
2969,16855071,Janvi_ch,"2026-09-13 18:22:18",1367.7,2,janvich
2970,16715066,akahane,"2026-09-16 21:06:58",1367.5,2,shuheiakahane
2971,16870577,"Kenan Zhang9","2026-09-21 02:18:25",1366.9,2,kenanzhang9
2972,16658382,vladee,"2026-09-26 22:09:08",1366.8,2,vladee
2973,16885455,"Ali Azizi","2026-09-19 12:36:06",1366.3,2,aliazizi1
2974,16809200,v0m0v,"2026-09-13 12:09:18",1366.0,2,maguchiya
2975,16847578,"Tim Chernov","2026-09-27 02:34:15",1364.8,2,saffff
2976,16731501,"Shiv Satyam","2026-09-13 22:14:15",1364.7,2,shivsatyam
2977,16871327,"Anh Bui","2026-09-18 04:29:28",1364.0,2,bibanh
2978,16885734,zylvento,"2026-09-13 10:02:37",1363.7,2,"lorvexa,zylvento"
2979,16920623,yeqinxin,"2026-09-25 04:12:54",1363.7,2,yqx123456
2980,16684641,t.me/aetheranime,"2026-09-13 10:22:28",1363.6,2,yfrite
2981,16881755,MudassarPAPI,"2026-09-14 08:59:06",1363.4,2,mudassarpapi
2982,16807802,嘴爷,"2026-09-14 02:14:43",1363.4,2,zui0711
2983,16841799,珍珠,"2026-09-14 16:49:56",1361.4,2,luochen6
2984,16653311,"Stanislav Tsepa","2026-09-25 17:34:22",1360.9,2,mrtsepa
2985,16741321,"S. B.","2026-09-25 06:01:56",1359.7,2,aughra
2986,16855088,Re:dorf,"2026-09-15 12:44:10",1359.6,2,reydorf
2987,16847763,MartinZiserman,"2026-09-11 23:53:37",1358.7,2,zarmii
2988,16715216,Colin,"2026-09-15 12:36:41",1358.5,2,umcolin
2989,16802410,"Aleksandr  Larko","2026-09-14 02:42:42",1358.0,2,alexxanderlarko
2990,16877997,Mirlan,"2026-09-13 07:44:53",1358.0,2,zmtrxq
2991,16688808,"Niranjan Nakkala","2026-09-25 11:28:27",1357.3,2,niranjanmudhiraj
2992,16885599,Suiban,"2026-09-22 12:19:22",1357.1,2,suiban410219
2993,16881882,Fl,"2026-09-14 21:42:24",1356.8,2,flagon
2994,16806146,"Factual Explorer","2026-09-12 20:05:48",1355.4,2,factualexplorer
2995,16662984,"Mark Schatza","2026-09-17 18:27:19",1355.3,2,markschatza
2996,16654322,"Debatreya Biswas","2026-09-24 14:55:19",1355.0,2,debatreyabiswas
2997,16942429,"yangjian zhu","2026-09-26 01:53:40",1355.0,2,yangjianzhu
2998,16886066,latentb,"2026-09-13 11:55:55",1354.6,2,latentb
2999,16706004,Divyansh,"2026-09-23 19:47:12",1354.3,2,sehgaldivyansh
3000,16885807,S3unburst,"2026-09-13 10:25:40",1354.3,2,s3unburst
3001,16622820,"Sergey Nefedov","2026-09-13 18:00:39",1354.3,2,sergionefedov
3002,16866868,mr_children_0617,"2026-09-14 13:01:56",1354.2,2,mrchildren0617
3003,16682892,"Alvaro Llamojha","2026-09-24 06:44:17",1354.0,2,alvarollamojha
3004,16862390,huytngo,"2026-09-13 02:44:09",1352.0,2,huytngo
3005,16865854,lancerhim,"2026-09-14 04:18:21",1351.3,2,lancerhim
3006,16914530,ZKH-Harness,"2026-09-27 06:06:53",1350.8,2,"hanyazhang,kanny912,zhaoruichen"
3007,16861885,"Олег Бабков","2026-09-26 22:00:13",1350.7,2,jabberwock78
3008,16857723,"Mask Learning","2026-09-27 06:04:35",1350.2,2,"clipcode,daskrank,maskgen,nnmerge,opscfg"
3009,16639168,Sergey,"2026-09-13 08:22:45",1350.0,2,sergeymikhailovn
3010,16761657,Picu,"2026-09-25 15:44:04",1349.1,2,rumoschilling
3011,16632708,__Taichicchi__,"2026-09-25 23:31:41",1348.9,2,hutch1221
3012,16654109,"Mohamed Amine Aichaoui","2026-09-22 21:38:11",1348.9,2,mohamedamineaichaoui
3013,16716867,"Kevin Gemilang","2026-09-19 04:52:17",1348.2,2,kevingemilang
3014,16875733,Fronta,"2026-09-13 06:47:59",1347.8,2,mirichima
3015,16761167,"Tejasteju M P","2026-09-24 04:29:56",1347.4,2,tejastejump
3016,16809721,siren2345,"2026-09-22 14:35:50",1347.4,2,siren2345
3017,16945180,"Anton Nikonov","2026-09-25 12:16:58",1346.5,2,antonnikonov
3018,16630418,butterchicken,"2026-09-25 08:17:33",1346.4,2,"ritanshuprasad,sriramlingavel01"
3019,16878707,"Shiva Somasundaram Balaji","2026-09-13 05:58:09",1346.0,2,shivasomasundaramb
3020,16749352,"Ian Virchenko","2026-09-14 10:23:15",1345.6,2,yvainr
3021,16948046,"Jeroen Cottaar","2026-09-23 14:38:47",1345.3,2,jeroencottaar
3022,16657587,PxlPau,"2026-09-13 00:34:27",1345.3,2,studybeetutoring
3023,16629873,UncleWKTK,"2026-09-13 05:24:28",1344.6,2,unclewktk
3024,16949344,M1R0OFFICIAL,"2026-09-24 00:09:03",1344.2,1,m1r0official
3025,16905838,lin_,"2026-09-24 12:41:31",1343.8,2,linabohachuk
3026,16691670,wangbin.dev,"2026-09-17 16:58:12",1343.3,2,wangbindev
3027,16797154,"Elvern Neylmav Tanny","2026-09-13 23:37:07",1342.6,2,elvernneylmavtanny
3028,16715912,"Hiroshi Sakiyama","2026-09-25 15:56:51",1342.5,2,hiroshisakiyama
3029,16884902,yovrini,"2026-09-13 05:49:06",1342.2,2,yovrini
3030,16731194,"Neglected Turtle","2026-09-27 07:18:28",1341.7,2,pleaselike
3031,16882077,telep,"2026-09-22 15:21:34",1341.6,2,vitaliypyvovar1
3032,16742439,"Shangshang Zhang","2026-09-27 08:41:00",1341.4,2,msvzss
3033,16671596,Sibato,"2026-09-22 00:41:44",1341.1,2,sibato
3034,16881237,"Chunlai Li","2026-09-26 12:30:35",1340.4,2,lichunlai123
3035,16798152,"A secretive person","2026-09-18 14:09:57",1340.2,2,asecretiveperson
3036,16942273,"Sravanthi Kovvuri","2026-09-23 12:14:18",1339.5,2,sravanthikovvuri
3037,16885704,tavrico,"2026-09-13 09:52:55",1338.9,2,tavrico
3038,16709872,"Tim McGarvey","2026-09-27 06:58:44",1338.7,2,timmcgarvey
3039,16855156,"Lior Toledano","2026-09-15 18:15:51",1338.4,2,liortoledano
3040,16870485,agentic,"2026-09-16 19:21:30",1338.4,2,"audiuphile,mark5221,sidchevvan"
3041,16733016,Quillbolt,"2026-09-26 11:14:01",1338.1,2,tunminhhunh
3042,16855665,"Yash Yadav","2026-09-27 07:10:51",1337.5,2,yash2072005
3043,16852377,"Zhong Lyu","2026-09-25 08:57:10",1337.2,2,zhonglyu
3044,16643554,"Arnie Jimenez","2026-09-16 16:50:18",1336.9,2,arniejimenez
3045,16881613,refluxor,"2026-09-12 14:44:46",1336.8,2,refluxor
3046,16681049,"SiLin “Can SiLin” Can","2026-09-13 05:44:26",1336.4,2,"k3rn3l,silincansilincan"
3047,16748559,GodofThunder2407,"2026-09-13 06:18:15",1336.4,2,godofthunder2407
3048,16928266,"Arun Khatua","2026-09-24 05:25:15",1335.9,2,arunkhatua
3049,16832226,"DI27 RF","2026-09-13 02:34:01",1335.9,2,di27rf
3050,16946333,KIT,"2026-09-23 09:13:30",1335.3,2,ray6767
3051,16730854,src,"2026-09-26 07:50:08",1334.9,2,skthtu
3052,16859409,wia'ma,"2026-09-26 00:45:31",1334.2,2,wangyiqicy
3053,16818508,"Napster Y","2026-09-27 03:40:55",1334.1,2,napstery
3054,16885770,"Rahul Jangra","2026-09-13 10:13:19",1334.1,1,leonado10000
3055,16859745,111,"2026-09-25 16:54:39",1333.2,2,guoz112
3056,16635973,"Code by Nadiia","2026-09-24 11:05:35",1331.9,2,codebynadiia
3057,16665841,"Mohit Rao","2026-09-14 05:22:15",1331.6,2,vmohitrao
3058,16642846,"Leonid Zaporozhets","2026-09-26 09:30:34",1331.4,2,leonidzaporozhets
3059,16822395,"Vladimir Galatenko","2026-09-24 02:41:17",1330.3,2,vladimirgalatenko
3060,16639731,williamrawling,"2026-09-27 03:11:34",1330.1,2,williamrawling
3061,16630803,"Mirza Milan Farabi","2026-09-13 21:59:25",1329.9,2,mirzamilanfarabi
3062,16892458,orangeaugust,"2026-09-26 11:13:30",1329.8,2,orangeaugust
3063,16884822,reziavon,"2026-09-13 05:38:11",1329.2,2,reziavon
3064,16669843,"hikaru kitagawa","2026-09-21 04:20:12",1328.2,2,hikarukitagawa
3065,16916104,"Dayi Zhang","2026-09-22 15:27:26",1327.3,2,dayizhang
3066,16946666,"Pengfei Yan ","2026-09-27 09:19:34",1327.3,2,pengfeiyan
3067,16839489,Q1du,"2026-09-12 10:12:02",1327.1,2,zjecust
3068,16830984,lizhengui,"2026-09-13 06:34:44",1327.0,2,lizhengui
3069,16696099,moss,"2026-09-13 09:31:52",1326.8,2,kenyashimizu
3070,16842293,"WANG HONGXIANG","2026-09-20 15:33:21",1326.5,2,wanghongxiang
3071,16881818,gradfield21,"2026-09-12 15:44:29",1325.7,2,gradfield21
3072,16660041,"Hoàng Quốc Việt ","2026-09-13 04:56:59",1325.5,2,viethwang3i
3073,16845314,ryvhii,"2026-09-21 06:51:36",1324.8,2,ryvhii
3074,16755049,gamesu7107,"2026-09-12 18:24:15",1324.3,2,gamesu7107
3075,16663929,"Erman Man","2026-09-12 02:05:39",1323.6,2,ermanman
3076,16677568,yarneo,"2026-09-16 10:07:53",1323.4,2,yarneo
3077,16723988,yuyinghuang,"2026-09-13 07:00:33",1322.5,2,yuyinghuang
3078,16728076,uuu,"2026-09-13 09:12:31",1322.4,2,vovafinogenov
3079,16881783,novasync88,"2026-09-12 15:27:48",1322.2,2,novasync88
3080,16854815,marching_zzz,"2026-09-27 02:33:13",1321.4,2,marchingzzz
3081,16888282,Sheeesh---,"2026-09-21 18:08:35",1321.4,1,hamzaaitmohamed
3082,16859269,BAILW,"2026-09-25 16:46:48",1321.3,2,baimatubama
3083,16740034,BSCode,"2026-09-14 02:27:32",1321.2,2,bscode
3084,16881121,Annsatz,"2026-09-14 14:59:00",1320.6,2,ansatzkong
3085,16632527,"GIVE ME A JOB","2026-09-10 09:35:11",1319.8,2,tarokogawa
3086,16864988,"jiangling wang","2026-09-13 10:59:00",1319.5,1,jianglingwang
3087,16654848,DovyDigital,"2026-09-25 00:28:21",1319.1,1,dovydigital
3088,16862084,weiooocnnnnnn,"2026-09-15 11:52:22",1319.0,2,weiooocn
3089,16737041,presucc,"2026-09-13 04:13:37",1319.0,2,presucc
3090,16859690,Molood,"2026-09-10 20:30:43",1318.3,2,molooda
3091,16858414,wantOchange,"2026-09-13 01:00:32",1317.0,2,wantochange
3092,16839754,"Lauresowe 3D","2026-09-12 10:00:06",1315.5,2,lauresowe3d
3093,16684401,WQAAAA,"2026-09-12 03:28:35",1314.4,2,wqaaaa
3094,16857987,fujia,"2026-09-19 05:16:43",1314.4,2,fujiasama
3095,16881521,Juniperss,"2026-09-12 14:16:09",1312.5,2,juniperss
3096,16790931,100rabh,"2026-09-12 16:42:27",1312.5,2,saurabhkumar234
3097,16771703,"Moomin and his farm","2026-09-12 07:03:58",1312.2,2,ataraxyyeah
3098,16731926,"Pardheev Krishna","2026-09-12 12:08:13",1311.7,2,"anandkumar0901,ayushjiwatramani,nidhibsh,nitindatanylatics,pardheev"
3099,16657265,"Hemant Kumar","2026-09-18 13:53:47",1311.6,2,hemantrajputt
3100,16705318,arminhej96,"2026-09-22 05:17:55",1311.6,2,arminhej96
3101,16692725,"Zhen Li","2026-09-12 10:05:10",1311.2,2,zhenlisak
3102,16657887,"Yermak Petro","2026-09-26 23:23:16",1310.6,2,yermakpetro
3103,16775571,Gaurav06520,"2026-09-15 12:38:42",1310.4,2,gaurav06520
3104,16722818,"Mukesh R","2026-09-14 09:13:30",1309.5,2,mukeshr06
3105,16880960,Kiriesh,"2026-09-16 18:45:37",1309.4,2,kiriesh
3106,16808020,"Pulkit Arora 🇮🇳","2026-09-11 09:15:58",1309.1,2,pulkittarora
3107,16629699,radiant-allomancer,"2026-09-11 00:50:02",1308.6,2,radiantallomancer
3108,16756965,gchauhan,"2026-09-15 06:57:02",1308.6,2,gchauhan
3109,16665641,"Alexander Shahramanyan","2026-09-24 18:02:47",1308.6,2,alexshah
3110,16630797,"Seok, Jeongeum","2026-09-27 00:58:13",1308.0,2,seokjeongeum
3111,16641309,klog,"2026-09-12 04:48:32",1308.0,2,mhrzmmhrzm
3112,16846958,"Constantin Craciun","2026-09-27 08:20:21",1307.9,2,constantincraciun
3113,16701612,Kiki,"2026-09-11 06:43:31",1307.6,2,rouiou
3114,16644818,chudddc,"2026-09-24 14:43:09",1307.4,2,chudddc
3115,16664761,"Udit Jain #2","2026-09-12 00:14:14",1307.1,2,iamudit
3116,16623385,yurunougyou!,"2026-09-10 12:25:26",1306.8,2,isakatsuyoshi
3117,16699045,"Abu Kayyisah Basyid","2026-09-24 17:36:05",1306.6,2,abukayyisahbasyid
3118,16689863,yukichi0403,"2026-09-15 12:39:45",1306.3,2,yukitake93
3119,16862806,kitsada,"2026-09-19 09:59:59",1305.9,2,wangwaen
3120,16635233,"Szymon Kłapiński","2026-09-12 10:11:30",1305.2,2,szymonkapiski
3121,16699455,vijaikm,"2026-09-22 11:56:07",1304.8,2,vijaikm
3122,16799598,RameshG888,"2026-09-11 08:42:57",1304.6,2,ramesh888
3123,16784516,pejipej,"2026-09-26 22:07:46",1304.6,2,pejmaneghbali
3124,16630142,zawawannko,"2026-09-11 08:03:32",1304.4,2,zawawannko
3125,16879360,"Neural Subscribed Operator","2026-09-12 06:55:46",1304.0,1,nacl3084
3126,16630984,TakamaruEX,"2026-09-14 08:20:46",1303.8,2,takamaruex
3127,16881585,Venqira,"2026-09-12 14:31:19",1303.8,2,venqira
3128,16662735,"Kurian George","2026-09-11 17:16:25",1303.4,2,kuriangeorge
3129,16734447,"Ali Bauyrzhan","2026-09-25 20:12:33",1303.1,2,alibauyrzhan
3130,16867641,YK,"2026-09-10 17:17:04",1302.8,2,yukitashiro
3131,16862944,Luchsus,"2026-09-14 23:29:16",1302.1,2,jansteindlstarlinger
3132,16858157,osteo,"2026-09-11 01:33:23",1302.0,2,logstwo
3133,16685047,Yvonne.,"2026-09-21 08:34:31",1302.0,2,zdawer250
3134,16621402,Maxim,"2026-09-27 07:05:24",1299.2,2,ektarr
3135,16869555,"Karthik Nambiar","2026-09-15 07:13:16",1298.9,2,karthiknambiar387239
3136,16688587,yamashu,"2026-09-21 01:17:33",1298.6,2,yamashuuu
3137,16712329,"Andrej Carpenter","2026-09-22 07:36:56",1298.6,2,andrejcarpenter
3138,16783173,"Michael Shihong Zhang","2026-09-13 05:39:27",1297.2,2,"excelexx,festyve"
3139,16678609,quantcrypto3,"2026-09-19 01:51:13",1296.8,2,quantcrypto3
3140,16719364,Yeh!AIGame,"2026-09-26 07:23:01",1296.7,2,"luluyeh,yehshibang"
3141,16843892,luxinyayaya,"2026-09-15 03:23:21",1296.5,2,luxinyayaya
3142,16689186,NCK,"2026-09-12 04:31:04",1295.2,2,drnchaitanyakumar
3143,16741243,"Yasin Mert Şahin","2026-09-26 10:59:21",1294.8,2,ymertsahin
3144,16621063,Broskis,"2026-09-11 03:19:55",1294.8,2,"aikyatansinha,r1cksync,vamshikrishnaemmadi"
3145,16849377,try,"2026-09-26 13:13:47",1294.6,2,weishanshan033
3146,16772119,Workybara.ai,"2026-09-12 03:16:14",1294.4,2,workybaraai
3147,16661462,"Dania Amer","2026-09-24 01:19:39",1294.2,2,dania35
3148,16671520,sci-shi,"2026-09-22 14:17:14",1293.7,2,scishi
3149,16860566,黄旭伟aaaabbs,"2026-09-25 14:49:18",1293.5,2,aaaabbs
3150,16864072,"Matvey Skovordin","2026-09-10 04:24:07",1292.9,1,kickassnumberone
3151,16802578,Yuuki4543,"2026-09-11 06:18:16",1292.5,2,yuuki4543
3152,16700510,"Shadow Recon","2026-09-25 08:33:13",1292.2,2,gaurav065
3153,16850105,Pantheon,"2026-09-14 07:40:15",1291.8,2,skyenxt
3154,16881857,Pheonix,"2026-09-17 11:51:43",1291.6,2,vikasg1711
3155,16857624,flatton,"2026-09-16 23:02:27",1291.2,2,tomokifujihara
3156,16825815,linchenge,"2026-09-25 14:36:14",1290.8,2,linchenge
3157,16730323,fufufukakaka,"2026-09-26 00:23:34",1290.8,2,fufufukakaka
3158,16716431,m&m,"2026-09-27 08:53:41",1290.5,2,ntrlmt
3159,16885509,HAL,"2026-09-14 07:58:55",1290.5,1,"asunalin,ljimmy2005007"
3160,16848765,XJHya233,"2026-09-13 11:56:26",1290.5,2,xjhya233
3161,16784992,Prasad.tgs,"2026-09-25 15:00:49",1289.3,2,sivaprasadnaidu
3162,16862840,"Ammar Aziz","2026-09-12 11:11:53",1288.7,2,cabtainamamr
3163,16678930,"Just a moroccan","2026-09-26 12:14:44",1288.6,2,zbidaamine
3164,16624073,SoftRL,"2026-09-22 13:34:39",1288.3,2,"maruichi01,ppocharl,puws06,tatsukisato,unikina"
3165,16669461,"suzy su","2026-09-12 12:38:38",1288.1,2,suzysu997
3166,16662618,"Soledad Santiago","2026-09-27 05:56:14",1288.1,2,soledadsantiago
3167,16797847,"levski shampion","2026-09-12 23:19:08",1287.4,2,mariomalev
3168,16881267,"juu meng","2026-09-13 07:07:40",1287.3,2,juumeng
3169,16772090,"SHIVAJI SHAIK","2026-09-20 07:13:54",1287.1,2,shivajishaik
3170,16669038,"Nabeel Shar","2026-09-13 09:17:32",1286.7,2,nabeelshar
3171,16682318,Bibek,"2026-09-13 20:49:12",1286.2,2,bibek777
3172,16623298,Mikhail_Komkin,"2026-09-26 22:58:30",1285.1,2,mikhailkomkin
3173,16661667,"Wufang Hong","2026-09-10 07:14:27",1284.3,2,wufanghong
3174,16713281,SirShifu,"2026-09-10 22:19:52",1283.9,2,sirshifu
3175,16708546,"Blue Rain","2026-09-12 04:15:32",1283.6,2,bluefeather386
3176,16655411,フナコシ,"2026-09-22 18:24:58",1283.3,2,kokifunakoshi
3177,16756477,Ender,"2026-09-24 23:40:32",1282.7,2,eamonnkashyap
3178,16781550,Lumberjacks,"2026-09-19 16:21:59",1281.9,2,jamesmcgarryiv
3179,16658801,"Thuc Nguyen Dang 111","2026-09-13 05:21:36",1281.5,2,thucnguyendang111
3180,16875671,"Nikolay Shaulsky","2026-09-26 09:15:39",1281.3,2,nikolayshaulsky
3181,16696738,rekhasri,"2026-09-18 17:25:22",1280.9,2,rekhasri
3182,16659957,LeFarmers,"2026-09-24 19:10:00",1280.7,2,"jaydonjp,kuantumknight"
3183,16735837,yaki-imo,"2026-09-11 04:35:42",1280.4,2,taichiakiyama
3184,16866424,"gmmm mmod2","2026-09-11 07:38:54",1280.1,2,gmmmmmod2
3185,16881694,Novardion,"2026-09-13 11:28:43",1279.4,2,novardion
3186,16641956,SixGODD,"2026-09-20 01:06:51",1279.3,2,sixgodd
3187,16781506,un0o7,"2026-09-11 13:10:36",1279.0,2,hjhsdsdww
3188,16628875,TakahiroHon,"2026-09-17 02:59:51",1278.9,2,takahirohon
3189,16658185,"Juwon Kweon","2026-09-22 01:35:01",1278.1,2,juwonkwon
3190,16814701,e0970145,"2026-09-10 11:43:21",1277.3,2,maxxtucker
3191,16760509,"gnanadeepika karanam","2026-09-26 17:57:13",1277.1,2,gnanadeepikakaranam
3192,16898290,"Ryan Jonathan Valencia","2026-09-17 17:33:18",1276.7,2,ryanjonathanvalencia
3193,16702674,"Varun S G","2026-09-18 05:49:16",1276.4,2,warun7
3194,16918530,lingsio,"2026-09-22 06:17:59",1276.2,2,shinshengchiou
3195,16849766,"Uncle Scooge","2026-09-11 13:27:24",1275.7,2,"guzzbr,pascalcoimbra"
3196,16882304,"Lokesh Prajapat","2026-09-12 18:20:47",1275.5,1,lokesh0252
3197,16717794,souldrive,"2026-09-13 13:18:14",1275.2,2,souldrive
3198,16865261,"Kamal Kadakara","2026-09-27 02:44:44",1275.0,2,kamalkadakara
3199,16710469,Qimra1729,"2026-09-11 08:09:04",1274.6,2,qimra1729
3200,16880407,kimuraaa,"2026-09-21 07:58:10",1274.2,2,kimuraaa
3201,16811496,Marie,"2026-09-23 05:17:53",1273.9,2,mariashatrova
3202,16660250,Moshel,"2026-09-12 23:06:43",1273.7,2,moshel
3203,16867327,Zorvella,"2026-09-11 03:16:36",1272.8,2,zorvella
3204,16672128,Cliffton,"2026-09-27 04:29:20",1272.6,2,rieltzx
3205,16758232,mech_39,"2026-09-10 21:20:57",1271.7,2,mech39
3206,16756765,DharmParmar,"2026-09-23 01:19:56",1270.9,2,dharmparmar
3207,16691084,"Ke Ma Ke","2026-09-13 09:01:36",1270.9,2,kemake
3208,16664609,Re2lawd,"2026-09-24 09:51:49",1270.4,2,re2lawd
3209,16791163,woldy,"2026-09-27 05:13:09",1270.3,2,woldywei
3210,16847304,"eryue shisi","2026-09-14 02:41:20",1270.2,2,eryueshisi
3211,16867005,cryptvector2,"2026-09-11 13:22:09",1269.8,2,cryptvector2
3212,16722849,"Dhruv Bansal","2026-09-27 09:01:17",1269.7,2,dhruvb2028
3213,16729765,"Caio Ruiz","2026-09-27 07:41:46",1268.7,2,chvruiz
3214,16843617,Jenny124685,"2026-09-24 05:14:36",1268.4,2,jenny124685
3215,16748487,Hiters,"2026-09-11 00:54:16",1268.1,2,mikehongsz
3216,16768016,JohnBlake,"2026-09-26 06:49:17",1268.0,2,jaybeeja
3217,16841595,Jaso1024,"2026-09-10 01:44:10",1268.0,2,jaso1024
3218,16688313,"Gnosys Labs","2026-09-18 00:56:10",1267.8,2,gnosyslabs
3219,16670715,i3,"2026-09-24 08:33:45",1267.8,2,ishijima
3220,16832866,bgaoi2,"2026-09-09 15:09:29",1267.5,2,bgaoi2
3221,16668622,"Michael McGrain","2026-09-10 10:38:27",1267.0,2,michaelmcgrain
3222,16896283,"WENBO ZHANG","2026-09-24 00:48:40",1267.0,2,wenbozhang2026
3223,16854573,"这是 AI 的胜利","2026-09-10 09:15:16",1266.6,2,iaptainmy
3224,16630015,星之海,"2026-09-26 07:48:07",1265.8,2,web3cainiao
3225,16663963,M0h4m3d-Byte,"2026-09-27 08:54:20",1265.8,2,dev3mohamed
3226,16663808,"Fae Gaze","2026-09-10 20:30:29",1265.3,2,achievement
3227,16708791,atsu0905,"2026-09-27 01:16:01",1265.3,2,atsu0905
3228,16861723,"Landon Hershberger","2026-09-15 22:04:40",1265.0,2,landonhershberger
3229,16652764,hikahika,"2026-09-11 13:31:34",1263.9,2,naganohikaru
3230,16814378,"Jay Prrajapati","2026-09-09 13:53:13",1262.4,2,jayprrajapati
3231,16623980,Nikita,"2026-09-14 10:05:57",1262.2,2,ivanovnikitawork
3232,16865917,"Yihao Wei","2026-09-13 10:07:46",1262.2,2,yihaowei
3233,16868685,"Kotaro Simizu","2026-09-11 20:39:54",1260.7,2,"kotarosimizu,mahiro1214"
3234,16635209,4eta,"2026-09-23 16:25:06",1260.7,2,bio4eta
3235,16715205,GCarnovale,"2026-09-24 01:40:57",1260.5,2,gcarno
3236,16691270,"Piyal Chowdhury","2026-09-21 18:53:53",1260.5,2,piyalchowdhury
3237,16720797,"Vibe Farmer","2026-09-11 02:14:27",1260.3,2,pulakkantibhowmick
3238,16907406,herok0809,"2026-09-16 16:49:09",1259.6,2,herok0809
3239,16876040,hgh404,"2026-09-22 20:49:08",1259.2,2,"gamejoker,hgh1024"
3240,16660020,"Gaddam Shiva Teja","2026-09-24 20:55:02",1259.2,2,shivateja005
3241,16698287,"Reinforcement Forgetting","2026-09-24 23:34:50",1259.0,2,ethanjschauder
3242,16670879,"old macdonald","2026-09-07 16:11:15",1258.7,2,djschmit
3243,16870461,Fumi,"2026-09-26 06:02:01",1258.6,2,cheersbeer
3244,16871483,carnivore,"2026-09-25 16:57:19",1258.0,2,prapproved
3245,16810595,dauriel,"2026-09-27 07:28:59",1256.9,2,"dauriel,theakshay"
3246,16730735,YUK,"2026-09-27 09:08:31",1256.7,2,yu0307
3247,16883478,Aggri_goon,"2026-09-16 10:48:29",1256.4,2,ryonagakubo
3248,16627194,GzmCR632,"2026-09-11 07:01:14",1256.2,2,gzmcr632
3249,16676085,"Giordano Dolenz","2026-09-11 17:20:50",1256.2,2,giordanodolenz
3250,16808822,-lingluo-,"2026-09-22 04:22:20",1256.1,2,lingluoo
3251,16736838,アナコンダ,"2026-09-09 13:48:32",1255.8,2,"ei1333,unosss"
3252,16635062,DL,"2026-09-10 04:16:38",1255.8,2,distiller
3253,16857939,"Le Duy Dong","2026-09-10 16:11:23",1255.5,1,lduynglduyng
3254,16844456,Touk00,"2026-09-13 04:20:04",1255.4,2,touk00
3255,16735238,DHKim0324,"2026-09-26 19:32:40",1254.8,2,dhkim0324
3256,16746796,kaguramena,"2026-09-10 07:13:17",1254.2,2,kaguramena
3257,16634104,FarmGoose,"2026-09-10 09:10:47",1254.0,2,yizhanglou
3258,16670020,nanare,"2026-09-16 16:43:03",1252.9,2,nanaresudo
3259,16623309,zyvren,"2026-09-11 15:14:31",1252.9,2,"nusratahmmedmaisha,sharif485"
3260,16764349,Solo,"2026-09-12 22:58:37",1251.9,2,solosolo
3261,16728238,ubcict232,"2026-09-27 01:25:36",1251.7,2,ubcict232
3262,16857932,"Ahmed Ansari","2026-09-16 11:57:46",1251.6,2,ahmed1ansari
3263,16622835,"Max Manushin","2026-09-11 01:04:29",1251.3,2,innerf1re
3264,16634519,"Darshan Makwana","2026-09-10 10:17:03",1251.1,2,ellipticaloranges
3265,16677596,Sere1n,"2026-09-11 15:08:02",1251.0,2,chacc0
3266,16801797,Tv,"2026-09-13 03:11:19",1250.9,2,linyeah
3267,16811414,Y-Kitaro,"2026-09-26 14:43:05",1250.7,2,yhataktaro
3268,16778334,"Onkar Belure","2026-09-09 16:22:19",1250.5,2,onkarbelure
3269,16789509,"Yang Wei Hao","2026-09-09 13:02:55",1250.5,2,aichangeworld
3270,16810275,Adam,"2026-09-27 03:25:47",1250.5,2,potonglantie93
3271,16769885,kurushun,"2026-09-10 02:10:21",1250.5,2,kurushun
3272,16657671,CyberRacoon,"2026-09-15 10:38:45",1250.1,2,racoontw
3273,16635055,chch,"2026-09-25 09:21:47",1250.0,2,chchentw
3274,16867407,Lanqira,"2026-09-11 03:08:56",1248.8,2,lanqira
3275,16770055,"san yin26","2026-09-15 08:14:39",1248.4,2,"amadeusan,sanyin26"
3276,16792013,"Alec Polansky","2026-09-10 01:58:49",1247.8,2,alecpolansky
3277,16717549,"Adejumo Boluwatife","2026-09-11 19:09:23",1247.4,2,adejumoboluwatife
3278,16839821,"Stepan Pankratov","2026-09-09 14:47:50",1246.8,2,infam62
3279,16890052,Code4life,"2026-09-15 16:46:33",1246.6,2,"huylngcgia,taovietducofficial"
3280,16676739,"Jonathan Zheng Jiahao","2026-09-10 02:53:21",1246.1,2,jonathanzhengjiahao
3281,16663252,"MD Concepcion","2026-09-25 20:13:51",1245.9,2,mikedconcepcion
3282,16640991,sometimeafter,"2026-09-09 17:35:05",1244.3,2,xinyeee
3283,16870600,"Huayu Wen","2026-09-11 14:17:55",1244.2,2,huayuwen
3284,16771337,titako0000,"2026-09-10 09:00:19",1244.0,2,titako0000
3285,16866567,Variiiiiii,"2026-09-11 10:09:24",1243.9,2,variiiiiii
3286,16758893,"Sercan Yeşilöz","2026-09-09 12:34:34",1243.8,2,sercanyesiloz
3287,16843384,"Anatoly Lyutov","2026-09-11 11:54:44",1243.2,2,anatolylyutov
3288,16811247,"Luca Mussino","2026-09-10 20:53:58",1243.0,2,lucamussino
3289,16633793,adakoda,"2026-09-09 11:55:49",1242.9,2,adakoda
3290,16672997,"Francesco Montone","2026-09-11 10:56:31",1242.8,2,francescomontone
3291,16886357,"Sun Jaden","2026-09-13 21:34:56",1242.3,2,sunjaden
3292,16739578,"Pietro Valocchi","2026-09-15 06:34:30",1241.5,2,pietrovalocchi
3293,16627581,AidenSong123,"2026-09-12 14:15:30",1241.1,2,aidensong123
3294,16786092,Shiru2,"2026-09-09 19:34:32",1240.0,2,shiru2
3295,16779957,养了一群扫福瑞,"2026-09-09 12:13:36",1239.8,2,whq0q7
3296,16712796,"Kumar Saurabh","2026-09-17 08:13:59",1239.4,2,bakakaka
3297,16859804,seele,"2026-09-09 10:20:41",1239.3,1,seele1917
3298,16786496,"Lê Quang Cảnh","2026-09-12 05:44:25",1239.1,2,zhincez
3299,16731836,"Theo Venturian","2026-09-11 18:03:45",1239.1,2,theodorraulventurian
3300,16851444,"Vũ Tuấn","2026-09-25 15:13:25",1238.9,2,vtunksdlvnj6
3301,16741542,"let cats farm","2026-09-19 22:33:26",1238.5,2,amonkizawa
3302,16860118,Hironobukawaguchi,"2026-09-09 11:53:30",1238.4,2,hironobukawaguchi
3303,16859585,momo,"2026-09-10 03:06:37",1238.4,2,fyenneyenn
3304,16683488,"Ripudaman Parmar","2026-09-19 12:56:14",1238.2,2,"ktkgpt,ripudamanparmar"
3305,16861998,bobodict,"2026-09-09 17:26:50",1238.1,2,bobodict
3306,16857861,Satua,"2026-09-11 06:36:26",1237.9,2,satyasrinivasanandh
3307,16858196,"Cường Dược Sĩ","2026-09-22 19:12:00",1237.8,2,cngdcs
3308,16782564,"Chris Tu","2026-09-26 06:43:35",1237.6,2,christu831004
3309,16712007,"Dipin Kothavoor","2026-09-14 13:54:52",1237.5,2,dipinkothavoor
3310,16866946,truxivan,"2026-09-10 13:46:58",1237.1,1,truxivan
3311,16843047,liyuting,"2026-09-10 07:27:21",1236.3,2,lytqwq
3312,16839834,nouvya,"2026-09-10 15:48:43",1236.0,2,nouvya
3313,16855868,PapaSoda,"2026-09-10 17:45:16",1235.8,2,papasoda
3314,16658290,rrishavrraj,"2026-09-25 18:07:56",1235.0,2,"rrishavrraj,shubhamkumar9812"
3315,16870350,praneethb7,"2026-09-26 22:01:09",1233.2,2,praneethbudati
3316,16641713,"ronsen sun","2026-09-11 08:01:06",1233.1,2,ronsensun
3317,16677217,Panos,"2026-09-15 12:44:36",1232.4,2,panosc
3318,16841960,WessonZ,"2026-09-10 02:11:20",1232.0,2,wessonz
3319,16805144,heliosli,"2026-09-21 13:29:51",1231.5,1,heliosli
3320,16720696,Ankit0017,"2026-09-09 14:57:00",1231.2,2,ankit0017
3321,16814716,edder0798,"2026-09-12 07:57:25",1231.2,2,"edder0798,wangxi608"
3322,16946519,ShimonHori,"2026-09-27 08:55:17",1230.8,2,shimonhori
3323,16854541,yangyiqing6,"2026-09-15 06:14:21",1230.7,2,yangyiqing6
3324,16665230,"Jack Burley","2026-09-27 07:31:06",1230.3,2,jackburley
3325,16634082,"Mikey Marszewski","2026-09-11 02:26:39",1230.2,2,mikeymarszewski
3326,16729186,Virtute,"2026-09-16 06:25:56",1230.1,2,nameless001
3327,16670276,"Egor Trushin","2026-09-10 08:19:32",1230.0,2,egortrushin
3328,16833052,"we lose some 🏆","2026-09-26 14:40:54",1229.9,2,sayangoswami
3329,16860251,"Fabian Henning","2026-09-09 11:37:30",1229.5,1,crustacean
3330,16660987,AdrianWang2003,"2026-09-09 09:32:53",1229.2,2,"adrianwang2003,benlou04"
3331,16692678,Nerozud,"2026-09-23 18:24:54",1229.1,2,"lorerubiano22,nerozud"
3332,16623608,"Dmitry Larko","2026-09-08 23:05:52",1228.6,2,dmitrylarko
3333,16722888,GarrieD,"2026-09-12 14:53:50",1228.5,2,garried
3334,16698134,Hossein,"2026-09-11 02:29:53",1228.0,2,tomi85
3335,16734667,sadanamaru,"2026-09-10 12:22:11",1227.7,2,sadanamaru
3336,16854090,"Kaichi Morimoto","2026-09-09 11:22:01",1226.7,2,kaichimorimoto
3337,16759508,george-nigmatulin,"2026-09-27 09:07:57",1226.4,2,georgenigmatulin
3338,16625798,grifth,"2026-09-23 06:10:26",1225.3,2,grifth
3339,16808840,Devansh3007,"2026-09-10 05:02:13",1225.2,2,devansh3007
3340,16782708,lcx666,"2026-09-10 12:33:05",1225.2,1,chengxinliang
3341,16773964,trung,"2026-09-24 13:47:55",1225.2,2,trung2006
3342,16661648,"Vân Nguyễn","2026-09-15 14:45:09",1224.7,2,vunnguyen
3343,16862056,konchu2,"2026-09-10 11:32:13",1224.6,2,konchu2
3344,16861083,Shoto,"2026-09-09 15:14:42",1224.5,1,bloodymonday
3345,16656806,"Arshad Shemil k","2026-09-09 08:33:09",1224.1,2,arshadshemilk
3346,16756592,"Abdalrahman Eissa","2026-09-25 12:47:21",1223.9,2,abdalrahmaneissa
3347,16725564,NoPlanB,"2026-09-23 18:01:29",1223.7,2,kduncanrobertson
3348,16699246,"Labh Khatke","2026-09-11 15:53:22",1223.5,2,labhkhatke
3349,16860708,"Nav N","2026-09-10 07:47:42",1223.4,2,navidata
3350,16709501,Galaxantic,"2026-09-09 06:02:29",1223.0,2,neel21yt
3351,16624303,seven,"2026-09-09 09:18:12",1222.6,2,morikawatakeshi
3352,16669826,Jesse,"2026-09-12 07:51:27",1222.5,2,jesneuman
3353,16695242,"Utkarsh Prakash Srivastava","2026-09-08 15:55:37",1222.2,2,utkarshps
3354,16871705,Bertholdt,"2026-09-24 11:10:06",1221.9,2,bertholdt
3355,16661701,premjampuram,"2026-09-09 11:13:52",1221.4,2,"aasthasinha9,anji2705,premjampuram,sheetallodhi"
3356,16661846,"Jeffrey Pike","2026-09-09 16:05:56",1220.9,2,jeffreypikeai
3357,16659465,AravindLochan,"2026-09-08 10:00:39",1220.6,2,aravindlochan
3358,16844845,"Dinesh Amalathasan","2026-09-15 19:55:18",1220.0,2,amaldinesh
3359,16688130,"Lujia Liang","2026-09-16 21:00:32",1220.0,2,lujialiang123
3360,16763001,Eb3lss,"2026-09-09 11:08:19",1219.7,2,eb3lss
3361,16654403,"Skibidi Six Seven","2026-09-08 14:20:24",1219.7,2,iam4722202468
3362,16724755,K.nosaka,"2026-09-10 12:07:13",1219.6,2,kenseinosaka
3363,16663498,"Braxton Dyer","2026-09-23 14:23:54",1219.5,2,braxtondyer
3364,16663748,Calmracer,"2026-09-08 16:17:56",1219.1,2,ethanhall123
3365,16630833,"Savan Javia","2026-09-10 10:01:49",1219.1,2,savanjaviya
3366,16838766,"Justin Gao","2026-09-08 08:27:29",1218.0,2,justingao
3367,16858113,wli889661,"2026-09-09 13:38:01",1217.8,2,wli889661
3368,16876071,NITISH5236GOEL,"2026-09-26 05:12:35",1217.7,2,nitish5236goel
3369,16794758,wppepi,"2026-09-09 03:06:09",1217.3,2,"foxsuzuran,malossov,wppepi"
3370,16862298,"Varadaraj Borkar","2026-09-13 13:12:11",1217.2,2,varadarajborkar
3371,16809445,takusemba,"2026-09-09 14:50:14",1217.1,2,takusembba
3372,16689488,"Ming Fong","2026-09-10 02:48:20",1217.1,2,evilpegasus
3373,16659670,MeeMee,"2026-09-10 07:07:22",1217.0,2,yagi46
3374,16650824,Orsted_hitogmi,"2026-09-16 07:59:15",1216.7,2,orstedhitogmi
3375,16806556,KyryloBakumenko,"2026-09-27 08:54:13",1215.2,2,kyrylobakumenko
3376,16758629,karinkaito,"2026-09-16 01:08:30",1214.1,2,karinkaito
3377,16840564,starlovelmj,"2026-09-09 02:16:02",1214.0,2,starlovelmj
3378,16844672,"sleeping king","2026-09-09 02:11:59",1213.8,2,sleepingking
3379,16715729,Ajay_Rao_43,"2026-09-09 05:25:11",1213.4,2,ajayrao43
3380,16863538,e-toppo,"2026-09-10 01:15:27",1213.2,1,masatomatsui
3381,16736120,"Ricky #2","2026-09-08 02:47:36",1211.7,2,rickyds97
3382,16757123,"Sripad Modali","2026-09-16 14:48:11",1211.3,2,sripadmodali
3383,16810813,Scorn100,"2026-09-09 17:11:13",1210.8,2,scorn100
3384,16916142,aryandongare27,"2026-09-18 10:34:00",1210.7,2,aryandongare27
3385,16750843,jammings,"2026-09-09 13:11:04",1210.4,2,jammings
3386,16806006,2,"2026-09-23 08:45:53",1209.5,2,smallvv
3387,16774823,fan2goa1,"2026-09-09 07:23:33",1209.4,2,zfun0926
3388,16659843,"Amer Alkhalili","2026-09-25 18:34:26",1209.2,2,ameralkhalili
3389,16840862,HaoKwok,"2026-09-09 03:50:41",1209.2,2,haokwok2002
3390,16635747,"Jeki Wan Taufik","2026-09-08 15:14:33",1208.9,2,jek1wantaufik
3391,16806879,tetsuro731,"2026-09-09 11:46:20",1208.2,2,tetsuro731
3392,16774884,assssstnuar,"2026-09-21 10:18:41",1207.6,2,assssstnuar
3393,16732409,kawhi0.0,"2026-09-10 03:44:50",1207.5,2,kawhi00
3394,16718823,"Rafael Molina Castaño","2026-09-12 20:45:02",1207.3,2,rafaelmolinacastano
3395,16843635,"Просто Человек","2026-09-08 18:03:16",1207.1,2,gomunkul
3396,16706265,questiondlmarks,"2026-09-10 06:09:35",1206.5,2,questiondlmarks
3397,16673524,"Zikai Chen","2026-09-26 03:20:09",1206.3,2,"auroraxxiiaa,kyrie1102kai"
3398,16697736,"Daniel Correa","2026-09-26 16:35:27",1206.3,2,dcorrea1
3399,16721382,"Milan Leonard","2026-09-12 07:20:12",1206.3,2,milanleonard
3400,16644702,cracker_1_war,"2026-09-10 07:18:48",1205.5,2,cracker1war
3401,16860160,"Kohei #2","2026-09-09 11:20:08",1204.8,1,confirm
3402,16640701,momoon,"2026-09-27 05:33:41",1204.4,2,nomuraryota
3403,16784485,betterme,"2026-09-09 15:54:54",1203.3,2,betterme12345
3404,16909962,"Peter Shu","2026-09-17 02:29:52",1202.9,2,petershuikun
3405,16753710,tax_free,"2026-09-10 17:08:47",1202.7,2,taxfreepython
3406,16857458,HIIHIH,"2026-09-27 00:34:34",1202.7,2,hiihih
3407,16777107,Pipiripipap,"2026-09-09 10:03:38",1202.6,2,yohalf
3408,16841077,melowdramtic,"2026-09-10 02:31:53",1202.0,2,melowdramtic
3409,16846391,"here we go","2026-09-09 05:28:41",1201.9,2,j1aliangx
3410,16763418,overwhelmer,"2026-09-16 17:39:13",1201.7,2,overwhelmer
3411,16655474,Focus,"2026-09-09 12:04:51",1201.5,2,overvalueawareness
3412,16884338,"Emmet Banker","2026-09-24 01:53:27",1201.5,2,emmetbanker
3413,16743648,Hei_shao,"2026-09-12 18:48:52",1201.3,2,heishao
3414,16856437,"Roshan S. Chauhan","2026-09-14 09:33:55",1200.9,2,vrosenta
3415,16629972,"forever young","2026-09-27 08:59:51",1200.7,2,keisukeyokota0428
3416,16621687,ropeadope,"2026-09-23 10:47:05",1200.6,2,silkross
3417,16652173,"Shardul Gharat","2026-09-22 03:52:12",1200.2,2,shardulgharat
3418,16769277,卡心农场,"2026-09-18 17:14:44",1199.5,2,"hkd2333,hsiaosuan"
3419,16672241,dupakdungking,"2026-09-15 13:32:04",1199.2,2,primarizki
3420,16630111,jannchie,"2026-09-23 09:27:46",1198.9,2,jannchie
3421,16774941,Samvrcai,"2026-09-16 22:56:19",1198.7,2,samvrcai
3422,16796014,keith70,"2026-09-08 07:18:36",1198.5,2,keith70
3423,16655519,CurveCowboy,"2026-09-26 23:06:22",1198.4,2,curvecowboy
3424,16741563,"Paul Pawletta","2026-09-15 09:16:16",1197.6,2,paulpawletta
3425,16870447,"louie lau","2026-09-11 08:22:30",1197.5,1,louielau
3426,16680524,Nealdarkdarkdark,"2026-09-08 04:36:02",1196.9,2,wklyb1
3427,16845280,"Samuel Watson","2026-09-11 07:06:59",1196.5,2,scwatson
3428,16841565,"dar Zaa","2026-09-08 18:04:18",1196.3,2,darzaa
3429,16624979,"Mohamed abdelrazik","2026-09-25 20:36:52",1195.8,2,mohamed3abdelrazik
3430,16766171,Jonaid,"2026-09-10 22:22:27",1195.6,2,jonaidshianifar
3431,16680290,prospers,"2026-09-08 05:37:42",1195.4,2,prospers
3432,16693272,ush,"2026-09-25 13:35:18",1195.0,2,kusuha
3433,16728959,"no pain no gain","2026-09-11 09:19:44",1194.4,2,ilyayurov2000
3434,16653805,mohsen2050,"2026-09-14 18:25:43",1194.1,2,mohsen2050
3435,16719771,"Oleg Papulov","2026-09-26 11:37:32",1194.1,2,olegpapulov
3436,16758709,dk07dk,"2026-09-12 07:13:48",1193.6,2,dk07dk
3437,16633445,Wal8800,"2026-09-10 06:30:12",1193.6,2,wal8800
3438,16771010,42X,"2026-09-09 13:43:36",1193.0,2,infcyx
3439,16840536,"Philip Snyder","2026-09-08 05:18:07",1193.0,2,darkhorsecodes
3440,16943817,Ranbeer06052009,"2026-09-27 08:23:55",1192.8,2,ranbeer06052009
3441,16700846,"Vaibhav Patel","2026-09-16 08:09:33",1192.7,2,vaibhavpatel
3442,16842066,Atomo333,"2026-09-08 10:35:55",1192.5,2,atomo333
3443,16829834,Luxuer,"2026-09-26 08:49:59",1192.5,2,luxuer
3444,16724806,rin2401,"2026-09-27 08:58:32",1191.8,2,rin2401
3445,16765484,smsxgz,"2026-09-08 19:09:03",1191.4,2,smsxgz
3446,16790472,"Manurupan M","2026-09-20 07:09:36",1190.6,2,manurupanm
3447,16808631,ALkkGame,"2026-09-14 15:16:47",1190.2,2,alkkgame
3448,16848686,"xiang156 xu","2026-09-08 03:23:16",1190.2,2,xiang156xu
3449,16794871,IMosia,"2026-09-21 08:03:49",1190.2,2,ivanmosiagin
3450,16842044,StackOverflowed512,"2026-09-07 17:53:32",1190.1,2,stackoverflowed512
3451,16763200,"Alexander Nord","2026-09-07 18:04:42",1189.9,2,"alexandernord123,pizza987"
3452,16672858,Lyesterday,"2026-09-07 10:14:39",1189.9,2,ilyas93
3453,16740851,Zefirrr,"2026-09-19 14:48:39",1189.3,2,zefirrrr
3454,16852605,VTH,"2026-09-08 06:35:01",1188.0,2,storm2501
3455,16841113,Andy,"2026-09-07 01:22:11",1187.5,2,andrewmedran0
3456,16639570,"Vishesh Banna","2026-09-08 13:07:51",1186.9,2,visheshbanna
3457,16855035,"rock paper scissors","2026-09-08 15:03:00",1186.9,1,downbythesallygarden
3458,16857973,guochangZhang,"2026-09-09 04:24:41",1186.8,1,guochangzhang
3459,16622319,"Roman Tamrazov 52","2026-09-27 08:37:28",1186.5,2,romantamrazov
3460,16665191,JoJa,"2026-09-22 04:49:21",1186.1,2,"mojyou,noahzx"
3461,16805940,Foxure,"2026-09-12 01:51:33",1185.9,2,foxure
3462,16809097,volumatic,"2026-09-10 11:00:51",1185.9,2,"kkeevviinn666,volumatic"
3463,16840819,clammpon,"2026-09-25 12:45:09",1185.6,2,clammpon
3464,16656776,ShaoCharles,"2026-09-09 14:16:17",1185.3,2,shaocharles
3465,16795704,haodada001,"2026-09-10 01:49:03",1184.9,2,haodada001
3466,16634156,"Hiroyasu Okuno","2026-09-27 03:38:36",1184.9,2,hiroyasuokuno
3467,16842967,yoshiki116,"2026-09-11 05:05:19",1184.6,2,yoshiki116
3468,16854616,"Dd National","2026-09-12 13:29:04",1182.8,2,ddnational
3469,16688450,SpiralTip,"2026-09-14 04:11:41",1182.7,2,spiraltip
3470,16842645,zard599,"2026-09-26 08:29:40",1182.5,2,zard599
3471,16668647,"THIRUPATHI KANNAN K","2026-09-07 14:59:51",1182.4,2,thirupathikannank
3472,16754974,BurntPotato,"2026-09-09 00:06:54",1181.7,2,burntpotato
3473,16845193,Kaan111,"2026-09-17 15:37:21",1181.2,2,kaan111
3474,16779254,MaxZhuCHN,"2026-09-23 04:58:22",1181.1,2,maxzhuchn
3475,16707561,"Nick Rom111","2026-09-26 10:03:54",1180.7,2,nickrom111
3476,16891040,"Nasri Siwar","2026-09-18 18:05:16",1180.6,2,sassounasri
3477,16841313,"Daniel Harkin","2026-09-09 18:24:13",1180.3,2,danielharkin
3478,16848095,"Risha Apps","2026-09-08 15:41:31",1179.2,2,rishaapps
3479,16668748,"Harrison Interactive","2026-09-24 12:07:26",1177.9,2,nosiru
3480,16733111,qihuaz,"2026-09-13 06:35:14",1177.8,2,qihuaz
3481,16924472,Rajusah,"2026-09-26 16:13:55",1177.7,2,rajucode
3482,16841097,"Arsonist Duck","2026-09-17 20:21:55",1177.5,2,herbertthebird
3483,16664619,"Trupen Patel","2026-09-08 15:52:17",1176.3,2,trupenpatel
3484,16741997,hikarinosenshi,"2026-09-08 00:50:58",1176.1,2,hikarinosensh1
3485,16849295,"Israa Saede","2026-09-07 17:30:03",1176.0,1,esraaalsaeede
3486,16791712,"xiang W","2026-09-08 14:24:56",1175.5,2,"dekonsu,xiangwaaaaa"
3487,16726431,Manav,"2026-09-07 14:42:18",1175.3,2,manavsangwan
3488,16845083,"Restu Anggoro Kasih","2026-09-07 12:44:58",1175.2,1,restuanggorokasih
3489,16858828,BlueSky_sora,"2026-09-27 09:21:21",1175.1,2,blueskysora
3490,16854744,"Rostislav Epifanov","2026-09-10 12:14:58",1174.0,2,rostepifanov
3491,16657341,raccoonForest,"2026-09-08 06:45:18",1174.0,2,gkanamoto
3492,16671425,"Gajenddra Raj","2026-09-11 01:18:29",1173.1,2,gajenddra
3493,16765488,chenyinheng30,"2026-09-24 04:38:39",1172.6,2,chenyinheng30
3494,16728109,"Sidharth Hulyalkar","2026-09-11 06:16:26",1172.1,2,sidharthhulyalkar21
3495,16786158,"Yi-Chia Chen","2026-09-22 06:48:34",1172.0,2,threerabbits
3496,16771080,"Ricky Shao","2026-09-07 17:16:14",1171.7,2,rickyshao
3497,16730473,Kyohei,"2026-09-08 00:42:18",1171.2,2,kyohei3
3498,16840338,"Shoma Arakawa","2026-09-12 08:55:21",1170.9,2,shomaarakawa
3499,16866086,"Table Feng","2026-09-15 15:22:21",1170.3,2,tablefeng
3500,16655501,Savko,"2026-09-21 06:02:04",1170.2,2,savchenko
3501,16854416,"Artemiy Shirokov","2026-09-08 12:53:33",1170.0,1,tema7707
3502,16715358,wuy1hao,"2026-09-07 10:23:01",1169.6,2,wuy1hao
3503,16923006,"Nguyen Cat Luong","2026-09-19 21:12:51",1169.4,2,nguyencatluong
3504,16710546,"Russlan Ramdowar","2026-09-09 05:03:58",1168.8,2,russlan
3505,16759913,"Peter Cnudde","2026-09-07 20:08:25",1168.3,2,petercnudde
3506,16896006,jrw208,"2026-09-22 21:27:28",1168.2,2,jrw208
3507,16815985,leemc95,"2026-09-08 21:31:33",1167.4,2,leemc95
3508,16665294,"Thái Văn Tài","2026-09-23 08:01:51",1166.6,2,thivnti
3509,16672549,"ReinFARMent Learning?","2026-09-11 03:38:53",1165.9,2,arksey
3510,16708880,yotsutose,"2026-09-10 10:18:49",1165.8,2,yotsutose
3511,16799362,"James Weatherhead","2026-09-06 21:45:45",1165.6,2,jamesweatherhead
3512,16732352,ORiginators,"2026-09-09 10:47:23",1165.5,2,"sachinpandey721,sunritpal"
3513,16637241,M4nd4l0r14n,"2026-09-07 21:50:19",1164.7,2,thiagobcunha
3514,16786139,Trezerg,"2026-09-09 03:22:46",1164.5,2,progtrollwarrior16
3515,16777406,"Toheeb Ogunade","2026-09-08 22:46:05",1164.2,2,toheebogunade
3516,16774700,たたたた,"2026-09-27 03:55:16",1163.8,2,tatatata1111
3517,16779942,"YueKai Yu","2026-09-07 01:12:38",1163.7,2,yuekaiyu
3518,16792927,EnricRovira,"2026-09-23 22:27:44",1163.6,2,enric1296
3519,16661034,"Devesh Mehta","2026-09-23 14:54:58",1163.3,2,deveshmehtaaie
3520,16736542,YuRuiZe,"2026-09-06 10:16:45",1162.6,2,ruoyuruize
3521,16660444,"Сергей Мизин","2026-09-24 16:29:09",1161.5,2,seeergo
3522,16823782,yuyutech(Genuine),"2026-09-08 04:32:19",1161.1,2,yuyutechgenuine
3523,16802719,uta_ccc,"2026-09-06 07:15:44",1161.0,2,utaccc
3524,16736404,¡olé!,"2026-09-08 04:30:34",1159.7,2,hjx1024
3525,16631400,JZ,"2026-09-20 23:44:22",1159.7,2,zhoujiachen
3526,16918095,Free-joint,"2026-09-25 07:40:00",1159.4,2,"huangzehua,percivallin"
3527,16842187,"rongkai bao","2026-09-06 05:34:57",1158.9,2,rongkaibao
3528,16824564,"piu ATI","2026-09-06 10:02:27",1158.8,2,piuati
3529,16679810,"Patrick Joël MAIRLOT-MBEZELE","2026-09-10 17:54:50",1157.9,2,pigenesis75
3530,16623646,"Minal kharat123","2026-09-27 01:42:23",1157.1,2,minalkharat123
3531,16724993,Bonkoturyu,"2026-09-10 07:59:12",1156.9,2,bonkoturyu
3532,16687716,"Joshua Fernando","2026-09-16 12:51:45",1156.4,2,joshuafernandoj
3533,16665352,"Paul Nassiri","2026-09-22 12:01:10",1156.1,2,laszlolevray
3534,16822109,Meticulousss,"2026-09-10 16:32:31",1155.4,2,meticulousss
3535,16719090,CHSTO,"2026-09-12 21:35:49",1155.0,2,haotianqi
3536,16898040,王ruizhe,"2026-09-19 07:56:03",1154.8,2,ruizhe28
3537,16730247,DOM-VASCONCELOS,"2026-09-23 09:45:05",1154.4,2,domcreator
3538,16661970,"BOB'S ROOM","2026-09-09 12:30:24",1153.7,2,"bobpop123447,datasutudent"
3539,16764476,daviddnd,"2026-09-15 07:40:48",1153.7,2,daviddnd
3540,16849883,"Rifa Tamanna","2026-09-07 22:07:04",1153.6,2,rifatamanna1109
3541,16726889,stnick,"2026-09-05 19:13:36",1153.5,2,stnick
3542,16686424,"Thần Thoại","2026-09-08 16:58:05",1153.2,2,thanthoai
3543,16726559,william,"2026-09-05 02:03:48",1152.9,2,hiricodev
3544,16717756,Dominick,"2026-09-26 12:41:04",1152.6,2,kcinimod
3545,16659711,williams,"2026-09-06 23:23:25",1152.6,2,williams
3546,16810104,Mahoraga,"2026-09-27 04:29:24",1152.3,2,hemanthraju311
3547,16725851,hetspookjee,"2026-09-07 21:54:39",1152.2,2,hetspookjee
3548,16667998,Speril,"2026-09-11 03:51:03",1151.8,2,speril
3549,16623806,黒田彩人,"2026-09-07 21:37:20",1151.5,2,ayato0705
3550,16839343,"SAURABH VISHWAKARMA","2026-09-15 17:13:31",1151.4,2,surabhv21
3551,16639800,"Yong Ming-Jia","2026-09-15 06:14:00",1151.3,2,ymingj
3552,16662846,"Kerem Ercin","2026-09-27 08:19:00",1151.3,2,keremercin
3553,16803592,"Bishal Lamichhane","2026-09-16 13:33:25",1151.2,2,bishallamichhane44
3554,16840452,pan6628,"2026-09-10 04:38:21",1150.8,2,pan6628
3555,16768043,"Cropy and Paste","2026-09-13 17:56:08",1150.5,2,tfriedel
3556,16810472,YuanKing77,"2026-09-06 03:11:18",1150.1,2,yuanking77
3557,16697205,"Gould Research","2026-09-08 17:19:28",1150.0,2,"georgeking1,gouldh,gradybos,shanemullahy"
3558,16830000,"Danilo Lapegna","2026-09-21 06:52:23",1149.8,2,danilolapegna
3559,16728229,twomoon,"2026-09-08 05:22:46",1148.6,2,twomoon036
3560,16655109,"Tia He","2026-09-10 00:54:40",1148.5,2,altheahe
3561,16686444,"Syakirin Pahimi","2026-09-06 16:21:15",1148.4,2,syakirinpahimi
3562,16717253,Sybery_AI,"2026-09-13 19:51:41",1148.3,2,syberyai
3563,16689366,"Cuong Le","2026-09-06 15:24:57",1148.0,2,ad1999
3564,16700501,Konno,"2026-09-08 02:40:46",1147.9,2,nearfield1234
3565,16704613,alexbstl,"2026-09-14 01:43:31",1147.4,2,alexbstl
3566,16683952,"Maksimov Evgeniy","2026-09-04 01:23:59",1146.8,2,maxevg
3567,16844769,phi,"2026-09-09 18:19:54",1146.8,2,fahisplr
3568,16639369,"Kyuhwan Cho","2026-09-18 23:24:42",1146.5,2,octoarden
3569,16784829,"Masahiro Yamagata","2026-09-26 15:05:37",1146.4,2,masahiroyamagata
3570,16793478,noisyislands,"2026-09-26 12:58:25",1145.4,2,noisyislands
3571,16667922,JungHwan,"2026-09-06 00:05:59",1145.2,2,najunghwan
3572,16740464,"Jorrawar Grewal","2026-09-08 00:43:17",1144.6,2,jorrawargrewal
3573,16765207,Cathy,"2026-09-10 01:48:38",1144.5,2,cathyyou
3574,16838588,"Nadeem Ishikawa","2026-09-08 23:04:10",1144.3,2,nadeemishikawa
3575,16918646,MsMarch.7,"2026-09-18 09:12:24",1144.1,2,msmarch7
3576,16845510,bugkeeper,"2026-09-08 06:24:57",1143.4,2,bugkeeper
3577,16832556,"Harshit Raj #2","2026-09-10 16:45:16",1143.3,2,harshitraj2123221
3578,16666393,saikyo,"2026-09-07 02:04:55",1143.2,2,kyosaikyo
3579,16893007,thegoatman7,"2026-09-18 04:04:52",1143.2,2,thegoatman7
3580,16870585,ba,"2026-09-11 08:25:46",1142.9,2,yusukebaba
3581,16802630,takotakosan,"2026-09-09 03:10:10",1142.2,2,takotakosan
3582,16656810,IskanderAkhmetov,"2026-09-26 18:32:08",1142.1,2,iskander2017
3583,16845063,"Gaston Zarate","2026-09-22 05:36:22",1141.8,2,gastonz195
3584,16675897,"KANG ZHIPENG","2026-09-16 01:26:34",1141.5,2,kangzhipeng
3585,16806809,air,"2026-09-06 09:54:14",1141.1,2,air041001
3586,16625050,"how to place pokemon","2026-09-25 22:58:31",1140.2,2,ktverdov
3587,16797036,tksfjn,"2026-09-12 04:06:53",1139.7,2,tks3210
3588,16810490,katlun,"2026-09-26 21:18:02",1139.7,2,"hoyin1212,katlun"
3589,16658700,"szlachetny snieg","2026-09-27 03:19:00",1139.6,2,takayukiimoto
3590,16843173,"Hansen Zhong","2026-09-06 15:51:46",1139.3,2,onegameonedream
3591,16730484,Esperanza,"2026-09-10 00:42:17",1139.0,2,deanpixton
3592,16845426,"Erlik Khan","2026-09-13 23:03:03",1138.7,2,erlikkhan
3593,16663681,Kometa,"2026-09-20 06:03:24",1138.5,2,petarknezevic1
3594,16801995,"XD tsui","2026-09-03 20:41:03",1138.1,2,xdtsui
3595,16654463,Mark,"2026-09-04 19:38:01",1137.6,2,robotmf
3596,16743484,"薄和叶 Lv.INF","2026-09-03 14:24:47",1137.6,2,lumine01
3597,16715383,"Leo Lilley","2026-09-09 03:36:39",1136.9,2,leolilley
3598,16795131,XuanxuChem,"2026-09-11 13:18:00",1136.7,2,zhaonoah
3599,16654068,"Renoir Vieira","2026-09-05 17:42:47",1136.5,2,renoirvieira0
3600,16893831,"Sasan Nazari","2026-09-16 00:07:26",1136.3,2,sasannazari
3601,16791369,dataix,"2026-09-26 23:15:37",1136.3,2,codymachody
3602,16697923,"Vincent Debout","2026-09-12 22:24:00",1136.1,2,vdebout
3603,16805509,"Adel Zebiche","2026-09-06 17:28:28",1135.6,2,adelzebiche
3604,16661768,"Lợi Trần Bảo","2026-09-13 19:43:53",1135.6,2,litrnbo
3605,16679694,"Yaro Perventsev","2026-09-26 21:53:07",1135.4,2,yaroslavperventsev
3606,16841542,Smmyth,"2026-09-06 22:18:52",1135.4,2,smmyth
3607,16937692,"Sergio D","2026-09-25 20:58:22",1135.3,2,ser8147
3608,16664293,"Adam Lloyd","2026-09-05 07:12:04",1134.7,2,alloyd256
3609,16677107,gagacrow,"2026-09-07 16:11:58",1134.3,2,gagacrow
3610,16783517,"dongdong zhang","2026-09-07 03:22:34",1134.1,2,mcdongdongzhang
3611,16725081,ZhouYongqi,"2026-09-06 14:55:06",1133.4,2,xy0v0zhang
3612,16792123,coder2403,"2026-09-12 17:08:38",1132.9,1,coder2403
3613,16842273,2424,"2026-09-08 14:29:16",1132.9,2,takutonishi
3614,16843986,"Young Jim","2026-09-07 00:05:04",1131.8,2,youngjim
3615,16657646,mountainbob,"2026-09-21 14:12:49",1131.7,2,shongpakmanoon
3616,16731822,Senn88,"2026-09-08 13:54:19",1131.4,2,senn88
3617,16707562,Snipine,"2026-09-08 01:17:09",1131.2,2,boluosnow
3618,16748527,Tsubasa_00,"2026-09-10 00:22:27",1131.1,2,tsubasa00
3619,16838898,"Minh Trịnh","2026-09-06 13:38:05",1131.0,2,minhtrinh2002
3620,16764342,malone001,"2026-09-11 08:18:49",1131.0,2,malone001
3621,16727536,lelelove1225,"2026-09-06 12:58:48",1130.5,2,lelelove1225
3622,16797251,"Nguyễn Mạnh Niên","2026-09-06 11:29:31",1129.9,2,jacobrichard312
3623,16745949,"Miaohua Zhang","2026-09-26 06:55:00",1129.3,2,miaohuazhang
3624,16853941,"Baha Enes Ören","2026-09-08 14:52:10",1129.2,2,bahaenesren
3625,16654266,古德拜吃,"2026-09-26 02:11:29",1128.8,2,nosaewang
3626,16838953,HHHyyds,"2026-09-05 12:31:34",1128.4,2,hhhyyds
3627,16732433,syuuuuu,"2026-09-06 12:53:05",1127.6,2,syuuuuukun
3628,16842817,darcy132,"2026-09-06 13:16:34",1127.5,2,darcy132
3629,16669666,RhoenSprudel,"2026-09-11 19:08:43",1127.1,2,rhoensprudel
3630,16730375,Floth,"2026-09-07 15:14:58",1126.9,2,suwat513
3631,16781110,yqz,"2026-09-04 17:57:19",1126.6,2,yuqizheng
3632,16660477,SeaGoat,"2026-09-27 00:50:15",1125.8,2,vbandaru
3633,16824014,"Kotaro Kikuchi","2026-09-07 10:57:06",1125.2,2,kotaro1129
3634,16640878,"Krishna Yadu","2026-09-06 08:18:51",1124.5,1,krishnayadav456wrsty
3635,16838807,"tony boakye","2026-09-08 11:41:30",1123.8,2,tonyboakye
3636,16869870,"Electric Weasle","2026-09-13 15:27:16",1123.2,2,electricweasle
3637,16783328,AggriTrader,"2026-09-15 13:56:09",1122.2,2,leoluo
3638,16862895,"Quinn Brighton","2026-09-12 00:01:22",1121.8,2,quinnbrighton
3639,16777894,"Matthew Neba","2026-09-06 21:37:08",1121.2,2,matthewneba
3640,16688281,"Luke Stafford","2026-09-22 15:43:55",1121.2,2,luketstafford
3641,16658287,ArturoSirvent,"2026-09-12 05:20:34",1119.5,2,arturosirvent
3642,16721688,"Hi Im Ryo","2026-09-04 15:05:22",1119.4,2,loto610
3643,16738820,"Ying Li","2026-09-14 15:06:54",1118.5,2,lyee919
3644,16839429,"Igor Aranovsky","2026-09-08 08:55:51",1117.7,2,igoraranovsky
3645,16697877,"Sky kun","2026-09-13 22:36:13",1117.0,2,skykun
3646,16750726,prince22466,"2026-09-26 06:40:24",1116.3,2,prince22466
3647,16734894,"MP Gamimg","2026-09-25 10:09:15",1115.9,2,okadahiroshi
3648,16804549,Feidudu,"2026-09-04 15:51:54",1115.8,2,zenanshao
3649,16803141,"Verdant Meridian","2026-09-08 14:13:17",1115.8,2,xinweizhang003
3650,16667964,Shuiys,"2026-09-05 18:41:46",1115.5,2,ysshui
3651,16814637,random_numb,"2026-09-24 06:23:11",1114.9,2,randomnumb
3652,16838520,"Niu Yuanfang","2026-09-07 07:50:24",1114.3,2,niuyuanfang
3653,16758839,"Yusuf Murtaza","2026-09-06 10:23:21",1113.6,2,yusufmurtaza01
3654,16779007,"Teoh jia sheng","2026-09-26 12:28:41",1113.5,2,"nathanael19,teohjiasheng"
3655,16797063,Nianhua1,"2026-09-05 03:35:11",1112.2,2,nianhua1
3656,16885684,LiYiTingTom,"2026-09-21 15:53:41",1111.5,2,liyitingtom
3657,16808352,Rheinmetall,"2026-09-25 16:34:55",1110.6,2,rheinmetall
3658,16839209,yuuuu.T,"2026-09-06 02:01:37",1110.0,2,yuuuut
3659,16822414,Yassinovich,"2026-09-06 12:50:02",1109.9,2,yassinovich
3660,16848220,ggmljs,"2026-09-10 05:10:42",1109.7,2,ggmljs
3661,16810859,"Michael Silverblatt","2026-09-06 12:39:49",1109.5,2,msilverblatt
3662,16796600,skyShenzi5822,"2026-09-08 08:06:25",1109.4,2,skyshenzi
3663,16725793,Krilin,"2026-09-03 18:41:48",1109.3,2,krilin
3664,16851959,Darren0724,"2026-09-11 12:15:26",1108.9,2,darren0724
3665,16632231,"Samrish B","2026-09-05 18:17:55",1108.9,2,samrishb
3666,16707639,Fujinawa,"2026-09-15 12:14:48",1108.9,2,wasshoiwasshoi
3667,16695931,"Kers Aoyagi","2026-09-05 19:24:41",1108.7,2,kersaoyagi
3668,16634336,"Arko Bera","2026-09-08 19:08:41",1108.6,2,cartoonistbeard
3669,16669715,housssaamos,"2026-09-06 19:42:41",1108.2,2,housssaamos
3670,16820988,人畜无害,"2026-09-24 09:01:58",1108.2,2,slowmo19
3671,16810060,galileo680,"2026-09-05 23:45:08",1107.9,2,keter333
3672,16702430,"ZeLong Leo","2026-09-24 02:45:37",1107.8,2,zelongleo
3673,16734813,"Johan BONILLA MENDIETA","2026-09-05 15:23:38",1107.6,2,johanbonillamendieta
3674,16841276,EmmaL09,"2026-09-09 22:09:29",1107.5,2,emmal09
3675,16725195,易研学社,"2026-09-06 07:27:43",1107.2,2,"chency17,fengwann,mingyingxin,sjojasdq,tbtbbb"
3676,16707702,"anton leyn","2026-09-08 16:30:11",1107.2,2,antonleyn
3677,16863335,"Bright Choice AI","2026-09-27 09:03:25",1107.0,2,brightchoiceai
3678,16811433,"Bx LLLLLLLL","2026-09-05 21:54:10",1106.8,2,bxllllllll
3679,16811890,Bobbbbbbbbx,"2026-09-03 15:25:01",1106.3,2,bobbbbbbbbx
3680,16808433,thenokol,"2026-09-07 12:26:33",1105.2,2,thenokol
3681,16860587,"Mayo Mafia","2026-09-14 12:41:03",1104.4,2,vasujain12344
3682,16721805,kavunidze,"2026-09-03 11:04:48",1104.3,2,kartu72
3683,16641099,sieru-copan,"2026-09-25 12:03:44",1104.1,2,sierucopan
3684,16799554,dengddd,"2026-09-03 15:30:23",1103.4,2,dengdgq
3685,16780141,"One Zero001","2026-09-03 08:43:16",1103.1,2,onezero001
3686,16745351,ChrisXie,"2026-09-08 02:14:19",1102.7,2,chrisstan
3687,16797393,lingmingzi,"2026-09-05 04:36:26",1102.7,2,lingmingzi
3688,16857923,Haruki.O,"2026-09-12 08:23:32",1101.8,2,ho0707
3689,16674720,"Prathmesh Lagdive","2026-09-27 07:25:26",1101.4,2,"aglavevaibhav,prathmeshlagdive,shriyashkurud"
3690,16662204,SM_30,"2026-09-05 15:45:06",1100.8,2,sagarmane104
3691,16796840,ezalbxx,"2026-09-10 04:09:31",1100.0,2,ezalbxx
3692,16644255,Rister,"2026-09-04 00:05:35",1100.0,2,"rister101,stharundhatri"
3693,16806535,"zhangzhuang li","2026-09-03 18:31:12",1099.7,2,zhangzhuangli
3694,16668262,spbforce,"2026-09-27 09:17:22",1099.4,2,spbforce
3695,16765763,latter0206,"2026-09-06 07:00:54",1099.4,2,shoheiyamanaka
3696,16771397,its_mrz,"2026-09-07 17:48:52",1099.1,2,itsmrz
3697,16861544,"Hiroyuki Fujimaki","2026-09-27 01:07:33",1099.1,2,hiroyukifujimaki
3698,16778388,"straw hats","2026-09-20 14:26:24",1098.7,2,rushikeshgaonkar
3699,16839548,"Александр Прохоров","2026-09-08 12:30:54",1098.7,2,obbwd12
3700,16623630,noobanot,"2026-09-03 12:05:20",1097.8,2,noobanot
3701,16657637,"Ronnie Atuhaire","2026-09-26 06:27:08",1097.7,2,ronnieatuhaire
3702,16719578,blueblue222,"2026-09-11 04:36:53",1097.7,2,blueblue222
3703,16741683,"Lance Wu","2026-09-05 02:17:10",1096.6,2,lancewu722
3704,16779321,HarryP12,"2026-09-11 16:45:35",1096.5,2,harryp12
3705,16654791,"Dev Rath","2026-09-10 16:32:18",1096.4,2,devbratrath
3706,16717186,"Roumak Das","2026-09-04 03:41:55",1095.9,2,roumak77
3707,16672040,"Tom Yim","2026-09-07 04:31:34",1095.6,2,tomyim
3708,16810802,"Musa Khan","2026-09-03 16:40:12",1095.4,1,lazer999
3709,16851712,VelloNChiru,"2026-09-25 02:30:27",1095.3,2,janelawrence
3710,16654995,"Artem Voronov","2026-09-14 11:14:51",1095.0,2,artemyvoronov
3711,16927297,galaxy2025,"2026-09-20 01:15:33",1094.4,1,galaxy2025
3712,16657825,MilanJoshi,"2026-09-01 12:04:31",1094.3,2,mlnjsh
3713,16695229,X1a0Ch3n,"2026-09-04 16:14:07",1093.7,2,xiaochen20236673
3714,16626462,mango,"2026-09-04 01:11:13",1092.6,2,mango789
3715,16721237,phoenixai0,"2026-09-08 14:15:57",1092.6,2,phoenixultra
3716,16790359,"laoma fighting","2026-09-07 05:30:45",1092.5,2,laomafighting
3717,16805882,nmdcddwzml,"2026-09-10 11:46:04",1092.5,2,mujian63
3718,16730834,TomoyaM,"2026-09-10 00:00:39",1092.3,2,tomoyamiyaake
3719,16657228,"Vladimir Babin","2026-09-21 06:07:32",1092.0,2,vovababin
3720,16750364,Tangruichen,"2026-09-23 19:19:29",1091.7,2,device666kunkun
3721,16816445,"Danila Lebedev","2026-09-08 13:54:33",1091.7,2,danilalebedev
3722,16825772,liujieyou,"2026-09-14 12:01:35",1091.3,2,liujieyou
3723,16790542,shiba-inu,"2026-09-21 14:06:32",1091.0,2,npinpi
3724,16727147,"Alan Smith","2026-09-09 11:26:14",1090.8,2,acorncupcake
3725,16806587,"Dear Shark","2026-09-17 07:12:32",1090.7,2,dearshark
3726,16753646,"[Deleted] 7d100524-25e6-4751-98db-b4fdce26a5ee","2026-09-02 14:22:45",1090.7,2,del=effabded1aa6d176
3727,16802039,"Anna Currie","2026-09-04 10:24:33",1090.5,2,hcnfgxsghvbkhbty
3728,16836457,Andrew9603,"2026-09-06 12:28:37",1090.0,2,benxvyan
3729,16773039,zyiqun,"2026-09-04 06:12:36",1089.7,2,zyiqun
3730,16750273,"Nil Lic","2026-09-14 16:44:57",1089.5,2,nillic
3731,16659776,"Ben Hamilton","2026-09-08 23:36:18",1089.3,2,kineticaxisstudio
3732,16773069,Grant,"2026-09-05 10:49:32",1088.5,2,leolin05
3733,16623480,xmaster6y,"2026-09-08 18:26:54",1086.9,2,xmaster6y
3734,16639520,"Cary Jin","2026-09-05 22:54:44",1086.8,2,strigiformes
3735,16635065,T88,"2026-09-07 09:02:57",1086.7,2,t88take
3736,16838305,"Zhiyan Chen","2026-09-05 09:20:32",1086.5,2,zenosga
3737,16683199,"Filippo Gombac","2026-09-02 17:16:47",1086.1,2,filippogombac
3738,16716475,"dong & shen","2026-09-03 04:47:45",1086.1,2,"dongcookies,muyouqian4"
3739,16773607,sky1,"2026-09-04 13:54:00",1085.9,2,skyk1jn
3740,16845366,cdaden,"2026-09-08 06:00:19",1085.8,2,cdaden
3741,16657904,xfhdh1,"2026-09-06 09:51:45",1085.4,2,xfhdh1
3742,16811868,luyinn,"2026-09-27 09:02:25",1085.1,2,luyinn
3743,16824069,"Phương Nguyễn Việt","2026-09-04 03:52:08",1085.0,1,phngnguynvit
3744,16632214,roomer,"2026-09-05 03:55:23",1084.8,2,"matsuphy,mqme526,yasunamiura"
3745,16658898,"SRI shiva","2026-09-26 13:57:49",1084.5,2,srishiva
3746,16626979,"An - Claudex","2026-09-24 10:28:30",1084.3,2,myotterspace
3747,16824101,"Bala Murugan AIML","2026-09-04 02:20:12",1083.7,1,balamuruganaiml
3748,16736050,SuperZero11,"2026-09-10 07:44:19",1083.6,2,anandaverma
3749,16775506,"lin qiy","2026-09-05 13:32:19",1082.9,2,linqiy
3750,16652750,"Bahadir Selim Bakla ","2026-09-24 23:38:57",1082.8,2,bahadirselimbakla
3751,16838821,小等等,"2026-09-16 07:41:23",1082.8,2,atwelve
3752,16659430,"John Keith Weber","2026-09-06 16:32:54",1082.5,2,johnkeithweber
3753,16738810,mararaa,"2026-09-04 10:21:18",1082.4,2,mararaa
3754,16730049,"r2d2 Dasari","2026-09-20 20:15:24",1081.7,2,r2d2dasari
3755,16794740,"Alexander R Luz","2026-09-11 16:15:45",1081.6,2,alexanderrluz
3756,16658409,AlexMasip,"2026-09-03 15:37:32",1080.4,2,alexmasip
3757,16743788,"Emmanuel Lo","2026-09-04 13:07:50",1079.9,2,emmanuello
3758,16639583,typeIIIfairy,"2026-09-27 04:47:36",1079.5,2,typeiiifairy
3759,16786255,OceFFFF,"2026-09-26 06:46:42",1078.9,2,oceanfujimoto
3760,16702429,iamlonely,"2026-09-08 16:27:53",1078.6,2,iamlonely
3761,16682932,"Iulian Curte","2026-09-13 10:07:59",1078.4,2,iuliancurte
3762,16633850,Pascal,"2026-09-05 04:01:56",1078.4,2,pascalledesma
3763,16662810,HarshitSama,"2026-09-19 10:23:32",1078.4,2,harshitsama
3764,16734290,CodeAMANSA,"2026-09-09 14:52:52",1078.1,2,bcollazo
3765,16666296,A.P.R.I.L,"2026-09-12 16:42:30",1078.0,2,puneeth333
3766,16854250,"Jenil Emp","2026-09-21 13:06:46",1077.9,2,jenilemp
3767,16634239,"Radhakrishnan Guhan","2026-09-05 19:54:20",1077.8,2,rmsgrk
3768,16858618,NaokaK,"2026-09-09 06:58:14",1077.2,1,naokak
3769,16675739,"Jithendra Maddala","2026-09-12 05:12:26",1077.1,2,jithendramaddala
3770,16809249,Moro,"2026-09-06 02:48:13",1076.9,2,moromoromoro
3771,16713540,Anruan,"2026-09-05 16:45:53",1076.7,2,xiaowanshen
3772,16717113,"Dovydas Ruokis","2026-09-11 19:58:21",1076.5,2,dovydasruokis
3773,16639746,"Kyle Wang","2026-09-04 15:12:00",1076.4,2,ky1ewan9
3774,16675351,-Beterraba,"2026-09-05 18:45:27",1076.3,2,"afonsoo,miguelottoni"
3775,16791752,bayachay,"2026-09-13 02:26:18",1076.2,2,bayachay
3776,16848645,"Chee Keong Sim","2026-09-10 14:59:11",1076.1,2,cheekeongsim
3777,16657395,"Uchechukwu Ajuzieogu","2026-09-03 14:10:11",1075.2,2,uchechukwuajuzieogu
3778,16654490,"Furious Monk","2026-09-27 06:29:06",1074.9,2,furiousmonk
3779,16899030,CardPilotLab,"2026-09-17 00:32:05",1074.9,2,EldieEnfiel
3780,16768323,thuvuduy16,"2026-08-31 18:59:54",1074.8,2,thuvuduy16
3781,16756902,"Matt Palmer","2026-09-06 04:17:51",1074.6,2,palmsey
3782,16664518,senxichong,"2026-09-18 08:01:00",1074.6,2,senxichong
3783,16639771,"DK Armada","2026-09-06 06:33:12",1074.4,2,dkarmada
3784,16828244,AGSaturn,"2026-09-06 19:42:52",1074.4,2,polyuhst
3785,16729092,"ayman elamin","2026-09-27 04:08:19",1074.3,2,aymanelamin
3786,16818589,"Rachmat S. Haryadi","2026-09-10 16:48:09",1073.9,2,rachmatsharyadi
3787,16735253,银龙,"2026-09-07 07:00:02",1073.1,2,boyanyanbo
3788,16623856,aowhite,"2026-09-03 06:12:31",1072.6,2,brandnewyork
3789,16743191,"Ryoya Kochiyma","2026-09-05 13:28:19",1071.8,2,"kazutotakekuma,ryoyakochiyma"
3790,16794696,"Paul Bryan Elefante","2026-09-08 00:39:10",1071.7,2,heuljax
3791,16774727,"Dannya AbdulHadi","2026-09-04 11:48:50",1071.1,2,dannyaabdulhadi
3792,16782954,"Team Dajiang","2026-09-19 13:02:19",1071.1,2,"jihuaye,toolazyhhh123"
3793,16673250,Prashant,"2026-09-04 16:46:37",1070.5,2,"kajalsinghrajpoot,prashantxo"
3794,16686827,Kronki,"2026-09-05 12:24:58",1070.2,2,kronki
3795,16771605,Psyrax,"2026-09-17 16:00:11",1069.8,2,psyrax012
3796,16722995,July,"2026-09-10 10:42:05",1069.8,2,julyzseven
3797,16811637,mohui666,"2026-09-03 09:21:41",1068.3,2,mohui666
3798,16821420,Sight,"2026-09-26 18:59:38",1068.1,2,"cai12341234,crimsurfer,jingwenxu85,sakurasss,yuankunzou3"
3799,16657594,"Wojciech Krasowski","2026-09-02 20:37:04",1068.1,2,ci3l4k
3800,16820116,cotora2121,"2026-09-05 17:42:49",1068.0,2,cotora2121
3801,16694186,souju00,"2026-09-14 10:52:51",1068.0,2,souju00
3802,16695521,"Chen Ken","2026-09-19 11:39:00",1067.7,2,nutastray
3803,16808178,qianyuatkaggle,"2026-09-08 00:37:32",1067.4,2,qianyuatkaggle
3804,16783521,xiannaix,"2026-09-04 09:28:00",1067.2,2,xiannaix
3805,16734199,Iliamna,"2026-09-06 20:44:33",1066.5,2,decotoj
3806,16695556,"Prajwal Dongre","2026-09-20 05:45:05",1065.9,2,prajwaldongre
3807,16728103,Immutable,"2026-09-06 21:33:16",1065.6,1,dishcleaner
3808,16686513,Vipul_Kumar75476,"2026-09-22 00:05:05",1064.9,2,vipulkumar75476
3809,16693382,Sandrone,"2026-09-07 15:57:25",1064.6,2,luvgoelo
3810,16682283,"RL is all you need","2026-09-08 13:59:11",1064.5,2,"bpmf577,junzhejiao,jwj1342,liaodid,mrschang"
3811,16665700,张广麒,"2026-08-31 08:41:33",1064.4,2,zzggqq
3812,16730707,"James Michael","2026-09-04 14:12:29",1064.3,2,ingenio
3813,16678462,"Eric Han Wang","2026-09-22 22:39:00",1064.0,2,ericwang03
3814,16651792,LX,"2026-09-02 10:29:49",1063.9,2,sunnylx
3815,16749205,"Wish Coding Guy","2026-09-02 10:33:15",1063.6,2,tommycyd
3816,16737937,xamad,"2026-09-01 13:19:27",1063.5,2,giannicerrato
3817,16795982,Vordax,"2026-09-03 18:17:12",1063.2,2,vordax
3818,16662568,RaghavMundhra1,"2026-09-23 22:44:35",1062.8,2,raghavmundhra1
3819,16747577,"Nolan BONHOMME","2026-09-03 13:22:05",1062.8,2,nolanbonhomme
3820,16822745,Jetpack,"2026-09-18 17:14:08",1062.6,2,"m1ngch1,victorye04"
3821,16841667,Zwxiang123,"2026-09-06 01:27:21",1062.5,1,zwxiang123
3822,16798174,"Jan Bartos","2026-09-07 22:28:55",1061.9,2,janbartos
3823,16761641,Diavolo,"2026-09-05 09:31:08",1061.7,2,jeanmarcbah
3824,16706442,tipstar0125,"2026-09-05 11:50:46",1061.5,2,dragonty
3825,16667731,"Agent 33","2026-09-24 19:53:19",1061.1,2,agent33
3826,16935054,"jae young ji","2026-09-27 02:18:49",1060.5,2,sayul0102
3827,16677252,カワシギ,"2026-09-27 02:30:34",1060.5,2,kawashigi
3828,16785924,Abhinav_26104,"2026-08-31 15:17:41",1059.7,2,abhinav26104
3829,16770785,Brahim,"2026-09-26 07:54:04",1059.7,2,brahimdriss
3830,16659210,HASHP100D,"2026-09-05 11:23:41",1059.4,2,hashp100d
3831,16667724,"Masashi Onda","2026-09-02 12:43:58",1059.3,2,masashionda
3832,16716613,Arvin,"2026-09-08 01:18:15",1058.2,2,chesterx
3833,16714365,meryol,"2026-09-25 21:58:42",1057.9,2,meryol
3834,16779652,cheezyp,"2026-08-31 06:26:25",1057.7,2,cheezyp
3835,16623890,"rapika rosalia","2026-09-01 17:40:24",1057.0,2,rapikarosalia
3836,16727544,"Mostafa H","2026-09-01 10:03:53",1057.0,2,mostafahaghiri68
3837,16917732,qianqiuwushang,"2026-09-27 09:10:02",1056.6,2,qianqiuwushang
3838,16747036,Illusion,"2026-09-04 13:34:36",1056.3,2,briankimtaikab
3839,16742470,AK,"2026-09-06 07:57:50",1056.2,2,aman1391
3840,16803930,"Farrukh Ismoilov","2026-09-02 11:30:29",1056.1,2,fismoilo
3841,16665311,"huayang sun","2026-09-05 06:20:01",1054.4,2,okami001
3842,16843970,dharana77,"2026-09-24 08:27:42",1054.2,2,ylee4574
3843,16771457,"HK Fama","2026-09-05 17:51:47",1054.1,2,kenho211
3844,16655381,"Varshith K","2026-09-10 22:42:07",1054.0,2,var3604
3845,16719083,"Justin Mai 16","2026-09-07 22:30:10",1053.7,2,justinmai16
3846,16660121,10pi,"2026-09-02 01:21:07",1053.7,2,meredith10pi
3847,16756630,Shreyas,"2026-08-30 09:58:08",1053.1,2,shreyasdongre25
3848,16682195,celefefwefwe1,"2026-09-02 16:48:52",1052.9,2,celefefwefwe1
3849,16655311,"Plant City Planter","2026-09-02 19:03:12",1052.9,2,michaellombard
3850,16892727,Pi,"2026-09-26 14:24:12",1052.8,2,liemdt
3851,16783124,Logorhythms,"2026-09-24 12:31:20",1052.7,2,mohammadsaidulislam
3852,16790658,lxymmd,"2026-09-10 07:59:16",1051.4,2,lxymmd
3853,16779831,地里偷偷尿尿,"2026-09-06 14:21:55",1050.5,2,jjsdfd22
3854,16730577,"Team Rocket’s Orbital Farm","2026-09-25 09:45:06",1050.1,2,koheitsutsumi
3855,16639979,naphthalene,"2026-09-01 10:40:26",1049.5,2,"aaa0342,leehyungjoon,minjek,trv449"
3856,16757418,Janus,"2026-09-20 02:21:48",1048.4,2,khaled1alhasan
3857,16775286,DanilAbdullin,"2026-09-02 05:42:51",1048.1,2,danilabdullin
3858,16852043,"pig da","2026-09-08 05:32:31",1048.0,2,qijunjie
3859,16871907,"Junya _318","2026-09-14 04:15:18",1048.0,2,junya318
3860,16655169,Musliadi,"2026-08-31 05:51:39",1047.9,2,timscientia
3861,16764068,"Chika Komari","2026-09-02 11:18:48",1047.1,2,gothamjocker
3862,16661393,"razab Bawa","2026-09-06 12:43:30",1047.0,2,razabbawa
3863,16742825,"Ritwik Raha","2026-09-05 00:03:10",1047.0,2,ritzraha
3864,16806394,Flowers,"2026-09-02 04:03:16",1046.5,1,"guyueyuan,oliver34,wu12138test"
3865,16654715,"Aqib Raza","2026-09-02 19:21:26",1046.1,2,aqibrazadev
3866,16805609,Gleb,"2026-09-01 22:11:48",1045.1,1,korelin
3867,16656659,"James Y","2026-08-31 09:51:47",1044.9,2,redoctopusk
3868,16688642,"Natalia Mawyin","2026-09-05 11:08:38",1044.2,2,nmawyin
3869,16655633,johnny,"2026-08-31 04:55:56",1044.1,2,jonykarki
3870,16933118,wkdbskwsm,"2026-09-27 09:04:42",1043.2,2,wkdbskwsm
3871,16839975,AlexHan,"2026-09-05 13:16:50",1042.9,1,gksgusrb1212
3872,16624506,zhongtian,"2026-09-26 15:03:01",1042.9,2,kmtbang
3873,16659215,"Zhizhou Sha","2026-08-31 12:43:52",1042.5,2,zhizhousha
3874,16725410,LE4VES,"2026-09-08 09:27:15",1041.7,2,le4ves
3875,16778792,"Karthik #2","2026-09-26 21:30:44",1041.2,2,karg14
3876,16622934,"Ümit Anık","2026-09-05 13:54:40",1041.2,2,mitank
3877,16734979,NiuLAI,"2026-09-24 07:23:38",1041.1,2,"chunsingyu,chunyinhui,jaminmei"
3878,16670527,"Balram Gupta","2026-09-18 05:06:28",1040.4,2,"akankshaparab,bg28898"
3879,16732221,ringbearer,"2026-09-27 00:04:05",1039.8,2,mehmetbarankrat
3880,16621831,"Tsung-Yeh, Hsieh","2026-09-09 18:31:09",1039.7,2,"tsungyehhsieh,xinyuloong"
3881,16748187,"Violet Notes","2026-09-09 13:20:38",1039.3,2,dominicjamil
3882,16887947,"Blips and Chitz","2026-09-23 23:10:46",1038.6,2,michaelriedl
3883,16783630,"fan yanbing","2026-08-30 11:33:12",1037.4,2,jackpudding
3884,16795041,"Denis Revenko","2026-09-01 13:02:36",1037.1,2,denizzko
3885,16897961,"AIZOYA FarmBrain","2026-09-27 08:19:04",1036.8,2,aizoya
3886,16732484,tanzaku,"2026-09-06 07:58:50",1036.6,2,tanzaku
3887,16757384,straw_Yu,"2026-09-09 01:41:11",1036.6,2,strawyu
3888,16718956,hassan,"2026-09-01 16:14:25",1035.8,2,hasankhhan
3889,16732813,Soomana1z,"2026-09-08 17:20:16",1035.7,2,soshionodera
3890,16795391,MECHINE,"2026-09-01 03:05:47",1035.5,2,nainglinwai
3891,16793344,zyichi,"2026-09-02 06:41:30",1034.9,2,zyichi
3892,16798544,esprit,"2026-08-31 23:47:56",1033.9,1,takuji
3893,16771361,"It's Ratcha","2026-09-07 18:59:25",1033.8,2,itsratcha
3894,16802745,"Fuat Çakıcı","2026-09-27 00:15:38",1033.6,2,fuatcakiicii
3895,16860049,Himanshu,"2026-09-15 12:12:33",1033.5,2,himanshuffbfujbf
3896,16811502,"Avi Porath","2026-09-14 04:33:01",1033.3,2,aviporath
3897,16757704,Faustine,"2026-09-23 00:54:18",1033.3,2,faustine649
3898,16689266,"Oleksandr Dudnev","2026-09-09 06:14:10",1033.2,2,dantist
3899,16794841,thisArmin,"2026-08-31 04:29:30",1033.1,1,thisarmin
3900,16778019,Mr.Frundles,"2026-09-03 02:21:58",1032.9,2,watehell
3901,16847289,"Hengxiang Yu","2026-09-21 07:24:59",1032.4,2,hengxiangyu
3902,16738895,SangGold,"2026-09-13 09:18:56",1032.3,2,sanggold
3903,16628456,kiro,"2026-09-08 06:39:53",1031.8,2,kirosamurai
3904,16793261,Von_Feynman,"2026-08-30 13:35:43",1031.2,1,terrenceluo1017
3905,16766941,"S Kim","2026-09-10 22:16:57",1030.3,2,sunnyk92
3906,16669810,CREART,"2026-08-29 16:06:18",1030.0,2,gustardust
3907,16737702,"kaneko takafumi","2026-09-25 14:27:07",1029.8,2,kanekotakafumi
3908,16622919,Waffle,"2026-09-23 23:19:28",1029.1,2,waffle3z
3909,16729906,"Krzysztof Madziar","2026-08-28 05:05:13",1029.0,2,krzysztofmadziar
3910,16662696,"Cengizhan Tümer","2026-08-31 20:54:21",1028.0,2,cengizhantmer
3911,16765154,dreamcxy,"2026-08-31 03:54:16",1026.8,2,dreamcxy
3912,16689569,JovanaLab,"2026-08-27 22:43:51",1026.8,2,"choonesenlu,joxitsai"
3913,16921670,giyogoioが相手の農地を燃やします,"2026-09-27 09:08:43",1026.7,2,"giyogoiohlrlqll,k256net"
3914,16698340,"Yanxi Jiang","2026-08-26 03:24:55",1026.3,2,yanxijiang
3915,16782227,"chen yue li","2026-09-03 01:34:30",1026.0,2,yueelc
3916,16658280,"Hemanth Reddy Katta","2026-09-14 22:15:43",1025.4,2,hemanthreddykatta
3917,16745416,yamato035073,"2026-08-30 22:24:34",1024.5,2,yamato035073
3918,16879133,xiepengo,"2026-09-13 14:05:18",1024.2,2,xiepengo
3919,16793106,"Пал Лаич","2026-08-30 12:45:34",1023.6,1,skypunkaudiowalker
3920,16756633,TheDanKing,"2026-08-31 05:49:23",1023.6,2,thedanking
3921,16663166,Rey4Dan,"2026-09-26 23:15:13",1023.4,2,rey4dan
3922,16691247,"Aneesh Rao","2026-08-27 17:11:07",1023.2,2,sidrao2006
3923,16661304,"Jonathan Roy","2026-09-14 17:05:57",1022.5,2,jonathanroy7
3924,16838843,"qiu ji123","2026-09-12 02:58:46",1022.5,2,qiuji123
3925,16667147,"Daksh Bhalala","2026-08-26 06:41:04",1022.4,2,dakshbhalala
3926,16796980,ChenyuBaii,"2026-09-11 09:56:01",1021.9,2,chenyubaii
3927,16791549,"Eugenio Schiavoni","2026-08-31 19:14:40",1021.9,2,eugeniokukes
3928,16637458,OlivierS,"2026-09-09 03:41:58",1021.8,2,oliviers
3929,16627472,CloverFarm,"2026-09-08 13:23:55",1021.0,2,ljs2546
3930,16675777,"Ml BOY","2026-09-07 18:15:38",1020.9,2,mlboy1
3931,16902856,"Laura Vanegas Torres","2026-09-27 02:34:04",1020.8,2,lauravanegastorres
3932,16630516,"Seb (allegedly)","2026-09-09 09:22:48",1020.4,2,sebmallia
3933,16684994,TKNP,"2026-09-26 21:29:03",1020.2,2,"justnik77,katasonoveugene,romankatasonov,sergey140146659"
3934,16764738,Lucasty,"2026-08-25 07:04:36",1019.9,2,lucaswty
3935,16773320,kaka,"2026-09-17 08:53:18",1019.3,2,kakawin
3936,16664537,"Lenin Goud","2026-08-27 01:07:37",1019.1,2,leningoud
3937,16734225,"Vijay athithya ","2026-09-02 07:06:29",1018.4,2,vijay09
3938,16662651,CoatiAI,"2026-09-16 11:06:40",1018.2,2,gjhordan
3939,16668162,AlejandroAlvarez,"2026-09-26 13:12:47",1017.6,2,theworm
3940,16784056,"anh nông dân may mắn","2026-09-26 21:21:10",1017.6,2,nguyen1tri
3941,16652912,"Kyle Ellard","2026-09-04 11:51:13",1016.9,2,kyleellard
3942,16730705,chris,"2026-09-27 02:02:03",1016.5,2,chris62
3943,16770397,Ryu,"2026-09-03 20:15:16",1016.2,2,bexultanashenov
3944,16669403,mrgrishninsb,"2026-09-13 13:22:10",1014.9,2,mrgrishninsb
3945,16748647,"Adar Cohen","2026-08-24 21:27:43",1014.7,2,adarcohen
3946,16764431,"William Diment","2026-09-14 07:50:42",1013.6,2,williamdiment
3947,16752733,zjukop1,"2026-08-25 03:29:28",1013.5,2,zjukop1
3948,16844154,シュークリーム,"2026-09-07 03:31:45",1013.5,2,syucream
3949,16806048,duck_raccooon,"2026-09-02 15:03:04",1013.3,2,duckraccooon
3950,16733708,RyanHo,"2026-08-29 03:59:12",1012.7,2,ryanrx
3951,16844343,"Gotovtsev Artyom","2026-09-18 20:30:04",1012.7,2,artemgotovtsev
3952,16775771,"Ewia Tng","2026-09-09 04:57:46",1012.6,2,ewiatng
3953,16712432,hengck23,"2026-08-25 17:58:30",1012.3,2,hengck23
3954,16634153,AnpAn_Men,"2026-08-29 19:47:31",1012.2,2,anpanmen
3955,16770998,ket,"2026-08-31 22:14:53",1011.4,2,kentken
3956,16722731,"E&M Pioneer","2026-08-30 11:18:55",1011.3,2,hzq2004
3957,16626655,"Surya milenial","2026-08-30 08:21:22",1011.3,2,suryamilenial
3958,16654526,"Jin Niu","2026-08-26 18:25:33",1011.1,2,gufanmingmie
3959,16755244,SZU蓝心,"2026-09-01 11:50:45",1010.8,2,jiazhanliu
3960,16771843,"Surekha Ramireddy","2026-09-01 15:34:18",1010.2,2,surekharamireddy
3961,16790233,"prateek chandra","2026-08-30 15:55:55",1009.9,2,prateekchandra7005
3962,16762537,Controlvector,"2026-08-25 08:28:11",1009.8,2,"controlvector,yxdu01"
3963,16641982,ZotAZaw3,"2026-08-28 09:43:47",1009.3,2,zotazaw3
3964,16692744,"VAIBHAV RASTOGI 90","2026-09-03 23:43:33",1009.0,2,vaibhavrastogi90
3965,16760656,CharTFboy,"2026-08-24 09:19:37",1008.3,2,chartfboy
3966,16672468,ComposeMage,"2026-09-08 01:51:40",1007.6,2,composemage
3967,16674310,"Ayaz Ahmed Kazi","2026-08-29 18:49:13",1007.0,2,ayazahmedkazi
3968,16770927,kaptaan45,"2026-08-28 08:06:32",1006.5,2,kaptaan45
3969,16762139,AltriaE,"2026-08-25 15:27:52",1005.9,2,altriae
3970,16780317,jrcjrcjrc,"2026-09-04 06:03:51",1005.2,2,jrcjrcjrc
3971,16769028,"Rishabh Yadav","2026-09-17 01:59:59",1004.9,2,riishabhhh
3972,16782193,nal_nh906,"2026-09-02 01:42:32",1004.8,2,hhan09
3973,16775443,NoName,"2026-09-04 23:49:43",1004.7,2,thesonalsingh
3974,16904320,"Flying Duck","2026-09-24 05:15:07",1004.6,2,dreame1
3975,16635029,"Oleg Melnik","2026-09-17 16:28:52",1004.4,2,olegmelnik
3976,16738279,zhangshuosc,"2026-08-26 05:11:57",1003.7,2,zhangshuosc
3977,16689697,Kmart0112,"2026-09-21 17:38:23",1002.9,2,kmart0112
3978,16761019,"yiwen hou","2026-08-25 14:48:43",1002.8,2,hevenhina
3979,16704603,Tmaxxer,"2026-08-28 14:45:38",1002.3,2,tmaxxer
3980,16739018,"Zhou Songyu","2026-09-25 10:45:53",1001.9,2,zhousongyu
3981,16753194,"Saicharan Ramineni","2026-08-26 19:33:02",1001.9,2,godlydonuts
3982,16774129,"Chen Audrey","2026-09-04 13:38:19",1001.8,2,chenaudrey
3983,16623736,Garigariyong,"2026-09-01 04:31:17",1001.8,2,garigariyong
3984,16742232,"Prema Ananda","2026-09-18 15:40:40",1000.9,2,premaananda108
3985,16893654,"Arhaan Aggarwal","2026-09-24 01:14:00",1000.6,2,arhaanaggarwal2
3986,16638019,Randynho,"2026-09-15 16:13:30",1000.4,2,randynho
3987,16734699,PangMinShih,"2026-08-28 08:39:27",999.9,2,shihbonbon
3988,16838736,"kauan cassiano","2026-09-05 06:42:48",998.7,1,kauancassiano
3989,16665753,"Mansour A. S. Ataa","2026-08-26 10:28:34",998.5,2,profmansoor
3990,16748907,EdwardHwang@123,"2026-08-24 15:32:00",998.4,2,edwardhwang123
3991,16736111,hexingwei33,"2026-09-23 15:12:47",998.4,2,hexingwei33
3992,16689274,Anyeson,"2026-09-18 12:04:00",998.3,2,anyeson
3993,16758279,"GO HIROSHIMA 2","2026-08-29 02:51:47",998.0,2,gohiroshima2
3994,16654042,B.Pushpanjali,"2026-09-23 07:50:41",997.9,2,"bpushpanjali,vinithwade"
3995,16740392,"Amey Thakur","2026-08-25 12:01:41",997.6,2,ameythakur20
3996,16668756,"Clark Kitchen","2026-09-09 00:54:50",997.3,2,clarkkitchen
3997,16662222,MinerUNLEASHED,"2026-08-24 16:28:40",997.2,2,minerunleashed
3998,16664683,"Halapeño Farms","2026-09-14 00:35:12",996.4,2,haladaj
3999,16761788,"Corenthin Buffard","2026-08-26 13:16:28",995.6,2,cbuffard
4000,16802775," SonSheungmin","2026-09-03 06:55:03",995.3,2,sonsheungmin
4001,16741826,StackKnight,"2026-08-28 02:12:12",994.8,2,stackknight
4002,16752121,adhsdrtjh,"2026-08-23 15:02:25",994.5,2,adhsdrtjh
4003,16774410,"Rishabh Roy","2026-08-26 09:01:38",994.1,1,rishabhr0y
4004,16768676,Doit,"2026-08-25 02:09:47",994.0,1,aifccnb
4005,16807054,"JSU xiaopoche","2026-09-03 06:35:02",993.7,1,xhmuvw
4006,16742228,"bangqun ZHAO","2026-08-27 05:20:56",993.7,2,bangqunzhao
4007,16729554,"JingSong Yang","2026-08-28 05:33:55",992.6,2,jingsongyang
4008,16832186,"Noah Öksüz","2026-09-15 13:38:56",992.0,2,noahksz
4009,16778808,"Candace Dudleson","2026-08-31 23:19:12",991.9,2,candacedudleson
4010,16664379,N_Matsumoto24,"2026-09-24 08:32:13",991.8,2,nmatsumoto24
4011,16666195,"Yihan Guo","2026-08-28 08:44:06",991.7,2,yihanguo
4012,16713007,"Jerry Hwa","2026-09-23 11:52:48",991.0,2,"jerryhwa,richarrdyu"
4013,16630323,kaggricultureomnidimensionalut,"2026-08-28 10:51:28",990.9,2,kumarandatascientist
4014,16716549,notoverkil,"2026-08-28 08:16:38",990.8,2,notoverkil
4015,16844770,Richard,"2026-09-22 05:48:05",990.7,2,richardwg
4016,16770299,"أحمد فهد الربيش","2026-08-25 09:55:13",990.2,2,ghr111
4017,16666468,"J Penman","2026-09-09 07:04:10",990.2,2,jpenman
4018,16748000,"Rohit Raj Singh","2026-09-15 13:50:22",989.7,2,rohitrajsingh555
4019,16848207,vlad,"2026-09-15 11:56:09",989.4,2,khizanov
4020,16658500,"abhinav rai1","2026-09-26 21:08:47",989.2,2,abhinavrai1
4021,16853131,"Awesome Egg","2026-09-10 07:27:41",989.1,2,newegg
4022,16767625,"Saurabh Yadav","2026-08-24 17:56:22",989.1,1,saurabhyadav1305
4023,16664002,"Guilherme Zanini de Sá","2026-09-25 12:43:12",988.2,2,guilhermezaninides
4024,16755921,"Natnael Yerga","2026-08-24 16:43:22",988.1,2,natnaelyerga
4025,16685450,Nadeem,"2026-08-25 09:21:14",987.7,2,nadeembinshajahan
4026,16870771,wangxt1,"2026-09-11 06:19:14",987.6,2,wangxt1
4027,16724452,Jay,"2026-08-20 00:34:34",987.6,2,jayshimada
4028,16805171,Mario,"2026-09-26 21:29:39",987.5,2,mwalkiew
4029,16876214,Yunfei_Z,"2026-09-17 16:32:21",987.4,1,zhaoyunfei
4030,16732851,chenry2003,"2026-08-24 02:27:53",987.0,2,chenry2003
4031,16732446,"Nuri DUDAK","2026-08-29 09:00:59",986.7,2,nuridudak
4032,16708965,"Witold Dziurdz","2026-08-23 16:33:47",986.7,2,witolddziurdz
4033,16863344,masat,"2026-09-09 23:46:30",986.7,1,masatttt
4034,16800775,SunSeeker染汐,"2026-09-01 16:47:33",986.1,2,sunseekerrx
4035,16727214,"Jaivardhan Raahi","2026-09-24 04:34:53",985.9,2,jaivardhanraahi
4036,16828844,"SHOUHEI IKEDA","2026-09-06 23:29:56",985.7,2,shouheiikeda
4037,16691154,UnknownRobi,"2026-08-31 22:50:27",985.7,2,canrobichaud
4038,16794205,"kiwi apple","2026-09-01 18:56:25",985.0,2,kiwiapple
4039,16716081,"dunky su","2026-08-23 06:36:50",984.2,2,dunkysu
4040,16721079,"six seven swag","2026-09-24 16:24:04",983.4,2,polinababiichuk
4041,16845570,CHCV,"2026-09-27 08:49:10",983.0,2,chcvpz
4042,16737057,Wiz,"2026-08-24 03:15:13",982.5,2,williamzhou001
4043,16856449,Sting,"2026-09-16 17:12:20",982.4,2,sarlnovax
4044,16709115,"PARK HYUNSIK","2026-08-26 01:51:31",982.4,2,hyunsikpark
4045,16763444,"crazy achiever","2026-08-28 18:51:13",982.3,2,crazyachiever
4046,16848720,嘎达嘎达,"2026-09-08 07:39:07",982.1,1,eggyeggygggy
4047,16784611,sardarkhanyadav,"2026-08-28 16:45:33",982.0,2,sardarkhanyadav
4048,16762940,"Davide Andreolli","2026-09-06 09:20:28",981.6,2,davideandreolli
4049,16924409,Obsidian,"2026-09-27 08:10:11",981.0,2,edwardkhunt
4050,16660492,"Deven Bagul","2026-08-29 11:56:30",980.9,2,devenbagul
4051,16861578,Markura,"2026-09-19 04:56:28",980.7,2,markura
4052,16769082,"Little Xi","2026-08-26 03:31:32",979.3,2,littlexi0
4053,16759075,"Michael Day","2026-08-24 10:38:52",978.8,2,michaelday99
4054,16658245,ziliangCok,"2026-08-28 16:08:13",978.7,2,ziliangcok
4055,16778489,dataWr3cker,"2026-08-28 20:40:52",977.8,2,gourabr0y555
4056,16693193,"Efrain Garay","2026-09-04 20:55:13",977.4,2,efraingaray7
4057,16740159,CY,"2026-09-05 09:33:08",976.9,2,aimeny
4058,16730449,"Shinichiro Yoshida","2026-09-25 17:12:44",976.9,2,sysd00
4059,16730320,Rosebuddychomp,"2026-09-12 07:54:11",976.7,2,rishabhshetye
4060,16894622,"Matthew B","2026-09-23 08:29:26",976.6,2,mcb68945
4061,16938353,"Damilola Oladapo","2026-09-27 03:14:56",976.5,2,wizardskull
4062,16724228,LSS0334,"2026-08-26 00:15:54",976.4,2,lss0334
4063,16711608,"Thomas Greissler","2026-08-24 00:01:46",976.3,2,thomasg22202020
4064,16758791,"qw yi123","2026-09-22 13:41:44",976.2,2,qwyi123
4065,16738657,Mactorr,"2026-09-02 22:44:15",976.1,2,mactorr
4066,16782984,crinoid,"2026-09-02 10:59:06",976.0,2,takemi
4067,16630711,"Aleks Lviv","2026-09-25 00:52:02",975.7,2,alekslviv
4068,16790391,"Kevin Cao","2026-08-29 13:38:03",975.6,1,kevincao2
4069,16672202,HealthStone,"2026-08-29 21:04:07",975.5,2,healthstone
4070,16665337,BHackers,"2026-08-26 17:13:11",975.2,2,clarencepagaduan
4071,16764545,ArX,"2026-08-24 09:44:45",974.2,2,arx1993
4072,16759813,tyf_scu,"2026-08-23 17:11:18",974.1,2,tyfscu
4073,16753831,zhangjiaweii,"2026-09-04 07:26:21",974.0,2,zhangjiaweii
4074,16662819,THeLAB,"2026-09-25 16:30:40",974.0,2,feuorme
4075,16743904,minamoto,"2026-08-25 16:53:16",973.7,2,usermina
4076,16764206,yanjixiang,"2026-08-25 11:37:34",973.4,2,yanjixiang
4077,16753515,"Yosif EL-Rammaal","2026-08-25 16:57:09",972.8,2,yosifelrammaal
4078,16883641,"Benedek Brandschott","2026-09-27 03:07:51",972.7,2,benedekbrandschott
4079,16655255,MalelizarazoP,"2026-08-26 13:34:53",972.6,2,malelizarazop
4080,16726994,bird,"2026-08-23 05:00:19",972.6,2,whitebird
4081,16830753,"youyi li","2026-09-06 02:50:01",972.4,2,liyouyi
4082,16778358,"Lê Nguyễn Việt Cường","2026-08-28 03:46:51",972.3,2,lengvietcuong
4083,16727784,Baen,"2026-08-24 06:44:33",972.2,2,cairh22
4084,16725304,"Alexandru A","2026-08-29 07:34:25",972.1,2,alexandrua01
4085,16733932,"Jasper Turnidge","2026-08-24 06:36:23",972.0,2,jasperturnidge
4086,16786603,"Shutong Hou","2026-09-27 02:19:48",971.9,2,praxel123
4087,16743016,"MD Zeeshan","2026-08-20 18:13:32",971.9,2,makrovh
4088,16733748,"Ashutosh Agarwal","2026-09-25 03:56:21",971.8,2,ashutoshagarwal088
4089,16639796,rmizuta,"2026-08-28 15:07:43",971.5,2,rmizuta
4090,16759705,2nod,"2026-09-19 02:17:04",971.4,2,tsunoten
4091,16739898,"solo levelling","2026-08-18 21:08:16",970.7,2,munibmemon
4092,16780130,与君作田,"2026-08-29 14:01:35",970.6,2,zhaoxi1244
4093,16663767,"Tommy Mancino","2026-08-31 23:03:57",970.4,2,tommymancino
4094,16765313,Hosuke,"2026-09-01 04:19:31",970.1,1,hosuke
4095,16748933,Lixrixy,"2026-08-26 06:11:03",969.4,2,lixrixy
4096,16757903,"Om Singh","2026-08-27 07:05:06",969.1,1,spoilyfrog
4097,16666578,STRAF,"2026-08-23 23:07:25",969.0,2,nikosstraf
4098,16663569,XYZ,"2026-09-27 05:52:24",968.7,2,h249748fkv7lyhik897
4099,16675704,reeemii,"2026-08-26 08:51:15",968.4,2,reeemii
4100,16850995,"KOSUKE MATSUDA","2026-09-27 05:10:50",968.3,2,kosukematsuda
4101,16753125,"Rudransh Singh Rathore","2026-08-26 03:10:23",967.9,2,rudranshsinghrathore
4102,16693663,"YoungCheol Son","2026-08-27 00:51:34",966.8,2,sonyc5720
4103,16658618,"philip georgiev","2026-09-23 13:07:35",966.6,2,philipgeorgiev
4104,16666165,ChrisLeiteScha,"2026-08-24 15:20:36",966.6,2,chrisleitescha
4105,16727529,윤영일,"2026-09-22 10:15:57",966.2,2,iongil
4106,16904612,"Naveen Reddie","2026-09-18 04:19:28",965.1,2,naveenreddie
4107,16840001,agheieff,"2026-09-05 13:16:29",964.9,1,agheieff
4108,16659972,"Pelamovic ","2026-08-25 18:03:34",964.6,2,pelamovic
4109,16925475,AdrianValerio,"2026-09-20 04:21:19",964.4,2,adrianvalerio
4110,16622627,"Erik van de Ven","2026-09-23 14:18:28",964.4,2,erikvdven
4111,16805870,"Ngo Trung","2026-09-12 17:12:53",964.3,2,trungngotdt
4112,16842071,buddyY26,"2026-09-07 13:06:08",963.9,2,buddyy26
4113,16743216,xerkey,"2026-09-08 13:52:41",963.5,2,xerkey
4114,16736969,"york li13","2026-08-19 01:07:02",963.5,2,yorkli13
4115,16886319,novacryptic,"2026-09-13 12:37:51",963.5,2,novacryptic
4116,16758634,Ernnnn4u,"2026-08-24 17:00:46",963.5,2,ernnnn4u
4117,16871894,sx2154,"2026-09-20 14:56:27",963.4,2,sx2154
4118,16721070,LiuChen1350,"2026-08-26 05:30:30",963.0,2,liuchen1350
4119,16623470,rurumi,"2026-09-02 05:21:15",962.2,2,rurururumi
4120,16675655,TrebolNoir_,"2026-09-01 12:59:42",961.8,2,trebolnoir
4121,16738721,"Luan Kunyu","2026-09-04 07:05:21",961.8,2,luankunyu
4122,16758152,MiguelLFCG,"2026-08-30 11:20:49",961.6,2,miguellfcg
4123,16933477,curlybaboon,"2026-09-21 12:52:19",961.6,2,curlybaboon
4124,16675610,"Srikar Medisetti","2026-08-30 12:06:25",961.3,2,deathaunter
4125,16715244,uri_kkyhr,"2026-08-15 04:53:37",961.0,2,urikkyhr
4126,16841296,Flesymevoli,"2026-09-06 08:49:58",960.6,2,flesymevoli
4127,16716930,"Direc M","2026-08-31 04:54:06",960.1,2,direcm
4128,16719262,sadjeen00,"2026-08-14 02:15:50",960.0,1,sadjeen00
4129,16844277,"Akash Chanran","2026-09-09 16:48:32",960.0,2,"akashchanran,shruti9345"
4130,16845582,"Julio Cesar Filho","2026-09-08 06:10:03",959.9,2,juliocesarfilho
4131,16677577,"Harsha Vardhan Konisa","2026-09-13 17:33:53",959.1,2,harshavardhankonisa
4132,16709824,pizzahut,"2026-09-19 20:23:22",958.8,2,csalazoltntams
4133,16704589,"Lobato MBA IA Big Data","2026-09-26 20:01:06",958.3,2,lobatombaiabigdata
4134,16634093,gezi,"2026-09-09 08:07:03",958.1,2,goldenlock
4135,16765215,"arlenjim ","2026-08-24 19:32:48",957.9,2,arlenjim
4136,16733297,sohasoha42,"2026-08-18 17:50:51",957.7,2,sohasoha42
4137,16712535,"Benjamin Beaujard","2026-08-18 11:03:03",957.6,2,benjaminbeaujard
4138,16715579,Uvais,"2026-08-24 00:58:56",957.3,2,joshuaedwinjacobv24f
4139,16822583,"TA ME CHEM","2026-09-13 09:26:11",957.0,1,tamechem
4140,16744905,"Nator X","2026-08-26 22:15:29",956.7,2,natorx
4141,16755071,"Varun Rao","2026-08-26 18:46:59",956.4,2,varunraosfanlkan
4142,16793229,"Waseem Mushtaq","2026-08-30 13:38:14",956.0,1,waseemmushtaq045
4143,16779780,SiVitr2fDrXS.2N,"2026-08-30 15:06:17",956.0,2,sivitr2fdrxs2n
4144,16732792,amaotone,"2026-08-20 14:27:36",955.8,2,amaotone
4145,16635681,"Shubham Phapale","2026-09-05 12:46:36",955.0,2,shubhamphapale
4146,16712943,"Cesar Marcondes","2026-09-04 13:20:02",955.0,2,cmarcond
4147,16713127,Felis,"2026-09-18 13:00:27",955.0,2,ilyaafanasenko
4148,16675831,"Thayaparan Kumarakuru","2026-09-24 17:34:36",954.7,2,"kavishkasubashana,mrkala,thayaparankumarakuru"
4149,16745312,"Alexie Huynh","2026-08-22 08:27:27",954.7,1,alexiehuynh
4150,16739488,Restodecoca,"2026-08-19 16:42:34",954.7,2,restodecoca
4151,16720720,道海孤舟,"2026-08-21 06:59:41",954.2,2,unseenanch
4152,16692272,Ddere008,"2026-08-21 18:43:56",954.1,2,ddere008
4153,16769795,"Edi Marian","2026-08-25 11:01:09",954.0,2,edimarian
4154,16662949,"Will English","2026-08-18 17:13:22",953.7,2,dubascudes
4155,16712185,"Vishal Khomane","2026-09-02 15:32:38",953.3,2,vishal567
4156,16663584,"Deployable LLMs","2026-09-27 05:11:13",953.3,2,"lucasveronese,planetoidleser,sinhakprat"
4157,16945082,"Colin's COK and Friends","2026-09-23 05:41:01",953.1,1,"emartinez22,genericcname,sammchargue"
4158,16782196,"jingyang tu","2026-09-01 01:49:08",953.1,2,jingyangtu
4159,16696098,Valmorlee,"2026-08-23 19:40:07",953.1,2,valmorlee
4160,16729691,YinuoChen271,"2026-08-17 15:42:51",953.0,2,yinuochen271
4161,16709295,"Isaac Owomugisha","2026-08-20 16:22:52",952.6,2,cmplxxyttmt
4162,16677592,keniii,"2026-08-25 00:29:31",952.5,2,kartheeswaran28
4163,16745499,"lurs lurs","2026-08-29 02:02:15",952.2,2,lurslurs
4164,16752018,三浦桂基,"2026-08-30 04:00:30",951.8,2,keikipc
4165,16690308,"Fatima Sarhan","2026-09-19 14:01:01",951.7,2,fatimasarhan
4166,16729225,"Aayush Sigdel","2026-09-03 15:47:50",951.7,2,aayushsigdel
4167,16738899,Grayden_Lee,"2026-08-21 11:42:07",951.6,2,haozelii
4168,16655195,Pirhosseinlou,"2026-08-24 18:17:43",951.3,2,pirhosseinlou
4169,16666054,Ani,"2026-09-04 21:33:20",951.3,2,anirudhk333
4170,16839557,Superspork,"2026-09-08 03:25:46",951.2,1,superspork
4171,16625339,kazusw,"2026-09-23 06:28:56",951.1,2,kazusw
4172,16655718,eveyxy,"2026-09-05 08:58:28",950.9,2,eveyxy
4173,16757566,"Ankit Kumar","2026-08-23 12:03:53",950.6,2,imankit57
4174,16705907,Adrià,"2026-09-11 10:14:39",950.6,2,adriamb3
4175,16841536,"Berkay Hasret","2026-09-07 00:29:45",950.4,2,berkayhasret
4176,16768955,Hunedjekdsfkd,"2026-08-25 03:56:30",950.3,1,hunedjekdsfkd
4177,16723991,"James Holland","2026-08-17 01:40:17",950.2,2,jkhollandjr
4178,16759625,gkg223,"2026-09-03 19:17:02",949.4,2,gkg223
4179,16657553,graceyunliu,"2026-09-16 02:43:23",949.2,2,graceyunliu
4180,16664566,"Lormann ","2026-08-23 06:24:29",949.1,2,lormann
4181,16784133,"HASNAIN HAIDER","2026-09-01 17:02:27",949.1,2,techzero
4182,16719414,SahilKumarTolani,"2026-09-10 16:16:07",949.0,2,sahilkumartolani
4183,16680967,Tyooughtul,"2026-08-16 00:58:06",948.8,2,yooughtul
4184,16753618,mushichou4,"2026-08-22 10:20:51",948.6,2,mushichou4
4185,16727842,"Iadh Jarray","2026-08-17 13:45:11",948.4,2,iadhjarray
4186,16621741,"Andrey Naymushin","2026-08-24 09:46:41",947.8,2,andrewsokolovsky
4187,16632777,"Alexandrine Cakpo","2026-08-20 10:20:22",947.7,2,alexandrinecakpo
4188,16670297,"Gebreab K. Zewdie","2026-08-26 00:22:15",947.6,2,gzewdie
4189,16632164,"Tim Shini","2026-08-30 18:04:29",947.5,2,timshini
4190,16701633,"Jacob Davis","2026-08-23 15:06:50",947.4,2,jacobtdavis
4191,16683813,WangQrkkk,"2026-09-23 15:58:31",947.2,2,wangqrkkk
4192,16654021,"Swachhith B","2026-08-24 08:40:04",946.8,2,swachhithb
4193,16707193,"radji kraim","2026-08-26 11:53:17",946.4,2,radjikraim
4194,16709203,Ayush_Patel,"2026-08-25 03:34:12",946.2,2,ayushpatel1305
4195,16728901,dqvide,"2026-08-17 19:53:39",946.0,2,dqvide
4196,16709246,"Tariku Mehdi","2026-09-03 00:25:56",945.9,2,tarikumehdi
4197,16725432,Ezra,"2026-09-10 21:42:30",945.8,2,ezberch
4198,16779275,XuetingWang,"2026-09-01 08:50:53",945.5,2,snoopy262
4199,16728067,"Chenzhao Li","2026-08-18 08:04:21",945.3,2,heartquest
4200,16666057,StopPlantingStartGameTheorying,"2026-09-08 07:53:27",945.2,2,mymelodyenjoyer
4201,16725335,"Chris #2","2026-08-29 15:32:47",945.1,2,kagglecompetechris
4202,16856021,PSI,"2026-09-08 19:26:40",945.1,1,vinayak121
4203,16739363,kulukkuluu,"2026-09-26 20:42:07",945.1,2,kulukkuluu
4204,16750457,"Adrian Ricardo da Silva","2026-08-25 11:21:43",944.9,2,adrianricardodasilva
4205,16634172,"Mario Cicala","2026-09-05 03:06:37",944.9,2,mariocicala
4206,16769769,"Artur Shafiev","2026-08-29 05:29:31",944.7,2,arturshafiev
4207,16708185,XiaoYan12,"2026-09-13 17:57:28",944.3,2,xiaoyan12
4208,16721453,"Random Mambo","2026-09-26 14:01:43",944.1,2,beaten67
4209,16690970,"Raoul Biagioni","2026-08-22 06:37:40",944.0,2,raoulbiagioni
4210,16739298,"ricardo assaad","2026-08-18 19:03:22",943.9,2,ricardoassaad
4211,16698223,"Feng Jiahui","2026-08-18 08:35:04",943.7,2,junipersky
4212,16697922,TingyuanLi277,"2026-08-21 03:39:03",943.7,2,tingyuanli277
4213,16664477,"The T-MAN","2026-08-26 18:51:40",943.6,2,otmaneelmahda
4214,16764422,"ong bee","2026-09-09 02:25:57",943.5,2,ongbee
4215,16670791,Hugelidus,"2026-08-25 03:43:18",943.5,2,hugelidus
4216,16766320,vp_mass,"2026-08-25 20:19:08",943.4,2,vpmass
4217,16729273,"Munib Ur Rehman Memon","2026-08-24 20:48:08",943.0,2,muniburrehmanmemon
4218,16716697,"Habil Tobi","2026-08-28 20:57:52",942.9,2,habiltobi
4219,16672199,Vachan,"2026-08-20 07:33:48",942.8,2,vachanpadival
4220,16736250,Yizhi,"2026-08-31 06:03:48",942.6,2,yizhitao
4221,16658983,"Titi Huang","2026-09-19 03:19:15",942.3,2,titihuang
4222,16771994,"Jaden Tang","2026-09-15 09:28:23",942.3,2,"aayanshah,jadentang17"
4223,16724584,"Jinx JK","2026-08-18 09:08:26",942.2,2,jinxjk
4224,16667843,"durgesh dere","2026-08-21 16:10:13",942.2,2,durgeshdere08
4225,16691946,"Hassan Algizani","2026-08-13 20:20:09",942.1,2,hassanalgizani
4226,16719006,bouiboui,"2026-08-20 18:55:02",941.8,2,bouiboui
4227,16732381,Raphdraft,"2026-09-03 01:11:34",941.8,2,raphdraft
4228,16740399,"Lynn Pigott","2026-08-24 03:32:08",941.8,2,lynnpigott
4229,16672003,carlscamt,"2026-08-14 17:19:42",941.5,2,carlscamt
4230,16661772,R3ddrag0n,"2026-09-02 19:43:09",941.3,2,r3ddrag0n
4231,16726011,"Dawid Fleischer","2026-08-25 18:37:25",940.7,2,dawidfleischer
4232,16636094,Hax2456,"2026-08-15 10:05:01",940.3,2,hax2456
4233,16728914,d0gied,"2026-08-17 15:12:08",940.2,2,d0gied
4234,16654662,"2/3 rounded to two decimals","2026-08-22 00:36:50",939.9,2,rnold2
4235,16778410,"uriel villegas govea","2026-08-28 00:25:47",939.8,2,urielvillegasgovea
4236,16875537,HeIIo.Darkness,"2026-09-13 23:22:12",939.7,2,heiiodarkness
4237,16701362,"Papa Annan","2026-08-20 21:26:39",939.7,2,papaannan
4238,16678346,"Farhan Abid","2026-08-16 08:41:15",939.6,2,farhanabidtech786
4239,16691506,Dipak_ISM,"2026-08-29 13:07:18",939.6,2,dipakism
4240,16771277,zhaowenyi7,"2026-08-31 09:18:04",939.5,2,zhaowenyi7
4241,16665214,Epiphany_Thu,"2026-08-21 12:06:53",939.1,2,epiphanythu
4242,16737561,"Raj Aryan Singh","2026-08-18 11:50:54",938.4,2,kratos14raj
4243,16673303,"Samuel Sundararaman ","2026-09-26 22:10:19",938.3,2,neopok919
4244,16738745,"Anh Quân","2026-08-24 13:41:30",937.6,2,qunanh
4245,16786013,sakarush,"2026-09-02 13:17:42",937.6,2,sakarush
4246,16743124,"Leo's Demiurge","2026-09-08 15:06:04",937.5,2,jelurge
4247,16716991,XristosFilip,"2026-08-18 16:43:34",937.5,2,xristosfilip
4248,16726281,rperez04,"2026-08-22 23:15:13",937.4,2,rperez04
4249,16742048,SuperGiantLam,"2026-08-25 02:08:17",937.2,2,zptpsz
4250,16846297,"Zihan Ni","2026-09-07 08:06:53",937.1,2,lunangai
4251,16736138,Anand,"2026-08-21 06:00:12",936.9,2,gazzal
4252,16715506,"Moo Point","2026-08-17 21:44:26",936.9,2,"gnarlycow,tianmeiwang"
4253,16665966,aj000,"2026-09-26 14:12:53",936.8,2,anishjagdaleaj
4254,16670118,"Álvaro Benítez","2026-08-29 15:46:04",936.8,2,lvarobentezlvarez
4255,16713267,"yq l68135","2026-08-21 21:35:52",936.7,2,yql68135
4256,16724353,PrathamGupta,"2026-08-17 02:04:38",936.2,2,prathamguptaaaaaaa
4257,16870431,"Adam Brink","2026-09-11 11:09:17",936.1,2,adambrink
4258,16685074,"Emir Can","2026-08-30 20:16:36",936.0,2,aerospacer
4259,16746112,"Jonathan Martschinke","2026-08-24 08:52:51",935.9,2,jonathanmartschinke
4260,16715319,ocha_heaven,"2026-08-19 13:10:14",935.1,2,ochaheaven
4261,16653129,"Prashanth Reddy Biyyani","2026-08-20 13:53:37",934.7,2,"prashanthbiyyani,shivagurrala,sumu1526"
4262,16665927,"bhavya shah","2026-08-17 11:06:22",934.4,2,bhavyashah007
4263,16699772,MrAnalyst,"2026-09-05 10:43:49",934.2,2,mranalyst
4264,16638177,stpete_ishii,"2026-08-30 05:35:41",934.2,2,stpeteishii
4265,16638823,YDDDDDD999,"2026-09-06 18:22:40",934.1,2,ydddddd999
4266,16712459,松原琉喜,"2026-08-14 14:54:47",934.0,2,ryuki12kyo
4267,16689601,"Prathmesh Adsod","2026-08-18 03:55:13",933.6,2,prathmeshadsod
4268,16726660,"Prime Leo","2026-08-23 14:21:53",933.5,2,primeleo
4269,16663445,"ali dzaki","2026-09-13 14:59:25",933.2,2,alidzaki
4270,16692639,"Bharat Kumar0925","2026-09-04 19:52:25",933.1,2,bharatkumar0925
4271,16666665,Team-Veraxion,"2026-08-31 08:24:24",933.1,2,"anuragvelekat,ayushiitomar,faizmemon,hariharigandikota"
4272,16722319,"༺ANIS YT༻","2026-08-19 13:08:47",932.8,2,anisyt
4273,16684075,"Tianfang Li","2026-09-25 02:41:25",932.6,2,tianfangli1
4274,16710389,GuerillaMoon,"2026-08-19 22:33:46",932.5,2,guerillamoon
4275,16625856,takai380,"2026-09-01 02:34:05",932.3,2,takai380
4276,16732654,Goated_Farmers,"2026-08-23 17:09:50",932.2,2,"mugundhjb,srinathduvvuri"
4277,16732104,sizumita,"2026-09-12 01:21:14",932.2,2,sizumita
4278,16733576,"Ojas Aklecha","2026-08-17 18:34:02",931.4,2,ojasaklecha
4279,16665336,"maoyuan ma","2026-08-18 11:41:09",931.3,2,maoyuanma
4280,16643125,"CARLOS CAADA ROSTRO","2026-08-21 19:23:34",931.2,2,carloscaadarostro
4281,16754560,Kam,"2026-08-21 14:02:39",931.2,1,kamting
4282,16690612,"Mina Gayid","2026-08-16 12:59:16",931.1,2,minagayid
4283,16925327,danmleo,"2026-09-25 10:55:45",931.1,2,danmleo
4284,16890232,"Yihan Guo #2","2026-09-18 02:40:07",930.9,2,kagglebushswill
4285,16790548,"Francesco Del Sesto","2026-08-31 10:47:27",930.8,2,francescodelsesto
4286,16675486,"SALAH ELDIN ELNABARAWY","2026-08-18 21:17:22",930.7,2,salaheldinelnabarawy
4287,16674684,next-best-agent,"2026-08-17 15:28:53",930.7,2,"minhduy13ly,tdtu981"
4288,16738278,yansf677,"2026-09-01 12:24:29",930.7,2,yansf677
4289,16707749,Yuzu,"2026-09-04 10:22:41",930.4,2,yuzuoctopus
4290,16635668,"Mirza Yasir Abdullah Baig","2026-09-25 05:30:19",930.4,2,myab07
4291,16639250,"Hamed Seyed-allaei","2026-08-21 19:11:09",930.4,2,pinocchio
4292,16722303,JohannPongratz,"2026-09-10 08:07:38",930.3,2,johannpongratz
4293,16936191,WDK777,"2026-09-23 16:12:36",930.2,2,wdk777
4294,16675503,"Jeff Marc E. Cadet","2026-08-30 17:56:07",930.2,2,jeffmarcecadet
4295,16725346,sokoranohimazin,"2026-08-18 19:39:07",930.0,2,sokoranohimazin
4296,16668721,"Efe Can Celiksoy","2026-08-13 22:00:41",929.5,2,efecnc
4297,16774237,"Dennis SH Lai","2026-08-30 17:21:31",929.5,2,dshihlai
4298,16665543,"Charan Manthena","2026-09-06 08:59:20",929.5,2,charanmanthena
4299,16680065,Vishodhan,"2026-08-14 23:46:15",929.3,2,vishodhan
4300,16943744,"Quinn Cossette","2026-09-23 20:34:13",929.2,2,quinncossette
4301,16744043,Take,"2026-08-23 14:17:27",929.1,2,takeuchidaisuke2001
4302,16756750,Charu,"2026-08-22 00:45:03",928.6,2,charu13a
4303,16770884,VegetabledogNeo,"2026-08-31 01:23:25",928.6,2,vegetabledogneo
4304,16754086,Beenvvv,"2026-08-25 05:57:29",928.5,2,beenvvv
4305,16714498,Zubekanov,"2026-08-18 01:14:49",928.4,2,zubekanov
4306,16727379,"Nicholas Chua","2026-08-20 16:28:44",928.1,2,nickckb
4307,16725342,little_d1d1,"2026-08-16 04:24:39",927.9,2,littled1d1
4308,16725441,lemon1219,"2026-08-21 15:37:35",927.8,2,lemon1219
4309,16655877,"Harish K","2026-08-25 19:09:49",927.6,2,harishk2209
4310,16697458,"Lissandra Kruse Fuganti","2026-09-01 15:19:00",927.6,2,lissandrakruse
4311,16841344,"Abdoul Ahad Diop","2026-09-10 20:22:54",927.5,2,abdoulahaddiop
4312,16664120,SaiDuttaAbhishekDash,"2026-08-21 20:30:01",927.2,2,saiduttaabhishekdash
4313,16737843,"Muhammad Shoaib Memon","2026-08-23 19:52:52",927.1,2,muhammadshoaibmemon
4314,16721383,"Emon xu","2026-08-21 16:14:05",927.0,2,emon0xuyym
4315,16699745,"Norbert Szolnoki","2026-08-18 11:39:55",926.4,2,norbertszolnoki
4316,16744127,Faiz,"2026-08-21 20:33:33",926.2,2,souraditya26
4317,16726071,"PDF ULTRA","2026-08-20 19:36:33",926.1,2,"alengevorgyan,gab0yan"
4318,16661352,"Porch Goose","2026-08-21 02:52:24",925.9,2,jaclyndeem
4319,16687068,digiliwigili,"2026-08-22 12:49:07",925.8,2,kukchyievervin
4320,16743790,"yuji y","2026-08-28 10:53:06",925.5,2,yujiyyy
4321,16719536,"Mandy Lin","2026-08-14 03:18:29",925.4,2,ydnamlin
4322,16729640,"Наталья Скляр","2026-08-21 18:11:07",925.4,2,natsklyar
4323,16823751,"Tyler Knecht","2026-09-25 14:56:47",925.4,2,tknecht
4324,16634143,"manual player","2026-08-14 00:41:13",925.2,2,prospal
4325,16720841,liuhc1017,"2026-09-14 12:24:08",925.2,2,liuhc1017
4326,16660268,"Sébastien Mametz (Pixs)","2026-08-14 09:08:39",925.1,2,sbastienmametzpixs
4327,16664759,OrGanAIc,"2026-08-14 22:58:18",924.9,2,arghyaranjandas
4328,16724947,teacherli0,"2026-08-16 03:09:09",924.3,2,teacherli0
4329,16659763,clarkzhang1031,"2026-08-13 12:27:10",924.2,2,"clarkzhang1031,huafeihuang"
4330,16683193,Paami,"2026-08-24 01:21:00",924.1,2,coldpaami
4331,16760295,"Luke Hurt","2026-08-24 01:03:42",923.7,2,lukehurt
4332,16644145,"Mehdi Azouz","2026-09-07 11:22:07",923.7,2,mehdiazouz
4333,16685160,Yura,"2026-08-17 07:27:50",923.0,2,yuratrubitsyn
4334,16671694,evananann,"2026-08-19 07:46:36",922.9,2,evananann
4335,16653379,"Asakawa Ruriko","2026-08-30 00:31:08",922.5,2,asakawaruriko
4336,16664128,"Michael Todd Overdorf","2026-08-17 00:32:51",922.2,2,michaeltoddoverdorf
4337,16673234,MACvengers,"2026-08-19 16:34:04",921.7,2,"astrojaswanthkumar,ikpikp"
4338,16709529,alhlbx5,"2026-09-03 22:48:54",921.4,2,alhlbx5
4339,16646679,tong00,"2026-08-17 12:02:11",921.4,2,tong00
4340,16657803,"Arya Mazloomi","2026-08-14 00:17:11",921.3,2,aryamazloomi
4341,16710128,"KeHao Liu","2026-08-14 01:52:29",921.2,2,kehaoliu
4342,16841647,patitod,"2026-09-06 01:22:09",920.8,2,anasofaescobar
4343,16675905,HydFarms,"2026-08-30 11:22:11",920.3,2,"kumaramar,ronithjaju,shiveshcgatech,vidhishah115"
4344,16750344,Vaasu0501,"2026-08-28 16:49:39",920.1,2,vaasu0501
4345,16663240,"Rilen T. L.","2026-08-18 13:45:46",920.0,2,"jairosilvabastos,rilentl"
4346,16756557,"Marius Heuser","2026-08-24 21:41:31",919.9,2,mariusheuser
4347,16691976,"Harini Panigrahi","2026-08-14 16:57:32",919.9,1,harinipanigrahi
4348,16708226,asi1024,"2026-08-16 13:14:53",919.7,2,asi1024
4349,16638375,"Tran H Hoang","2026-08-14 17:01:27",919.7,2,tranhhoang
4350,16729054,"Shantanu Kesarkar","2026-08-27 05:50:23",919.6,2,shantanukesarkar
4351,16792329,"Kumkum Barot","2026-09-27 08:14:24",919.5,2,kumkumbarot02062003
4352,16661784,"XU XUXIANG","2026-08-27 12:57:06",919.3,2,"mikeaaaa14,xuxuxiang"
4353,16724351,"Luxshan Thavarasa","2026-08-24 09:58:38",919.2,2,luxluxshan
4354,16772803,"Linneu Holanda","2026-09-25 02:25:46",919.0,2,linneuholanda
4355,16633222,maxingkong733,"2026-08-18 23:32:58",918.9,2,maxingkong733
4356,16722330,"Jean-Louis Roy","2026-08-31 07:44:08",918.8,2,jeanjean111
4357,16697936,"Sami Cakiral","2026-08-15 19:43:40",918.6,2,samicakiral
4358,16694710,ponsuk,"2026-08-17 19:01:09",918.6,2,ponsuk
4359,16734492,Orynx,"2026-08-19 08:01:33",918.4,2,"inderj1,jayveersingh6"
4360,16698576,monnu,"2026-08-19 05:55:01",918.3,1,fuumin621
4361,16710141,htatsumi,"2026-08-15 01:07:11",918.1,1,tatsumihasebe
4362,16763813,Sydney,"2026-09-26 01:39:40",918.1,2,n3yan7
4363,16639732,"Junbeom Lee23","2026-08-15 02:45:23",917.9,2,junbeomlee23
4364,16722120,nekoha,"2026-08-15 15:01:16",917.9,2,nekoha
4365,16633944,Toru59er,"2026-09-27 09:00:38",917.4,2,toru59er
4366,16651833,"Hồ Khánh Duy","2026-08-14 17:52:23",917.2,2,hkhnhduy
4367,16724060,"Mạnh Linh Hoàng","2026-08-15 15:54:52",917.1,2,manhlinh1501
4368,16660233,ko9ma,"2026-09-08 08:42:33",916.9,2,kohojung
4369,16651672,"Xiaolei Lian","2026-08-19 03:18:04",916.6,2,xiaoleilian
4370,16634166,Yuki.O,"2026-08-19 01:38:42",916.5,2,yukiohkawa
4371,16682471,Soumya2003,"2026-09-17 09:22:26",915.9,2,soumya2003uyvv755
4372,16665125,"David Schindler15","2026-08-14 04:58:39",915.9,2,"davidschindler15,mz3207"
4373,16735582,"Tumaini Makena","2026-08-18 06:01:09",915.4,1,tumainimakena
4374,16732685,Tanmay,"2026-08-23 18:16:07",915.2,2,blankkz
4375,16698930,MrKiwi,"2026-08-19 09:34:31",915.0,2,mrkiwi
4376,16675161,iVl44d,"2026-09-24 11:18:03",914.6,2,ivl44d
4377,16664762,"John Marinton","2026-09-22 13:52:40",914.4,2,marintonjohn
4378,16668700,"Pranshu Ghori","2026-08-17 22:02:35",914.1,2,pranshughori
4379,16765953,"Muhammad Ahmed","2026-08-26 13:46:48",913.5,2,muhammad4hmed
4380,16744355,"Sameera T","2026-08-22 10:13:47",913.4,2,sameeramaq
4381,16675807,cubreto,"2026-08-26 15:00:34",913.2,2,cubreto
4382,16729372,"Gaspard Plt","2026-08-17 21:58:55",912.9,2,gaspardplt
4383,16637329,Rucbic,"2026-08-19 17:32:21",912.8,2,rucbic
4384,16623226,"Hafida Belayd","2026-09-05 17:12:33",912.3,2,hafidabelayd
4385,16667324,"Muhammed selim Bilic","2026-08-26 17:02:17",912.1,2,muhammedselimbilic
4386,16660840,"An Garcia","2026-09-25 14:11:29",911.9,2,angarcia
4387,16695695,"Siva Kumar","2026-09-26 17:34:13",911.5,2,sivapnlr80
4388,16692548,"Rockstar Farmer","2026-08-19 05:15:37",911.0,2,yuhaili
4389,16719002,Astraeus,"2026-09-14 15:53:57",910.5,2,astraeusdotdev
4390,16691987,0xalgos,"2026-08-17 09:35:28",910.5,2,anandvashishtha5362
4391,16694091,"Nan Leng","2026-08-23 07:41:41",910.5,2,nleng66ca
4392,16802892,YUYA,"2026-09-06 08:34:05",910.3,2,yuyaizumikawa
4393,16726064,"sana slama","2026-08-15 17:01:13",909.7,1,sanaslamamm
4394,16719238,"Rômulo Siqueira","2026-08-20 00:15:16",909.5,2,romulosiqueira
4395,16708624,"Aboubacar HEMA","2026-08-19 14:24:02",909.4,2,"aboubacarhema,marcmare,wilfredkouadjo"
4396,16656394,"Pushkar K.G","2026-08-18 09:29:08",908.4,2,dejokz
4397,16678872,ibrahim,"2026-08-17 19:30:32",908.1,2,skyfish77
4398,16625241,"Mutoy Choi","2026-09-01 07:42:20",908.1,2,mutoy1
4399,16701868,AJ,"2026-09-09 20:53:34",907.8,2,abduljabbarcalica
4400,16623445,"Hasin Raihan Dhrubo","2026-08-16 09:28:12",907.7,1,hasinraihandhrubo
4401,16721947,groots,"2026-08-16 06:32:40",907.2,2,muhammadismail433
4402,16698884,VVVoyager,"2026-08-14 03:55:10",907.1,2,"haoxuanshan,hengnui"
4403,16667734,SuroRitch,"2026-08-15 16:23:52",906.1,2,suroritch
4404,16727019,uitsnf,"2026-08-23 15:45:22",906.1,2,uitsnf
4405,16693934,evnchn,"2026-08-23 15:41:50",906.0,2,evnchn
4406,16656584,Spintronic,"2026-08-19 15:24:17",905.8,2,spintronic
4407,16669897,"Tahsan Ferdous","2026-08-14 19:30:09",905.6,2,tahsanferdous
4408,16679443,albu,"2026-08-15 19:22:12",905.4,2,albuslaev
4409,16691524,"Martim Nascimento","2026-09-05 15:54:47",905.4,2,martimnascimento
4410,16640368,"Nkosi Ndwandwe","2026-09-06 05:03:26",905.3,2,nkosindwandwe
4411,16663590,"Jakub Dolének","2026-08-13 13:08:32",905.1,2,dolenek
4412,16666946,pwxc00,"2026-09-25 10:44:55",905.1,2,alert04
4413,16630839,steubk,"2026-09-25 05:24:44",905.0,2,steubk
4414,16691012,"Sanzhar Almasuly","2026-08-29 07:28:34",905.0,2,sanzharalmasuly
4415,16634691,bot-farmer,"2026-08-19 06:16:19",904.9,2,shauryam25
4416,16661509,JSON_Voorhees,"2026-09-26 20:04:05",904.7,2,michaelgreenhut
4417,16724795,yangqi1234,"2026-08-23 08:26:23",904.7,2,yangqi1234
4418,16698214,Juandix,"2026-08-18 03:35:51",904.6,2,juandix
4419,16738235,tenfish,"2026-09-22 15:26:05",904.4,2,"oygdri,takatoyoshikawa"
4420,16771677,"hedy huangyuheng","2026-08-27 02:13:28",904.2,2,hedyhuangyuheng
4421,16662940,"The Coder Geek Squad Leader","2026-08-17 09:23:58",904.2,2,soulemaneisissifou
4422,16654548,DataSluts,"2026-08-28 07:00:12",904.1,2,"rahulmedida,siddarthnayak50,sivasu07"
4423,16621219,"Inna Campo","2026-08-15 09:08:23",903.8,2,innacampo
4424,16622367,mg,"2026-08-23 17:49:21",903.6,2,"egorkashpar,sashaboriskin,smooky"
4425,16701897,"Alejandro Lavandeira Casais","2026-08-14 12:56:12",903.3,2,alejandrolavandeira
4426,16629403,Galza98,"2026-09-20 06:26:24",903.2,2,galza98
4427,16738461,monnosuke,"2026-09-25 01:17:23",903.1,2,shiomi1012
4428,16719100,"Abhiraj Singh","2026-08-14 12:02:33",902.8,2,cyberdrago
4429,16667787,"Daryl Brach","2026-08-17 09:41:51",902.5,2,dbrach
4430,16668069,jackhsia,"2026-08-23 15:56:13",902.2,2,jackhsia
4431,16663284,"Aman Prakash","2026-08-12 20:58:28",902.0,2,amanprakash777
4432,16695615,Celinao,"2026-08-14 08:02:47",901.8,2,celinao
4433,16709214,"Ariel Suntasig","2026-08-17 19:46:09",901.7,2,arielsuntasig2001
4434,16628295,qwertykeypadapple,"2026-08-13 19:05:04",901.7,2,qwertykeypadapple
4435,16781170,"Ulugbek Salohiddinov","2026-08-28 02:38:15",900.5,2,ulugbeksalohiddinov
4436,16674447,"Nathan Thor","2026-09-18 11:07:56",900.4,2,devofpie
4437,16651088,ych~sun,"2026-09-11 13:06:05",899.9,2,ychsun
4438,16821267,1417,"2026-09-11 13:14:32",899.9,2,"dongyuhao,liuyihang026,yejialin"
4439,16723941,teraSurfer40141,"2026-08-16 01:16:49",899.3,2,r00tt00r
4440,16759652,Fnoa,"2026-08-23 12:26:39",899.2,2,trasibulo
4441,16727191,"Alexander Kokshenin","2026-08-20 02:08:15",899.1,2,kokshenin
4442,16660488,tehyoni,"2026-09-27 07:15:14",898.8,2,"gooberdambi,sidcat,suaeng,tehyoni"
4443,16703300,"Fahd EL ANSARI","2026-08-15 23:47:17",898.5,2,fahdelansari
4444,16675240,Leifson1337,"2026-09-25 12:17:00",898.2,2,leifson1337
4445,16717792,han10086,"2026-08-13 15:05:21",898.2,2,han10086
4446,16696607,"Manish modak","2026-09-27 02:52:37",898.2,2,manishmodak
4447,16692851,ichnixhelle,"2026-08-12 22:20:24",898.1,2,ichnixhelle
4448,16653890,YUKRUB,"2026-09-11 08:55:14",898.1,2,yukrub
4449,16724109,"small fry in the underworld","2026-09-11 05:51:16",898.0,2,wwwwhitley
4450,16740700,"Vyas Senthilkumar","2026-08-19 04:26:42",897.8,2,vyassenthilkumar
4451,16656519,"Chris Laska","2026-08-25 19:45:39",897.7,2,chrislaska
4452,16632444,"Issac “Izreal” Davis","2026-08-13 20:42:03",897.1,2,issacizrealdavis
4453,16713155,AdarshAleti,"2026-08-18 05:39:57",897.1,2,adarsh1077
4454,16677945,"Quân Trần","2026-08-25 06:43:39",896.6,2,wuntrn
4455,16655335,Justus,"2026-08-19 14:18:38",896.1,2,justus0
4456,16724262,"Obu obu","2026-08-15 10:48:05",895.9,2,obuobu
4457,16666939,20237208_黄奕恺,"2026-08-22 12:53:27",895.7,2,mrhuangyy
4458,16655305,"Junior Sohou","2026-08-14 00:15:42",894.8,2,juniorsohou
4459,16744658,Shree85,"2026-09-22 21:05:43",894.6,2,shree85
4460,16622939,"Kamal Das","2026-08-27 12:47:13",894.5,2,kmldas
4461,16691702,kss,"2026-08-13 19:30:20",894.4,2,l0glikelihood
4462,16748246,"Eric S","2026-08-26 12:50:54",894.3,2,ericsangberg
4463,16697689,"Pavel Pakhmutov","2026-08-12 23:11:23",894.3,2,pavelpakhmutov
4464,16841747,"Carlos Bósquez","2026-09-27 04:40:36",894.2,2,carlosbsquez
4465,16726232,"sayed rafi","2026-08-18 21:13:00",893.8,2,sayedrafi
4466,16756415,"Mihai Balan","2026-08-31 06:39:25",893.5,2,mihaibalan
4467,16672530,GUGUGAGA,"2026-08-14 04:33:54",893.3,2,"ruiyangzhang23,taoguo079"
4468,16678172,"Eishkaran Singh","2026-08-19 19:12:02",893.2,2,eishkaran
4469,16635317,"KAKA Minishijie","2026-08-26 04:36:55",893.1,2,kakaminishijie
4470,16713178,Funno,"2026-08-19 17:32:54",893.0,2,yes711
4471,16672653,Cultuurstelsel,"2026-08-13 16:59:47",892.8,2,ryuorlandotamin
4472,16682557,"Soumalya Mandal","2026-08-14 14:57:29",892.7,2,mrcyberhunter
4473,16724233,"Rafal Porwol","2026-09-24 22:02:55",892.6,2,rafalporwol
4474,16668788,ConnieCodes,"2026-08-17 13:40:25",892.6,2,conniecodes
4475,16698439,"Pournami Prakash","2026-09-12 20:17:14",891.5,2,pprakas
4476,16658931,"somewhere after","2026-08-19 08:16:29",891.3,2,amaterasuuuuu
4477,16775412,"moo moo","2026-09-08 15:54:28",891.0,2,"amrof122,yassinamr11"
4478,16658081,ando,"2026-08-20 01:52:23",890.9,2,andoshunsuke
4479,16740320,NguyenAn27,"2026-08-20 00:46:32",890.5,2,nguyenan27
4480,16889392,Prit_44421,"2026-09-14 11:29:09",890.2,2,prit44421
4481,16658150,Gravity-x73d,"2026-08-17 09:16:29",890.1,2,gravityx73d
4482,16738825,RishabhSpark,"2026-08-28 05:11:27",890.1,2,rishabhspark
4483,16756925,"Dread Development","2026-09-05 11:38:51",889.9,2,"dreaddevelopment,seanornberg"
4484,16770648,"Yoshitaka Nozaki","2026-08-26 00:38:06",889.7,1,yoshitakanozaki
4485,16670755,"Amine zeDDouk","2026-08-18 09:37:41",889.5,2,aminezeddouk
4486,16665838,wenbodai,"2026-09-01 12:41:51",889.5,2,wenbodai
4487,16695093,"Ryota Murai","2026-08-27 15:28:04",889.5,2,rmuraix
4488,16685626,"Livingstone Selassie","2026-08-16 00:26:50",889.3,2,"hackerx019,livingstoneselassie"
4489,16659123,sd,"2026-08-18 17:46:56",889.1,2,siddharthadevkota
4490,16735075,"Ronchen Luo","2026-08-18 04:29:47",889.0,2,ronchenluo
4491,16685850,K,"2026-08-14 06:37:41",888.2,2,kolci017
4492,16664164,"Elzandi Irfan Zikra","2026-08-15 15:53:21",887.9,2,"dyahayuretnoningsih2,zangetsufuin"
4493,16711928,Leraaaa,"2026-09-26 11:32:14",887.8,2,leraaaa
4494,16718572,MLarpers,"2026-08-22 14:06:48",887.6,2,"koteikachannel,mrhornetik"
4495,16623791,rakumo,"2026-08-19 23:46:04",887.4,2,sirakumo
4496,16710661,"Pengyi Peng1","2026-09-03 05:48:27",887.2,2,pengyipeng1
4497,16731432,sieradni,"2026-09-01 06:12:00",887.1,2,sieradni
4498,16655179,"I Need an Internship","2026-08-15 02:39:23",886.9,2,dimasibnumuthi
4499,16720088,"Oiti Roy","2026-08-14 06:26:04",886.9,1,oitiroy
4500,16766840,"Andrey ","2026-08-24 14:27:38",886.4,1,anti1111
4501,16634238,SoWwe,"2026-08-29 18:17:46",886.3,2,sowwe4
4502,16679560,LEET,"2026-08-15 00:45:52",886.1,2,soufianelasfar
4503,16623152,"agentic warriors","2026-09-27 00:32:53",886.1,2,"ibadia,isabellawoo01"
4504,16710094,winwinwin,"2026-09-03 13:22:51",885.9,2,"ouyangruize,teecemackenieo"
4505,16715187,maker2026,"2026-09-09 00:38:59",885.2,2,maker2026
4506,16748717,mt,"2026-08-20 13:09:12",885.2,1,mtanakaslgfreak
4507,16732428,"Darren Amadeus Martin","2026-08-19 00:48:02",885.1,2,darrenamadeusmartin
4508,16691830,"Nikita Lugovoy","2026-08-15 03:39:17",884.9,2,nikital7
4509,16727219,"Chukka Venugopalam","2026-09-26 16:47:09",884.7,2,chukkavenugopalam
4510,16641288,nakagawaren0805,"2026-09-12 10:35:10",884.6,2,nakagawaren0805
4511,16707598,Kamazarashi,"2026-08-18 05:40:15",884.2,2,kamazarashi
4512,16634824,yuki16,"2026-08-27 02:55:04",884.0,2,yuki16
4513,16839110,0x3f,"2026-09-26 03:43:58",883.8,2,zhangbowen1005
4514,16624824,GoofyGenius,"2026-09-09 16:05:59",883.4,2,goofygenius
4515,16696887,kt-Kitayama,"2026-09-01 13:23:49",883.3,2,ktkitayama
4516,16743741,Arooran,"2026-08-24 13:37:47",883.0,2,arooransivakarunai
4517,16785505,"Rishiraj Acharya","2026-09-08 04:26:42",882.3,2,rishirajacharya
4518,16658803,"Rahul Jiwane","2026-08-21 06:19:57",882.3,2,rahuljiwane
4519,16722986,"Abhiram 9803","2026-08-15 18:43:09",882.1,2,abhiram9803
4520,16735125,mtskggle,"2026-08-22 04:50:43",882.0,2,matsusakaggle
4521,16750477,"Tapabrata Biswas","2026-08-25 13:11:13",881.9,2,"dumbakaash,ishanhira"
4522,16745294,"Ahmed Ehab Fathi","2026-09-05 01:27:13",881.8,2,ahmedehabfathi
4523,16714980,Chenaters,"2026-08-16 08:41:10",881.4,2,chenaters
4524,16669191,"Mohammed Nomaan","2026-09-19 19:48:47",881.4,2,nomaanz
4525,16631595,CuteClaw,"2026-08-14 01:25:52",881.2,2,bloodmoonwq
4526,16664860,ANUJPUROHIT18,"2026-09-01 05:03:07",881.2,2,anujpurohit05
4527,16718947,"Dani Ortega","2026-08-25 07:07:35",881.0,2,daniortega99
4528,16840694,"cory cozy","2026-09-06 11:48:38",880.9,2,corycozy
4529,16732462,"Aji Samudra","2026-08-24 09:05:21",880.8,2,ajisamudra
4530,16690113,m0chi1216,"2026-08-16 15:07:24",880.5,2,m0chi1216
4531,16726870,"Svanik Kolli","2026-08-16 00:11:14",880.5,1,svanikkolli
4532,16761849,viber3221,"2026-08-24 13:38:59",880.5,2,viber3221
4533,16766982,"Sir Dona ","2026-08-25 15:54:46",880.3,2,sirdona
4534,16734450,"Ian Teigen","2026-08-18 00:04:38",880.3,2,ianteigen
4535,16649313,"Jiajun HAN","2026-08-14 07:13:57",880.2,2,jiajun1
4536,16717630,Amer,"2026-08-13 21:23:41",880.1,2,amerhu
4537,16763978,"Swayam Gode","2026-09-07 16:15:33",879.1,2,swayamgode2
4538,16696631,"saya akan lawan!","2026-08-21 18:42:23",879.0,2,nurhadibudhy
4539,16657610,"H Bharath","2026-08-31 18:54:57",878.6,2,hbharath
4540,16730288,matsurih,"2026-09-26 09:36:20",878.5,2,matsurihime
4541,16656807,Yoganjaneyulu,"2026-08-13 09:20:17",878.0,2,yoganjaneyulu
4542,16749618,Fon1as,"2026-08-21 09:36:42",877.9,2,fon1as
4543,16659614,"Heikki Leskelä","2026-08-22 16:35:42",877.7,2,heikkileskela
4544,16803651,gyujinst,"2026-09-05 01:44:38",877.7,2,gyujinst
4545,16656990,"NALLA SUMANG","2026-08-30 03:15:46",877.6,2,sumangnalla
4546,16632788,"Bright O.H.","2026-08-23 03:45:36",877.6,2,brightoh
4547,16749347,Shibungi,"2026-09-01 06:52:21",877.6,2,shibungi
4548,16735102,"Zhiqi Liu","2026-08-31 02:57:12",877.2,2,crazyqiqi
4549,16766905,Antigone_duckduck,"2026-08-24 16:38:37",876.6,2,antigonexzh
4550,16634650,UnfriendlyAI,"2026-08-24 11:44:47",876.5,2,unfriendlyai
4551,16730903,noynkmr,"2026-08-25 05:47:01",876.1,1,noynkmr
4552,16753985,"Narenthira Balaji","2026-08-21 10:54:17",876.0,1,narenthirabalaji
4553,16842806,"Yan Tao Tang","2026-09-07 10:41:41",875.6,2,yantaotang
4554,16727090,"Deep Blue Pasture","2026-08-17 02:28:34",875.2,2,shamanah
4555,16622251,"Moroz Roman","2026-08-20 06:22:05",874.6,2,crissyro
4556,16925900,"Marco Papotti","2026-09-26 14:48:26",873.9,2,marcopapotti
4557,16710421,SZ_00_zyz,"2026-08-20 02:54:53",873.8,2,sz00zyz
4558,16710587,durgasai,"2026-09-01 13:14:36",873.7,2,dsainvg
4559,16759864,exaucedossou,"2026-08-22 17:56:40",873.7,2,exaucdossou
4560,16723132,Bridgeport,"2026-08-21 20:25:32",873.6,2,bridgeport
4561,16672243,"Fazil Putra","2026-08-14 01:24:17",873.4,2,fazilputra
4562,16894541,"Deepak Mahajan","2026-09-17 05:27:59",873.1,2,xdipzz
4563,16649108,"Steve AVOMO","2026-08-17 03:12:41",873.1,2,aurelsteve77
4564,16687596,AjPrem,"2026-09-14 02:49:09",873.0,2,"ajprem,jefferysingh,neelcasula"
4565,16656931,pns,"2026-08-15 09:45:46",872.9,2,"nikhilkasyap07,premsivasai,saranboddu"
4566,16729421,Oblivix,"2026-09-02 04:16:25",872.8,2,"aradhyatiwariii,oblivix"
4567,16926108,"Pavan G","2026-09-27 04:02:48",872.8,2,exemplar
4568,16743737,"Joanna C.","2026-08-20 23:07:09",872.6,2,joannaciesielski
4569,16705176,"Ruslan Raupov","2026-08-20 09:10:24",872.5,2,ruslanraupoff
4570,16662615,"Anurag irawit","2026-09-01 14:16:49",872.3,2,anuragirawit
4571,16768022,"Miles Oberting","2026-08-31 23:48:39",871.9,2,milesoberting
4572,16633096,anvai_agents,"2026-08-20 05:50:45",871.8,2,"anandgaikwad7781,vaidehidhamnikar"
4573,16751267,Guojun1,"2026-08-21 01:57:23",871.4,1,guojun1
4574,16711910,"Artem Zapara","2026-08-18 16:48:51",871.3,2,artemzapara
4575,16655559,"Fajri Yanuar Shiddiq Juanda","2026-08-13 01:40:20",871.2,2,fajriyanuar
4576,16665050,"Praneeth Palugula","2026-08-14 06:28:56",871.1,2,praneethpalugula
4577,16633709,"kitory Yeah やきとり","2026-08-15 22:30:08",871.0,2,kitoryyeah
4578,16668049,"Masayoshi Kurihara","2026-08-14 06:20:21",870.2,2,masayoshikurihara
4579,16778206,yuanlao153,"2026-08-28 15:00:04",869.9,2,yuanlao153
4580,16732754,ikeuchy,"2026-08-29 04:10:41",869.9,2,ikeuchy
4581,16675088,"Andrei Chulkov","2026-08-15 19:43:12",869.7,2,andreichulkov
4582,16674683,"Ali Esam","2026-09-11 17:00:03",869.7,2,zyxsu0
4583,16714058,"Ahmet Erdem Pamuk","2026-08-12 18:59:18",869.6,2,ahmeterdempamuk
4584,16930655,"Abdalrahman mohamed","2026-09-23 14:42:21",869.6,2,abdalrahmanmohamed3
4585,16665919,"Labmem Tang","2026-08-31 03:06:37",869.2,2,labmemtang
4586,16748421,lulzx,"2026-08-20 17:52:11",868.9,2,lulzxy
4587,16688368,"Lam Vo","2026-08-15 16:39:23",868.8,2,nhatlam
4588,16770952,"Satyajeet Kumar","2026-08-25 20:42:40",868.8,2,m4rcuseryx
4589,16666033,"Shota Takano","2026-09-27 06:38:00",868.1,2,shotatakano
4590,16709793,"Victor Hotz","2026-08-13 18:48:06",867.5,2,victorhotz
4591,16729484,"Sankalp Nagineni","2026-08-16 17:35:31",867.4,2,sankalpnagineni
4592,16692110,"Ahmed Khudair","2026-08-11 22:33:06",867.3,1,ahmedkhudair121
4593,16666853,"Bisola Olasehinde","2026-08-31 13:08:21",867.0,1,bizzyvinci
4594,16669494,"Abdullah Razi","2026-09-03 18:39:36",866.7,2,abdullahroninrazi
4595,16623753,HZM,"2026-09-11 04:34:07",866.6,2,leehann
4596,16726115,helloworld311,"2026-08-17 05:52:20",866.6,2,helloworld311
4597,16690020,shantaitichu,"2026-08-17 09:40:30",866.6,2,shantaitichu
4598,16639230,Rylan,"2026-08-15 13:15:45",866.4,2,"liuruihan333,wangxiaodundun"
4599,16726512,shash,"2026-08-15 19:41:18",866.2,1,zshashz
4600,16774228,"Anggit Maulana Abdi","2026-08-28 14:37:01",866.1,2,anggitmaulanaabdi
4601,16803602,ihiratch,"2026-09-06 15:57:56",865.9,2,ihiratch
4602,16731243,"[Deleted] dab36be1-9992-4710-95f4-39a9f7a2cd3c","2026-08-24 15:13:27",865.7,2,del=fd92954ed0c92f1a
4603,16748524,TongY26,"2026-08-21 08:33:16",865.1,2,tongy26
4604,16728460,oh-Artistburger-AHA-TastyMeat!,"2026-08-16 11:54:46",865.0,1,akikukeo1
4605,16692443,xmkevin2004,"2026-09-27 09:21:50",864.8,2,"deersirz,qiuzaooppo,xmkevin2004"
4606,16651623,"Sarvesh Talele","2026-08-28 05:18:58",864.3,2,sarveshtalele
4607,16705328,"Ester Arias","2026-09-27 06:16:51",864.1,2,esterarias
4608,16715628,Dian,"2026-08-17 01:57:33",863.6,2,clas233
4609,16728723,"Ronith Rashmikara","2026-08-18 03:28:52",863.6,2,ronithrr
4610,16775386,kaggler,"2026-08-31 09:29:41",863.5,1,deepkim
4611,16695691,neural-canvas,"2026-08-12 20:46:37",863.3,2,mrsanap
4612,16857894,"Ludwig Agurto Contador","2026-09-12 22:35:55",863.0,2,ludwigagurtocontador
4613,16713771,bndang,"2026-09-19 21:22:11",863.0,2,bndang
4614,16768647,vaultguard,"2026-09-14 21:08:32",862.6,2,vaultguard
4615,16715024,"Ömer Özbek","2026-08-22 13:50:34",862.5,2,omerozb
4616,16696561,"Ali Ramazanov","2026-09-22 07:46:58",862.1,2,aliramazanov
4617,16661132,"Jia Chen","2026-09-26 19:42:49",861.9,2,jiachenjasper
4618,16803913,"SUJIB BARMAN","2026-09-01 16:42:07",861.8,1,cardata
4619,16697223,"Azizii Gill","2026-09-09 21:27:12",861.7,2,aziziigill
4620,16653955,"tanmay singhal","2026-08-29 12:00:53",861.5,2,anexperiencedidiot
4621,16674479,"Alan Rosston","2026-08-14 08:20:49",861.3,2,alanrosston
4622,16680931,"Rattan Singh","2026-08-16 04:23:37",861.1,2,rattans
4623,16663313,onlysmrtsumx,"2026-08-12 01:29:30",861.1,2,onlysmrtsumx
4624,16689447,"Ivan Berrutto","2026-08-13 04:14:38",860.9,2,ivanberrutto
4625,16773559,"Abhishek Mahto","2026-08-26 06:40:07",860.6,1,abhishek3115
4626,16765065,"Rohith T R","2026-08-26 13:28:38",860.5,2,rohithtrgod
4627,16696983,"JKM Ventures","2026-08-17 22:58:03",860.0,2,jeffreydrew
4628,16663992,小陈同学,"2026-08-18 07:26:54",859.8,1,czastu
4629,16729828,spunkrock,"2026-08-16 20:08:06",859.7,1,spunkrock
4630,16724533,"Yusei Ito","2026-08-22 19:18:19",859.7,2,yuseiito
4631,16809168,"Shaun the Sheep ","2026-09-26 11:43:12",859.4,2,badlandsram
4632,16725242,chinchilla,"2026-08-19 10:53:07",859.0,2,tgwstr
4633,16729650,"Tapiwa Makandigona - Zimbabwe21","2026-08-31 11:36:48",858.4,2,mukanya1994
4634,16808914,slfmmm,"2026-09-02 11:50:26",858.4,1,slfmmm
4635,16725642,"Arav Sharma","2026-08-17 03:51:14",858.2,2,aravsharma26
4636,16701969,旧楚狂人,"2026-08-15 14:20:59",857.9,2,jiuchukuangren
4637,16697024,"Jiri Prudky","2026-09-06 06:00:57",857.7,2,jiprud
4638,16851557,SunaoCool,"2026-09-11 04:15:13",857.5,2,yoshikinishita
4639,16664334,"Satishvaran Ragu","2026-08-28 03:07:19",857.1,2,satishvaranragu
4640,16694149,maxout,"2026-09-21 06:18:06",857.1,2,"aadijoshi19,kavyabhand"
4641,16661423,"Rishavendra Sharma","2026-08-31 08:38:23",856.9,2,rishavendrasharma
4642,16658014,Bharath,"2026-09-26 20:35:40",856.8,2,pes2ug23cs121
4643,16734578,"Pascal Andreas","2026-08-26 17:42:14",856.4,2,pascalandreas
4644,16725354,"Swaroop piduguralla","2026-08-19 14:23:28",856.3,2,pnsaimanitejaswaroop
4645,16650372,Greed,"2026-08-12 17:18:47",856.2,2,greedshen
4646,16781516,"Hongbin Guokaggle","2026-08-29 04:16:00",855.4,2,hongbinguokaggle
4647,16658097,Sujay,"2026-09-17 06:08:01",855.4,2,sujayprodduturi
4648,16811576,Zi,"2026-09-03 01:52:15",855.3,1,kaigaokaigao
4649,16714902,HunterBlue,"2026-08-13 18:54:47",855.2,2,marianacodebase
4650,16841176,"Bruce Cole","2026-09-09 00:39:28",855.1,2,brucecole
4651,16716949,ligaydima,"2026-09-22 07:02:19",854.8,2,ligaidima
4652,16712888,Vux,"2026-08-20 14:32:16",854.1,2,weiyu85
4653,16775781,"I am GroOth","2026-09-26 12:45:32",853.6,2,gideonoba
4654,16662023,"Vikas Kumar","2026-09-08 17:17:57",853.6,2,vikshit104
4655,16699610,"Sneha ","2026-08-17 01:00:34",853.5,2,kharya3
4656,16756399,"old Ryne Mac had a farm","2026-08-21 19:44:11",853.4,1,rynemac
4657,16714059,Yentür,"2026-08-12 18:47:44",853.4,1,meryentr
4658,16700737,HechtJP,"2026-08-13 11:12:06",853.3,2,hechtjp
4659,16738467,EnriFermi,"2026-08-26 23:51:18",853.0,2,enrifermi
4660,16625611,"Karl Smile","2026-08-28 16:42:46",852.9,2,karlsmile
4661,16809122,"federico battello","2026-09-10 15:05:02",852.8,2,federicobattello
4662,16677832,"Maryam Tahir","2026-08-25 15:07:42",852.6,2,maryamtahir09
4663,16728272,"Daris Dzakwan Hoesien","2026-08-16 10:48:22",852.4,1,darisdzakwanhoesien2
4664,16920916,"wiki Alexander","2026-09-23 06:11:41",852.4,2,wikialexander
4665,16765526,"Kotala Kishan Reddy","2026-08-24 08:56:22",852.2,1,kotalakishanreddy
4666,16684163,MohamedFD,"2026-08-13 12:32:47",851.7,2,mohamedfd
4667,16941390,yukikotani,"2026-09-25 00:00:27",851.6,2,yukikotani2231
4668,16633580,Vinymo,"2026-08-23 15:32:23",851.0,2,vinymo
4669,16633414,"sagar tripathy","2026-08-13 15:57:56",850.3,2,sagar8trip
4670,16700995,"Maram Ali","2026-08-15 09:13:15",850.3,2,msama01
4671,16693886,spellstriker,"2026-08-12 22:03:20",850.0,2,spellstriker
4672,16681275,"CUG HeQiao","2026-08-12 09:06:14",850.0,2,cugheqiao
4673,16635509,simmons1025,"2026-09-24 00:57:55",849.5,2,simmons1025
4674,16689952,"Lazarus Ogero","2026-08-11 16:44:08",849.5,2,lazarusogero
4675,16772450,"Muneeba Badar","2026-08-25 21:19:13",849.1,2,muneebabadar
4676,16654381,"Dmitry Belan","2026-08-30 17:16:29",848.6,2,dimong4
4677,16655368,"Mohammed Maqsood L","2026-08-19 10:40:17",848.4,2,mohammedmaqsoodl
4678,16671821,donglee,"2026-08-13 09:13:09",847.8,1,dongleeovo
4679,16767528,"Umut Toygar Göz","2026-08-30 13:01:54",847.8,2,umuttoygargoz
4680,16732586,Juniex,"2026-09-22 13:52:52",847.8,2,"juniex,shirleyshirleyye"
4681,16699659,"Dimas Pasha Akrilian","2026-09-01 01:59:59",847.8,2,dimaspashaakrilian
4682,16681749,"rohith vinice","2026-08-11 23:55:16",847.4,2,rohithvinice
4683,16830837,"Damilare Olayemi","2026-09-08 08:35:23",847.3,2,damilareolayemi
4684,16773266,newbyy,"2026-08-26 05:21:47",846.8,1,newbyy
4685,16621735,VN-Orion,"2026-08-21 11:42:27",846.8,2,fastthanh78
4686,16629292,"Syed Saad Hasan Emad","2026-08-17 06:14:38",846.0,1,syedsaadhasanemad
4687,16709462,"KK #2","2026-08-14 09:06:37",846.0,2,kk2909
4688,16761728,"Vybhav Nath C A","2026-08-30 12:19:48",845.7,2,shadowfax2000
4689,16701759,xycai,"2026-08-14 17:23:35",845.4,2,xycaipku
4690,16656731,"Muhammad Ali","2026-08-14 06:47:06",845.1,2,sardaralimaqsood
4691,16652904,TonightIsOver,"2026-09-26 13:02:54",844.7,2,tonightisover
4692,16663241,"Kris Adamatzky","2026-08-13 09:49:19",844.4,2,krisadamatzky
4693,16627995,"Fire Bird","2026-08-11 20:36:45",843.4,2,xuanleekaggle
4694,16763120,"Shivam Singh #2","2026-08-23 16:56:35",843.2,1,shivamsingh17072001
4695,16703099,GansPiro,"2026-08-13 18:34:26",843.0,2,ganspiro
4696,16684012,ceh,"2026-08-16 04:58:18",843.0,2,emilhessman
4697,16789587,"José Luis","2026-09-08 06:49:13",842.3,2,joseluissz
4698,16688153,"Panchajanya Banerjee (Pancham)","2026-08-16 20:28:27",842.0,2,delayedkarma
4699,16656948,"alexander kern","2026-08-24 18:02:17",841.8,2,alexanderkern
4700,16729874,"Shane Schisler","2026-09-26 19:33:37",841.3,2,seschis
4701,16691714,"Wesley Juraschek","2026-08-19 06:07:37",841.3,2,wesleyjuraschek1
4702,16636909,"wking edewd","2026-08-21 11:21:57",841.1,1,wkingedewd
4703,16693058,"Yuvraj singh","2026-09-18 11:41:37",840.9,2,yuvrajsingh789
4704,16667839,Viet-Tien,"2026-08-22 19:46:21",840.3,2,tiena2cva
4705,16772993,"dirty farmers","2026-08-26 06:33:12",840.0,2,jamesgui2007
4706,16770302,stardxx,"2026-08-26 02:21:35",839.9,2,stardxx
4707,16740103,Adjakou,"2026-08-24 07:31:02",839.5,2,adjakou
4708,16733745,sokilya,"2026-09-27 08:56:13",839.4,1,sokilya
4709,16729227,Marjao,"2026-08-16 16:49:12",839.3,2,muniburrehman2020
4710,16927988,"Ravi Ramakrishnan","2026-09-20 05:22:13",839.3,1,ravi20076
4711,16659314,Sandeep063,"2026-08-25 12:44:22",839.1,2,sandeep063
4712,16692103,HaniJezo,"2026-08-11 20:32:40",838.8,1,hanijezo
4713,16632146,Haker_Sam,"2026-08-27 10:45:31",838.6,1,hakersam
4714,16666884,"Antonio Stanciu","2026-08-15 14:33:52",838.6,2,stanciuantonio
4715,16733547,"Mark Grayson","2026-08-17 18:53:21",838.5,2,flyingsinclair
4716,16748330,Okan,"2026-08-21 11:15:17",838.2,2,okanzkaya
4717,16769866,"Suzuki Riki","2026-08-25 12:11:09",838.1,2,suzukiriki
4718,16708333,"Phạm Vương","2026-08-11 16:17:10",838.0,2,vuongphamqq
4719,16682936,"Latifa Riziki","2026-08-12 09:38:13",837.8,2,latifariziki
4720,16698256,Mint,"2026-08-17 18:39:08",837.4,2,rorandangerous
4721,16663694,"Dimitri ZABRE","2026-09-18 22:22:32",837.4,2,dimitrizabre
4722,16831372,"Hazel caviar","2026-09-05 08:07:40",836.8,2,hazelcaviar
4723,16624896,"Akmal Azzam o'g'li","2026-08-18 06:03:51",836.6,1,akmalmir
4724,16695608,"Elie Elias","2026-09-12 11:11:33",836.0,2,elieelias
4725,16663352,"Avnish Sharma","2026-08-31 14:42:23",835.7,2,kewlaz
4726,16692138,"Bishwa Thakur","2026-09-05 09:15:47",835.2,2,bishwathakur
4727,16627400,"Krasnov Daniil","2026-08-11 06:04:48",835.0,2,daniilkrasnovvv
4728,16738705,"Atilla Y","2026-09-12 06:51:34",834.2,2,atillay
4729,16695964,"JiMing Feng","2026-08-17 10:56:45",833.7,2,jimingfeng
4730,16709744,"Emre Bayram","2026-08-14 09:04:57",832.6,2,emrebayram
4731,16749153,"Arnav Mishra","2026-09-12 05:10:43",832.4,2,arnavmishra02
4732,16673097,"Sonu Kushwaha","2026-09-01 11:10:15",832.3,2,sonukushwaha124
4733,16690567,"Falih Kaleel","2026-09-26 14:52:12",832.2,2,alphajet185
4734,16681620,wanwanuil,"2026-08-13 12:43:19",832.1,2,wanwanuil
4735,16651052,lty,"2026-08-18 02:33:01",831.8,2,linwei9
4736,16693159,"Zonglin Han","2026-08-13 17:10:08",831.7,2,zonglinhan
4737,16767164,"yuhan wu","2026-08-26 09:37:53",831.6,2,yuhanwu487
4738,16889423,ShinChua,"2026-09-14 12:50:22",831.1,1,shinchua
4739,16700116,Goldian,"2026-08-21 16:13:40",830.9,2,goldian
4740,16695501,brocade,"2026-08-15 00:01:12",830.8,2,brocade
4741,16682303,"Kapadiya Nirav Kumar","2026-08-18 06:24:30",830.7,2,kapadiyaniravkumar
4742,16697675,"Isaac Grossman","2026-08-30 23:21:35",830.6,2,kingisaac
4743,16657494,Trex,"2026-08-12 14:00:14",830.6,2,trexzone
4744,16697021,Vaishnavi22052006,"2026-08-11 18:43:08",830.5,2,vaishnavi22052006
4745,16624682,FrederikZ,"2026-09-02 10:17:51",830.5,1,zkirederf
4746,16632579,ZZfancy,"2026-08-11 12:04:42",830.4,2,zzfancy
4747,16623020,Muhandro,"2026-08-20 16:29:57",830.1,2,muhandro
4748,16667729,"Daniel Wu","2026-08-15 14:35:27",829.9,2,danielwuu
4749,16763383,"Alexandru Sitaru","2026-08-25 07:05:06",829.7,2,sitaru
4750,16709300,炫酷的小克里斯,"2026-08-19 15:54:28",829.3,2,tinfufans
4751,16662653,"Jordan Schaeffer","2026-09-09 01:49:11",829.0,2,jordanmschaeffer
4752,16698942,"PRADHAN RS","2026-08-13 18:06:58",828.9,2,pradhanrs
4753,16806886,dreamtear,"2026-09-02 05:55:56",828.5,1,mohanzeng
4754,16692164,Abdulrahman.su10,"2026-08-11 20:35:39",828.3,1,abdulrahmansu10
4755,16665702,"Aman Gupta","2026-09-08 16:26:19",827.7,2,amangupta0014
4756,16659692,"Hùng Nguyễn Huy (Hiirooo)","2026-08-11 03:47:45",827.3,2,hngnguynhuy
4757,16679767,Salut!,"2026-08-12 21:56:55",827.2,2,denismekhanikov
4758,16684947,Hoaquason,"2026-09-04 08:54:54",826.6,2,"datnguyen0102,mibombaclat"
4759,16710672,"Yasemin Koç","2026-08-14 05:52:52",826.5,2,yaseminmkoc
4760,16754552,Touyu,"2026-09-24 23:29:39",826.4,2,yutoaoki
4761,16785100,5386,"2026-09-10 11:08:04",826.2,2,"ismktkaggle,rairai314,satosis"
4762,16707584,sadatch,"2026-08-13 05:18:28",825.5,2,sadatch
4763,16675305,"Justin Sabu Sebastian","2026-08-22 23:19:57",825.4,2,justinsabusebastian
4764,16716468,"Sakhawat Hossen","2026-08-15 03:28:07",825.3,2,sakhawathossen
4765,16676154,"Tuan Tran","2026-08-10 16:29:40",824.9,2,thtuan
4766,16660331,A.K.NITHIN,"2026-08-12 12:07:32",824.9,2,aknithin
4767,16692090,sans,"2026-08-12 03:14:55",824.7,2,sans6262q
4768,16676043,"Tejash Rai","2026-08-14 07:16:01",823.5,2,tejashrai
4769,16645712,"Changye Li","2026-08-24 06:23:33",823.4,2,antoinegg1
4770,16661093,"INDRAJIT SWAIN","2026-08-15 13:23:37",823.3,2,indrajitswain
4771,16660371,"José Luis Gómez","2026-08-13 01:37:42",823.3,2,josluisgmezz
4772,16705584,"Adil Munawar","2026-08-29 21:18:33",823.2,2,adilmunawar
4773,16667994,"Zhian Wei","2026-09-11 06:57:54",823.2,2,zh1anwe1
4774,16809277,"Shuntaro Tanaka","2026-09-11 01:01:20",822.3,2,shuntarotanaka
4775,16771780,Trichoderma,"2026-09-06 04:58:38",822.3,2,brunoescalhao
4776,16656316,"Richard Tang","2026-08-11 01:09:34",822.3,2,richardgtang
4777,16805763,"Masaya Kawamata","2026-09-04 03:39:48",822.1,2,masayakawamata
4778,16673110,"Sri Jayavel K","2026-08-20 08:18:31",821.5,2,srijayavelk
4779,16634654,unknown,"2026-08-13 02:11:22",821.3,2,abdullahshafi2021
4780,16745092,zakihiro,"2026-08-21 07:59:39",821.1,2,zakihiro
4781,16672374,"kelly waldeck","2026-08-11 21:07:30",820.9,2,kellywaldeck
4782,16633886,mudesteven,"2026-08-16 02:54:25",820.7,2,fastlight2007
4783,16676356,"Wander waal","2026-08-11 02:48:56",819.6,2,wanderwaal
4784,16669778,UknesIruka,"2026-09-18 18:30:56",819.3,2,uknesiruka
4785,16691591,"Dheeraj Kumar #3","2026-08-12 04:05:32",818.3,2,kdheeraz
4786,16780558,hxrdxk,"2026-08-29 18:36:48",817.5,2,hxrdxk
4787,16660711,ricardo,"2026-08-15 22:34:26",817.4,2,magania
4788,16657857,hust_xll,"2026-08-12 05:38:12",816.9,2,hustxll
4789,16737113,"Sergei Myshianov","2026-08-20 03:24:23",816.7,2,sergeimyshianov
4790,16719551,JamesYip7,"2026-08-20 10:24:50",816.4,2,jamesyip7
4791,16706315,"Desert Fox88","2026-08-11 12:02:03",815.8,2,desertfox88
4792,16830784,栀蓝thy,"2026-09-15 10:03:44",814.6,2,tianhaoyuan86
4793,16722902,"Grigorii IU","2026-08-22 01:54:09",814.3,2,grigorii220
4794,16688136,"Armanzhan Ayan","2026-08-11 16:49:36",814.0,2,armanzhanayan
4795,16640869,taijunhao,"2026-08-12 10:26:30",813.9,2,taijunhao
4796,16696769,"maximo lorenzo y losada","2026-08-12 13:07:35",813.7,2,maximolorenzoylosada
4797,16640058,"Justin CH123","2026-08-11 09:15:28",813.1,2,justinch123
4798,16660333,"Deanos Crew","2026-08-11 13:10:19",812.6,2,jamescole0101
4799,16927276,"julian andres viejo garrido","2026-09-26 03:26:34",812.5,2,salmaviejo
4800,16700630,apoyusiken,"2026-08-12 06:10:52",812.3,2,umutarpay
4801,16666410,"Binil George","2026-08-12 10:40:43",812.2,2,binilg
4802,16662166,duy,"2026-08-31 08:50:51",811.7,2,hduynguyen
4803,16632675,"Baran Kucuk","2026-08-11 15:09:58",811.6,2,barankucuk
4804,16683441,Eura73,"2026-08-21 08:07:47",811.4,2,eura73
4805,16728955,"Chris Murphy","2026-09-07 23:33:26",810.9,2,mur418
4806,16706283,haogood666,"2026-08-11 08:25:40",810.4,1,haogood666
4807,16793134,sawasawasawa,"2026-09-07 09:06:57",810.4,2,yukisawamura
4808,16678638,Loshtradz,"2026-08-26 18:40:35",810.4,2,loshtradz
4809,16875777,YinboLiu,"2026-09-17 11:11:46",809.8,2,yinboliu
4810,16679371,ΛYMΞNRH,"2026-08-11 06:43:55",809.7,2,aymnrh
4811,16665058,"Llin Ding","2026-09-01 05:38:32",809.1,2,"greatneuro,llinding"
4812,16709069,"James Mcquay","2026-08-14 18:05:40",809.1,2,jamesmcquay
4813,16644891,yankang_XZK,"2026-09-02 18:29:53",808.5,2,yankang233
4814,16689770,"Abdillah Sagif","2026-08-11 10:11:23",808.3,2,abdillahsagif
4815,16790115,Starumi,"2026-08-31 00:39:22",808.1,2,starumi
4816,16688436,Zuu3scode,"2026-08-12 15:19:16",808.0,2,zuu3scode
4817,16670433,"Mohammad Osamah Atif","2026-08-19 08:46:32",807.7,2,osamatif
4818,16692457,t2better,"2026-08-12 11:56:41",807.7,2,t2better
4819,16701573,"Haggai Musoda","2026-08-17 20:04:00",807.3,2,haggismusoda
4820,16696644,"Franklin T","2026-09-13 07:17:43",807.1,2,franklin0410
4821,16702774,FilipJ,"2026-08-16 18:34:05",806.9,2,filipjarmua
4822,16625615,"Mobeen Fatima","2026-09-24 10:19:55",806.8,2,mobeenfatimah
4823,16650485,nasu726,"2026-08-13 13:51:20",806.6,2,nasu726
4824,16724779,"Gavin Cao","2026-08-16 09:00:53",806.6,2,gavinxgcao
4825,16702482,"Carlos Navarro","2026-08-14 05:26:26",805.9,2,navarr0
4826,16660911,"Animesh Ratna","2026-08-23 22:01:35",805.8,2,animeshratna
4827,16653153,Gbining,"2026-09-23 15:25:35",805.5,2,gbining
4828,16705441,CooperJiang,"2026-08-13 06:57:44",805.3,2,gingersna
4829,16668334,Suavemango,"2026-08-12 05:18:03",805.0,2,suavemango
4830,16672579,"Udbhaw Anand","2026-08-22 13:15:18",805.0,2,udbhawanand
4831,16817309,"TeddyDog Lovely","2026-09-03 10:44:15",804.5,2,teddydoglovely
4832,16663820,taka,"2026-09-16 22:06:10",804.5,2,takaakiishi
4833,16679519,"Петьо Лазаров","2026-08-10 22:30:35",804.5,2,pesosz
4834,16940838,"Dean Wuu","2026-09-23 02:06:11",804.4,2,deanwuu
4835,16655715,Chin,"2026-08-12 06:20:32",804.2,2,qinyukun
4836,16767431,Nine1Eight,"2026-08-24 16:51:12",804.2,1,wethepeople918
4837,16804961,explise,"2026-09-02 08:13:03",803.9,2,explise
4838,16636004,"Ragunath Ravi","2026-08-11 10:59:07",803.9,2,ragunathravi
4839,16656691,"Sahaj Deep Singh","2026-08-12 01:39:36",803.7,2,sahajdeepsingh9877
4840,16779063,"Yendrew Y","2026-09-26 12:10:52",803.5,2,yendrewy
4841,16688265,"Kyle #2","2026-08-11 01:51:35",803.4,2,georgeturbo
4842,16701466,"HELIOS reasonning","2026-08-11 22:38:55",802.8,2,heliosreasonning
4843,16633006,Kaiser,"2026-09-01 06:36:38",802.3,1,kaiserm
4844,16696895,BrokeFarm,"2026-09-27 01:15:11",802.2,2,brucec
4845,16655693,DePie,"2026-09-24 02:35:28",802.2,2,phucthaiv02
4846,16660653,kanchana's,"2026-09-21 17:23:31",802.0,2,"saikanchana,yuvarajkanchana"
4847,16623444,"sary sary","2026-09-22 20:50:21",801.9,2,sarysary
4848,16661983,"Victor's Team","2026-08-12 12:05:19",801.9,2,"dlordsjustified,jezrealmomoh,joludare,victorokpe"
4849,16770777,"Oscar Legoupil","2026-09-09 15:43:18",801.9,2,oscarlegoupil
4850,16657429,"xiao cat q","2026-08-12 01:41:13",801.8,2,xiaocatq
4851,16695376,Garv88,"2026-08-13 12:19:20",801.8,2,garv88
4852,16709473,"Selahattin Günter","2026-08-23 14:07:42",801.3,2,selahattingnter
4853,16707993,"Sangita Bannore","2026-08-11 14:33:47",801.2,1,sangitabannore
4854,16676025,"Csaba József","2026-08-31 19:31:00",801.1,2,"jcsaba,peterkiss4"
4855,16655210,Amon,"2026-08-16 06:09:04",800.9,2,kingaemon
4856,16658487,radozaprazny,"2026-09-12 14:09:06",800.7,2,radozaprazny
4857,16692490,"Enes Coşkun","2026-08-11 05:37:38",800.6,2,enscskn
4858,16733121,saturnliu,"2026-09-10 17:20:24",800.6,2,saturnliu
4859,16655952,"Tianfu Wang (王天夫)","2026-08-12 15:08:12",800.6,2,wangtf96
4860,16693925,"Francisco Corredor","2026-09-26 20:36:17",800.5,2,franciscocorredor
4861,16706825,"Niranjana Vincent ","2026-09-23 01:06:38",800.5,2,nj54425
4862,16666733,"Alberto MV","2026-08-10 23:06:33",799.9,2,albertomv
4863,16912040,YUYAN457,"2026-09-18 08:13:27",799.8,2,yuyan457
4864,16696608,beanbamboozled,"2026-08-10 10:45:19",799.7,2,beanbamboozled
4865,16687724,Yijue1,"2026-08-11 02:15:05",799.6,2,yijue1
4866,16687594,"Andrew Markley","2026-08-13 01:19:04",799.6,2,andrewmarkley1
4867,16658746,marinxbt,"2026-09-11 14:18:24",798.5,2,marinxbt
4868,16659803,nRuaif,"2026-08-22 02:47:10",798.2,2,phngdoan
4869,16708573,Benser,"2026-08-15 14:41:24",797.9,2,benser
4870,16659890,"Cu Spoon","2026-08-25 22:02:11",797.4,2,cuspoon
4871,16643233,"Marco DG","2026-08-11 06:20:14",797.3,2,marcodg
4872,16663919,hnhyhj,"2026-08-13 04:05:56",797.2,2,hnhyhj
4873,16745264,wpang,"2026-09-25 00:08:24",796.8,2,wangshu
4874,16624088,Pomiro,"2026-08-11 04:41:24",796.6,2,pomiro
4875,16725680,henri66,"2026-08-15 21:09:47",796.6,2,henri665
4876,16667052,"Dandan Li","2026-08-15 18:07:17",796.4,2,clcll532x
4877,16843755,oguzok,"2026-09-27 06:03:31",796.1,2,oguzok
4878,16667233,EdGy2k,"2026-08-10 10:41:12",795.9,2,edgy2k
4879,16768644,Momoko,"2026-08-25 03:22:50",795.7,1,yangmengyuanmomoko
4880,16695903,cerensukaramese,"2026-08-14 09:18:05",795.4,2,cerensukaramese
4881,16705370,TS2333,"2026-08-11 03:40:40",795.1,2,ts2333
4882,16656181,Vishwa,"2026-08-11 05:46:58",795.1,2,rv1922
4883,16786082,"Noberto Frota","2026-08-29 00:40:42",794.9,1,nobertofrota
4884,16793535,Pink,"2026-09-15 08:44:32",794.8,2,farjanaafrinswarna
4885,16676275,Scorpi,"2026-08-12 01:34:25",794.8,2,scorpi
4886,16701221,"Othman Istaiteh","2026-08-10 13:25:38",794.6,2,istatieh
4887,16793275,"Biao Cao","2026-08-30 13:44:48",794.3,1,biaocao398
4888,16712651,riicon,"2026-09-26 14:45:17",793.8,2,risakashiwabara
4889,16671666,showtree,"2026-09-02 01:53:55",793.7,2,showtree
4890,16848998,yiweigan,"2026-09-22 13:17:52",793.6,2,yiweigan
4891,16631777,KiKi,"2026-09-03 04:27:02",792.1,2,kingkiller2164
4892,16635330,tekatoncat,"2026-08-16 23:42:10",791.9,2,tekatoncat
4893,16700314,Giallar,"2026-08-14 16:45:53",791.8,2,andreykrotkikh
4894,16666282,"Bang sion","2026-08-22 10:06:06",791.6,2,bangsioni
4895,16695176,"Zakaria Settar","2026-08-16 21:52:31",791.4,2,zakariasettar
4896,16662213,"Yang Zong-Yu phD","2026-09-24 03:00:14",791.3,2,yangzongyuphd
4897,16762837,Nagamatsur,"2026-09-17 12:24:55",791.0,2,rihitonagamatsu
4898,16660037,shehai.lrs,"2026-08-11 13:37:32",790.9,2,shehailrs
4899,16669643,"Athenix Kaggriculture","2026-08-24 18:23:54",790.8,2,sdafdsfsdfgdsg
4900,16672075,"Kameron Green","2026-08-11 05:49:32",790.8,2,hgenix20
4901,16639476,耶✌,"2026-08-30 19:52:36",790.7,1,qifeihhh666
4902,16705192,"John Ogah","2026-08-16 03:54:21",789.8,2,johnogah
4903,16807134,"Chaowei Liang","2026-09-09 01:53:25",789.7,2,chaoweiliang
4904,16761975,lixiuqixiaoke,"2026-08-26 09:59:11",789.1,2,lixiuqixiaoke
4905,16660479,"Lakhindar Pal","2026-08-31 13:26:49",788.7,1,lakhindarpal
4906,16904681,yzhaolabs,"2026-09-20 10:26:40",788.1,2,zhaoyuanzhen
4907,16823736,"Logan Seitz","2026-09-09 15:07:29",788.0,2,loganseitz26
4908,16780967,"black hole sun","2026-09-01 02:25:21",788.0,2,danielefiorino
4909,16704622,ray,"2026-08-11 16:30:13",787.9,2,rayenezanned
4910,16890654,"Niloofar Y.","2026-09-24 17:12:56",787.0,2,niloofaryoonesi
4911,16808116,WWAWW,"2026-09-15 03:47:37",786.6,2,masatowaragai
4912,16662718,xlnt,"2026-08-22 12:37:49",786.4,2,"princebisht,xlnt404"
4913,16697142,Kujaomega,"2026-08-10 22:13:02",786.2,1,kujaomega
4914,16624625,"Harsha Vardhan","2026-08-10 07:33:35",785.5,2,harshacode101
4915,16677723,"Trip Meiners","2026-09-22 14:40:41",784.9,2,tripmeiners
4916,16655323,roma,"2026-08-09 19:49:51",784.7,2,mnroma
4917,16726422,"Praveen Kumar","2026-08-29 11:25:55",784.3,2,pankajrepswal
4918,16675582,DavidX,"2026-08-11 06:05:18",783.9,2,davidasx
4919,16660594,XIAODOUZI,"2026-08-17 12:06:50",783.8,2,xiaodouzi666
4920,16696208,"kazwzn S","2026-09-22 12:06:22",783.0,2,kazwzns
4921,16713031,"Nahid Hossain Redom","2026-08-13 15:38:30",782.2,2,nahidhossainredom
4922,16664481,"Siddhu Jaykay","2026-08-12 14:02:29",782.1,2,siddhujaykay
4923,16691275,"Muhiminul Islam   Mahim","2026-08-12 10:04:35",782.1,2,muhiminulislammahim
4924,16760101,"Big Moo","2026-08-25 00:52:06",782.0,2,abdullahramadan1
4925,16770979,"Paulo Martins","2026-09-27 00:57:45",782.0,2,paulomartins87
4926,16622487,"Sam kramer_1028","2026-08-18 09:40:58",781.8,2,samkramer1028
4927,16729863,Monkeyzl,"2026-08-22 20:02:21",781.6,2,monkeyzl
4928,16704027,"Alan Cai","2026-08-10 22:36:40",781.6,1,alancai27
4929,16652741,"Sergi Bas","2026-09-23 16:29:27",781.0,2,sergibas
4930,16689471,wenjinyang,"2026-08-11 13:32:09",780.9,2,wenjinyang
4931,16881964,"Vipeen Kumar","2026-09-21 06:20:46",780.3,2,vipeen
4932,16828106,AG,"2026-09-20 00:12:01",779.9,2,lacroix7771
4933,16670545,"Mouad AIT HA","2026-08-18 20:03:55",779.6,2,mo0103
4934,16806003,"Hazqeel Afyq","2026-09-20 08:53:15",779.6,2,hazqeelafyqathaillah
4935,16751992,Coding4Fun07,"2026-09-26 10:56:46",779.3,2,coding4fun07
4936,16784719,"Ayush Shekhar","2026-09-26 06:32:29",779.3,2,ayushshekhar56
4937,16659618,"Jeevan Jolly","2026-08-13 13:51:52",779.1,2,jeevanjolly
4938,16679347,"Youssef EL MSIYAH","2026-08-09 12:07:55",778.9,2,youssefelmsiyah
4939,16690829,JeremyH43,"2026-08-16 00:06:30",778.4,2,jeremyh43
4940,16672247,"Movie Watch2022","2026-08-18 19:48:12",778.2,2,moviewatch2022
4941,16658875,"Noah Bishop","2026-08-10 09:56:34",777.9,2,noahbishop1
4942,16729800,"Alchemical Retard.","2026-08-20 07:28:07",777.7,2,alchemicalretard
4943,16736816,LLE,"2026-08-22 16:50:40",777.4,2,"rajaditya01,saiash"
4944,16839972,"Yusuf Lee","2026-09-05 15:16:20",777.2,1,yusuflee
4945,16743015,"Sword's Frost","2026-09-26 00:09:57",777.1,2,alexwilliam7
4946,16885421,"Lee Minseung","2026-09-26 15:30:40",776.8,2,leeminseung
4947,16684852,後藤将斗,"2026-08-24 14:51:20",776.8,2,masato09
4948,16729859,wintermute,"2026-09-24 07:44:41",776.8,2,siraev
4949,16659529,"Sanchit Jain","2026-09-25 22:33:41",776.6,2,sanchit1609
4950,16732140,Miaa1526,"2026-08-24 08:58:42",775.6,2,miaa1526
4951,16696852,MYGEMER,"2026-08-09 15:43:13",775.5,1,mygemer
4952,16635238,"Tai Tien Ta","2026-09-03 03:25:55",775.2,2,tittin
4953,16818689,Takashi,"2026-09-24 11:35:16",775.0,2,takashi1
4954,16925552,JacobQIQI,"2026-09-22 13:58:21",774.7,1,jacobqiqi
4955,16746592,Harvester,"2026-08-21 13:57:05",773.9,2,yudhis16
4956,16742442,"Anton Dugin","2026-08-21 09:51:07",772.9,2,antondugin
4957,16760247,kriskur123,"2026-09-15 14:23:38",772.7,2,kriskur123
4958,16726173,"Aman Bihari","2026-08-23 12:51:05",772.2,2,amanbihari
4959,16671174,Alexandre008,"2026-08-09 12:29:49",771.5,2,alexandre008
4960,16654122,"Peter Thompson","2026-08-10 17:59:36",771.2,2,mightytreefolk
4961,16639236,"Dhavan Shah","2026-08-12 18:20:38",770.9,2,dhavanshah99
4962,16940857,"Melon Man","2026-09-26 11:58:55",770.9,2,alvinandrada
4963,16694065,zhangwei02,"2026-08-30 09:29:12",770.8,2,zhangwei02
4964,16905921,关注塔菲喵,"2026-09-16 16:11:46",770.8,2,zuberi05
4965,16917996,Agentculture,"2026-09-22 09:28:26",770.8,2,"ericchen001,huzhenyi,sylvia47,thx123456121"
4966,16694744,XiaoZhiren,"2026-08-10 13:03:56",770.3,2,"ruikangan,xiaozhiren"
4967,16660259,Marcus,"2026-08-08 17:23:34",770.1,2,marcuseno
4968,16702909,SG4265,"2026-09-07 21:14:54",769.9,2,sg4265
4969,16693374,"Henfry De Los Santos","2026-08-12 11:43:51",769.5,2,henfrydelossantos
4970,16910441,Ultracodes,"2026-09-20 11:27:09",768.7,2,"guanchaosun,lh123463,yitao111"
4971,16653984,"Howard Lyu","2026-08-08 18:35:00",768.4,2,howardlyu
4972,16847300,"Lam PayGi","2026-09-08 02:02:17",768.1,2,lampaygi
4973,16722500,"Mike Murunov","2026-08-16 15:18:17",767.4,2,mikhailmurunov
4974,16657598,"Arun Mallikarjuna","2026-08-10 04:29:14",767.4,2,arunmallikarjuna
4975,16652849,Hejunhui,"2026-08-16 14:15:29",767.2,2,website98
4976,16671837,"Ronald K Wilson ","2026-09-21 14:14:14",767.1,2,ronaldkwilson
4977,16685828,Ztr0,"2026-08-09 05:53:10",767.1,2,y1amadeus
4978,16672980,"Thomas Prinz","2026-08-09 13:57:51",766.7,2,xardiphotography
4979,16724895,russ,"2026-08-19 08:55:30",766.6,2,mdevian
4980,16732679,argon,"2026-08-19 08:32:47",766.4,2,argonlabs
4981,16728633,draven,"2026-09-12 07:35:01",766.0,2,ustchx
4982,16675752,"Simon Rüba","2026-08-10 14:23:16",765.9,2,simonrba
4983,16665935,eternitywinner,"2026-08-08 14:41:53",765.7,2,eternitywinner
4984,16923114,Pruthvij08#,"2026-09-19 06:44:33",765.6,2,pruthvij08
4985,16659662,MOHSIN525,"2026-09-01 15:43:49",765.5,2,mohsin525
4986,16920167,AI+Agriculture,"2026-09-21 02:33:40",765.4,2,"alexanderzhiyuanliu,duyutong6,jackdeng123,lgz666"
4987,16644378,"hicham bedrani","2026-08-28 11:33:17",765.4,2,hichambedrani
4988,16680646,Naym0425,"2026-08-14 04:20:36",765.2,2,naym0425
4989,16659610,gareeb,"2026-08-10 15:46:50",765.1,2,"arjund29,saqlainsqx,yashawl194"
4990,16681226,"tingting shen","2026-08-10 09:24:23",765.1,2,tingtingshen99
4991,16880045,"Underground Farmers","2026-09-13 13:04:19",765.0,2,xavierwi
4992,16663678,"Fabiano Adelino","2026-09-25 14:48:28",764.9,2,fabianoadelino
4993,16811703,KaggricultureX,"2026-09-20 02:45:19",764.8,2,"hanwang666,huanghaoyu7280,lannuo,liangzixiabc"
4994,16671314,"Robot Farm","2026-08-29 16:54:23",764.8,2,codearranger
4995,16661707,"Rudolf HOUNLETE","2026-08-09 11:41:08",764.7,2,queystanle
4996,16731924,CuddleYokai,"2026-08-19 10:57:11",764.7,2,cuddleyokai
4997,16652827,"Rob C","2026-08-14 03:04:30",764.5,2,robertcheah
4998,16749776,DataLover,"2026-08-20 16:34:37",763.9,1,paulknidler
4999,16683982,Kenny,"2026-08-16 19:43:13",763.6,2,kmonar
5000,16713590,"Александр Арутюнян","2026-08-13 05:20:18",763.1,2,alexarut17
5001,16695182,"Ali Haydar Özdağ","2026-08-10 14:29:59",763.1,2,ahoirg
5002,16667124,"Chaotic Era","2026-08-12 01:26:13",762.9,2,sani84
5003,16676911,"Michał Ścibak","2026-09-26 19:36:53",762.5,2,michacibak
5004,16653208,FabienDaniel,"2026-08-07 10:17:38",762.2,2,fabiendaniel
5005,16670202,"Elizabeth Park","2026-08-09 20:33:17",762.1,2,elizabethpark
5006,16869317,Pikachuexeallen,"2026-09-12 19:46:36",762.0,2,pikachuexeallen
5007,16672660,"Straw Hat","2026-08-11 06:14:47",761.8,2,"anuragugargol,tanishafagare114"
5008,16823144,"AARAV JADAV","2026-09-26 16:51:40",761.8,2,aaravjadav
5009,16674744,"Burhan Ul Tayyab","2026-08-10 10:55:43",761.5,2,babychick
5010,16711725,meatori-nu,"2026-09-05 13:40:48",761.4,2,meatorinu
5011,16941176,"Jesse #2","2026-09-27 09:10:04",761.3,2,atjesse
5012,16664242,"Alex Lee","2026-08-11 03:43:12",761.0,2,aiexanderr
5013,16661100,"Muhammad Junaid","2026-09-06 21:24:50",760.5,2,junaid512
5014,16639496,"Sai Teja Bandaru","2026-08-11 14:51:49",760.3,2,saitejabandaruin
5015,16623461,MightyK,"2026-08-09 05:36:23",760.0,2,anhhkhoi
5016,16676038,"Adyanth M","2026-08-09 05:12:40",759.9,2,adyanthm
5017,16692677,"Ashish Dubey","2026-08-10 06:17:34",759.9,2,ashish124536
5018,16884751,"full-auto agent","2026-09-16 04:26:04",759.7,2,"idcode,pychat,regularl2,tokenrank"
5019,16857621,"stack overflow","2026-09-12 01:24:42",759.6,2,"cudastack,dlbyte,dsbeta"
5020,16736429,Rudra278,"2026-08-18 12:07:42",759.2,1,rudra278
5021,16683909,"Krzysztof ""Chris"" Karaszewski","2026-08-14 08:41:11",759.1,2,futureofworkchannel
5022,16907268,"Ilya Fedorov","2026-09-19 16:29:53",759.1,2,sorrow321
5023,16926195,koutwiring,"2026-09-24 20:54:24",758.8,2,koutwiring
5024,16732537,Rapha,"2026-09-27 01:49:43",758.8,2,raphaabels
5025,16634174,phibkro,"2026-08-07 03:10:52",758.3,2,phibkro
5026,16644150,"J.M.Mubasshir Rahman","2026-08-09 17:15:01",757.7,2,jmmubasshirrahman
5027,16663928,Auxileon,"2026-08-09 16:20:13",757.6,2,auxileon
5028,16815105,"Saurav Chaudhari","2026-09-03 08:46:53",757.4,2,saur3x
5029,16684639,Bru3ll,"2026-08-09 15:50:45",757.3,2,bru3ll
5030,16637898,"Marek Nurzynski","2026-09-26 19:39:58",757.3,2,marek3000
5031,16630372,Q.qlmmm,"2026-08-24 18:25:02",757.2,2,qlammi
5032,16660385,"Jose Santiago Echevarria","2026-08-25 12:02:45",757.1,2,jmsechevarria
5033,16919136,"First Farming","2026-09-19 13:15:58",756.1,2,"chengxuanyang,dongshangyu,lxinye09,pengwenlong"
5034,16670065,"Artyom Sayapin","2026-09-22 16:26:22",755.2,2,spielmeister
5035,16660430,"Hassaan Ibrahim","2026-08-10 12:45:55",755.1,2,hassaanibrahim
5036,16694751,im_justmatthew,"2026-08-10 11:27:00",755.1,2,imjustmatthew
5037,16884814,"Happy Farmers","2026-09-16 04:30:33",754.9,2,"loopide,mapmicro,modelkit"
5038,16889300,"Chris McCarthy","2026-09-23 08:20:29",754.9,1,chrismccarthy
5039,16664179,animelonerboy,"2026-08-09 15:52:55",754.8,2,adambasa5
5040,16910408,Yuumi080911,"2026-09-20 09:42:09",754.3,2,"haiyunzhang,yuumi080911"
5041,16665976,"Daksh Goyal","2026-08-08 20:36:06",754.2,2,dakshgoyal387
5042,16664409,"Kathi Munishwar","2026-08-09 03:37:05",754.1,1,kathimunishwar
5043,16658278,"Malcolm Durosaye","2026-09-17 12:31:05",754.0,2,malcolm95
5044,16639125,"Caio Coelho","2026-08-09 15:38:12",753.9,2,caio41
5045,16789865,AgroByte-dev,"2026-09-02 14:39:25",753.8,2,ylyasyylkybayev
5046,16830531,"Nikos Chatzinikolaou","2026-09-24 14:53:07",753.8,2,nikoschatzinikolaou
5047,16692970,LakoMoor,"2026-08-09 17:43:25",753.7,2,lakomoor
5048,16663457,Furqan102102,"2026-08-09 12:02:35",753.5,2,furqan102102
5049,16623189,"Aditya Mishra","2026-08-09 03:42:06",753.0,2,adityamishranika
5050,16795676,cold_star,"2026-09-04 03:54:22",752.9,1,a406161167
5051,16670406,"jessica jennifer","2026-08-20 15:55:41",752.9,2,jessicajennifer
5052,16904566,FLA,"2026-09-20 10:42:53",751.8,2,"athnnna,fanglong,fengzq777"
5053,16667245,"KAIWALYA RAUT","2026-08-09 09:04:25",751.8,2,kaiwalyaatulraut
5054,16698489,"JIUZHOU CHAN","2026-09-22 18:50:06",751.7,2,jiuzhouchan
5055,16669273,Parag,"2026-08-07 02:10:29",751.6,2,paragkale
5056,16692883,coolguy,"2026-08-08 20:56:21",751.1,1,vihangpagare334
5057,16640332,"ning gu","2026-08-21 00:01:22",751.0,2,morninggu
5058,16857685,kaggriwaves,"2026-09-13 02:25:51",750.9,2,"cliwave,cyberpsi,hyperacc"
5059,16846968,kfous,"2026-09-25 16:20:28",750.9,2,kfousekis
5060,16656515,"Rushal Manandhar","2026-09-26 05:41:31",750.6,2,rushalmanandhar
5061,16668758,"Aman Vishwakarma","2026-08-09 17:33:00",750.1,2,amanvishwakarma01
5062,16698735,Larfii,"2026-08-21 18:01:02",749.8,2,larfii
5063,16664283,"Nguyễn Hữu Công","2026-08-07 05:24:48",749.8,2,nguynhucng
5064,16666625,"Nguyen Ngoc Thien","2026-08-07 16:12:04",749.8,2,ngocthienai
5065,16683036,"Ritesh Thawkar","2026-08-14 08:34:08",749.7,2,riteshthawkar
5066,16928267,"GPT 6 Astra Ultra Fast","2026-09-21 12:24:15",749.2,2,"dorags,linmiaohan,zhiruizheng111"
5067,16857762,Fablers,"2026-09-13 02:32:06",749.1,2,"cvcost,fluxdev,lossvis,zetaex"
5068,16625472,"luna is free！","2026-08-29 16:39:51",748.6,2,simingtan
5069,16661899,AAI,"2026-08-09 14:23:08",748.6,2,aiolapo
5070,16857488,BC+,"2026-09-23 04:59:23",748.5,2,"lachesism,neoist,wangtianyi8,zhihaoweng"
5071,16659585,"Anas Riaz","2026-08-08 20:20:23",748.4,2,anasriaz
5072,16680075,I_luv_magick,"2026-08-07 09:50:30",748.1,2,iluvmagick
5073,16630249,"Aymar Avohoueme","2026-08-20 10:22:33",747.6,2,aymaravohoueme
5074,16663780,"Hamza Kanice","2026-08-09 00:08:11",747.5,2,hamzakanice
5075,16720234,Aditya109,"2026-09-08 05:20:00",747.3,2,"aditya109,tathagattyger"
5076,16681480,"Kevin Nguyen","2026-08-14 18:16:29",747.2,2,haidangnguyen1802
5077,16660537,Furina,"2026-08-08 13:52:01",747.1,2,cjlcjlcjl
5078,16638998,"khalid harouach","2026-09-17 13:32:02",747.1,2,khalidharouach
5079,16660101,Zarathustra,"2026-08-12 02:48:18",746.9,2,rezkyadytama
5080,16679683,Aberrchan,"2026-08-08 17:44:32",746.6,2,aberrchan
5081,16635612,Julian,"2026-09-27 07:55:19",746.6,2,mob404
5082,16624253,DTrieu,"2026-09-25 13:46:55",746.2,2,hodinhtrieu
5083,16666826,"Simone di costanzo","2026-08-07 19:38:11",746.1,2,simonedicostanzo
5084,16929367,SimulationXYZ,"2026-09-22 15:40:49",745.9,2,"biandatong,fan41786,taomarktao,ycc13688881999"
5085,16673179,"Muhammad Faraz Aftab","2026-08-09 10:18:58",745.7,2,muhammadfarazaftab
5086,16711204,"harden james","2026-08-12 08:00:14",745.7,1,ffusername
5087,16694317,"PRITIKA SA","2026-08-09 07:17:19",745.4,2,pritikasa
5088,16671403,"Alex Karpowicz","2026-08-08 18:36:52",745.4,2,alexkarpowicz
5089,16709304,"Aleksey SCHUKIN","2026-09-27 08:11:00",745.2,2,alekseyschukin
5090,16634078,"yoho kumedayo","2026-08-15 12:48:29",744.8,2,dorachinyastyle
5091,16835621,"Atharv Santosh","2026-09-05 02:49:27",744.6,1,atharvsantosh
5092,16634468,"Kun Zhang","2026-09-01 11:38:47",744.6,2,beicicc
5093,16732008,"Phoebe Lin","2026-09-05 01:05:06",744.5,2,phoebe0511
5094,16674977,BarbateP,"2026-09-20 10:57:34",744.3,2,barbatep
5095,16688898,"Sanskar Omar","2026-08-09 11:10:44",744.1,2,sanskaromar7
5096,16845420,"Terrance Luangrath","2026-09-08 05:41:53",744.1,2,tksluangrath
5097,16679848,Nikola010,"2026-08-13 16:29:19",743.9,2,nikola010
5098,16631101,"Muneeb ul Hassan","2026-08-10 09:56:41",743.8,2,muneeb2405
5099,16866155,gomamonaka,"2026-09-12 10:10:10",743.8,2,gomamonaka
5100,16679237,"Danilo Sepúlveda","2026-08-06 21:26:28",743.4,1,daniloseplveda
5101,16655497,cszf_first,"2026-08-09 02:06:46",743.3,2,cszffirst
5102,16660613,今日洗澡明日香,"2026-08-07 09:58:49",743.3,2,"jasperkag,ryjiang,timmengzh,yningc"
5103,16669971,"Luka Philip","2026-08-08 16:09:32",743.1,2,lukaphilip
5104,16662712,"Roman Stupin","2026-08-27 23:52:01",743.1,2,rcnegby
5105,16830079,"Quan Vu","2026-09-04 11:35:57",743.1,2,quan0095
5106,16825767,f7e6n5g4,"2026-09-25 09:15:53",743.0,2,f7e6n5g4
5107,16692469,neoistheone,"2026-08-08 18:38:13",743.0,1,neoistheone
5108,16688579,"Long Hu","2026-08-09 09:41:04",742.9,1,longhul
5109,16784731,Alfred,"2026-09-20 21:54:16",742.8,2,holleyalfred
5110,16792989,ALKRIS,"2026-08-31 14:35:26",742.7,2,wasimjbuh
5111,16665015,"laiba razzaq10","2026-08-07 14:21:49",742.6,2,laibarazzaq10
5112,16670040,galaxyhunter,"2026-08-17 19:22:06",742.5,2,pkharkwal
5113,16653262,"tianwen zhang1","2026-08-08 16:21:18",742.1,2,tianwenzhang1
5114,16857636,Tm-ACCS,"2026-09-13 02:24:43",742.0,2,"bitsmini,corebase,llmrun,opsneo"
5115,16642579,"Desyat IO","2026-08-09 17:31:59",742.0,2,desyatio
5116,16658173,Tamizharuvi,"2026-09-19 08:42:47",741.9,2,tamizh1
5117,16760841,KIsXcl,"2026-08-24 14:34:11",741.6,2,kisxcl
5118,16680408,mochogo,"2026-08-07 05:42:33",741.5,1,mochogo
5119,16658670,EveryJust,"2026-08-07 08:33:35",740.9,2,"everyjust,zfc666wsnd"
5120,16802598,zxcqqe,"2026-09-27 02:59:57",740.9,2,anonimniygeniy
5121,16656347,OctahedronBB,"2026-08-07 00:52:27",740.7,2,octahedronbb
5122,16661739,"Spandan Mhapsekar","2026-08-08 10:39:41",740.7,2,spandanmhapsekar
5123,16655076,"Tita Kongolo","2026-08-08 09:08:57",740.5,2,titakongolo
5124,16923138,"Davi Santos","2026-09-26 17:31:44",740.4,2,davissantos1
5125,16671372,"Meet Sabhaya","2026-08-08 06:02:13",740.2,2,meetsabhaya
5126,16659958,brainpick,"2026-08-24 21:54:50",740.2,2,prathvirajpalekar
5127,16664666,"Rheal Thomas","2026-08-21 19:29:44",740.2,2,rhealthomas
5128,16685990,VictorAndrew,"2026-09-05 22:20:04",740.2,2,vicktvr
5129,16854347,"Arul Gandhi","2026-09-12 10:19:13",739.9,2,arulgandhi
5130,16623932,"Axel Ahmer","2026-09-19 16:55:30",739.7,2,blondie1
5131,16643193,"Shoroogh Ahmadi","2026-08-13 10:36:43",739.6,2,shorooghahmadi
5132,16665500,"Madan kumar","2026-08-13 17:31:57",739.3,2,winklemad
5133,16672629,"Alex Boyd","2026-09-06 15:37:19",739.3,2,alexrayboyd
5134,16841445,Challo,"2026-09-26 02:28:49",739.1,2,germantardioperez
5135,16729165,コーラ,"2026-08-23 07:30:40",739.1,2,cola0912
5136,16641535,Tutti,"2026-09-06 15:16:23",738.8,2,malk271828
5137,16722112,nyori,"2026-09-23 16:27:08",738.4,2,nyoriworks
5138,16698467,"Ra'uf Fauzan Rambe","2026-08-10 04:29:13",738.4,2,rauffauzanrambe
5139,16666632,to1_10i,"2026-08-19 20:27:42",737.9,2,to110i
5140,16658789,Zhanpeng.W,"2026-08-08 10:05:26",737.9,2,zhanpengw
5141,16630441,"yjhv buddies","2026-08-07 09:50:05",737.7,2,bender1123123
5142,16645078,"A Aswanth Raj","2026-08-09 08:57:36",737.4,2,aaswanthraj
5143,16657989,"vishnu gopal P","2026-08-08 12:27:56",736.8,2,vishnugp
5144,16639645,RamenBoy,"2026-09-08 14:38:35",736.5,2,ramenboyjapan
5145,16672520,"Nah I'd win","2026-08-07 08:09:12",736.0,2,asutriy
5146,16656118,Mutte1904,"2026-08-07 05:03:56",735.8,2,mutte1904
5147,16698071,nixotrix,"2026-09-07 21:16:50",735.7,2,nixotrix
5148,16698822,JJN8825,"2026-09-26 16:38:20",735.6,2,jjn8825
5149,16674550,"Jebastin Nadar","2026-08-06 10:09:16",735.5,2,samfc10
5150,16623485,XtraLearning,"2026-08-09 17:10:36",735.4,2,xcessivesmash
5151,16720913,Candidates,"2026-08-23 17:18:05",735.3,2,"ulyanovmmm,vladimirarchipov"
5152,16661249,Yaohui,"2026-08-26 14:59:02",735.3,2,yaohui85
5153,16753850,"Ahmad Ali","2026-09-09 17:58:10",734.9,2,ahmadali1243534
5154,16654623,"Asher Goldstein","2026-08-09 17:54:27",734.8,2,ashergoldsteincd21
5155,16633043,"Ryan Adams","2026-09-08 23:48:54",734.5,2,ryanadamsai
5156,16753820,sbite0138,"2026-09-10 14:12:17",734.3,2,sbite0138
5157,16670361,"Saud Saudesen","2026-08-15 22:16:42",734.0,2,saudsaudesen
5158,16729472,"Boris Pletenev","2026-08-16 17:23:56",733.9,1,borispletenev
5159,16731259,"Manvik singh rathore","2026-08-30 17:18:55",733.8,2,manviksinghrathore
5160,16847456,waHAHA,"2026-09-07 09:53:07",733.3,1,wangshen1994
5161,16654832,mohit,"2026-08-07 00:01:08",732.9,2,mohitvarred
5162,16670117,"Raj Aryan","2026-08-07 18:15:04",732.8,2,rajaryan2503
5163,16904592,RLMAX,"2026-09-21 14:23:16",732.4,2,"haoyangdaviddong,mingsiguo,risottoolive,yuanqinyi"
5164,16667479,"Leon Christians","2026-09-13 17:12:37",732.4,2,leonchristians
5165,16631665,"jatan sanghvi","2026-09-07 14:03:17",732.3,2,jatansanghvi
5166,16624485,"Nishant Dahal","2026-08-10 02:24:42",732.0,2,nishantdahal
5167,16635518,"ROFIQUL ALAM SHEHAB","2026-08-09 11:49:00",731.9,2,rofiqulalamshehab
5168,16678288,"Speedrun retirement","2026-08-30 18:59:23",731.8,2,"josephkimanikamau,nanducode"
5169,16660120,gktdgktdgktd,"2026-08-07 07:50:45",731.7,2,gktdgktdgktd
5170,16736559,"Team Rot-Weiß","2026-08-19 13:22:35",731.6,2,moritzpaal
5171,16732722,Kusanagi,"2026-08-24 21:52:54",731.5,1,kusanagiap
5172,16838800,"LEE Dailun","2026-09-09 13:59:27",731.3,2,peterccll
5173,16893333,Chista,"2026-09-17 23:10:55",731.2,2,"amirelite,asimir"
5174,16802695,"Taras Sam","2026-09-07 17:36:00",730.9,2,tarassam
5175,16690897,"Ashok Kumar Garain","2026-08-08 13:26:11",730.3,1,ashokkumargarain
5176,16667219,"Komil Parmar","2026-08-08 10:00:55",730.3,2,komilparmar
5177,16670807,mannogun,"2026-09-04 23:15:49",730.2,2,arcanejumper
5178,16659525,"Dang Khoa Nguyen","2026-08-17 09:51:16",730.0,2,khoadangnguye
5179,16668329,HakimTaoufik,"2026-08-18 13:06:18",729.5,2,hakimtaoufik
5180,16673155,"Babar Khilji","2026-08-06 15:55:26",729.4,2,babarkhilji
5181,16658213,"Ahmet Abdullah Gültekin","2026-09-26 21:20:04",729.4,2,abdullahgultekin
5182,16655353,"Pablo Montenegro","2026-08-09 02:13:47",729.2,2,pablomontalb
5183,16624003,weedfarmer,"2026-08-08 05:34:16",728.9,2,aleksanderhan
5184,16670221,fle3n,"2026-08-08 19:48:37",728.8,2,fleongg
5185,16695137,"Samantha Nicole Bracamonte","2026-09-27 09:13:45",728.6,2,snrbracamonte
5186,16686843,"Juraj Zelman","2026-08-09 08:40:09",728.5,2,jurajzelman
5187,16669608,"Jesy Lu","2026-08-13 16:21:53",728.5,2,jesylu
5188,16765310,"Aria Muse","2026-09-27 05:09:34",728.4,2,ariamuse
5189,16670058,"Dahoui Alex Armel ","2026-08-07 01:02:07",727.9,2,dahouialexarmel
5190,16678506,SireeshLimbu,"2026-08-08 08:39:43",727.7,2,sireesh
5191,16689084,Tam1m,"2026-08-29 09:56:39",727.3,2,booleanwolf
5192,16782792,"[Deleted] bdc3c175-811b-438f-9c3a-c2d9c80c106a","2026-08-29 07:16:45",727.2,2,del=e8b93c44cf962f9e
5193,16687463,"Manolo Chow","2026-08-09 22:56:20",727.2,2,manolochow
5194,16663369,csteeve,"2026-09-26 18:25:26",726.8,2,csteeve
5195,16705242,"Chonghao Peng","2026-09-04 21:45:52",726.1,2,chonghaopeng
5196,16654626,bgsszsa,"2026-08-07 12:01:33",725.8,2,bgsszsa
5197,16662161,"Touhidul Alam Seyam","2026-08-10 12:39:51",725.8,2,seyamalam
5198,16656934,"Aleks Kolesnik","2026-09-27 06:48:19",725.8,2,aleksandrkolesnik
5199,16653117,"li jiaqi77","2026-08-07 05:32:06",725.7,2,lijiaqi77
5200,16683852,"Abhiram Anil","2026-08-08 06:26:11",725.5,2,abhiramanil
5201,16731074,UmutUygurr,"2026-09-26 19:23:53",725.5,2,"dilahbaheci,umuttuygurr"
5202,16666147,"Khalid Bin Hethlain","2026-09-15 20:43:36",725.2,2,khalidbinhethlain
5203,16639606,Peach2587,"2026-08-12 03:19:13",723.7,2,momokayoshioka
5204,16664827,"Jose Miguel Diez de la Lastra","2026-08-07 16:08:49",723.4,2,josemigueldiez
5205,16668995,"MD.Firoj Khondokar","2026-08-06 11:05:13",723.1,2,mdfirojkhondokar
5206,16633276,"Nolan Liang","2026-08-09 03:26:47",723.1,2,iamlkn
5207,16665169,"Rahul Barakoti ITM","2026-08-07 10:58:30",722.8,2,rahulbarakotiitm
5208,16668034,ggggalaxy,"2026-08-28 04:56:40",722.7,2,ggggalaxy
5209,16669930,"Ilya Klimanov","2026-08-25 13:30:13",722.7,2,ilyaklimanov
5210,16655763,"Diogo Sena","2026-08-22 17:08:45",722.7,2,diogodmsena
5211,16675753,Khafidin,"2026-08-12 05:16:26",722.5,2,khafidin
5212,16742806,"Oğuz Karabulut","2026-09-11 07:47:41",722.2,2,ouzkarabulut
5213,16644552,Keanan,"2026-08-08 11:35:17",722.1,2,citerne
5214,16665898,chengsongtao,"2026-08-23 00:12:59",721.9,2,cheng618
5215,16673002,xubenzheng,"2026-08-07 15:40:31",721.9,2,xubenzheng
5216,16659727,shuaiqiyang,"2026-09-16 01:16:36",721.6,2,shuaiqiyang
5217,16662592,"Vladislav Yushkevich","2026-08-09 14:54:24",721.6,2,"crazyflyingsheep,vladislavyushkevich"
5218,16758431,"Mathews Jere","2026-08-26 18:10:25",721.5,2,mathewjere
5219,16653939,"Amr Yasser","2026-08-06 17:56:07",721.0,2,amryasswe
5220,16684568,"[ODS] waniz","2026-08-08 11:04:42",721.0,1,wanizz
5221,16669518,Galagala,"2026-08-07 18:35:59",720.9,2,b12705059
5222,16684762,X-xuhui,"2026-08-08 10:07:58",720.6,2,xxuhui
5223,16657942,"Gokul Prasath","2026-08-04 23:38:18",720.5,2,beastgokul
5224,16755091,Charlie,"2026-09-24 01:54:36",720.0,2,zephyrlennox
5225,16657861,"Liao Zixu","2026-08-25 04:28:34",719.9,2,liaozixu
5226,16665353,Sakshamm2587,"2026-08-17 16:50:43",719.7,2,sakshamm2587
5227,16676677,"Clark Stéphane","2026-08-07 18:58:45",719.7,2,clarkstphane
5228,16655156,"Pranjal Ranjan","2026-08-06 23:58:43",719.7,2,pranjalranjan299
5229,16665529,Venneth,"2026-08-08 12:32:20",719.6,2,venneth
5230,16732667,Doug,"2026-08-26 23:26:49",719.5,2,dougsgrott
5231,16734490,Tomeiser,"2026-09-24 11:23:16",719.5,2,tomeiser
5232,16683439,Goober,"2026-08-10 19:46:41",719.4,2,kongzhisyuen
5233,16630758,"Keshav Joshi","2026-08-20 18:53:37",719.4,2,keshavjoshi22
5234,16657957,"Mounika Kommireddy","2026-08-08 07:57:32",719.1,2,mounikakommireddy
5235,16671622,"Isaac Diaz Lopez","2026-09-27 02:25:44",719.1,2,isaacdiazlopez
5236,16621802,fgwiebfaoish,"2026-08-13 12:21:54",719.0,2,fgwiebfaoish
5237,16671844,I2nfinit3y,"2026-08-07 02:27:10",719.0,2,i2nfinit3y
5238,16718916,"ROBERT SSEBAMBULIDDE","2026-08-14 19:21:24",718.5,2,robertssebambulidde
5239,16682336,"Çınar Efe Yetişen (Student)","2026-08-19 08:29:20",718.1,2,narefeyetienstudent
5240,16676280,agniii,"2026-08-06 17:05:08",718.1,2,agniii
5241,16665561,LuoXingda,"2026-08-07 08:22:42",718.0,2,luoxingda
5242,16682182,"himanshu chauhan2406","2026-09-26 11:54:31",717.7,2,himanshuchauhan2406
5243,16734312,truebelief,"2026-09-09 00:11:41",717.6,2,truebelief
5244,16699080,"Karthikeya Thatipamula","2026-09-12 04:52:19",717.4,2,karthikeya18
5245,16666358,"GAYATHRI SALINI","2026-08-07 07:55:26",717.4,2,gayathrisalini09
5246,16853733,Eugene,"2026-09-26 11:05:57",717.4,2,eugenejyuan
5247,16742239,"Benny Joseph","2026-09-17 13:06:06",716.4,2,pbennyjoseph
5248,16670671,"TAUIL Abd Elilah","2026-08-11 01:17:39",716.1,2,tauilabdelilah
5249,16677675,"Roman Mironov","2026-08-06 17:30:28",716.1,1,helloromiro
5250,16639043,"saroj bono","2026-08-28 18:42:55",715.9,2,sarojbono197
5251,16699699,rudykane,"2026-08-11 16:06:34",715.7,2,rudykane
5252,16667091,"Nico Feiler","2026-08-07 14:27:47",715.6,2,nicofeiler
5253,16807875,meghana,"2026-09-10 23:44:54",715.4,2,meghana284
5254,16659000,xjlgg123,"2026-08-08 12:35:10",715.4,2,xjlgg123
5255,16656296,Fususu,"2026-09-05 04:32:44",715.1,2,phuongncn
5256,16936773,"shahab shahsavar","2026-09-26 03:17:27",715.1,2,shahabshahsavar
5257,16811628,"Roger Yang","2026-09-08 03:12:08",715.0,2,rogerjyang
5258,16675981,"Luca R","2026-09-26 15:30:45",714.4,2,luck058
5259,16640582,Attension_Seeker,"2026-08-10 06:57:51",714.3,2,aisipu
5260,16744809,"Ruben Romero Fernández-Monge","2026-08-25 18:00:39",714.2,2,salieri7
5261,16667606,Manifolds1,"2026-08-06 16:36:46",713.8,2,ptrakuldit
5262,16699784,nianyu,"2026-08-10 09:46:32",713.8,2,nianyuc
5263,16656345,sunchang71,"2026-08-05 14:05:13",713.5,2,sunchang71
5264,16638909,mbscgi,"2026-08-04 22:48:03",713.4,2,mbscgi
5265,16635781,wacata,"2026-08-19 14:53:05",713.4,2,wacata
5266,16676283,jnurik,"2026-08-07 17:24:01",713.3,2,nurdauletmoldik
5267,16674367,"zongze Yan","2026-09-22 05:31:47",713.2,2,aaayan
5268,16896810,Xcution,"2026-09-16 18:23:35",712.9,2,gghhjjkk
5269,16658025,"Dennis Gioche","2026-08-06 09:08:34",712.8,2,dennisgioche
5270,16724556,"Yixiang Wu","2026-09-23 03:00:15",712.7,2,yixiang964
5271,16660091,bcTiann,"2026-08-06 05:55:54",712.3,2,bctiann
5272,16666686,yolo,"2026-08-08 12:08:38",712.2,2,avin55
5273,16669400,"Martin Konôpka","2026-08-06 12:16:13",711.7,2,rumburakk
5274,16668668,"George Byne","2026-08-25 10:10:36",711.6,2,georgebyne
5275,16656393,"Faris Abqari","2026-08-07 00:15:25",711.2,2,farisabqari11
5276,16642154,Burkina_team_mate,"2026-08-06 15:30:54",711.0,2,"belemkalilou,tedjosegregorybere"
5277,16664368,"Ujjwal Reddy","2026-08-10 19:43:26",711.0,2,ujjwalreddyks
5278,16668545,Ronty00,"2026-08-06 08:24:07",710.9,2,ronty00
5279,16639280,"Faruk Çiftler","2026-08-09 11:27:46",710.6,2,abdullahfaruk
5280,16664890,ideal_m99,"2026-09-19 19:12:14",710.5,2,idealm99
5281,16936771,"Elvis Diniz","2026-09-22 10:49:26",710.5,2,elvisdiniz
5282,16783131,Hawkeye,"2026-09-03 07:15:17",710.4,2,pragneshbagary
5283,16802505,daviondk,"2026-09-27 09:14:09",710.3,2,daviondk
5284,16666609,"visit palja.co","2026-08-15 03:34:49",710.3,2,sselrats
5285,16679155,jeziorop,"2026-08-06 20:34:53",710.2,1,jeziorop
5286,16656009,"Steven Liu","2026-08-31 06:25:02",710.2,2,thornkey
5287,16668029,Timbo615,"2026-08-07 11:56:21",710.2,2,timbo615
5288,16624977,Avikumar93801,"2026-08-11 05:55:19",710.2,2,avikumar93801
5289,16802341,"Yousef Turk","2026-09-08 04:00:16",710.0,2,yousefturk
5290,16862705,karlmorg37,"2026-09-22 20:10:48",709.8,2,karlmorg37
5291,16661229,Gena,"2026-08-04 15:18:42",709.6,2,gdonchyts
5292,16635890,Poojan,"2026-08-06 09:44:47",709.3,2,poojankumartandel
5293,16659820,Accayo14,"2026-08-06 14:20:30",709.3,2,accayo14
5294,16797134,Yooho0,"2026-09-07 16:25:05",709.3,2,yooho0
5295,16797785,"Vivek Verma","2026-08-31 20:36:45",709.1,2,cosmicescape
5296,16658717,"Aditya Kapadia","2026-08-06 14:32:16",709.0,2,adityakapadia2003
5297,16681065,SYC,"2026-08-07 03:22:25",708.9,1,yichengs
5298,16662496,KhalidKhan,"2026-08-05 05:31:07",708.8,2,feedfeed
5299,16667101,SundharSteyn,"2026-09-23 16:27:30",708.8,2,sundharsteyn
5300,16660555,"Nguyễn Nhật Thanh","2026-08-07 03:45:29",708.5,2,nguynnhtthanhhhhh
5301,16839782,"mou chen111","2026-09-05 15:00:04",708.4,2,mouchen111
5302,16677240,"Jeevan Malla","2026-08-07 07:37:46",708.3,2,jeevanmalla
5303,16652896,"R^2 negative","2026-08-04 23:14:38",708.2,2,rktqwe
5304,16930968,"Harvey Zheng","2026-09-24 04:34:49",708.2,2,harveyzheng07
5305,16875632,HexTex,"2026-09-12 04:34:49",708.1,2,hexlab
5306,16847548,"Abhinav Sai Podugu","2026-09-10 06:59:09",708.0,2,abhinavsaipodugu
5307,16665431,"Monojit Nandy","2026-08-06 11:50:38",707.8,2,vedarthmn
5308,16818086,wwewwt,"2026-09-08 05:44:07",707.7,2,wwewwt
5309,16934428,shib,"2026-09-24 18:37:26",707.6,2,shibendum
5310,16669491,"Parakh Sharma","2026-08-06 10:59:33",707.5,2,parakh20
5311,16661019,lmq,"2026-08-04 14:47:23",707.5,2,lmminhquang
5312,16745450,GusNicho,"2026-08-24 03:30:55",707.1,2,pineapplepencil
5313,16669542,Agzam,"2026-08-06 05:09:43",707.1,2,mazgag
5314,16930569,MarqueeMoon19770208,"2026-09-27 09:21:56",707.0,2,marqueemoon19770208
5315,16667714,ZhexinJiang,"2026-08-06 11:26:30",706.9,1,zhexinjiang
5316,16772626,"Dr. Mikholae Hutchinson","2026-09-05 19:48:53",706.9,2,drmikholaehutchinson
5317,16698538,"Haozhe Wang 2022","2026-08-24 00:50:02",706.9,2,haozhewang2022
5318,16654486,alijs,"2026-08-06 14:27:22",706.8,2,alijs1
5319,16654081,"Aleksei Ponomarev","2026-08-06 00:43:57",706.8,2,alekseiponomarev
5320,16732022,Mosamosa,"2026-09-03 00:42:06",706.0,1,mosamosa
5321,16663052,gh,"2026-09-13 21:30:08",705.8,2,grzegorz
5322,16655294,Mobzya,"2026-08-26 23:11:15",705.6,2,mobzya
5323,16663178,Sm00thiecodes,"2026-08-07 11:00:29",705.5,2,sm00thiecodes
5324,16702509,KošičanSVK,"2026-08-17 18:04:22",705.4,2,ryanstoner
5325,16673682,MJ.LIU.T,"2026-08-06 08:14:05",705.3,1,mjliut
5326,16671407,JBro13,"2026-08-07 02:29:02",705.3,2,jbro13
5327,16935826,Ayush,"2026-09-27 04:52:04",705.3,2,"aniketchonu,ayush20081303"
5328,16686707,"Sébastien henry","2026-09-17 14:36:54",705.2,2,sebmontreal
5329,16654743,"Jaume Batlle i Ferrer","2026-09-25 06:18:38",705.2,2,jaumebatlleiferrer
5330,16655828,ack07,"2026-08-06 04:52:07",705.2,2,its07amit10
5331,16631016,木下陽平,"2026-08-06 14:52:20",704.7,2,yoheikaggle
5332,16659565,Tekin24,"2026-08-13 21:25:21",704.6,2,tekin24
5333,16652900,cjen07,"2026-08-07 23:33:05",704.4,2,cjen07
5334,16712577,"nattapon nakakong","2026-09-22 02:49:39",704.3,2,nattaponnakakhong
5335,16665256,zhoujqi,"2026-08-06 18:31:31",704.0,2,zhoujqi
5336,16886420,infoproje,"2026-09-13 12:58:25",703.7,2,infoproje
5337,16866109,AAA-建材批发旭哥,"2026-09-12 03:44:40",703.7,2,aaawenxu
5338,16806251,"Seok Jun Kim","2026-09-08 07:51:16",703.2,2,sjk1225
5339,16702796,Yavuz.YILMAZ,"2026-09-07 12:22:45",703.2,2,yvztpe
5340,16675027,namanbnsl,"2026-08-06 13:02:52",702.9,2,namanbnsl
5341,16655114,"Hippo Farming Ltd.","2026-09-21 15:22:01",702.7,1,felixmneumann
5342,16656444,"christopher athans crow","2026-08-05 00:08:13",702.5,2,cchrisaa
5343,16644861,"kanzaler ensemble","2026-08-11 14:30:36",702.1,2,kanzalerensemble
5344,16623236,"Yonatan Nemtsov","2026-08-06 00:28:01",702.1,2,yonatannemtsov
5345,16668039,NotEnoughTokens,"2026-08-06 13:04:52",701.9,2,"adofai,jonghyun7777,taglink"
5346,16706523,"Aussie lover","2026-09-24 23:38:00",701.9,2,aussielover
5347,16652986,"Justin Kimlim","2026-08-26 03:12:37",701.1,2,justinkimlim
5348,16717448,getalife();,"2026-09-20 08:55:13",700.9,2,"byteknight28,dhairyapandya24,rounakagrwl"
5349,16659761,cheng-han,"2026-08-06 08:16:10",700.9,2,neoshie
5350,16727696,Milkman,"2026-08-19 15:05:17",700.5,2,talhasahi
5351,16629983,Amundsen,"2026-08-05 06:51:46",700.5,2,amundsen
5352,16636148,SanggeunParrk,"2026-08-05 04:04:32",700.4,2,sanggeunparrk
5353,16670378,"Ari Carter","2026-08-08 23:18:02",700.4,2,aricarter
5354,16758174,REBEL_K,"2026-08-27 18:30:45",700.3,2,rebelk
5355,16724269,lava,"2026-09-25 13:51:26",700.2,2,fanxiaozhen
5356,16929792,"Ganesh K","2026-09-22 19:25:02",700.2,2,ganeshk2846
5357,16643095,ckyasb,"2026-08-05 14:39:42",700.0,2,ckyasb
5358,16664775,DoubleZs,"2026-08-06 02:55:02",699.6,2,zhang051018
5359,16661410,tmxdlr,"2026-08-05 12:40:54",699.5,2,tmxdlr
5360,16632446,"Abdul Wahab Khan","2026-08-06 04:53:37",698.8,1,abdulwahab2321
5361,16832844,aliREZA,"2026-09-17 23:55:15",698.7,2,afazlik1
5362,16658709,"Kaggler Albafica","2026-08-06 10:05:39",698.6,2,kaggleralan
5363,16658265,kraken,"2026-09-05 15:23:26",698.4,2,krn0209
5364,16623665,Giba,"2026-08-05 22:44:41",698.4,2,titericz
5365,16623448,HoJoonYun,"2026-08-09 13:43:43",698.2,2,hojoonyun
5366,16625013,sash,"2026-08-05 01:00:10",698.2,2,sash2104
5367,16866097,"Pradeep Kumar Mahato","2026-09-16 14:21:29",698.2,2,pradeepkr12
5368,16659435,Zerabyte_X,"2026-08-04 09:52:16",698.2,1,zerabytex
5369,16858849,"Mark Diamond","2026-09-13 22:11:38",698.0,2,ponkle
5370,16627751,lzeee,"2026-09-24 08:23:42",698.0,2,shzgong
5371,16641326,IY,"2026-08-05 19:27:31",697.9,2,irotrader
5372,16790145,"Casper du Jardin Kejser","2026-09-04 09:12:34",697.9,2,casperdujardinkejser
5373,16731990,Karl0106,"2026-09-18 08:35:18",697.8,2,karl0106
5374,16719793,dhuruvapriyan,"2026-08-14 16:06:42",697.7,2,dhuruvapriyan
5375,16635679,WUHAOZHE618,"2026-08-15 04:08:45",697.7,2,wuhaozhe618
5376,16678965,MrGS,"2026-08-09 01:18:09",697.7,2,gabrielsderhll
5377,16667205,"Andrew Lee","2026-08-06 11:16:52",697.5,1,andrewlee23023
5378,16770724,Louras,"2026-08-26 09:49:05",697.5,2,louras
5379,16659217,Dynamic_fire07,"2026-08-05 18:51:51",697.3,2,"dynamicfire07,tryingmybest123"
5380,16729564,"Eirik Tveiten","2026-08-19 13:04:02",697.2,2,eiriktveiten
5381,16654726,"James Mancillas","2026-08-07 15:46:12",697.1,2,jamesmancillas
5382,16669282,sky233,"2026-08-06 17:06:04",697.1,2,sky233
5383,16666301,"James Felipe","2026-09-03 05:42:24",697.0,2,jamesfelipe
5384,16728345,ron,"2026-09-19 21:49:15",697.0,2,romart
5385,16664170,SpookyHippo,"2026-08-06 02:44:29",697.0,2,spookyhippo
5386,16632426,Santhana,"2026-09-26 23:27:23",696.7,2,santhanalekshmic
5387,16762021,Dhananjai1729,"2026-09-26 12:19:33",696.5,2,dhananjai1729
5388,16665399,"Shivam Shrivastava","2026-08-13 15:32:37",696.4,2,shivamshrivastava180
5389,16670765,"tensor choko","2026-08-05 23:03:23",696.3,1,tensorchoko
5390,16659676,Light,"2026-08-05 03:07:39",696.2,2,aadarshashrestha007
5391,16656304,"Gururaj Athani","2026-09-12 02:26:55",696.0,2,gururajathani
5392,16735488,"arhaan rai","2026-09-01 19:18:46",695.6,2,arhaanrai
5393,16639241,"Alissa King","2026-08-04 05:05:30",695.4,2,alissaking
5394,16675203,HK,"2026-08-06 11:38:05",695.4,1,hizurukonishi
5395,16656171,ishu,"2026-08-04 03:27:45",695.3,2,ishhverma
5396,16764419,"Leo #2","2026-08-30 08:17:12",695.1,1,nanlihao
5397,16664300,"swajay nandanwade","2026-08-05 04:57:10",694.8,2,swajaynandanwade
5398,16658723,"Waleed Alkhateeb","2026-08-05 13:31:44",694.7,2,waleedalkhateeb
5399,16684470,"Soumi Ghosh","2026-08-11 10:59:07",694.6,2,soumighosh911
5400,16662730,Operator-X,"2026-08-08 10:06:04",694.5,2,"jpexee,lavlinjaisonme23b250"
5401,16654209,"Nirav Mehta 1612","2026-08-10 15:41:47",694.3,2,niravmehta1612
5402,16668357,"B.Pardha Manoj Reddy","2026-08-24 16:57:25",694.3,2,pardhamanojreddy
5403,16644221,"Guzha Panashe H","2026-08-22 15:34:41",694.2,2,guzhapanasheh
5404,16744640,"Marcin Skalski","2026-09-01 18:25:08",694.1,2,marcinskalski
5405,16916213,"Arjun Hans","2026-09-18 02:13:40",693.9,2,arjunhans
5406,16695555,S4K50M,"2026-08-12 14:39:41",693.8,2,setiasaksham
5407,16656170,"Chakrabhuana V  Deva","2026-08-05 06:54:50",693.7,2,chakrabhuanavdeva
5408,16668060,"Spiros Skarmoutsos","2026-08-08 12:48:07",693.4,2,spirosskarmoutsos
5409,16770454,"Nawaf Almutairi","2026-09-12 19:23:12",693.3,2,nawafbalmutairi
5410,16690889,"B A S E L #","2026-08-08 14:47:22",693.1,2,basselll
5411,16643922,Konstantin03,"2026-09-07 17:03:30",692.8,2,konstantin03
5412,16628727,dominyellow,"2026-08-04 11:44:21",692.8,2,dominyellow
5413,16698045,"Vikhas S G","2026-09-07 06:12:25",692.8,2,vikhassg
5414,16657817,"rohith sai midigudla","2026-08-05 12:36:40",692.6,2,rohithsaimidigudla
5415,16762722,"Bruno Romero García","2026-08-31 20:24:32",692.5,2,brunoromerogarca
5416,16764081,"Demir Durbakayım","2026-08-29 21:21:56",692.2,2,sixcode
5417,16663407,Denis,"2026-08-11 17:42:21",692.1,2,matsiusheuski
5418,16722341,"Pham Huu Bao Chung","2026-09-16 08:57:18",692.1,2,phamhuubaochung
5419,16654419,kreiack,"2026-08-09 23:47:00",692.1,2,kreiack
5420,16687135,"Kavya Bhandari","2026-08-22 17:20:43",691.8,2,kavyabhandari1998
5421,16881685,"Vladislav Mlechko","2026-09-12 16:41:48",691.7,1,vladislavmlechko
5422,16663591,"Joseph Franck","2026-08-25 10:07:56",691.7,2,josephfranck
5423,16825081,huohuaya,"2026-09-09 06:09:50",691.5,2,huohuaya
5424,16641093,"Satish ","2026-08-20 04:18:42",691.5,2,satishkommanaboina
5425,16753826,"Jai Mata Di","2026-08-31 10:09:11",691.4,2,mrigshira
5426,16667503,Yuzuki,"2026-08-05 12:19:45",691.1,1,yuzukiohya
5427,16653122,Wei_Chance,"2026-08-23 10:25:14",690.9,2,bystanderq
5428,16664819,"SUBHASRI  S","2026-09-20 04:45:35",690.6,2,subhasri2007
5429,16841816,JasonDTao,"2026-09-14 06:38:01",690.4,2,jasondtao
5430,16651613,"Devin Zhou","2026-08-05 02:27:36",690.2,2,devinzhou
5431,16632686,strike,"2026-08-06 06:21:38",689.9,2,nicolia
5432,16666163,"Muthuraman Raman 7","2026-08-06 05:25:09",689.8,2,muthuramanraman7
5433,16894603,"Riyan Ahasan Araf","2026-09-16 02:11:59",689.8,2,riyanahasanaraf
5434,16650018,EiMengLove,"2026-08-05 10:27:31",689.7,2,konicty
5435,16849443,"Abhishek Kumar Gupta","2026-09-08 17:27:49",689.7,2,guptabhishekumar
5436,16633240,Igor,"2026-09-20 01:59:30",689.6,2,igor14497
5437,16662872,"Artem Garbart","2026-08-05 09:41:29",689.6,2,artyomgarbart
5438,16729515,"Emmanuel Tolani","2026-08-29 15:03:36",689.5,2,emmanueltolani
5439,16690050,PersistentLife,"2026-08-08 17:16:17",689.5,2,persistentlife
5440,16786115,"Andy Phan","2026-09-07 01:10:28",689.4,2,andyphan
5441,16833063,"Fidel Escalona","2026-09-26 23:50:21",689.4,2,fbescalo
5442,16670304,"Daniel Tomaro1","2026-08-09 03:03:06",689.3,2,danieltomaro1
5443,16641141,"Yuri Barbashov","2026-09-26 18:31:05",689.1,2,yuribarbashov
5444,16861102,walnut11,"2026-09-27 00:34:40",689.0,2,walnut11
5445,16658684,"Takayuki Michishita","2026-09-13 11:00:03",688.3,2,takayukimichishita
5446,16660819,nya654nya,"2026-09-14 08:30:21",688.2,2,nya654nya
5447,16675457,"Ramana Prabhu Sana","2026-09-27 09:21:57",688.1,2,ramanaprabhusana
5448,16637519,Temprao,"2026-08-03 12:16:43",688.1,1,maruimono928
5449,16740633,zhangtingyu11,"2026-08-20 04:34:32",688.0,2,zhangtingyu11
5450,16762634,"Clement Ling","2026-09-11 08:49:26",688.0,2,clementling
5451,16715255,"xiaocai liu","2026-09-13 19:19:43",687.8,2,xiaocailiu
5452,16624600,ariacat,"2026-08-06 07:16:44",687.8,2,ariacat
5453,16667547,"miaoqing long","2026-08-06 03:31:43",687.8,2,miaoqinglong
5454,16666242,"Lalwani Palash","2026-08-08 07:45:46",687.8,2,lalwanipalash
5455,16935335,"Joshua Attridge","2026-09-22 07:07:14",687.7,2,joshuaattridge
5456,16632250,"Mesut Gözdemir","2026-08-05 17:54:14",687.6,2,gfkfu123
5457,16757741,"Malte Bories","2026-08-25 20:08:35",687.5,2,maltebories
5458,16635159,Abdulsamad,"2026-08-06 11:48:04",687.3,2,abdulsamadjod1234
5459,16840641,"Yukar Fu","2026-09-26 07:31:34",687.1,2,yukarfu
5460,16654491,"Amedeo Biolatti","2026-09-25 19:08:34",686.8,2,abiolatti
5461,16748741,"pt ptao","2026-08-26 12:50:45",686.8,2,ptptao
5462,16662904,Bharathms1902,"2026-08-08 11:41:54",686.6,2,bharathms1902
5463,16693164,nuggettttt,"2026-08-09 02:14:22",686.4,2,nuggettttt
5464,16848841,Spacejam,"2026-09-07 16:15:52",685.9,1,spacejam1221
5465,16664291,"William Dennis","2026-08-11 07:57:27",685.9,2,williamdennis
5466,16642207,"Nerijus Areska","2026-08-04 00:01:32",685.8,2,nerijusareska
5467,16663273,"Mason Frias","2026-08-06 22:57:08",685.7,2,masonfrias
5468,16663899,"Abdelrahman Aboegela","2026-08-05 13:54:26",685.6,2,abdelrahmanaboegela
5469,16942573,Almaz,"2026-09-27 09:22:45",685.5,2,almazsakhapov
5470,16691938,"PRASHANT SUTHAR11","2026-09-25 12:12:57",685.4,2,prashantsuthar11
5471,16713463,"Dillen Perumal","2026-08-29 16:39:37",685.3,2,dxllen
5472,16682353,"counter puncher","2026-09-16 13:38:14",685.2,2,ahmadabdoumalickdiop
5473,16630760,dkzmn,"2026-09-04 08:59:03",685.2,2,dmkzmn
5474,16700265,Reesav,"2026-08-10 14:15:06",685.2,2,reez08
5475,16655339,harmo-miu,"2026-08-23 05:57:37",684.9,2,harmomiu
5476,16634752,"Praise the SHOVEL","2026-08-03 16:16:28",684.9,2,barnobarno
5477,16713291,Lperalt,"2026-09-20 02:20:12",684.8,2,lucianobastidas
5478,16796145,Qian,"2026-09-01 15:04:00",684.8,2,"aurelianz,qianyuchaoni"
5479,16726025,"Yanrun Chen","2026-09-07 12:15:23",684.7,2,yrchen98
5480,16765743,page0526,"2026-08-26 02:08:11",684.7,2,page0526
5481,16644774,lungjyuanz,"2026-08-07 01:03:20",684.7,2,lungjyuanz
5482,16651180,yangyefd,"2026-08-03 08:42:57",684.6,1,yangyefd
5483,16823948,"Alexey Stepanov","2026-09-04 21:57:25",684.6,2,alexey0508
5484,16808492,"beginner's luck","2026-09-27 09:11:08",684.6,2,"naohs01,tropicalbanana"
5485,16652560,"Ahmed Samir","2026-08-03 12:15:01",684.4,2,ahmedsamir1598
5486,16734511,"Marcin Salaterski","2026-09-16 23:18:31",684.4,2,marcinsalaterski
5487,16633808,mmath2,"2026-08-07 10:52:38",684.0,2,mmath2
5488,16661010,"Dante Dyches-Chandler","2026-08-05 04:36:09",683.9,2,dantedycheschandler
5489,16807575,Rf28,"2026-09-03 10:29:55",683.8,2,rehyyy
5490,16658569,"Danu A.","2026-08-05 13:12:09",683.8,2,eu1234
5491,16667767,t3l3kin3sis,"2026-09-27 09:21:16",683.6,2,"daffafariq,hashmatzamaryali,malsabbagh05"
5492,16943704,"Qutaiba Kaleem","2026-09-26 04:12:44",683.4,2,qutaibakaleem
5493,16664400,Boruiyang21,"2026-08-05 14:56:03",683.1,2,boruiyang21
5494,16639330,"Dead Signal Works","2026-08-02 12:40:32",683.1,2,brooklynhalmstad
5495,16677965,felipe9695,"2026-08-12 21:23:05",683.0,1,felipe9695
5496,16625663,sota1111,"2026-09-03 01:43:41",682.9,2,sota1111
5497,16650396,RaymondZhao0304,"2026-08-04 00:39:30",682.6,2,raymondzhao0304
5498,16792155,abc,"2026-09-03 06:45:13",682.5,2,"datqg0,quangnguyn132"
5499,16676054,"Vladislav Konstantinov","2026-08-08 09:33:35",682.5,2,vladkonstantinov
5500,16898029,"Leonid Kononenko","2026-09-18 04:47:05",682.5,1,"aleksandraavetisova,leonidkononenko"
5501,16657294,"Ragul M","2026-08-04 07:08:51",682.4,2,ragul7002
5502,16655534,"Charles Mills","2026-08-06 16:40:27",682.4,2,charlesqmills
5503,16683764,bf01,"2026-08-21 21:19:05",682.2,2,jalperov
5504,16623798,RuiKimura4,"2026-08-27 00:30:45",682.1,2,ruikimura4
5505,16666245,"Cagatay Morcicek","2026-08-13 06:53:40",682.0,2,thisismylabs
5506,16758889,bomboclat,"2026-08-30 08:52:08",681.9,2,sstprk
5507,16766274,"Satwato Dey","2026-09-24 20:50:22",681.9,2,satwato
5508,16637797,"Xiangchen Li","2026-08-04 09:47:59",681.2,2,xiangchenli07
5509,16656709,"Anh-Vu Mai-Nguyen","2026-09-21 21:06:46",681.2,2,mainguyenanhvu
5510,16694399,"Sujith Kumar Sashikanth","2026-08-10 00:01:32",681.0,2,sujithsashi
5511,16669052,"Md. Asif Hossain","2026-09-18 05:29:41",681.0,2,sabuktagin
5512,16644415,Ztrk,"2026-09-03 17:04:24",680.8,2,ztrk123
5513,16679144,つるげーねふ,"2026-09-25 05:59:08",680.7,2,atom7666
5514,16943185,VarchaswaV,"2026-09-22 21:48:07",680.5,2,varchaswav
5515,16655396,Tesla1AC,"2026-08-08 08:18:09",680.4,2,mathornton
5516,16632694,8ct10nz,"2026-08-04 12:02:49",680.2,2,act10nz
5517,16939844,YH,"2026-09-23 00:23:49",680.1,2,febyeji
5518,16658571,"Yusuke Sato","2026-08-27 03:06:42",680.1,2,wanko123
5519,16655530,AlivRick,"2026-08-05 16:18:54",680.1,2,alivrick
5520,16623969,"Akira Imae","2026-09-21 07:19:19",679.8,2,imaeakira
5521,16923258,nono00,"2026-09-20 16:43:09",679.8,2,nono00
5522,16665134,edteoh,"2026-09-27 09:20:19",679.6,2,edteoh
5523,16658384,UwU,"2026-08-10 04:20:44",679.2,2,claudesewitz
5524,16644390,"Manan Gupta","2026-08-05 17:08:32",679.1,2,obirdy
5525,16918433,"Mingkang He","2026-09-27 02:32:07",679.1,2,mingkanghe
5526,16660939,"Quenux Studio","2026-09-03 17:07:26",678.7,2,dieguis1976
5527,16722117,"Zhou Zhengyu","2026-09-25 14:47:07",678.6,2,"yanwenwang921,zhouzhengyu118"
5528,16621557,"Vijay Krishna Lanka","2026-09-27 05:51:08",678.5,2,vijaykrishnalanka
5529,16659033,"Farzana Shaju","2026-08-05 07:18:29",678.3,2,"farzanashaju,shaikhharisjamal"
5530,16721639,"Ankit Sain","2026-08-25 01:14:02",678.1,2,thisankitsain
5531,16659883,"Ahmad Hfdx5","2026-08-05 03:33:48",678.0,2,ahmadhfdx5
5532,16653855,"Klgv Klgv","2026-08-06 11:54:38",678.0,2,klgvklgv
5533,16919251,"Eric Fan","2026-09-19 19:04:44",677.9,2,ericfan1110
5534,16622760,yunus_bayram_kagle,"2026-08-04 07:49:00",677.9,2,yunusbayramkagle
5535,16835371,"Eli Ziv","2026-09-06 00:11:52",677.9,2,eliziv027
5536,16631261,Monster,"2026-08-04 15:46:32",677.8,2,tmtngtrng
5537,16653958,seowoohyeon,"2026-08-06 11:48:06",677.8,2,seowoohyeon
5538,16654235,"Mwanza Wambua","2026-08-06 10:16:13",677.5,2,mwanzawambua
5539,16658264,XiweiZhou,"2026-09-06 23:35:58",677.4,2,xiweizhou
5540,16655712,"Smart Manoj","2026-08-04 01:55:13",677.3,2,smartmanoj
5541,16667730,"Surya Vijjeswarapu","2026-09-03 18:49:07",677.2,2,suryavijjeswarapu
5542,16650701,"Oliver Wang","2026-08-03 16:17:36",677.0,2,oliverwang15
5543,16758383,"Tong Jing Yen","2026-09-03 20:42:50",676.9,2,tongjingyen
5544,16925283,"Carlos Gallego Menor","2026-09-19 19:19:37",676.7,2,carlosgallegomenor
5545,16700298,tmgf,"2026-09-26 07:43:37",676.6,2,tiagomgfernandes
5546,16809677,"Phong Khổng Hoàng","2026-09-26 14:45:43",676.5,2,phongkhonghong
5547,16658562,mashBrian254,"2026-08-04 10:48:33",676.5,2,mash1990
5548,16655603,"Veeranuch Leelalai","2026-08-11 12:55:29",676.5,2,veeranuchleelalai
5549,16659045,Rai1,"2026-08-08 11:53:28",676.3,2,rai2003
5550,16775250,Junrong,"2026-08-30 00:00:13",676.0,2,fjhgjf
5551,16660824,"Stitch Clarity","2026-08-04 15:27:53",676.0,2,stevenanctil
5552,16666900,sooflee,"2026-08-12 14:19:50",675.8,2,sooflee
5553,16663099,"Md. Abdullah Al Mamun","2026-08-05 02:16:43",675.8,2,mamun18
5554,16716522,"Lavanya Bacche","2026-08-17 08:43:40",675.7,1,lavanyabacche
5555,16623540,TheDuck,"2026-08-22 15:50:49",675.6,2,jaxroth
5556,16670099,"Jon Snyder","2026-08-06 00:27:21",675.2,2,snyderj1515
5557,16656308,"Srishanth Sriramula","2026-08-08 09:02:13",675.2,2,srishanthsriramula
5558,16709136,ryanocm,"2026-08-13 15:08:49",675.1,2,ryanong
5559,16664653,Adir,"2026-08-26 00:49:46",674.8,2,adiradam
5560,16657077,_LT_zyc,"2026-08-05 01:01:42",674.6,1,zyczyc
5561,16774787,wpk1122,"2026-08-29 01:54:49",674.6,2,wpk1122
5562,16632536,"Aleksander Sachuk","2026-08-02 21:33:27",674.5,2,alexsssachuk
5563,16949731,"Engel Ai Labs","2026-09-24 00:56:37",674.5,2,joshuaziese
5564,16661532,"Fedor Baart","2026-08-05 12:34:21",674.3,1,fedorbaart
5565,16627023,Farrmer,"2026-08-05 08:02:35",674.2,2,noahfarr
5566,16762494,西松大祐,"2026-09-26 11:46:07",674.2,2,wep212
5567,16770912,IsonaEi,"2026-08-26 12:48:48",674.0,1,isonaei
5568,16876448,"Max Harvestappen","2026-09-23 05:18:56",673.8,2,ryosukefujita
5569,16770972,"Victoria Makarskaia","2026-08-27 12:28:53",673.2,2,victoriamakarskaia
5570,16794125,"Xero Scythe","2026-09-02 18:57:39",672.7,2,xeroscythe
5571,16876275,"JOP OK","2026-09-18 18:09:43",672.6,2,fuveo24
5572,16656420,"Aditya Raj #2","2026-08-18 16:37:49",672.4,2,optimus2005
5573,16654153,"Mateus Cruz, Msc.","2026-08-03 17:44:02",672.3,1,matteuscruz
5574,16654006,"Harish Dhanarajan","2026-08-03 17:23:50",672.3,1,harishdhanarajan
5575,16665293,"ADITYA BEECHA","2026-08-10 05:16:38",672.1,2,bechaaditya
5576,16669227,"Tom Dufresne","2026-08-07 11:17:39",672.0,2,tadufre
5577,16772394,TNWL,"2026-09-27 07:43:54",671.8,2,vuminh
5578,16804027,ceir-ceir,"2026-09-03 19:11:09",671.8,2,ceirceir
5579,16711556,"Avvy Lavoienne","2026-08-18 04:44:16",671.8,2,avvylavoienne
5580,16845284,KD0G22,"2026-09-07 20:07:47",671.7,2,kd0g22
5581,16644882,"SAMOILOV MIKHAIL","2026-08-03 02:10:04",671.7,1,samoilovmikhail
5582,16738239,"Yaseen Shah7897","2026-09-08 05:57:15",671.7,2,yaseenshah7897
5583,16654946,AliLucky,"2026-08-05 15:07:59",671.5,2,alilucky
5584,16644185,"Mimic Mohsin","2026-08-02 18:38:46",671.3,1,mimicmohsin
5585,16664565,"Wayne Chou","2026-08-05 12:30:14",671.3,2,ambientz
5586,16658852,"Chhaya Awasthi","2026-08-04 09:37:05",671.1,2,chhayaawasthi
5587,16941830,"Yasin Baykal","2026-09-23 09:27:10",670.5,2,godmethium
5588,16655588,"The Devil's World 678","2026-08-07 10:39:23",670.5,2,thedevilsworld678
5589,16872090,DanielAarhus,"2026-09-17 07:10:37",670.2,1,danielaarhus
5590,16654271,"Sophie and Yanna","2026-08-19 17:08:47",670.1,2,"morty3500,sophanie"
5591,16798401,"Hunter Mimaroglu","2026-09-02 22:00:37",669.7,2,huntermimaroglu
5592,16805598,"I'm just trying out here QQ","2026-09-02 22:31:17",669.6,2,zadatt
5593,16655493,TheDigitalCK,"2026-08-07 12:31:58",669.5,2,thedigitalck
5594,16654705,"Abu Saleh","2026-09-09 17:01:47",669.3,2,salehjunior
5595,16885658,Mio,"2026-09-25 03:05:40",669.2,2,mio114
5596,16621709,smlcr,"2026-08-04 19:35:19",669.1,2,simulacri
5597,16632055,Bugra0,"2026-08-03 22:44:42",669.0,2,bugra0
5598,16730180,zshandy,"2026-09-08 04:57:54",669.0,2,zshandy
5599,16706993,Celibistrial,"2026-09-03 20:28:20",669.0,2,celibistrial
5600,16677188,Nicooni,"2026-08-06 16:35:01",668.8,1,nicooni
5601,16736314,"wuret henr","2026-08-20 09:10:48",668.4,2,wurethenr
5602,16660376,"Ahmed Sedky 0100","2026-08-06 20:56:37",668.1,1,ahmedsedky0100
5603,16668633,peien5,"2026-08-06 14:44:47",668.0,2,peien5
5604,16665994,Rakhansyah,"2026-08-25 13:08:20",668.0,2,rakhansyah
5605,16712380,Rdjarbeng,"2026-09-27 09:19:59",667.9,2,rdjarbeng
5606,16664439,"Tony T","2026-09-10 12:16:04",667.7,2,thekke
5607,16850098,"Bob Gerry","2026-09-09 05:35:31",667.4,2,bobgerry
5608,16663187,"Teddy McBride","2026-08-07 03:59:53",667.3,2,tedcr100
5609,16775353,"YK Pan","2026-09-14 11:19:52",667.3,2,vansher
5610,16914081,"Ashmit Janjirkar","2026-09-25 07:33:21",666.9,2,ashmitjanjirkar
5611,16641489,suminshim,"2026-08-03 06:24:39",666.8,2,suminshim
5612,16846490,MazharShaikh,"2026-09-12 04:53:27",666.7,2,mazharshaikh
5613,16767453,IterumVici,"2026-09-06 19:28:10",666.5,2,iterumvici
5614,16623389,"Mominul Islam Hemal","2026-08-02 11:23:03",666.2,2,mominulislamhemal
5615,16672264,iiTz_AK,"2026-08-15 12:18:44",666.0,2,iitzak
5616,16670365,"Konstantin Alekseev","2026-08-10 10:58:09",665.5,2,alekskst
5617,16798334,"Gabriel othávio","2026-09-02 22:08:55",665.4,2,gabrielothvio
5618,16739551,arao,"2026-08-28 21:24:55",665.3,2,anjanarao
5619,16738506,"Rok Sechs","2026-09-16 21:43:58",665.1,2,rokshimiz
5620,16693903,"Alief Randiansyah","2026-08-09 09:37:39",665.1,1,"aliefrandiansyah,salsaaghnia"
5621,16640811,cyberia,"2026-08-02 09:12:23",665.0,1,cyberia
5622,16764445,sukesuke012,"2026-09-03 01:40:16",664.9,2,sukesuke012
5623,16655596,Bela,"2026-08-04 01:18:06",664.9,1,istribaik
5624,16875989,NapolianAdmin,"2026-09-26 11:28:22",664.8,2,ninadrai
5625,16658048,"Joel jaison 391","2026-08-05 02:31:57",664.7,2,joeljaison391
5626,16669466,"vuppuluri sriramsubhash","2026-08-06 08:42:50",664.5,2,vuppulurisriram
5627,16668361,NinhNguyen,"2026-09-12 12:55:39",664.4,2,ninhnt110695
5628,16622940,"Enrico Ambrosio","2026-08-06 19:56:30",664.4,2,enricoambrosio
5629,16883264,"João Felipe Aguiar","2026-09-13 15:32:14",664.3,2,joofelipeaguiar
5630,16916717,Rubén,"2026-09-18 18:44:49",664.3,2,rucamaba
5631,16656503,"Thiago Munhoz da Nóbrega","2026-08-04 20:47:37",664.3,2,thiagommtmn
5632,16726617,"Chase Lebarv","2026-08-19 01:07:58",663.9,2,chaselebarv
5633,16664221,Anish,"2026-08-14 00:53:48",663.8,2,anishmunje
5634,16819277,"Enshi Zhang","2026-09-05 16:26:29",663.8,2,enshizhang31
5635,16640877,Yorix.um,"2026-08-02 13:31:28",663.7,1,yorixum
5636,16709800,nubx,"2026-08-20 17:12:04",663.6,2,manrajjitsidhu
5637,16644566,"Guangjian Dong","2026-08-02 23:59:18",663.4,1,guangjiandong
5638,16680239,"Marinto Richee J","2026-08-12 08:21:02",663.4,2,marintoricheej
5639,16945354,"Aakriti Rao","2026-09-23 06:57:11",663.2,2,aakriti0110
5640,16718579,"Nazariy Karpov","2026-08-18 07:28:29",663.1,2,nazariykarpov
5641,16633083,bsenst,"2026-08-07 12:38:47",662.9,2,bnzn261029
5642,16718039,Uman_n3l,"2026-08-31 14:40:32",662.9,2,umann3l
5643,16634213,kkunizaw,"2026-08-03 20:47:58",662.5,2,kkunizaw
5644,16678250,"RMS Danaraj","2026-09-08 19:52:43",662.1,2,salorajan
5645,16717414,"Akshit Sivaraman","2026-08-13 14:43:40",661.9,2,akshitsivaraman
5646,16734672,"Artom  Wade","2026-09-18 19:01:18",661.5,2,artomwade
5647,16658261,"Manan Khanna","2026-08-04 07:41:27",661.5,1,manankhanna0
5648,16672672,Koiiiiiopen,"2026-08-08 06:25:21",661.4,2,koiiiiiopen
5649,16688884,"As Wasti","2026-08-14 01:34:26",661.3,2,aswasti
5650,16734321,SubratP85,"2026-08-25 21:03:35",661.3,2,subratp85
5651,16634036,"Emanuel Lázaro","2026-08-02 14:55:30",661.2,2,emanuellcs
5652,16774682,"Tatsuhito Yoshikawa","2026-09-04 02:14:45",661.2,2,tatsuhitoyoshikawa
5653,16842527,ko_fusion_JPN,"2026-09-26 23:46:34",660.9,2,kofusionjpn
5654,16750864,Ymori,"2026-09-27 03:41:35",660.8,2,yasunorim
5655,16659874,"ding yumeng","2026-08-26 11:59:06",660.8,2,dingyumeng
5656,16716089,wuzixiao,"2026-09-08 03:36:02",660.5,2,wuzixiao
5657,16661670,sansm1,"2026-08-04 16:54:59",660.5,2,sansm1
5658,16809371,"Aashir Noman","2026-09-18 10:03:45",660.4,2,aashirnoman
5659,16665764,"izh yng","2026-08-21 06:16:21",660.3,2,izhyng
5660,16663096,Agola_dasacic,"2026-08-04 20:07:50",660.1,2,mnu303
5661,16637489,"Gopal Krishna Gundumalla","2026-08-02 12:39:17",659.9,2,gopalkrishnag
5662,16679861,Pandabueno,"2026-08-12 15:51:48",659.8,2,ronaldomonzn
5663,16875907,"Yash Mathur","2026-09-18 16:13:00",659.5,2,yashmathur03102001
5664,16658616,"Amitesh Chaudhary","2026-08-11 10:04:02",659.4,2,amiteshchaudhary
5665,16639471,CaminoLSY,"2026-08-05 01:22:09",659.4,2,lsy37521
5666,16670424,"Josep Audenis","2026-08-11 17:52:07",659.1,2,josepaudenis
5667,16660853,"lxh unbound","2026-08-05 00:02:02",658.9,2,lxhunbound
5668,16815488,"crothety liu","2026-09-05 06:27:35",658.7,2,crothetyliu
5669,16884517,"Fizie Fulumaka","2026-09-14 07:46:31",658.2,2,fiziefulumaka
5670,16632571,"nishchal jain","2026-08-03 07:27:14",657.8,2,nishchaljainds
5671,16646360,"Asrith Singampalli","2026-08-03 08:46:59",657.6,2,asrithsingampalli
5672,16622312,"Malak Reda","2026-08-03 09:02:41",656.6,2,malak457
5673,16652984,hxaxd,"2026-08-05 15:09:49",656.6,2,hxaxdcs
5674,16849153,"Zackary Loevseth","2026-09-08 06:14:48",656.4,2,zackaryloevseth
5675,16667516,Rosastella,"2026-08-05 16:00:48",656.1,2,rosastella
5676,16660470,"Oğuz Kaan Mavice","2026-08-28 09:39:58",656.0,2,oguzkaanmavice
5677,16672095,"Friaseus ","2026-09-26 17:30:23",656.0,2,friaseus
5678,16754845,"LG Music","2026-09-27 04:31:27",655.8,2,lgmusic
5679,16898276,SergioMoras,"2026-09-18 10:49:37",655.8,2,sergiomoras
5680,16730199,kawanot,"2026-08-24 09:15:18",655.7,2,kawano
5681,16921938,"Hikaru Kambe","2026-09-27 04:59:04",655.2,2,hikarukambe
5682,16640461,"Shigeru Kondou","2026-09-17 19:12:22",655.0,2,shigerukondou
5683,16713877,FunnyBishop,"2026-08-16 03:19:24",654.8,2,funnybishop
5684,16659996,Schwifty,"2026-08-12 20:01:01",654.5,2,schwiftyc137
5685,16641068,"Rahul Ray","2026-08-05 14:27:07",654.4,2,rahulray5
5686,16760087,Slizzle,"2026-08-30 04:37:40",653.5,2,sloan98
5687,16622015,"Ioannis M","2026-08-06 08:12:21",653.0,2,imeintanis
5688,16669164,コノウイ,"2026-09-23 16:51:48",652.1,2,nickhu0414
5689,16882072,"Ahmed Isa Zaweel","2026-09-13 09:57:29",652.0,2,ahmedisazaweel
5690,16688868,AlbanMaurel7,"2026-08-14 01:34:07",651.9,2,albanmaurel7
5691,16661376,"YERMES AMINE","2026-08-04 14:13:45",651.8,1,yermes
5692,16626217,"Stanislav Chistyakov","2026-08-05 18:52:47",651.5,2,chistyakov
5693,16923772,"Aidan Edward Lawson","2026-09-21 05:55:34",651.5,2,modalpathethics
5694,16663933,AnshV1,"2026-08-06 03:03:35",651.3,2,anshv1
5695,16747914,"Token's Expired","2026-08-22 16:25:39",651.3,2,"adeebshekh,akratisingh0101,shaankapoor21"
5696,16639567,YassY_The_AlchemYst,"2026-08-11 15:07:03",651.1,2,yassineelhallaoui
5697,16692350,"Emerson Suarez","2026-08-16 05:09:13",650.9,2,jericksystem32
5698,16881370,"xianhao Lin6077","2026-09-15 12:39:40",650.8,2,xianhaolin6077
5699,16863492,"Andrew Kalita","2026-09-10 03:32:25",650.7,2,andrewkalita
5700,16661685,"Lê Ngọc Lâm","2026-08-13 15:29:40",650.7,2,lengoclam
5701,16678666,"Rudranarayan Pradhan","2026-08-09 12:28:32",650.4,2,itzrnp
5702,16659174,Soulwood,"2026-09-06 04:56:32",650.4,2,soulwood
5703,16712321,"Elias Schecke","2026-09-11 15:00:14",650.3,2,eliasschecke
5704,16652334,"Aldibek [dsmlkz]","2026-08-27 19:33:18",650.2,2,aldibek
5705,16749524,zzholo,"2026-09-06 00:16:17",650.1,1,zzholo
5706,16809515,"Александр Трифонов","2026-09-12 20:13:15",649.8,2,cybrvibe
5707,16682908,"Masha Mashallah","2026-09-12 09:32:09",649.7,2,mashamashallah
5708,16655217,"Jiawei Zhao","2026-09-26 21:57:57",649.7,2,c789a123
5709,16707034,"Muhammed Ali Kul","2026-09-15 14:52:53",649.6,2,muhammedalikul
5710,16739640,TeamBanzaiSL,"2026-08-27 17:13:26",649.5,2,teambanzaisl
5711,16659125,"Meet Parekh","2026-08-19 10:31:09",649.0,2,meetparekh1
5712,16943936,"Wessel van Dijke","2026-09-24 21:23:34",648.8,2,wesselvandijke
5713,16664249,"Rohan Jain","2026-08-17 20:26:14",648.7,2,rohanjain2312
5714,16675661,June_mk,"2026-09-06 00:08:47",648.5,2,jungoto
5715,16636105,"Md. Mehedi Hasan","2026-08-01 14:03:03",648.5,2,mehedi052
5716,16623732,A.S.TENSHU,"2026-08-17 16:25:35",648.3,2,kirvk013
5717,16654579,"anagha kv","2026-09-23 06:30:22",648.2,1,anaghakv6801
5718,16677752,"Senya Ka","2026-08-08 19:16:00",648.2,2,m1greatcool
5719,16656379,"Jay Gautam","2026-08-12 12:19:40",648.0,2,jaygautam007
5720,16667874,Vidushiii,"2026-08-10 12:25:42",648.0,2,vidushianand09
5721,16715399,"Julia Chien","2026-09-05 08:21:06",647.7,2,juliachien
5722,16661353,mithi,"2026-08-11 20:04:07",647.7,2,singhaleo
5723,16655187,cmxu,"2026-08-05 05:31:07",647.3,2,cmxu77
5724,16775210,"Daniel LPD","2026-09-10 14:44:52",647.0,2,daniellpd
5725,16703203,"Hamza Shafik ","2026-08-17 23:48:06",646.9,2,hamzashafik12
5726,16888646,tinaztepec,"2026-09-19 16:21:38",646.8,2,tinaztepec
5727,16796509,"Taha Alselwi","2026-09-26 23:42:05",646.8,2,tahaalselwii
5728,16634876,MakiMakiAi,"2026-08-02 07:52:40",646.5,2,makimakiai
5729,16674543,"Sujal Agarwal2301","2026-08-09 13:37:43",646.0,2,sujalagarwal2301
5730,16792512,ckd999,"2026-09-26 23:06:56",645.9,2,ckd999
5731,16661585,"Fully Liquidated","2026-09-01 01:57:16",645.4,2,kriskilgroe
5732,16665301,EricYang03,"2026-08-13 15:49:11",645.0,2,ericyang03
5733,16670759,"Lemmes Yad","2026-08-09 04:37:37",644.8,2,"austinsemmel,jonallday"
5734,16635127,"Sergey Bryansky","2026-08-26 20:39:37",644.8,2,sggpls
5735,16763865,SydneyC666,"2026-08-26 08:50:40",644.5,2,sydneyc666
5736,16666341,"Ege Güvener","2026-09-27 07:08:31",644.5,2,egegvener
5737,16691310,"Ganesh ","2026-09-24 21:34:39",644.3,2,hotshot1798
5738,16663659,"Omer Rehman","2026-09-02 11:05:02",644.3,2,omerrehman97
5739,16637340,the_vinci_coder,"2026-08-03 16:27:16",644.2,2,lokijt
5740,16639473,"Jeff Borschowa","2026-08-02 00:39:11",644.0,2,jeffborschowa
5741,16658252,"Krishnan CS","2026-08-20 05:28:14",643.9,2,krishnanchathadi
5742,16670842,Cole,"2026-08-15 19:50:43",643.7,2,colechristensen
5743,16671980,601918_กิตติพงศ์,"2026-08-08 08:28:12",643.5,2,bluexg5502
5744,16855147,Kao0207,"2026-09-12 12:32:12",643.4,2,kao0207
5745,16668021,"bali rasem","2026-08-07 16:15:13",643.3,2,balirasem
5746,16699488,"Kelvin Lai","2026-09-25 02:56:40",643.3,2,kelvin84hk
5747,16853417,"Aditya Prasetyo Budiarso","2026-09-11 11:59:34",643.1,2,artsodeva
5748,16657419,"Saivedant Hava","2026-08-05 06:36:39",643.0,2,saivedanthava
5749,16854339,"ML Underdogs","2026-09-22 06:19:48",642.9,2,mdjubairhasan
5750,16804094,faheem,"2026-09-22 15:33:10",642.8,2,faheemkhaskheli9
5751,16758298,"Jack p","2026-08-30 07:36:22",642.7,2,jtv199
5752,16923101,Kimodii,"2026-09-20 05:30:33",642.7,2,kimodii
5753,16634022,"Cihan Atak","2026-08-02 16:00:43",642.7,2,cihanatak
5754,16675452,Vladislav,"2026-08-12 13:58:35",642.6,2,simmeringoverstep
5755,16718539,"Divyansh Agrawal","2026-08-14 06:58:46",642.5,2,spartan1925
5756,16635680,starclan,"2026-08-14 17:50:55",642.5,2,starclan
5757,16759162,sgsuh,"2026-09-23 14:41:49",642.3,2,seukgyo
5758,16894008,"Marcus Jamieson","2026-09-25 10:34:42",642.2,2,marcusjamieson
5759,16692954,"Adam Nhan","2026-08-16 19:10:48",642.2,2,asnhan
5760,16662050,HandsOffMyBigMelons,"2026-08-13 22:00:12",642.2,2,scrattle
5761,16719081,数学の山田,"2026-09-15 10:28:05",642.0,2,b612sum1
5762,16678044,BJFC,"2026-09-20 16:07:06",642.0,2,"harshithharithsa,svsumanth"
5763,16697844,Noobykiller16,"2026-08-15 06:08:27",641.8,2,noobykiller16
5764,16688429,"Omrani Rabah","2026-08-11 22:19:21",641.8,2,omranirabah
5765,16678246,"Mark Holloway","2026-09-05 22:23:35",641.7,2,markholloway
5766,16659749,"Kavsik YVS","2026-08-22 19:30:45",641.6,2,kavsiku0512
5767,16654267,maniginam,"2026-09-27 03:00:06",641.5,2,maniginam
5768,16672687,Liz,"2026-09-25 23:08:33",641.2,2,lizgarcia3
5769,16669330,"Panagiotis Charalabopoulos","2026-08-26 18:49:46",641.1,2,panagiotischaral
5770,16675475,"Andrey Aristov","2026-08-10 22:02:24",640.9,2,andreyaristov
5771,16793626,"KO LIH HAN","2026-09-11 01:29:18",640.5,2,kolihhan
5772,16942760,"V Manmohan","2026-09-25 10:31:12",640.4,2,vmanmohan
5773,16663444,Thomas,"2026-08-11 04:21:42",640.2,2,tartieret
5774,16924892,"cheng chen","2026-09-26 02:32:48",640.0,2,icebruce
5775,16705345,"DEMON JI","2026-08-14 15:02:11",640.0,2,demonji04
5776,16939419,goat,"2026-09-27 08:36:30",640.0,2,vinhdang2006
5777,16726093,CocoTeam,"2026-08-18 14:22:45",639.8,2,"albaasca,ceemeese"
5778,16732048,jiangletian,"2026-09-27 07:42:41",639.7,2,jiangletian
5779,16672035,diet1236364,"2026-08-09 23:37:45",639.7,2,kosuke123
5780,16818110,Kactus,"2026-09-16 00:15:43",639.4,2,kactus
5781,16636725,shichi,"2026-08-11 12:47:35",639.3,2,shichi
5782,16733131,Rad,"2026-09-23 09:12:43",639.2,2,vnt174
5783,16716300,"Julian Kerignard","2026-09-07 10:12:31",639.2,2,juliankerignard
5784,16663515,HamsterSashka,"2026-08-20 14:40:55",638.8,2,hamstersashka
5785,16762719,"Ahmet Bilginoglu","2026-09-02 20:34:49",638.6,2,ahmetbilginoglu
5786,16623555,yindujuxi,"2026-08-01 10:11:35",638.1,2,yindujuxi123
5787,16926305,"Ιωάννης Μπερτολης","2026-09-23 16:15:30",638.1,2,"absor97,bertolis"
5788,16838855,"Sze Yu Sim","2026-09-09 01:37:05",638.1,2,szeyusim
5789,16668923,"duy tran","2026-08-10 18:38:49",637.9,2,duytran23
5790,16759229,"Samuel Kurabachew","2026-08-28 22:17:20",637.9,2,samuelkurabachew
5791,16692569,"Mark Kirwan","2026-08-26 08:05:16",637.9,2,markkirwan1990
5792,16639973,akky,"2026-08-03 15:39:41",637.5,2,tellxxx
5793,16661467,sh_sub97,"2026-08-12 15:20:25",637.4,2,shsub97
5794,16903652,LokeshGiri,"2026-09-26 15:05:34",637.4,2,"lokeshjasrotia,vengatagirig"
5795,16944040,guarva,"2026-09-25 10:27:00",637.1,2,guarva
5796,16759443,"Ayman machhidan","2026-09-25 08:22:39",637.0,2,aymanmachhidan
5797,16665816,Vikas1306,"2026-08-10 05:53:19",636.9,2,vikas1306
5798,16639719,JASONSLIMWONG,"2026-08-02 08:11:22",636.9,2,jasonslimwong
5799,16677514,mayoristaNLP,"2026-08-09 16:33:23",636.8,2,mayoristanlp
5800,16691481,"Aditi Salvi","2026-08-18 15:24:53",636.7,2,aditisalvi04
5801,16662633,"Shekhar Suman","2026-08-15 19:17:49",636.6,2,shekharvc
5802,16675997,"Rintaro Moriwaki","2026-09-16 16:03:10",636.1,2,rintaromoriwaki
5803,16934906,"sou yamaguchi","2026-09-21 09:59:04",636.1,2,souyamaguchi
5804,16631090,yoikoarmor,"2026-08-09 07:01:44",635.9,2,yoikoarmor
5805,16652339,"Mohamed Amine Rebhi","2026-08-03 16:03:07",635.9,2,mohamedaminerebhi
5806,16939742,"Shivang Modi","2026-09-26 08:52:23",635.8,2,shivang22
5807,16662138,"Luan He","2026-09-05 21:53:24",635.6,2,luanhe
5808,16645705,wataru420,"2026-09-27 05:44:41",635.5,2,wataru420
5809,16694779,JacobKooi,"2026-08-10 09:16:35",635.5,2,jacobkooi
5810,16667058,"Lê Quốc Duy","2026-08-08 01:03:08",635.4,2,lqucduy
5811,16891184,rbjp557,"2026-09-24 10:35:20",635.1,2,rbjp557
5812,16640619,"Sơn Nguyễn","2026-08-28 08:19:19",635.1,2,sonnguyen10
5813,16660548,"Viraj Bakshi","2026-08-08 18:50:11",635.1,2,virajbakshi
5814,16654193,fvong,"2026-09-04 07:15:22",634.9,2,fvong35963
5815,16643692,Samsay24,"2026-08-02 17:22:45",634.9,1,samsay23
5816,16844092,Johana01,"2026-09-15 08:10:42",634.4,2,johana01
5817,16712567,PatWid,"2026-08-18 17:17:20",634.2,2,patwid
5818,16655062,KKS,"2026-08-08 07:36:03",633.9,2,sachisgod
5819,16656167,"Minh Quang Do","2026-09-11 04:05:53",633.5,2,mrfreddy0209
5820,16728204,Meshwa,"2026-09-04 11:17:12",633.4,2,meshwapatel4287
5821,16685069,derek_kuang0213,"2026-08-22 10:33:21",633.4,2,derekkuang0213
5822,16947217,"Chikkam Sandeep Munna","2026-09-25 20:26:45",633.3,2,chikkamsandeepmunna
5823,16698596,ymok,"2026-09-12 02:00:52",633.2,2,iromao
5824,16799014,"Vaibhav singh kaira","2026-09-12 04:49:54",632.9,2,vaibhavsinghkaira
5825,16708369,JairSanchez151270,"2026-08-11 16:30:55",632.4,2,jairsanchez151270
5826,16663356,Farm-ops,"2026-08-06 23:27:37",631.9,2,"dakotavannauker,tsho01"
5827,16710621,(´･_･`),"2026-08-16 07:14:53",631.8,2,tanakh
5828,16741892,astro,"2026-08-20 20:49:49",631.7,2,mayursamrutwar
5829,16840735,"Heavy Drivers 2.0","2026-09-16 22:40:25",631.7,2,"cranjuice,pgggggggggggg,sudhanvaed25b055"
5830,16658083,"Gunjan Solanki","2026-09-03 10:39:28",631.7,2,blackhatv1
5831,16784599,"Engineer Lisa","2026-09-27 02:24:18",631.6,2,lisamhines
5832,16638667,"Sarvesh Nikas","2026-09-23 11:44:21",631.5,2,sarveshnikas
5833,16822111,hikarimaru,"2026-09-10 14:07:36",631.5,2,hikarimaru
5834,16662066,"Yug Savalia","2026-09-25 19:48:56",631.3,2,"priyankagarg19,yugsavalia"
5835,16859900,ZZZ234234234,"2026-09-25 10:49:35",631.2,2,zzz234234234
5836,16925442,"Stef Sempels","2026-09-22 08:29:38",631.2,2,stefsempels
5837,16696724,arkmid,"2026-09-09 13:11:46",631.2,2,arkmid
5838,16669392,cobrapigeon,"2026-08-20 18:43:25",631.1,2,cobrapigeon
5839,16786485,"Sam Jenkins","2026-09-01 03:50:16",631.1,2,samjenkinsuk
5840,16693137,"Ich Benavides","2026-09-06 18:24:52",631.0,2,jabeichbenavides123
5841,16662486,"KOTHAPALLI DILEEP","2026-08-10 12:06:14",630.8,2,kothapallidileep
5842,16656072,Vespidae,"2026-08-14 03:30:03",630.6,2,ianapis
5843,16635177,Zacchaeus,"2026-08-07 07:04:15",630.4,2,zacchaeus
5844,16662338,jaepyeocho,"2026-09-13 11:39:37",630.2,2,jaepyeocho
5845,16922434,Raduansm,"2026-09-26 23:23:49",630.2,2,raduansm
5846,16887820,"Radosław Czajkowski","2026-09-21 17:59:25",630.2,2,radoslaw
5847,16685412,Praveen8775,"2026-09-22 15:48:40",629.9,2,praveen8775
5848,16674532,"shoaib khan","2026-08-08 01:57:11",629.9,2,manifoldinfo
5849,16798268,KAEOS,"2026-09-06 20:09:49",629.2,2,hitesh221
5850,16658430,bruyantq,"2026-09-23 08:33:16",629.1,2,bruyantq
5851,16924397,ngzeonwang,"2026-09-24 08:57:26",629.1,2,ngzeonwang
5852,16725150,"Nicolae Drabcinski","2026-09-01 11:45:51",628.9,2,nickdrabcinski
5853,16684710,"Pratik Singh","2026-08-11 11:34:48",628.7,2,pratikks11
5854,16881453,"fahim magsi","2026-09-13 15:18:43",628.7,2,fahimmagsi
5855,16635848,KartoplyanePure,"2026-08-31 20:43:34",628.6,2,"danylotovp,wizardmp"
5856,16770154,Florian,"2026-09-11 07:52:00",628.6,2,ftusek
5857,16688929,"Kangqiao LIU","2026-08-18 07:44:55",628.6,2,kangqiaoliu
5858,16708189,Facouse,"2026-08-11 16:09:17",628.5,2,facouse
5859,16639810,gytdrop,"2026-08-14 12:47:28",628.5,2,"kartikeyrajbhar,shaikaktharali"
5860,16663361,protoLabs.studio,"2026-08-06 18:39:50",628.4,2,protolabsstudio
5861,16668868,tawashi,"2026-08-13 06:51:45",628.3,2,tawashi
5862,16639223,"SIDHAARTH SHREE","2026-08-19 15:03:55",628.3,2,sidhaarthshree
5863,16714166,"Naman Malik","2026-09-27 07:22:15",628.3,2,"adenijielijah,anapau11,marydata,namanmalik81714"
5864,16865982,"Orest Myth","2026-09-23 13:26:01",628.2,2,orestmyth
5865,16740404,BarrelAged,"2026-09-13 11:27:04",627.9,2,johnhosack
5866,16701036,"Tiandong Wang","2026-08-19 11:45:32",627.6,1,condone
5867,16662375,"Yunusa Hussein Adeiza","2026-08-14 22:12:49",627.6,2,yunusahusseinadeiza
5868,16728069,Taisei7,"2026-09-09 06:27:49",627.4,2,taisei7
5869,16702932,kyconf,"2026-09-12 14:10:46",627.3,2,kyconf
5870,16713236,kingofeverything,"2026-09-21 16:27:45",627.3,2,"kingofeverything,skyyyang"
5871,16756176,"Unsh Rawal","2026-09-06 20:29:16",627.2,2,unshrawal
5872,16699578,kakanekoka,"2026-09-04 17:45:15",627.1,2,kakanekoka
5873,16669856,StrugglerK,"2026-09-22 17:10:09",626.9,2,muhammedkaanlker
5874,16807281,sansh0u0,"2026-09-04 02:16:09",626.8,2,sansh0u0
5875,16623645,"ayutin tin","2026-08-14 07:48:31",626.6,2,ayutintin
5876,16657095,"Prashant Kumar","2026-08-20 12:59:11",626.4,2,praskr
5877,16832474,"Isaac D. Hérnandez G.","2026-09-15 23:52:34",626.3,2,isaacdhrnandezg
5878,16718202,"Abhi Kumar Agrawal","2026-08-18 09:52:24",626.2,2,abhikumaragrawal
5879,16857130,"Joao Araujo","2026-09-09 01:11:50",626.2,2,jhcaextra
5880,16741188,"Adarsh Samanu","2026-08-20 00:01:33",626.2,2,adarshsamanu
5881,16755398,takataok_42,"2026-09-25 18:19:32",626.2,2,takataok42
5882,16856888,"Md Mehrab Hossain Opi","2026-09-10 07:16:45",626.0,2,iamopi
5883,16663343,"Abdullah M. Haque","2026-09-13 18:41:14",626.0,2,abdullahmhaque
5884,16654855,"Pedro Rezende Gomes","2026-08-06 00:41:30",625.7,2,pedrorzgomes
5885,16773966,"Ronel Abraham Mathew","2026-08-26 16:05:26",625.6,2,ronelm
5886,16891179,feng222666888,"2026-09-24 10:49:47",625.6,2,feng222666888
5887,16882001,"Satyam Pote","2026-09-13 00:00:04",625.6,2,satyampote
5888,16687883,CherylStoned,"2026-08-11 22:53:28",625.3,2,cherylstoned
5889,16666391,"Harshpreet Singh","2026-08-06 10:32:51",625.2,2,harshpreet931
5890,16763977,"Jong Park","2026-08-26 09:21:40",625.2,2,papercat318
5891,16755568,KHuShIMaHajan,"2026-08-21 18:55:05",625.0,2,bymista4578
5892,16665654,"Anurag H H","2026-09-10 15:05:26",625.0,2,anur4ghh
5893,16927400,HaY0801,"2026-09-26 01:56:57",625.0,2,hay0801
5894,16899024,Whooriiiaaaaa,"2026-09-24 23:24:57",624.9,2,"nickazaria,woupyie"
5895,16666452,"victor souza","2026-08-09 17:07:51",624.7,2,victorcaio
5896,16852559,永井こうたろう,"2026-09-09 04:01:11",624.6,2,kotakota914
5897,16875690,jwboost,"2026-09-16 04:31:31",624.5,2,kiritocui
5898,16665120,nobody,"2026-08-13 14:48:45",624.4,2,rajesh1729
5899,16802675,manishcs076,"2026-09-16 21:13:06",624.0,2,manishcs076
5900,16678773,"Steve Probst","2026-09-09 01:51:39",623.9,2,steveprobst
5901,16750175,"Quentin Pr","2026-08-27 18:08:14",623.9,2,quentinpr
5902,16696267,"yu lesui","2026-08-10 05:41:40",623.9,2,yulesui
5903,16695633,"Kiran Kumar","2026-09-12 16:57:52",623.5,2,iamrkk
5904,16862913,MLEDV,"2026-09-11 18:13:10",623.4,2,edwardvaines
5905,16674324,"luca fregona","2026-08-08 13:37:49",623.4,2,lucafregona
5906,16672103,"fred mahinay","2026-08-24 23:34:48",623.4,2,fredmahinay
5907,16635049,rooklift,"2026-08-16 06:27:36",623.3,2,rooklift
5908,16630519,"Mehmet Özer","2026-08-01 16:51:55",623.0,2,ozermehmet
5909,16633923,JackyFan123,"2026-08-01 15:22:04",622.9,2,jackyfan123
5910,16664219,JosephGuhlin,"2026-08-10 08:46:16",622.8,2,jguhlin
5911,16702713,"Rob Sartin","2026-09-24 21:59:26",622.8,2,robsartin
5912,16811210,"Matt Dowis","2026-09-04 14:41:36",622.4,2,mattdowis
5913,16658272,"Yash Katiyar","2026-08-08 20:17:05",622.3,2,yashkatiyar409
5914,16668089,Goller,"2026-08-26 15:05:53",622.3,2,goller
5915,16656501,"Thái Phạm Công","2026-08-05 03:59:47",622.2,2,thaipc
5916,16758204,kkKaan,"2026-08-24 07:56:58",622.1,2,kkkaan
5917,16667762,KucingGanteng,"2026-09-12 20:04:37",622.0,2,dhiyaussalam
5918,16662015,"ryan panda","2026-09-23 20:03:28",622.0,2,hollowpurple
5919,16724522,"stathis maurog","2026-08-26 07:01:48",621.7,2,stathismaurog
5920,16912690,"Tegh Bindra","2026-09-20 04:55:09",621.5,2,teghbindra
5921,16845664,fabio5050,"2026-09-16 04:04:27",621.5,2,fabio5050
5922,16772673,"Alejandro Rendon B.","2026-09-22 22:21:04",620.9,2,alejandrorendonblan
5923,16735298,Watary0927,"2026-08-22 23:25:11",620.8,2,watary0927
5924,16717483,Caerno,"2026-09-25 19:38:44",620.7,2,caerno
5925,16664103,izack2666,"2026-08-07 14:41:10",620.6,2,izack2666
5926,16719065,"Aldo Rizona","2026-08-17 15:32:26",620.5,2,aldorizona
5927,16694269,Aftxb,"2026-08-11 14:58:08",620.4,2,aftxb07
5928,16780969,"Ewa Suknarowska","2026-08-30 15:53:25",620.4,2,ewasuknarowska
5929,16664828,Leon,"2026-08-09 09:00:09",620.4,2,leonmyl
5930,16687808,GorillaGhost,"2026-08-13 23:23:10",620.3,2,gorillaghost
5931,16822523,bvgr,"2026-09-15 19:17:50",620.3,2,vbeeram
5932,16655744,"Ademola Arigbabuwo","2026-09-03 21:44:49",620.3,2,princedemo
5933,16755681,nic001,"2026-08-28 08:06:19",620.3,2,mimamura
5934,16939445,Dylan,"2026-09-26 17:15:34",620.3,2,dylan2778
5935,16640933,"Bhanu prasad","2026-09-21 03:21:24",620.1,2,restlesseagle
5936,16932197,SamarthPD-21,"2026-09-25 13:57:11",619.4,2,samarthpd21
5937,16666833,DenisKoronchik,"2026-09-14 21:19:27",619.3,2,deniskoronchik
5938,16698007,"Juanma Serrano","2026-08-23 15:49:31",619.3,2,juanmaserrano
5939,16655897,"Huanchen Jia","2026-09-27 02:56:43",618.6,2,huanchenjia123
5940,16658050,"changwei shi","2026-08-18 02:45:47",618.0,2,changweishi
5941,16784960,i-yuki23,"2026-08-30 01:13:11",617.8,2,iyuki23
5942,16759351,"Shinsaku Haruta","2026-09-21 12:22:17",617.6,2,shinsakuharuta
5943,16658043,"Tran Huy Hoang1312","2026-08-05 01:58:39",617.4,2,tranhuyhoang1312
5944,16694575,"Aloise Mutune","2026-09-17 13:48:22",616.8,2,aloisemutune
5945,16676308,DC,"2026-08-19 17:34:02",616.8,2,choudahchiun
5946,16716402,"Shashvat Singham","2026-09-26 22:53:59",616.5,2,shashvatsingham
5947,16634582,"Tarun Chaudhary","2026-08-12 06:36:33",616.5,2,tarunchdev
5948,16733195,"Zukas F.","2026-09-27 05:29:31",616.3,2,zukasf
5949,16743617,Dancing_Chaos,"2026-08-31 15:42:35",616.2,2,"bailynlove4ever,ripplecddc"
5950,16673346,gabrielep09,"2026-08-11 01:52:41",616.2,2,gabrielep09
5951,16663238,"Francesco Zaccaria","2026-08-21 07:28:57",616.2,2,francescozaccaria
5952,16893361,lemonjuice2312,"2026-09-19 07:36:26",616.2,2,lemonjuice2312
5953,16657332,"Amit Malakar","2026-09-27 06:02:06",616.1,2,amitmalakarjoy
5954,16715251,SoraGinko,"2026-08-28 18:52:17",616.0,2,terrywuu
5955,16677402,"Hıdır Demir","2026-09-10 22:35:54",615.9,2,hdrdmr
5956,16679079,"cedric stephan ","2026-08-25 20:39:15",615.4,2,cedricstephan
5957,16714894,"Mitsuaki Inoue","2026-09-27 06:57:47",615.0,2,mitsuakiinoue
5958,16757447,soyukke,"2026-09-13 17:38:12",614.9,2,soyukke
5959,16633175,"Umut Kıvanç Sipahioğlu","2026-08-04 15:51:56",614.5,2,umutkvansipahiolu
5960,16669561,"Nikunj Pahwa","2026-08-15 20:04:36",614.3,2,nikunjpahwa
5961,16736579,rk777848,"2026-09-25 07:51:29",613.6,2,rk777848
5962,16797969,probability,"2026-09-07 09:44:49",613.5,2,probabilitywavepeak
5963,16679295,Mk26,"2026-09-04 13:52:05",613.5,2,"manishk26,mans31"
5964,16664149,"Bushel Seed","2026-08-12 17:10:56",613.4,2,"dmyung,nicholasmschwartz"
5965,16748955,micchy,"2026-09-23 22:17:27",613.3,2,micchy326
5966,16847275,"Giovanni Marco Dall'Olio","2026-09-09 20:43:20",613.3,2,dalloliogm
5967,16690852,"Naveen Venu Bagadi","2026-08-30 04:38:13",613.2,2,naveenvenubagadi
5968,16624277,"D S S Kumar","2026-08-10 03:22:55",613.1,2,satrusskumar
5969,16635004,"jacob OKOTH O","2026-08-02 05:57:05",613.0,1,jacobokotho
5970,16661943,"Cow Wizard","2026-08-14 02:14:58",612.9,2,cowwizard321
5971,16635021,RiLi,"2026-09-27 07:44:47",612.8,2,hisatosenda
5972,16670214,"Louis @ tradeInsight.ai","2026-08-21 15:18:11",612.3,2,louisquart
5973,16914138,"Amritesh Anand","2026-09-25 09:38:53",612.1,2,amriteshananad
5974,16797025,"Jonathan Glinton","2026-09-11 17:11:01",612.1,2,jonathanglinton
5975,16918826,NOTSUREKITTY,"2026-09-19 03:56:04",611.9,2,notsurekitty
5976,16905608,ChrisVas123,"2026-09-16 09:44:56",611.9,2,chrisvas123
5977,16780019,"hamza khokhar890","2026-09-20 16:35:58",611.7,2,hamzakhokhar890
5978,16639492,"Vishnu R Mohan","2026-08-08 20:36:19",611.1,2,vishnurmohan
5979,16658224,"Daniel Gallardo Gómez","2026-08-07 08:17:24",610.9,2,danielgallardogmez
5980,16929645,"GeneralShizha ","2026-09-20 10:27:45",610.9,2,generalshizha
5981,16665517,"RUEI-HSIANG. CHANG","2026-08-17 15:23:55",610.7,2,rueihsiangchang
5982,16669489,"Yichi Zhang","2026-08-28 19:31:07",610.6,2,yichizhang12
5983,16673477,ArtFix,"2026-08-11 00:51:09",610.5,2,artfix
5984,16741660,Dhruv_Goyal990,"2026-09-03 16:20:31",610.5,2,"dhruvgoyal990,prathameshbelavagi"
5985,16630501,"Haris Ahmed","2026-08-14 10:08:51",610.1,2,harisahmedgenai
5986,16688108,Special_octo20,"2026-09-14 19:16:13",610.0,2,specialocto20
5987,16657570,"Guruprasad Parasnis","2026-08-10 12:04:57",609.9,2,guruprasadparasnis
5988,16663784,Aniketh2k7,"2026-08-10 06:02:02",609.7,2,aniketh2k7
5989,16635670,"Mr.S hanakosan","2026-08-09 00:31:34",609.4,2,earlgreytea15
5990,16777222,"José Daniel Ara","2026-08-27 00:12:53",609.3,2,josdanielara
5991,16660955,"Nihal l.suvarna","2026-09-17 14:24:23",609.3,2,nihallsuvarna
5992,16737986,"Edris Yawar #2","2026-09-05 09:32:08",609.2,2,edrisyawar
5993,16892537,"🐖 piggy bank butchery 🥩","2026-09-26 18:34:34",609.1,1,artemkhakimov
5994,16687788,"Me and the Geese","2026-08-26 15:57:41",609.0,2,skalermo
5995,16636954,"Jeff Horon","2026-09-13 16:30:41",608.7,2,jeffhoron
5996,16675952,bazinga,"2026-09-22 23:21:10",608.7,2,stephanhahn16
5997,16623886,onepunch999,"2026-08-01 07:30:37",608.7,2,onepunch999
5998,16658602,aldoktvns,"2026-08-04 15:51:08",608.6,2,alrette
5999,16640816,pawaraman,"2026-08-02 19:46:52",608.1,2,pawaraman
6000,16725010,jenninglim,"2026-08-23 08:38:47",608.0,2,jenningl
6001,16671217,"Akshay V","2026-08-21 04:01:22",607.9,2,akshayv1001
6002,16695822,"Ahmad Elawady","2026-08-18 20:06:59",607.9,2,aielawady
6003,16684957,"Lucas Ferreira","2026-08-11 18:20:43",607.8,2,lucasdeoferreira
6004,16664024,"Juan David Bolanos","2026-08-13 17:06:00",607.3,2,juandavidbolanos
6005,16741121,"Vignesh Nehru","2026-09-22 07:58:54",606.9,2,vigneshnehru
6006,16757614,"Eduardo Molina","2026-09-06 04:04:22",606.9,2,eduardomolinaai
6007,16635796,MugaBros,"2026-08-04 05:27:02",606.8,2,"drrocktotpalkonwarh,monjyotid"
6008,16676254,"Lazy Lagoon","2026-09-17 16:26:05",606.4,2,"mokshoswal137,taniyasankhe"
6009,16746151,"Nicolas Gomasjaya","2026-08-26 16:57:08",606.2,2,nicolasgomasjaya
6010,16918421,"Joseph Kosednar","2026-09-27 06:12:07",606.2,2,josephkosednar
6011,16738538,ZHANG_WuHua,"2026-08-18 16:21:19",606.1,2,zhangwuhua
6012,16724364,Sh4ron,"2026-09-11 15:48:11",605.9,2,sh4ron
6013,16841397,"Petro Tarnavskyi","2026-09-06 12:36:05",605.5,2,petrotarnavskyi
6014,16699415,"Dohwan Kwak","2026-08-31 01:05:28",605.5,2,dohwankwak
6015,16654456,"Tristan Peng","2026-08-09 17:00:48",605.5,2,tristanpeng
6016,16670420,"Mihir Argulkar","2026-08-07 20:03:15",605.2,2,mihirargulkar
6017,16664457,yaohongfu,"2026-08-10 12:30:43",605.0,2,yhfwww
6018,16630559,khan,"2026-08-02 12:18:56",604.4,2,khansolov
6019,16656274,googunmo,"2026-08-08 01:13:58",604.3,2,googunmo
6020,16668298,"Riki Garcia","2026-08-26 15:36:14",604.1,2,rikigarcia
6021,16738805,"Sergey Panasenko","2026-08-31 23:14:50",604.1,2,spanasenko
6022,16784154,JoshJML,"2026-09-03 05:39:26",603.9,2,joshjml
6023,16690988,"Aditya Bharadwaj","2026-08-20 10:02:32",603.9,2,adityabharadwaj26
6024,16766732,"Maziyar Abyari","2026-09-19 08:14:10",603.8,2,maziyarabyari
6025,16750036,"Kiệt Lưu","2026-09-05 03:41:19",603.8,2,jaxyss
6026,16721960,"Lê Khang","2026-08-18 19:42:43",603.6,1,kobtdatten
6027,16793895,"Moh Notif","2026-09-26 23:03:08",603.6,2,mohnotif
6028,16739128,"Praneeth Paikray","2026-09-07 11:18:26",603.4,2,paiky1995
6029,16879958,Sash.a,"2026-09-27 08:24:46",603.3,2,smashaza
6030,16699838,"Harry Taylor","2026-08-21 10:38:18",603.2,2,harryphysics
6031,16656013,Asuran,"2026-09-04 04:43:56",603.0,2,zkasuran
6032,16670834,romin_123,"2026-08-14 01:25:19",602.7,2,romin123
6033,16665476,"Zhanghao Chen69","2026-08-19 12:42:33",602.5,2,zhanghaochen69
6034,16950015,"Jacob Stultz1","2026-09-23 22:49:13",602.5,1,jacobstultz1
6035,16667258,"Firman Imam","2026-08-09 02:36:56",602.5,2,piririp
6036,16764605,"Bandito Gangesterito","2026-09-22 18:06:53",602.4,2,"mrtrueteller,restovrator"
6037,16660310,KOLONEX.NET,"2026-08-10 12:40:46",602.4,2,danielandresmiranda
6038,16876642,Gruberx,"2026-09-25 17:53:44",602.4,2,gruberx
6039,16709481,"Gerbilles Saucières","2026-08-22 10:38:44",602.3,2,"benjaminhrt30,volbox1902"
6040,16756113,"George Megre","2026-09-16 07:04:00",602.2,2,georgemegre
6041,16767802,"Luis Fernando Faria","2026-08-31 20:57:29",601.8,2,luisfernandofaria
6042,16808956,"Denis Zerov","2026-09-03 10:59:46",601.8,2,dinoden
6043,16747390,SawadaTsurumai,"2026-08-24 09:48:07",601.8,2,sawadatsurumai
6044,16665942,"Satvik R Shetty","2026-08-09 03:59:52",601.7,2,satvikrshetty
6045,16911383,PurpleNightmare,"2026-09-26 07:35:39",601.6,2,purplenightmare
6046,16693949,"Eric Worrall","2026-09-24 12:55:00",601.6,2,ericworrall
6047,16698034,Anatoliy_Fomin,"2026-08-12 12:57:18",601.4,2,anatoliyfomin
6048,16766888,"Alex #4","2026-08-24 14:42:19",601.4,1,alxndrvara
6049,16655595,ashsah,"2026-08-31 08:37:35",601.2,2,ashsah
6050,16718133,KaranjeetSingh1110,"2026-09-16 15:31:45",601.2,2,karanjeetsingh1110
6051,16809762,"Ryan Wong","2026-09-04 14:47:39",601.1,2,taggatle
6052,16633772,ayuma,"2026-08-03 06:01:01",600.9,2,onthoze
6053,16724002,Yahia717,"2026-08-20 20:48:31",600.8,2,yahia717
6054,16664241,payoon,"2026-08-07 08:24:05",600.7,2,payoon1234
6055,16786140,valgrinderror,"2026-09-26 15:35:01",600.6,2,valgrinderror
6056,16655340,LGarcia10,"2026-08-17 13:17:31",600.6,2,leonardogarcia10
6057,16758244,yumizu,"2026-09-27 09:21:53",600.0,2,yumizzzz
6058,16852342,"Minh Đăng Lê","2026-09-27 09:22:15",600.0,2,minhngle
6059,16742369,"Ömer Faruk Yüce","2026-09-27 09:24:38",600.0,2,merfarukyce
6060,16880938,nousername22,"2026-09-27 09:25:47",600.0,2,nousername22
6061,16665342,Prothos,"2026-08-23 13:44:29",599.8,2,vjuenemann
6062,16665984,hepialidae,"2026-08-10 16:05:19",599.7,2,hepialidae
6063,16639970,Gowtham2962s,"2026-09-20 17:35:06",599.5,2,gowtham2962s
6064,16659974,"anthony sinchi","2026-08-18 00:01:08",599.5,2,anthonysinchi
6065,16653222,StevenYuan7788,"2026-08-17 17:38:44",599.4,2,stevenyuan7788
6066,16876021,"Jeff Law #2","2026-09-17 23:31:28",599.3,2,jlaw99
6067,16775652,"Dat Dinh","2026-09-14 02:48:43",599.1,2,dathbdinh
6068,16888546,"Skskj Sskm","2026-09-16 03:06:12",598.8,2,skskjsskm
6069,16895824,"Dhruv lele","2026-09-20 05:41:57",598.1,2,dhruvlele
6070,16734712,"Jamshid Ganiev","2026-08-19 06:03:31",598.1,2,jamshidganiev
6071,16668269,"Rashi Jain07","2026-08-05 17:46:37",598.0,1,rashijain07
6072,16668354,"ashraf saiyed","2026-08-13 13:44:31",597.9,2,ashrafsaiyed58
6073,16660491,"Ryan Hancock","2026-08-08 09:56:54",597.8,2,rychanfox
6074,16763838,"L. Barriga","2026-09-09 10:57:18",597.8,2,lbarriga
6075,16665042,Neo_0x3f,"2026-08-10 21:36:56",597.8,2,neo0x3f
6076,16814805,Muzhi11,"2026-09-21 02:41:31",597.5,2,muzhi11
6077,16658660,"Leo Lai","2026-08-13 08:14:45",597.4,2,junweilai
6078,16663736,"Life Is Roblox","2026-08-17 18:58:37",597.0,2,alexlisenko
6079,16660270,Ziel_Lux,"2026-09-22 14:36:05",596.8,2,nahbilafaith
6080,16790257,"Shivam Kushwaha","2026-08-30 11:55:08",596.6,2,shivamk21
6081,16736856,misaki,"2026-09-26 00:42:12",596.6,2,"dicenull,iroharyo,jinnsou0219,misakima"
6082,16664709,kai,"2026-08-18 23:29:11",596.3,2,sungwo101
6083,16672493,ChloeeeeY,"2026-08-23 06:17:03",596.2,2,chloeeeey
6084,16623580,matsu997,"2026-09-22 15:27:14",595.8,2,mastu997
6085,16686715,"Adrien Secondaire","2026-08-08 15:54:58",595.6,2,adriensecondaire
6086,16624888,okome_niigata,"2026-08-06 06:47:17",595.6,2,okomeniigata
6087,16636808,"Kaito Ichikawa","2026-09-18 10:15:37",595.6,2,kaitoichikawa
6088,16668720,"etienne duplessix","2026-08-10 22:48:53",595.5,2,etienneduplessix
6089,16636454,epigene,"2026-08-02 10:14:52",595.2,2,nadhu59648
6090,16657397,"QSS Technosoft AI Team","2026-08-05 07:47:00",595.2,2,"kunalthedev,nishantkumarabes,prathamydvv,prishagdev,shreyakchakraborty"
6091,16660805,"Ramon van Dijk","2026-08-05 05:48:21",595.1,2,ramonvandijk
6092,16631573,uesi,"2026-08-01 12:04:04",595.1,1,uemura687
6093,16885575,"Kotaro Imamura","2026-09-18 00:47:04",595.1,2,kotaroimamura
6094,16719745,"Masih Pemula Beneran","2026-08-31 02:14:53",595.0,2,mikhaeldhika
6095,16663200,BONES,"2026-09-26 18:37:23",594.8,2,tusharkumar23321032
6096,16789898,"Trung Phạm Đức","2026-09-23 03:12:41",594.8,2,arscil
6097,16648215,"Terrence Chuwe","2026-08-03 13:32:15",594.4,2,terrencechuwe
6098,16664159,"james nazareth","2026-08-19 02:13:23",594.4,2,jamesnazareth
6099,16702411,"Aryuemaan Chowdhury","2026-08-21 07:05:31",594.4,1,aryuemaanchowdhury
6100,16738994,"Hem Viramgama","2026-08-21 00:34:48",594.4,2,hemviramgama
6101,16759623,"zhenglu wen","2026-08-26 06:24:09",594.3,2,zhengluwen
6102,16657172,Honkazu,"2026-08-28 16:55:46",594.2,2,janposlusny
6103,16659817,"Viet Anh Ngo ","2026-08-31 09:41:08",594.2,2,vietngogm
6104,16687925,BillDoser,"2026-09-11 21:54:35",594.0,2,billdoser
6105,16851573,NaNomin,"2026-09-08 01:55:42",593.8,1,nanomin
6106,16706192,rustlers42,"2026-09-02 15:24:05",593.6,2,"lkshrsch,powerofcreation"
6107,16633269,op_star_platinum,"2026-08-09 17:52:52",593.5,2,opstarplatinum
6108,16675888,"Rob Gonzalez","2026-08-08 14:58:43",593.3,2,robg475
6109,16911847,LGC,"2026-09-17 08:21:20",593.2,1,victorlingc
6110,16763886,"Jackson Sauls","2026-09-04 22:59:51",593.1,2,jacksonsauls
6111,16630741,mrk,"2026-08-05 09:49:44",593.1,2,matsubaratakuji
6112,16797395,"LCNN JJ","2026-09-17 16:38:59",593.0,2,supremebeast08
6113,16664112,"Ethan Hung","2026-08-08 21:44:57",592.9,2,chinesegorilla99
6114,16632757,taopy2,"2026-09-27 04:27:15",592.9,2,taopy2
6115,16860088,Lockers,"2026-09-09 11:32:59",592.7,1,lockers123
6116,16650160,nori8774,"2026-08-10 06:26:21",592.6,2,norimasayamamoto
6117,16776928,aiexpert1120,"2026-09-01 16:48:18",592.5,2,aiexpert1120
6118,16655142,"Stanislav Kuznetsov","2026-09-03 12:58:20",592.4,2,drtduck
6119,16699292,"Siddharth Kumar Gopal","2026-08-14 16:35:03",592.3,2,siddharthkumargopal
6120,16633466,"Aarush pandey","2026-08-25 19:17:14",592.2,2,aarushpandey
6121,16755548,"Manuel Ramos","2026-08-27 19:06:26",592.2,2,aizpask13
6122,16691580,"Toni Blanco","2026-08-11 13:10:45",591.8,2,toniblanco
6123,16819872,"Shi Van","2026-09-03 16:50:46",591.6,1,shivanufo
6124,16791960,Boladi,"2026-09-10 00:53:38",591.3,2,boladi
6125,16661225,"Monibee Fudgekins","2026-09-16 18:18:38",591.3,2,monibeefudgekins
6126,16810807,Cordiz,"2026-09-03 22:42:51",590.9,2,cordiz
6127,16775770,"Ashish Kumar","2026-08-27 17:18:58",590.8,1,whoashish115
6128,16869617,"Denis Chernyshov","2026-09-18 22:32:19",590.8,2,denischernyshov
6129,16633928,ghostiee11,"2026-08-01 01:33:25",590.6,1,ghostiee11
6130,16705348,"Howard lin","2026-08-20 23:01:36",590.6,2,howardlin007
6131,16659294,"Muhammad Rafzan","2026-09-05 18:30:44",590.5,2,revianalfariz
6132,16665759,"Shawn Zhang","2026-08-21 10:18:20",590.3,2,shawnzhang0318
6133,16846149,"Arnav Salkade","2026-09-07 15:00:23",590.3,2,arnavsalkade
6134,16855646,Seshu,"2026-09-09 14:49:33",589.9,2,seshuthota
6135,16695662,"Ollie Lowe2","2026-08-16 16:47:01",589.7,2,ollielowe2
6136,16731516,Sumit0694,"2026-09-15 21:17:01",589.7,2,sumit0694
6137,16666188,"XueFeng Chen","2026-09-18 00:46:41",589.6,2,chxfmcs
6138,16795802,Kk,"2026-09-21 10:03:04",589.5,2,cudamax
6139,16644456,Agbe,"2026-09-26 14:21:57",589.5,2,timmecom
6140,16755529,"Rafea Almejrab2025","2026-08-29 16:06:34",589.1,2,rafeaalmejrab2025
6141,16679887,ScriptRed,"2026-08-09 00:36:30",589.0,2,scriptred
6142,16665692,Straw_hats,"2026-09-01 07:40:19",589.0,2,"charanno,tvigneshreddy"
6143,16759381,"Subhan Hussain","2026-09-20 09:00:54",589.0,2,subhanhussain0205
6144,16803726,Yaromir_Ko,"2026-09-08 13:25:00",588.7,2,ronanndex
6145,16714208,TirumalaMarri,"2026-08-29 00:04:15",588.7,2,mtreddy
6146,16726941,CJ103CJ,"2026-08-23 12:52:07",588.6,2,cj103cj
6147,16658334,"Roy Wei","2026-09-26 16:36:21",588.6,2,renyiwei
6148,16769767,bruhbruh,"2026-08-28 08:51:26",588.3,2,nguyendinhbach69
6149,16653534,"Mohamed Amine Ettaki","2026-09-14 20:52:45",588.2,2,amine159
6150,16748979,"Venkata Madhu Sai D ","2026-08-21 19:49:08",588.1,1,venkatamadhusaid
6151,16649344,BeyondAnalytics,"2026-08-28 12:00:36",587.9,2,radumarinion
6152,16685649,YUYUTA,"2026-09-25 10:57:15",587.7,2,yuyuta
6153,16700546,"Nightshade Family","2026-09-07 13:24:48",587.5,2,"gihanchamod17,vishmithasamarakoon"
6154,16660600,"Beria Kalpelbe","2026-08-07 13:46:47",587.4,2,beriakalpelbe
6155,16805340,"Md. Rafiul Islam","2026-09-25 16:04:37",587.2,2,rafiulislamrafi
6156,16905679,xaxipiruli,"2026-09-26 13:11:42",587.1,2,xaxipirulazo
6157,16656460,dlutwzh,"2026-08-08 06:48:33",587.0,2,dlutwzh
6158,16713061,Yuk!,"2026-09-26 05:55:25",587.0,2,mitsuyukiokamura
6159,16662128,BenPalmer59,"2026-08-11 19:16:24",586.9,2,benpalmer59
6160,16727059,ksankeerth1,"2026-09-03 02:28:22",586.8,2,ksankeerth1
6161,16757211,dacho,"2026-09-27 05:54:34",586.8,2,slothcafe
6162,16888900,"Koh Endru","2026-09-19 12:08:24",586.7,2,kohendru
6163,16659828,"Lebansty Valan","2026-08-21 14:14:56",586.7,2,lebanstyvalan
6164,16699689,"David Sedláček","2026-08-10 08:38:38",586.7,2,sibicek
6165,16686787,"Lars Kammeijer","2026-08-07 21:31:11",586.7,2,larskammeijer
6166,16666204,"David Nana Kofi Ofosu-Arko","2026-08-05 11:04:42",586.4,2,davidnanak
6167,16777065,"dani yemane","2026-09-17 20:43:13",586.4,2,daniyemane
6168,16844262,"S Aishvarya","2026-09-25 19:23:59",586.3,2,saishvarya
6169,16781447,"Cody Schrank","2026-08-31 04:38:57",586.3,2,codyschrank
6170,16660345,"Aadhithya Ramesh","2026-08-06 08:49:10",586.3,2,aadhithyaramesh
6171,16677105,"Chaitanya Yadav","2026-08-16 10:36:07",586.3,2,xhaitanya
6172,16926026,"Michael Pamurahardjo","2026-09-24 17:40:08",586.1,2,michaelpamurahardjo
6173,16659939,"Mouafak Dakhlaoui","2026-09-21 02:34:52",586.0,2,sharmoul
6174,16661898,Farfadet,"2026-08-12 06:04:18",586.0,2,farfadet
6175,16793189,"Akash Mohan Chaudhary","2026-09-01 18:29:57",585.4,2,akashmohanchaudhary
6176,16723528,"Singaraj B","2026-09-05 15:33:26",585.4,2,singarajb
6177,16664154,dwdwdwsdedwd,"2026-08-11 06:29:24",585.3,2,dwdwdwsdedwd
6178,16631353,"Shivam Shinde","2026-08-01 15:29:24",585.0,2,shindeshivam
6179,16823204,"Adilson Eduardo Tostes Carmo","2026-09-26 13:48:16",584.9,2,eduardotostess
6180,16786043,Palimpsesto,"2026-09-08 23:44:50",584.9,2,denzelfuentes
6181,16702270,"Jonas Jaku","2026-09-09 06:37:15",584.3,2,jonasjaku
6182,16768466,BenJung,"2026-09-16 09:44:23",584.2,2,"benjung2512,hyeonglvl,hyeonho028,limjoonsoo"
6183,16664003,"Nakul Rajpal","2026-08-05 06:29:24",584.1,2,nakulrajpal
6184,16677366,Gmmastermind,"2026-08-07 01:19:13",584.0,2,gmmastermind
6185,16655013,"Adrian Martinez 1111","2026-08-12 00:52:14",583.9,2,adrianmartinez1111
6186,16777740,hoangnnh67,"2026-08-28 22:12:22",583.9,2,hoangnnh67
6187,16879477,liuzewen123,"2026-09-27 08:07:35",583.9,2,liuzewen123
6188,16664804,ryanovovo,"2026-08-05 18:02:38",583.8,2,ryanovovo
6189,16884815,"Idrees Asghar","2026-09-26 04:54:41",583.7,2,adiladil1275
6190,16717952,Aydar,"2026-08-29 21:28:35",583.3,2,aydara
6191,16651661,"Quyền Thịnh","2026-08-07 06:27:45",583.2,2,quynthnh
6192,16866712,Ddm_demo,"2026-09-20 14:16:05",583.1,2,ddmdemo
6193,16663922,MoongladeAI,"2026-09-14 03:49:11",583.1,2,moongladeai
6194,16658377,Masaya,"2026-09-04 15:10:14",582.9,2,irrohas
6195,16825667,"Lê Minh Dương","2026-09-08 05:45:07",582.9,2,minhduonq
6196,16655578,"Ahmed Merie","2026-08-13 00:11:40",582.9,2,aa7767
6197,16777746,"Daniel Bandy","2026-08-29 02:04:01",582.7,2,goddangitboby
6198,16840445,"Danko Schroeder","2026-09-26 22:44:18",582.6,2,dankoschroeder
6199,16798478,"Vinicius Pupin","2026-09-02 21:29:51",582.5,2,viniciuspupin
6200,16680342,Game_khó_vkl,"2026-09-27 00:00:22",582.5,2,maruusha
6201,16854414,handsomeHBS,"2026-09-26 17:05:37",582.4,2,handsomehbs
6202,16634204,"m-toshi desu","2026-08-01 06:20:37",582.3,2,mtoshidesu
6203,16683383,Boardgamers,"2026-09-26 22:28:22",582.2,2,"cgchirag,hitishagoyal,nandneepriya,navneetprabhat"
6204,16786437,"Kiran Narayana K","2026-08-30 06:45:20",582.1,2,kirannarayanak
6205,16939496,"Haotian Niu","2026-09-26 06:35:52",581.9,2,haotianniu
6206,16854582,BlackWizard00,"2026-09-08 15:32:36",581.9,2,blackwizard00
6207,16755111,ingemarieke,"2026-08-21 15:04:53",581.8,1,ingemarieke
6208,16855755,"Jack Yap","2026-09-10 19:43:36",581.7,2,jackyap
6209,16657290,lol-hiker,"2026-09-08 07:32:03",581.7,2,lolhiker
6210,16924484,"Sadiq Ali","2026-09-20 07:51:11",581.7,2,sadiqali55
6211,16656107,Aotokitsuruya,"2026-09-02 14:35:20",581.6,2,elct9620
6212,16735408,"Evan S","2026-08-18 20:06:05",581.5,2,evansc123
6213,16665395,"bachi idriss","2026-08-10 15:23:30",581.4,2,bachiidriss
6214,16654085,"Bill Xu","2026-09-27 07:47:48",581.3,2,billll
6215,16937197,men-of-culture,"2026-09-24 06:52:33",581.3,2,leejianrong
6216,16655629,Mai_Konare,"2026-08-17 06:20:49",581.3,2,maikonare
6217,16668711,"David Leati","2026-08-28 00:47:39",581.3,2,davidleati
6218,16665932,"Fabian Birringer","2026-08-21 18:31:41",581.3,2,fabianbirringer
6219,16656912,"Sami Ali","2026-08-07 00:48:33",581.2,2,mrsamiali
6220,16742073,"nguyễn huệ anh","2026-09-15 15:55:00",581.0,2,akapatu
6221,16699091,Umkaaa,"2026-09-15 14:04:55",580.6,2,umkaaa
6222,16760439,XLX,"2026-09-06 03:20:58",580.4,2,lonelygleaner
6223,16684436,Simon-the-sorcerer,"2026-09-26 23:08:05",580.4,2,simonwiller
6224,16658655,HbjaHbja,"2026-08-12 12:18:51",580.3,2,hbjahbja
6225,16692401,"Abdurehman Iqbal","2026-08-14 09:13:08",580.2,2,abdurehmaniqbal
6226,16687548,"Shubham Tibrewal","2026-09-22 07:13:23",580.2,2,researchai2026
6227,16698164,"Ruizhang Zhi","2026-09-25 22:59:36",579.9,2,ruizhangzhi
6228,16781242,"Bobby Clare","2026-09-03 17:04:16",579.9,2,bobbyclare
6229,16718838,"josh mathers","2026-08-14 09:26:33",579.8,2,joshmathers
6230,16664072,"victor aguilera","2026-09-24 23:34:18",579.7,2,viaguilera
6231,16752324,"yunchuan liu","2026-09-06 22:21:06",579.7,2,hoteye
6232,16947797,"Chris Croft","2026-09-25 12:42:53",579.6,2,chriscroft
6233,16730028,"Ken Qian","2026-08-17 03:10:15",579.5,2,kenqian
6234,16787200,"HayDay Protestors","2026-09-23 16:59:25",579.4,2,"aaronjoshuaemmanuel,anjulasankalpa,chamathjayashanka,ghostd,prabhashanmadurawala"
6235,16671646,Luche,"2026-08-08 04:23:32",579.4,2,henrylucky
6236,16882160,"John Doe #2","2026-09-12 18:04:56",579.3,1,realgrape
6237,16731260,"Jeel Gajera","2026-08-18 07:44:44",579.2,2,jeelog
6238,16739167,Yeyuqing0913,"2026-09-07 00:36:15",579.2,2,yeyuqing0913
6239,16793892,cjc0013,"2026-08-31 18:27:50",578.8,2,cjc0013
6240,16622993,"Yaroslav Tanko","2026-08-18 04:34:12",578.8,2,yaroslavtanko
6241,16655044,"Darius Kolycius","2026-08-04 09:49:01",578.8,2,dariuskolycius
6242,16668211,"Alejandro Hernández Mairal","2026-09-03 13:28:29",578.7,2,alherma7
6243,16927491,Adilkhan1275,"2026-09-26 03:29:26",578.5,2,adilkhan1275
6244,16694610,Kshitiz2002,"2026-08-11 15:44:41",578.3,2,kshitiz2002
6245,16685938,"Gautier Fauchart","2026-08-12 05:57:21",578.2,2,gautierfauchart
6246,16692857,AbeLincoln1865,"2026-08-11 00:10:16",578.2,2,abelincoln1865
6247,16891689,"Jiawei Xi","2026-09-14 19:46:39",578.2,2,jiaweixi56
6248,16670356,"Dziriyin wa9il","2026-08-25 19:56:56",578.1,2,"akumanomu,alioualaeddine"
6249,16760604,"Thananut Phiboonbanakit","2026-08-25 14:04:44",578.1,2,tphiboonbanakit
6250,16703310,"israel ntumba","2026-09-14 17:42:47",577.8,2,israelntumba
6251,16717671,Jeremy,"2026-09-22 22:01:27",577.8,2,lukeenness
6252,16707037,"Cedoque BAGBONON","2026-09-20 10:27:32",577.8,2,cedbag
6253,16682915,"igeo kK","2026-09-12 23:10:17",577.6,2,igeokk
6254,16796625,Nepsirhc,"2026-09-12 11:15:35",577.5,2,nepsirhc
6255,16687714,nabilux,"2026-08-09 13:27:11",577.5,2,eminesnabil
6256,16747180,KaiKogure,"2026-09-03 12:46:04",577.4,1,kaikogure
6257,16665990,daffaharil,"2026-08-11 07:56:55",577.1,2,"daffaharil,farhansiddiq"
6258,16795923,KaluzaKlein,"2026-09-14 10:50:35",577.0,2,kaluzaklein
6259,16716365,Murphy,"2026-08-21 14:00:29",576.9,2,taeyounglimdt
6260,16645297,Mark_RowSet,"2026-08-09 05:25:39",576.8,2,markrowset
6261,16654099,"Bhupin Thapa magar","2026-08-10 09:22:06",576.7,2,vupeenthapamagar
6262,16683282,ayushk_empire,"2026-08-14 11:50:15",576.7,2,ayushkempire
6263,16780484,"Edmond Kirsch","2026-09-01 17:30:28",576.6,2,edmondkirsch
6264,16654746,"Michael Mullen","2026-08-06 11:08:31",576.5,2,mmullen200
6265,16706456,"Michael van Mill","2026-08-12 09:58:40",576.5,2,michaelvanmill
6266,16867608,"Paul M","2026-09-25 21:16:56",576.5,1,pillow5
6267,16799391,"Mehdi El M.","2026-09-07 14:08:22",576.4,2,mehdielm
6268,16676885,"Riva Kajangu","2026-09-26 23:00:01",576.3,2,rivakajangu
6269,16670313,HamzZZzzZZa,"2026-08-06 22:01:28",576.2,2,memesalot
6270,16712410,aysfshn,"2026-09-09 15:09:08",576.1,2,aysfshn
6271,16673151,skyblue01,"2026-08-27 07:56:10",576.0,2,skyblue01
6272,16731447,"Rúben Martins","2026-08-19 20:55:42",575.8,2,rubenmartins10
6273,16671438,"Aot Chanthorn","2026-08-15 16:16:25",575.6,2,aotchanthorn
6274,16833040,"Vadim Demchuk","2026-09-05 06:07:54",575.6,2,vadimdemchuk
6275,16657654,TemperaryT,"2026-09-20 00:21:54",575.5,2,temperaryt
6276,16759427,Dhruv,"2026-08-23 12:20:16",575.5,2,dtalati1
6277,16724747,"Md.Mahfujul Karim","2026-09-26 07:07:31",575.5,2,mdmahfujulkarim
6278,16722502,Abyss,"2026-08-27 11:26:49",575.4,2,sahiltks
6279,16671421,"Gryffin Wang","2026-08-08 23:08:40",575.4,2,gryffindoraf
6280,16685785,KSAI,"2026-09-07 14:42:54",575.4,2,kishan2112004
6281,16654328,"QQ Farm","2026-08-28 12:59:12",575.3,2,"huiiyu,titirmt"
6282,16629844,IsaacJinyu,"2026-08-01 15:39:55",575.2,2,isaacjinyu
6283,16661650,"Docker container","2026-08-15 18:52:39",575.1,2,yossefaymanzedan
6284,16661318,"Zeel Kadvani","2026-08-25 11:17:53",574.9,2,zeelkadvani
6285,16883048,"Amit Gunjan","2026-09-23 00:17:42",574.9,2,daydreamerthinks
6286,16796810,JosephErikRibeiro,"2026-09-21 21:23:50",574.8,2,josepherikribeiro
6287,16941519,Dr.Hazbulla,"2026-09-24 14:05:45",574.8,2,drhazbulla
6288,16666648,"Sriram Reddy19","2026-08-06 08:40:07",574.6,2,sriramreddy19
6289,16925564,"shikigami yao","2026-09-25 13:52:11",574.6,2,shikigamiyao
6290,16717614,Dhanyashree1028,"2026-08-16 15:00:37",574.2,2,dhanyashree1028
6291,16623213,zulfikar.khalwaniev,"2026-08-23 09:08:56",574.2,1,khalwaniev
6292,16734822,Zcy,"2026-09-20 12:04:41",574.2,2,laura831
6293,16809158,"Kaito Sada","2026-09-08 05:17:26",574.1,2,kaitosada
6294,16755344,"Alizen James","2026-08-23 18:34:30",574.0,2,alizenjames
6295,16659341,Aryan88097,"2026-08-05 17:26:57",573.8,2,aryan88097
6296,16745571,"Yifan Xie","2026-09-03 13:55:15",573.8,2,yifanxie
6297,16675832,"Dean Shalev","2026-08-09 04:12:47",573.5,2,deanshalev
6298,16723729,"Lucas Cimiano","2026-08-29 17:21:55",573.5,2,lucascimiano
6299,16679018,"Kushpreet Singh","2026-09-03 23:23:41",573.2,2,kush639
6300,16665154,"Omkar Pawar","2026-08-23 12:22:56",573.0,2,omkarrr7
6301,16806165,"Kaige Wei","2026-09-21 03:07:06",572.6,2,kaigewei0403
6302,16926090,"Amr Fadhilah Abiyyu Alif Basysyar","2026-09-21 00:35:25",572.6,2,amrfadhilah
6303,16892971,BeachedRobot,"2026-09-26 02:46:44",572.6,2,beachedrobot
6304,16632994,primal,"2026-08-12 16:02:29",572.5,2,primalhost
6305,16714100,SuperMercat,"2026-09-09 15:13:08",572.5,2,supermercat
6306,16904550,ukiyois,"2026-09-16 19:54:20",572.5,1,ukiyois
6307,16638031,vlad101,"2026-08-21 15:10:27",572.5,2,vlad101
6308,16767934,"taha berk","2026-08-26 15:21:51",572.4,2,tahaberkterekli
6309,16655140,Efthimios,"2026-09-04 08:28:52",572.2,2,efthimiosfousekis
6310,16880672,"Bennett Hellman","2026-09-18 12:59:02",572.1,2,bennetthellman
6311,16793489,hendracos,"2026-09-02 03:10:03",572.0,2,hendracos
6312,16916387,Nathan,"2026-09-18 14:01:04",571.9,2,nathanpradostapia
6313,16671940,LJazya,"2026-09-05 02:54:37",571.8,2,jihanelek
6314,16756677,"Pyzh Vladislav","2026-08-24 10:19:44",571.7,2,pyzhvladislav
6315,16716941,林木子吖,"2026-08-24 09:28:59",571.7,2,linmuzi0108
6316,16797356,"Thalía Cantero","2026-09-15 15:41:27",571.4,2,thalicantero
6317,16743846,"Hemanth Raja Guttikonda","2026-09-26 21:51:07",571.4,2,"hemanthrajg,poojithakatta18"
6318,16897403,"Abel Markose","2026-09-18 03:08:38",571.2,2,"abelmarkose,sreehari3301"
6319,16663998,"Harith Al-Ani","2026-08-24 00:09:54",571.2,2,abo3losh
6320,16657347,"Hibiki M","2026-08-20 15:30:40",571.2,2,hibikibrise
6321,16692994,turneja,"2026-08-08 23:50:13",571.1,2,turneja
6322,16660005,DreamX5678,"2026-08-06 07:55:06",571.0,2,dreamx5678
6323,16669393,"ÖMER FARUK YILMAZ","2026-08-07 19:54:59",571.0,2,ofyzero
6324,16823681,Yielder,"2026-09-10 16:59:40",571.0,2,georgepapasideris
6325,16727241,Yogesh2850,"2026-08-17 09:55:08",571.0,2,yogesh2850
6326,16671237,"Jose Alejandro Rivera Jaramillo","2026-08-07 18:13:13",570.8,2,alejandroriveraj
6327,16663884,DevilQ,"2026-08-23 22:08:52",570.7,2,"parhamesm,samuelescarfone12"
6328,16730231,chandler14362,"2026-08-29 03:04:49",570.7,2,chandler14362
6329,16623644,Accer_sz,"2026-08-02 00:27:32",570.7,2,accersz
6330,16667630,Sparsh389,"2026-08-06 15:46:09",570.5,2,sparsh389
6331,16659951,"CHRISTOPHER CRILLY","2026-09-11 12:23:20",570.5,2,christophercrilly
6332,16719696,"Spencer Farrand","2026-08-17 18:40:28",570.4,2,spencerfarrand
6333,16675780,susutem,"2026-09-24 12:14:06",570.3,2,susutem
6334,16711567,"Finn Brooks","2026-08-15 04:40:11",570.2,2,finnbr
6335,16651593,"huanxian chen","2026-08-11 11:13:05",570.1,2,huanxiachen
6336,16756564,"Nicolas Defossé","2026-08-25 21:10:58",570.1,2,nicolasdefoss
6337,16675708,"Mahder Tesfaye Abebe","2026-08-08 08:46:36",570.0,2,mahdertesfayeabebe
6338,16701034,notnorm,"2026-08-11 10:31:23",570.0,1,notnorm
6339,16715473,cmrfrd,"2026-08-14 04:58:15",569.8,2,thecmrfrd
6340,16655521,"Hemadri Rajyaguru","2026-08-04 02:12:55",569.7,2,hemadrirajyaguru
6341,16744133,"levr hang","2026-09-08 16:39:27",569.7,1,levrhang
6342,16698069,k_4821,"2026-09-26 21:23:21",569.7,2,edgarondoodevilclub
6343,16655449,tcvieira,"2026-08-06 18:20:34",569.6,2,tcvieira
6344,16738336,"Guo Xuehan","2026-09-02 05:44:05",569.6,2,zmllls
6345,16668819,"ahmedou sidi med","2026-08-19 00:05:55",569.5,2,ahmedousidimed
6346,16749236,"Michael Müller","2026-09-07 15:57:15",569.4,2,michaelmller
6347,16677701,"Coşkun Bağrıaçık","2026-08-10 00:02:25",569.4,2,cbagriacik
6348,16845009,"Nyasha Gandah","2026-09-15 06:20:21",569.2,2,nyashagandah
6349,16724202,"Sooriya Senthilkumar","2026-08-23 05:25:47",569.2,2,sooriyasenthilkumar
6350,16774890,SkoopSkoop,"2026-08-31 16:08:04",569.1,2,skoopskoop
6351,16677597,InformaBook2,"2026-09-10 05:38:23",568.9,2,informabook2
6352,16662094,"moncef elm","2026-09-23 09:09:03",568.7,2,moncefelm
6353,16796445,"Md Aminul Islam","2026-09-23 23:47:12",568.7,2,aminulabir
6354,16935929,"Bhavesh Kolhe","2026-09-23 08:47:28",568.7,2,bhaveshkolhe
6355,16724355,hansama.qht,"2026-09-19 15:23:36",568.7,2,hansamaqht
6356,16713249,"vedant patnala","2026-08-27 22:38:03",568.6,2,vedantpatnala
6357,16739449,SelvapriyankaRam,"2026-08-24 18:44:21",568.6,2,selvapriyankaram
6358,16706455,"John Andrei Martinez","2026-08-18 18:55:04",568.6,2,johnandreimartinez
6359,16686222,"Nika Chaduneli","2026-08-10 01:21:09",568.5,2,nikachaduneli
6360,16826098,Nomushin,"2026-09-11 13:22:26",568.4,2,nomushin
6361,16734595,"Abhimanyu Singh","2026-08-20 12:52:38",568.4,2,abhimanyusingh170702
6362,16771001,"0x1369 T-Farm","2026-08-31 04:38:04",568.1,2,xcryst
6363,16763113,sowhatwillwelearn,"2026-09-01 11:03:47",568.0,2,sowhatwillwelearn
6364,16763088,mason.jr,"2026-08-25 04:29:36",567.9,2,haophanzx
6365,16666084,"Andaç Demirdelen","2026-08-09 19:18:08",567.9,2,andacdemirdelen
6366,16731009,"Joseph Paris","2026-08-24 05:32:21",567.7,2,josephkparis
6367,16808242,keowpwpwkeo,"2026-09-07 18:23:50",567.7,2,keowpwpwkeo
6368,16670070,"Kirill Molostov","2026-08-31 12:18:26",567.4,2,kirillmolostov
6369,16664267,"Alan T. Andrea","2026-08-09 03:22:40",567.4,2,alantandrea
6370,16663210,"Marco Nasuelli","2026-09-13 15:58:07",567.4,2,marconasuelli
6371,16666099,"Marcben James Samuel","2026-09-17 05:52:20",567.3,2,marcbenjamessamuel
6372,16670708,"Mohammad Usman Sajid","2026-09-03 18:26:11",567.1,2,mohammadusmansajid
6373,16655039,"Andrew Yip","2026-08-06 20:14:49",567.1,2,yipcma
6374,16733046,Afordancja,"2026-08-24 18:22:42",567.0,2,afordancja
6375,16665471,"Dennis Navamani","2026-08-25 11:10:08",566.8,2,dennisnavamani
6376,16841559,dal7,"2026-09-09 04:32:12",566.7,2,purelyconceptual
6377,16692896,"Guy Lev","2026-08-20 19:18:52",566.6,2,sarthobi
6378,16700785,"VIVEK JAMI","2026-08-19 13:57:57",566.4,2,vivekjami
6379,16777228,"Zach Locke","2026-09-18 10:25:06",566.4,2,zachlocke
6380,16768058,"Ibrahim Anaz","2026-09-26 06:38:46",566.2,2,ibrahimanaz
6381,16943628,"Michael Liu","2026-09-23 04:19:13",566.0,2,mliu1204
6382,16732504,"porsche zheng","2026-08-18 08:19:41",565.9,2,porschezheng
6383,16659444,"ANKIT AGARWAL","2026-09-26 16:43:06",565.9,2,ankwall223
6384,16639867,vibecoder,"2026-08-08 05:34:55",565.8,2,kunal808
6385,16810497,Garuda,"2026-09-07 06:32:01",565.6,2,santhoshreddypasnoor
6386,16789550,foundtion,"2026-08-30 13:19:22",565.6,2,foundtion
6387,16937434,iit24m1520,"2026-09-23 06:17:13",565.5,2,iit24m1520
6388,16661529,"AL Najafi","2026-08-08 03:39:39",565.5,2,alnajafi
6389,16791701,"Tired Dad Data","2026-09-12 21:37:23",565.2,2,alexmaggard
6390,16745109,deflexor,"2026-08-27 21:35:07",565.1,2,deflexor050
6391,16674950,Davide,"2026-09-03 09:22:38",565.1,2,quanttony
6392,16655663,"Farmland Destroyer","2026-08-19 13:43:22",565.1,2,minghaopang
6393,16717245,bernard558,"2026-08-24 22:18:16",565.1,2,bernard558
6394,16850246,"Makarand Gokhale","2026-09-24 01:08:26",564.7,2,makarandgokhale
6395,16711868,"Mark Cooper","2026-08-16 13:09:02",564.7,2,markjcooper
6396,16659663,Chintakrinda_Naveen,"2026-09-22 04:04:37",564.7,2,naveen998
6397,16730236,加麻不加辣,"2026-09-17 13:03:48",564.4,2,"shiyuanhe123,zihaokang"
6398,16697526,"Jurgen Sinjari","2026-08-10 21:21:26",564.4,2,jurgensinjari
6399,16745972,yamy893,"2026-08-22 02:14:20",564.3,2,yamy893
6400,16752362,"Shashank Jangid (G25AIT2100)","2026-09-26 15:52:26",564.3,2,shashankjangid
6401,16809800,XYZ-Siddhartha,"2026-09-19 15:57:03",563.9,2,siddharthaganguly26
6402,16735476,"Matthew Liew","2026-08-18 08:02:11",563.9,2,matthewliew
6403,16655027,"Artem Zenkevich","2026-08-16 13:09:58",563.8,2,artemzen
6404,16664790,"soumic 1088","2026-08-19 08:34:34",563.4,2,soumic1088
6405,16663656,"Andrii Kavetskyi","2026-08-20 21:48:20",563.3,2,andriykavetsky
6406,16664884,Abhijeetgg,"2026-08-12 08:53:50",563.1,2,abhijeetgg
6407,16851330,umar,"2026-09-16 03:04:16",563.1,2,umar4md
6408,16654640,"Halil Akbas","2026-08-28 00:32:12",562.8,2,halilbrahimakbas
6409,16785687,"AP SEM F STUDENTS","2026-08-31 03:52:37",562.7,2,"advaithn0518,rohanjeyavel,shrivatsamurugan,stitchsages"
6410,16671942,"JIVRAJ SINGH","2026-09-05 02:33:23",562.7,2,jivrajsingh
6411,16662421,"Aparna Mantha","2026-08-06 17:23:34",562.5,2,aparnam91
6412,16864562,otaniyu,"2026-09-15 00:53:18",562.4,2,otaniyu
6413,16658019,ไอติวบ้านปังมาเอาแช้มมมม,"2026-08-08 18:43:05",562.3,2,tewnabhat
6414,16890342,Bin.Han,"2026-09-21 05:17:00",562.1,2,binhan0514
6415,16743382,"Pavan Rangisetti","2026-09-15 03:42:00",562.1,2,pavanrangisetti
6416,16847801,"Joachim Oliver Mampouya","2026-09-08 14:54:14",562.0,2,olivermam
6417,16709318,"Jana Hagen","2026-08-26 18:00:16",562.0,2,janahagen
6418,16733763,Gaurav,"2026-09-04 00:54:37",561.9,2,gauravahlawat
6419,16792449,SKYisSKYisSKY,"2026-08-31 04:16:07",561.7,2,skyisskyissky
6420,16699140,St.Valentine,"2026-08-18 09:49:04",561.7,2,stvalentin3
6421,16697261,nbauerle,"2026-08-14 15:10:38",561.7,2,nbauerle
6422,16689398,Reesh,"2026-08-11 08:55:10",561.6,2,rishileung
6423,16712870,"Jose Gibson","2026-08-13 20:09:11",561.5,2,josegibson
6424,16670615,Ahornsirup,"2026-09-06 21:03:14",561.4,2,ahornsirup
6425,16708824,"Tanaka Chiromo","2026-08-20 11:12:22",561.3,2,tanakachiromo
6426,16689391,"Tejas Rajput","2026-08-08 17:21:18",561.2,2,tejasrajput123
6427,16658042,"Giampietro Pregnolato","2026-08-13 09:17:36",561.1,2,giampietropregnolato
6428,16657798,"Ian Kim","2026-08-06 05:07:10",561.0,2,ianpkim
6429,16753353,"Aayush Kumar","2026-09-23 14:16:00",560.9,2,devaayushkumar
6430,16664313,CompilingCoder,"2026-08-06 09:38:17",560.9,2,compilingcoder
6431,16858948,"Nizar Fathurohman","2026-09-26 10:17:47",560.8,1,nizarfathurohman
6432,16809136,"Xander Lee","2026-09-04 13:56:48",560.8,2,xndlee
6433,16678157,"Ayush Kumawat","2026-08-14 13:10:02",560.7,2,ayushkumawat21
6434,16663909,HDPark,"2026-08-17 04:48:41",560.6,2,hdpark
6435,16892496,"Alif Mahmud 1993","2026-09-15 16:35:27",560.6,2,alifmahmud1993
6436,16811935,"Bhargavaram Gajula","2026-09-05 18:08:56",560.6,2,bhargavaramgajula007
6437,16777056,"Seb boulba","2026-08-27 21:03:26",560.5,2,sebboulba
6438,16789914,AkikJana,"2026-09-07 16:37:53",560.5,2,firewaterair
6439,16664134,"Pelayo Fernández","2026-08-07 10:36:48",560.4,2,pelayofdez
6440,16732609,"Filippo Paninforni","2026-08-19 18:30:22",560.2,2,filippopaninforni
6441,16731173,AynRmio,"2026-09-17 08:48:38",560.1,2,aynrmio
6442,16853993,"Christie Lam","2026-09-16 03:13:27",560.0,2,christielam
6443,16668648,"Mason R. Brito","2026-09-10 16:58:25",560.0,2,masonrbrito
6444,16654454,"Haoxiang Li","2026-09-06 09:24:47",559.9,2,haoxiangli789
6445,16728799,JulianHahn28,"2026-08-17 21:26:57",559.9,2,julianhahn28
6446,16661210,vizyourdata,"2026-08-07 11:05:08",559.9,2,vizyourdata
6447,16625047,BOBQWERA,"2026-08-02 06:34:18",559.9,2,bobqwera
6448,16750751,AarizKh,"2026-09-09 16:28:15",559.8,2,aarizkh
6449,16700885,"Malala Ramaha","2026-09-19 17:11:00",559.6,2,malalaramaha
6450,16674841,"Syna Bedi","2026-08-15 09:57:28",559.5,2,synabedi
6451,16623745,chunluran,"2026-09-26 07:44:42",559.4,2,chunluran
6452,16696916,Sundar,"2026-08-11 13:04:59",559.3,2,vsundar17697
6453,16793802,"Andrew Lam","2026-09-01 09:07:56",559.3,2,andrewlam23
6454,16691518,"Sander Ee","2026-08-09 12:03:09",559.2,2,sanderee
6455,16715225,"Someswararao Tellakula","2026-08-17 01:15:37",559.0,2,someshtellakula
6456,16621407,Kh0a,"2026-09-15 06:55:26",558.9,2,llkh0a
6457,16668439,Lugas024,"2026-08-08 05:33:51",558.9,2,lugas024
6458,16694134,"Sophia Leng","2026-08-24 20:04:10",558.8,1,sophialeng9
6459,16662120,"Harpal Gujral","2026-08-25 18:07:07",558.7,2,harpalgujral
6460,16704437,babybuffalo,"2026-08-25 16:11:16",558.6,2,babybuffalo
6461,16854535,Dragon,"2026-09-09 16:48:11",558.6,2,dragon116rus
6462,16664041,"an Expired Engineer","2026-08-17 12:02:21",558.6,2,sanggusti
6463,16795256,"N Nelson","2026-09-05 14:29:25",558.5,2,napoliyannelson
6464,16664415,"Imerson Krysthio","2026-08-12 05:37:03",558.5,2,imersonk
6465,16877886,"Mohamed el.harery","2026-09-16 00:51:49",558.5,2,mohamedelharery
6466,16872064,"Jimmy Erickson","2026-09-13 19:43:54",558.4,2,jimmyerickson
6467,16674504,"Arunabh Gupta","2026-08-18 11:10:33",558.3,2,"arunabhsgupt4,eggsysy"
6468,16713366,BANKAI,"2026-09-21 18:36:08",558.1,2,igors97
6469,16750447,Morpheus0303003,"2026-08-24 16:58:42",558.0,2,morpheus0303003
6470,16658686,"Alpesh Kumar","2026-08-08 06:12:31",557.9,2,alpeshkumar
6471,16674612,"Muhammad Dhiaz Rafilianza","2026-09-25 12:28:11",557.8,2,dhiazr
6472,16655272,"Artur Sakhiullin","2026-08-09 14:27:52",557.7,2,artursakhiullin
6473,16652635,panacea9320,"2026-08-05 10:45:06",557.5,2,panacea9320
6474,16623938,flashthunder,"2026-09-27 06:53:22",557.5,2,thunderflash
6475,16759265,AI老爸,"2026-09-06 15:42:27",557.4,2,tsengchienchih
6476,16707078,"Loïc & Zach","2026-08-24 20:25:24",557.1,2,"locmmeteau,zachariedubus"
6477,16658009,"Lando Wang","2026-08-05 02:18:17",556.8,2,landowang
6478,16793913,"Vrushal Patil","2026-09-06 11:13:36",556.7,2,vrushalpatil
6479,16720788,Anson,"2026-09-05 19:45:48",556.7,2,anson0496
6480,16667514,"Kakarott 10","2026-08-06 09:05:43",556.7,2,kakarott10
6481,16676360,"Chris Kang","2026-08-17 10:07:49",556.6,2,rukawa917
6482,16757280,"manos papagiannidis","2026-09-09 08:30:46",556.6,2,manospapagiannidis
6483,16924174,"Brijesh Sankhavara","2026-09-19 07:12:58",556.5,1,brijeshsankhavara1
6484,16725871,"Patrice Santiago","2026-09-03 22:19:56",556.3,2,patricesantiago
6485,16888433,SINKO1,"2026-09-25 20:49:06",556.0,2,sinko1
6486,16702993,PLM,"2026-08-30 13:58:34",556.0,2,"ileabogdan,popu23,razvaniga,rvaurs"
6487,16655527,"Saurabh Kumar","2026-08-06 08:14:52",555.8,2,sk25oct
6488,16660319,fahimMK,"2026-09-19 16:43:05",555.7,2,fahimmk
6489,16692995,RafaMartinaitis,"2026-08-22 11:50:10",555.5,2,rafaelmartinaitis
6490,16771283,taroyan-vamos,"2026-09-08 15:31:54",555.5,2,taroyanvamos
6491,16805275,"Women or something","2026-09-26 04:03:19",555.5,2,"appalachianmounta1n,reneeschmidt"
6492,16721877,SuzukiTakumi,"2026-09-26 11:09:24",555.4,2,suzukitakumi
6493,16928702,UnkaiNene,"2026-09-24 18:17:23",555.3,2,unkainene
6494,16726684,"William Lee","2026-08-19 15:35:28",555.2,2,notyouravgwilly
6495,16760025,DEBI,"2026-09-26 14:51:42",555.1,2,"mayarabdelfattah,omarelmaghraby03"
6496,16682876,"Kartik Garg","2026-08-09 05:21:34",555.1,2,kartikgarg97
6497,16665894,"Pedro Wu","2026-09-03 03:40:31",555.1,2,pedropei
6498,16767632,"robin baldeo","2026-09-24 22:26:00",555.0,2,robinbaldeo
6499,16725913,StarStone_233,"2026-08-16 07:22:12",554.8,2,starstone233
6500,16705401,"Nguyen Hong","2026-09-27 08:37:45",554.8,2,nguyenhongbubu
6501,16671680,"Joe Hall","2026-08-10 19:02:30",554.6,2,halljr
6502,16635377,het2554,"2026-09-13 07:55:05",554.5,2,crazy2554
6503,16731996,Chloe,"2026-08-18 02:58:05",554.4,2,chenchloehaimo
6504,16946099,"CupidCloris Zeus","2026-09-27 06:04:01",554.4,2,cupidcloriszeus
6505,16881624,RetrainMap,"2026-09-12 20:08:45",554.3,2,retrainmap
6506,16650930,"Govind Sharma","2026-08-24 09:25:23",554.3,2,govindsarswat
6507,16665133,"Abhishek Dubey","2026-08-10 13:28:57",554.2,2,abhishekdubey911
6508,16686655,"Emir Baki Demirci","2026-09-26 00:48:25",554.2,2,emirbakidemirci
6509,16848416,"Mayank Bhatia","2026-09-07 15:09:19",554.2,2,mikemayankb
6510,16880707,Joy_22@1,"2026-09-25 18:15:40",554.2,2,joy221
6511,16782187,"Margo Kim","2026-08-28 19:15:18",554.1,2,margokim
6512,16779539,"Dmitri Bugakov","2026-08-27 16:34:42",554.0,2,dmitrybugakov
6513,16689033,arman1o1,"2026-09-01 05:01:27",553.8,2,arman1o1
6514,16738777,"Balwinder Singh1235","2026-08-20 10:21:34",553.6,2,balwindersingh1235
6515,16690869,"Yudai Hayashi","2026-08-23 09:14:30",553.6,2,yuhaya9
6516,16732529,"lixinglong ye","2026-09-09 07:46:16",553.3,2,lixinglongye
6517,16621657,"Nikita Batuev","2026-09-22 23:14:25",552.9,2,batuevnikita
6518,16694064,RRK0123,"2026-08-17 05:30:52",552.8,2,rrk0123
6519,16926064,"amit shulstein","2026-09-25 12:06:45",552.7,2,amitshulstein
6520,16658937,SebastianQbiak,"2026-08-05 06:20:18",552.6,2,sebastianqbiak
6521,16728220,Naki,"2026-09-08 11:50:44",552.5,2,nanakiohashi
6522,16687390,"Mark Calvert","2026-08-08 09:51:55",552.4,2,markycalvert
6523,16947326,"Sachin Sachdeva","2026-09-23 12:55:56",552.3,2,sachinsachdeva
6524,16664731,UT,"2026-08-21 15:24:42",552.3,2,"sabapunch,wasshan"
6525,16925954,"Ibrahim Emir Tosun","2026-09-20 10:48:22",552.0,2,tosunn
6526,16639679,"Felix Allistar","2026-09-23 09:14:32",551.9,2,felixallistar
6527,16774524,ShinYingChua,"2026-09-13 15:35:15",551.8,2,shinyingchua
6528,16677178,"YOUSSEF FAID","2026-08-11 21:10:38",551.7,2,yousseffaid
6529,16848263,Xenongas,"2026-09-08 14:23:14",551.7,2,xenongas1
6530,16730104,BartHeart,"2026-08-20 18:58:23",551.7,2,bartheart
6531,16823853,Zerbytheboss,"2026-09-06 22:03:05",551.6,2,zerbytheboss
6532,16735624,"Marc Rippee","2026-08-24 05:03:34",551.1,2,marcrippee
6533,16655426,engin_zhou,"2026-08-05 15:21:18",550.9,2,enginzhou
6534,16659367,"Tayyab Aamir","2026-08-06 10:59:49",550.9,2,duketi
6535,16731616,"Mohamed Aashik 24","2026-09-14 19:24:28",550.9,2,mohamedaashik24
6536,16738261,"Samuel Moreira","2026-08-24 14:11:40",550.7,2,samuelmoreira420
6537,16883042,"Stefan Berger","2026-09-20 21:06:25",550.7,2,stefanberger1111
6538,16730030,"Jared Wilder","2026-08-17 14:23:15",550.7,2,jaredwilder
6539,16880022,Abdulbosid,"2026-09-26 21:40:56",550.6,2,abdulbosid
6540,16684886,HTHub,"2026-08-08 00:12:47",550.5,2,adegokesaidi
6541,16844385,"Michael Leo Tan","2026-09-08 02:56:03",550.3,2,michaelleotan
6542,16748603,qianzhonhao,"2026-09-03 08:20:45",550.3,2,qianzhonhao
6543,16732725,MackTen,"2026-08-19 08:14:01",550.3,2,mackten
6544,16693233,"Noah Wheeler","2026-09-22 23:13:00",550.2,2,nwheeler806
6545,16697941,"Raphael Coelho","2026-08-16 15:24:28",550.1,2,raphaelrrcoelho
6546,16665622,one,"2026-08-11 04:10:11",549.9,2,richardsplayground
6547,16738923,Quantum,"2026-08-29 01:40:45",549.8,2,jawadxhassan
6548,16793680,prajval_p,"2026-09-01 01:03:39",549.8,2,prajvalp
6549,16667565,BeeDeeR,"2026-09-23 01:13:42",549.6,2,beedeer
6550,16663551,"Germinator G-1000","2026-09-18 19:25:47",549.5,2,sinkingpoint
6551,16930840,machineabao,"2026-09-22 19:18:24",549.3,2,machineabao
6552,16781377,AgriMind,"2026-09-20 23:27:15",549.2,2,slimaneguermat
6553,16743815,"Asanka Pradeep","2026-08-23 14:32:46",549.2,2,asanakapr
6554,16811603,hundun,"2026-09-04 09:48:18",549.0,2,zhongh4oyang
6555,16696526,"Reda HEDDAD","2026-09-05 21:17:22",548.8,2,redaheddad
6556,16673981,"Aarya Jadhav","2026-09-22 15:24:49",548.8,2,aaryajadhav0310
6557,16707767,"Lai Eu Wen","2026-08-16 16:47:50",548.7,2,laieuwen
6558,16658775,"Vincent Pan","2026-08-29 12:55:20",548.2,2,"judithhong,vincentpan2005"
6559,16733873,"Shirish Chinchanikar","2026-08-30 15:53:12",548.2,2,"codemastersj,shirishchinchanikar"
6560,16677231,"Ahmed Bootaan","2026-08-06 18:08:52",548.2,2,ahmedbootaan
6561,16668175,el_dedalus,"2026-08-06 14:48:01",548.2,2,eldedalus
6562,16670698,"Tamerlan Dadashov","2026-08-09 10:36:12",548.0,2,tamerlandadashov
6563,16660540,Minikotey,"2026-08-16 15:34:40",548.0,2,juliapatarishina
6564,16718445,"Hamza Elmorjani","2026-08-15 12:16:55",547.9,2,hamzaelmorjani03
6565,16674106,Nanga_rendu_peru,"2026-09-27 02:12:33",547.8,2,"dineshak07,jaikrishna007"
6566,16657016,"MD. AS-AID RAHMAN","2026-08-26 15:57:49",547.8,2,mdasaidrahman
6567,16744752,"Dean Johnson","2026-08-27 10:26:20",547.7,2,deanjohnson202
6568,16691552,"Koshtubh Singh Parihar","2026-08-09 03:19:39",547.7,2,koshtubhsinghparihar
6569,16691398,"Time to Win","2026-09-03 04:36:52",547.6,2,yatharthdurgapal
6570,16717742,"Ghawwjsb Vsjsjsbs","2026-08-13 22:32:49",547.6,2,ghawwjsbvsjsjsbs
6571,16692680,"Marc-Luca ","2026-08-11 12:02:15",547.5,2,marcluca
6572,16637776,MarvelousXun,"2026-08-03 09:33:38",547.4,2,marvelousxun
6573,16851079,"Nathaniel Marshall","2026-09-08 02:04:22",547.3,2,nm4rshall
6574,16844670,"Zheng haoling","2026-09-07 04:22:40",547.2,2,zhenghaoling
6575,16654351,"Manish Kumar","2026-08-04 07:45:22",547.0,2,manishkumarphd2000
6576,16659418,"Fonge Bertin","2026-08-06 09:26:33",547.0,2,fongebertin
6577,16632510,shi_koyo,"2026-08-04 08:58:56",547.0,2,shikoyo
6578,16623678,"Mahog & Gerar","2026-09-25 14:01:38",546.8,2,"gerardeltoro,mahoganybuttstrings"
6579,16673359,hasshi7965,"2026-09-23 04:34:47",546.8,2,hasshi7965
6580,16684674,"Ch Muhammad Umer ","2026-08-11 08:11:36",546.7,2,chmuhammadumer
6581,16728195,"6 GOD","2026-08-21 15:50:28",546.5,2,tertospacko
6582,16688175,aarav221w,"2026-08-25 23:40:16",546.4,2,aarav221w
6583,16744534,"Leonardo Custode","2026-09-11 09:16:04",546.2,2,leocus
6584,16660138,"Sanchit Handa","2026-09-12 18:45:23",546.2,2,"harmanjotsingh8,sanchithanda182006"
6585,16844527,"Suyog Gund","2026-09-12 18:30:05",546.1,2,suyoggund
6586,16858944,Ashish_G_A,"2026-09-27 08:59:24",545.8,2,ashishga
6587,16774843,"Assylkhan Kerey","2026-08-30 03:16:54",545.6,2,n0nlyy
6588,16732357,"Thales Augusto Leite de Souza","2026-08-23 23:43:38",545.5,2,thalestals
6589,16866643,"Yan Slabodich","2026-09-15 08:02:34",545.5,2,yanskij
6590,16770674,"Arpit Jain","2026-09-02 11:44:36",545.4,2,arpitjain5
6591,16897043,"Suyog Dahal","2026-09-26 15:45:17",545.3,2,uzumakidahal
6592,16659138,allenbcy,"2026-09-10 14:41:18",545.0,2,allenbcy
6593,16767932,"Mark #3","2026-09-24 12:07:36",544.9,2,markdjadchenko
6594,16845593,matsudaatom,"2026-09-07 14:44:59",544.7,2,matsudaatom
6595,16642994,"Danila Galkin","2026-08-13 19:22:17",544.6,2,danilagalkin
6596,16853288,ypl0lpy,"2026-09-09 07:56:50",544.5,2,ypl0lpy
6597,16637894,"Leonardo Domingues","2026-09-25 17:28:07",544.5,2,leonardodomingues
6598,16886077,"Rajan Aggarwal","2026-09-17 15:19:02",544.4,2,rajanaggarwal11
6599,16724819,Dwij12,"2026-08-20 18:28:01",544.2,2,dwij12
6600,16689919,"Koren Ben Ezra","2026-08-08 17:49:55",544.2,2,korenbenezra
6601,16656883,KK,"2026-08-05 10:27:15",543.9,2,kkonzyb
6602,16676534,AlphaBound,"2026-08-25 05:26:32",543.8,2,somsubhrometya
6603,16819076,"Keyur Gohel","2026-09-22 16:04:23",543.7,2,venuzdonoa
6604,16665060,Pipeweed,"2026-08-27 18:14:40",543.4,2,pipeweed56
6605,16623112,Tians12,"2026-08-09 19:10:24",543.3,2,tiansang12
6606,16926169,LeoBode,"2026-09-23 14:47:18",543.2,2,lebo124
6607,16669597,农业农村部,"2026-08-10 19:11:08",543.0,2,"bingzhenghan,hrwan1,krasuszl"
6608,16656690,"Sushant Kumar (xWF)","2026-08-06 04:44:38",542.8,2,sushantkumarxwf
6609,16666249,Kawa_pt,"2026-09-08 22:24:25",542.8,2,kawapt
6610,16732307,"Shobha Vashishtha","2026-08-17 12:32:07",542.8,1,shobhavashishtha
6611,16630837,"Vishal Sharma","2026-08-05 18:24:44",542.7,2,vishal40182
6612,16661564,yang20251228,"2026-09-02 03:40:29",542.6,2,yang20251228
6613,16885464,"Javier Hernáez","2026-09-19 18:09:39",542.6,2,javierhernaez
6614,16690352,"Aled von Oppell","2026-09-24 16:04:36",542.6,2,aledgvonoppell
6615,16896490,"Yiman Gao","2026-09-21 08:15:16",542.6,2,yimangao
6616,16750666,"Mitali Yadav","2026-09-23 07:31:39",542.6,2,mitaliyadav18
6617,16756388,"Sam Scott","2026-08-22 22:04:06",542.5,2,shepard5
6618,16846408,"Arpit Gole","2026-09-16 02:21:23",542.5,2,connecttoarpitgole
6619,16826099,"Aykut Çağlar","2026-09-15 16:08:32",542.2,2,aykutcaglar
6620,16688220,Aadi,"2026-08-24 23:10:37",542.2,2,aadicv
6621,16669396,Fleo98,"2026-08-10 15:43:34",542.1,2,fleo98
6622,16782993,hayashida,"2026-09-07 14:01:36",541.9,2,daichihayashi
6623,16868576,DarkhanShakhan,"2026-09-15 20:17:01",541.9,2,darkhan1991
6624,16633379,"Artem Prokhorov","2026-07-31 20:53:32",541.9,1,catfield123
6625,16837934,"Osman ILICA","2026-09-09 02:30:19",541.8,2,osmanilica
6626,16686743,charmander,"2026-09-11 15:44:15",541.7,2,rahuladhi
6627,16770891,"Oleg Shatov","2026-09-05 16:34:56",541.7,2,bishkek
6628,16672370,"Yash Barhanpurkar","2026-09-10 17:36:18",541.6,2,yashbarhanpurkar
6629,16891652,Cristian034,"2026-09-24 09:24:15",541.5,2,cristian034
6630,16857823,"Hà Công Nga ","2026-09-10 02:49:42",541.4,2,hcngnga
6631,16662103,"Saravana Thiagarajan K","2026-08-05 21:43:42",541.3,2,saravanatk1984
6632,16640504,"Recep Öztürk","2026-08-26 11:19:31",541.3,2,rcpztrrk1
6633,16744239,"Diogo Gomes ","2026-08-25 09:39:28",541.2,2,diogogomes
6634,16658106,"Devam juthani","2026-08-05 08:18:14",541.1,2,devamjuthani
6635,16775237,"Haruki Iwase","2026-09-12 14:38:17",540.9,2,harukiiwase
6636,16863952,"Kuei-Hsien Chu","2026-09-10 06:14:39",540.9,2,formosa21
6637,16654761,"Mohammed Mukthar","2026-08-05 02:06:15",540.8,2,mohammedmukthar9
6638,16763287,Sathishkumartheta,"2026-08-25 18:53:26",540.7,2,sathishkumartheta
6639,16740662,宣城市机械电子职业技术学院,"2026-09-15 02:05:22",540.7,2,chenzhengy
6640,16892008,#FeedThePuffer,"2026-09-21 02:24:32",540.7,2,"andrdalbosco,gabmaury"
6641,16657104,"Bashar Gamal","2026-09-15 05:51:30",540.7,2,bashargamal
6642,16889017,Bigwh3el,"2026-09-23 20:52:54",540.6,2,bigwh3el
6643,16762994,AdvancedRising,"2026-09-13 14:54:28",540.6,2,advancedrising
6644,16663437,inversion,"2026-08-04 20:44:41",540.6,1,inversion
6645,16718366,RATriculture,"2026-08-28 19:15:28",540.5,2,tarasshchur
6646,16700441,"Houssem RIAHI","2026-08-27 14:54:09",540.4,2,houssemriahi
6647,16686912,@mldsdev,"2026-08-13 02:07:44",540.3,2,lan1mel
6648,16862124,"Lei Yang23","2026-09-16 18:09:55",540.3,2,leiyang23
6649,16767754,"Dr. T","2026-09-23 06:55:54",540.2,2,davinor
6650,16697346,"sayyid mogaka","2026-08-10 21:37:36",540.1,2,sayyidmogaka
6651,16659598,kudston,"2026-09-15 18:38:11",540.1,2,kudston
6652,16675074,ahiokk,"2026-08-07 07:58:44",540.0,2,ahiokk
6653,16774317,A_yuki,"2026-09-21 16:26:27",539.9,2,yukiys
6654,16673191,juliye,"2026-08-10 03:49:13",539.9,2,juliye
6655,16675461,mins0_0,"2026-08-30 07:50:53",539.8,2,mins00
6656,16786297,isxinhe,"2026-09-19 16:25:26",539.7,2,isxinhe
6657,16663677,"Aghazie David","2026-08-07 00:32:14",539.7,2,aghaziedavid
6658,16655651,"Kevin Cho","2026-09-14 16:40:58",539.7,2,chokevinjs
6659,16655571,yuken,"2026-08-07 13:27:53",539.7,2,yukenai
6660,16622938,"Farmville Redux","2026-08-03 18:58:04",539.5,2,daveconnor
6661,16655075,"Félix Rodríguez Roble","2026-08-04 09:16:25",539.4,2,flixrodrguezroble
6662,16680297,"Ajay Singh","2026-08-08 04:33:24",539.4,2,ajaysinghg
6663,16667143,"Noct-Tech zombie","2026-08-06 13:46:51",539.1,2,jo3thaboss
6664,16743823,"Zeyu Huang_summer","2026-09-14 15:40:41",539.0,2,zeyuhuangsummer
6665,16663708,"Imran Ahamed","2026-09-23 19:36:27",538.8,2,immu4989
6666,16660670,"Chirag Bhatnagar","2026-08-31 09:21:45",538.8,2,chiragbhatn
6667,16660295,Pentos,"2026-08-10 00:06:56",538.8,2,nishiumi
6668,16808696,마짱MAZZANG,"2026-09-04 09:41:16",538.8,2,mazzang
6669,16775001,"Maarij Aqeel","2026-08-26 14:48:03",538.7,2,maarijaqeel
6670,16687448,"Israel Burns","2026-08-12 08:41:38",538.4,2,israelburns
6671,16913155,DT,"2026-09-20 14:19:20",538.2,2,"bhd233,vatlegend"
6672,16727009,B05801037,"2026-08-18 02:28:48",538.1,2,peteropop
6673,16634316,"Cao Tùng Lâm","2026-09-01 07:16:08",538.1,2,liamislazy
6674,16657105,"Mathijs Deelen","2026-08-05 01:16:34",538.1,2,mathijsdeelen
6675,16703129,"Pratik Vadher","2026-08-10 21:08:27",538.0,1,pratikvadher
6676,16681660,"Parham Ghazanfari","2026-08-07 20:18:18",538.0,1,parhamghazanfari
6677,16823519,GarciasN,"2026-09-07 18:43:18",538.0,2,garciasn
6678,16845148,"nasa Furiy","2026-09-07 08:24:40",537.9,2,nasafuriy
6679,16657871,Lucienne,"2026-08-05 03:13:59",537.9,2,yangnianan
6680,16800950,"Mani Kanta Kalluru","2026-09-09 17:17:20",537.8,2,manikantakalluru
6681,16729531,alfphafarm,"2026-08-19 19:09:48",537.8,2,vudattumaniteja
6682,16841589,加藤正樹,"2026-09-06 01:59:11",537.8,2,masaki9920
6683,16640888,"Dhe Yeong","2026-09-25 03:38:43",537.7,2,dheyeong
6684,16726080,"Arda Yasar","2026-08-19 06:02:10",537.7,2,ardayasar
6685,16904690,"yuya #2","2026-09-17 07:21:26",537.6,2,pineandtree
6686,16656792,"Gnanaprakash R","2026-08-28 15:05:38",537.6,2,gnanaprakashr
6687,16744898,"Tore Erdmann","2026-09-19 16:19:24",537.5,2,toreerdmann
6688,16793150,Comet19,"2026-08-31 10:53:04",537.2,2,comet19
6689,16692450,duckypants,"2026-08-23 20:36:59",537.1,2,duckypants
6690,16749104,danielx119,"2026-08-20 16:36:00",537.0,2,danielx119
6691,16720143,"AMAN PANDEY","2026-08-16 13:57:00",537.0,2,amanapofficial
6692,16674599,"Luka Duvanov","2026-08-19 22:03:46",537.0,2,nekkon
6693,16690940,NKryst,"2026-08-29 10:57:18",537.0,2,nkryst
6694,16681149,Lee14k,"2026-08-19 17:00:35",537.0,2,lee14k
6695,16715495,Yashi003,"2026-08-24 04:44:40",537.0,2,yashi003
6696,16712746,itsraininnnn,"2026-08-12 16:38:56",536.9,1,itsraininnnn
6697,16806260,"Kotaro Furuno","2026-09-03 14:36:00",536.9,2,kotarofuruno
6698,16928039,"Hideki Fujiwara","2026-09-27 09:11:08",536.8,2,hidekifujiwara
6699,16669595,evanca,"2026-08-08 12:27:56",536.8,2,evanca
6700,16699711,"maxscender ","2026-08-13 14:03:35",536.7,2,maxscender
6701,16670544,"William Rients","2026-08-06 00:01:02",536.5,2,williamrients
6702,16840365,"Pranjal Morwal","2026-09-25 20:33:52",536.5,2,pranjalmorwal
6703,16670596,prabalsingh_23,"2026-08-26 02:33:14",536.5,2,prabalsingh23
6704,16764330,"Koral Kulacoglu","2026-08-26 04:51:33",536.4,2,koralkulacoglu
6705,16677303,"Chase Martyn","2026-08-19 02:05:12",536.3,2,chasemartyn
6706,16624941,"KO Ho Tin","2026-08-10 03:33:47",536.3,2,b14ckc4tmr
6707,16660119,"Dhruva Das","2026-08-05 17:05:52",536.2,2,dhruva77
6708,16639408,Invictus,"2026-08-11 22:44:04",536.2,2,nicho256
6709,16887280,"ronger zhu","2026-09-17 04:03:22",536.2,2,rongerzhu
6710,16855052,pk954061458,"2026-09-14 10:37:54",536.2,2,pk954061458
6711,16761451,gulag,"2026-08-24 03:39:54",536.1,2,moglin
6712,16708907,"[Deleted] 84526ff4-3aed-4b4b-a45f-a4486f01cb7b","2026-08-13 20:01:55",536.1,2,del=34c747d6ee8d2bd7
6713,16764149,"Manish Rai","2026-09-26 23:49:31",536.1,2,magiuscain
6714,16726873,@F,"2026-08-16 01:43:22",536.0,1,atefbouzid
6715,16841827,"pohang milk collector","2026-09-20 14:27:51",535.9,2,"duckhun,idearendil"
6716,16693988,"Pranav Gupta","2026-08-18 03:51:41",535.9,2,kumbhakarann
6717,16726839,syunsuke,"2026-08-21 23:12:13",535.7,2,syunsuke1024
6718,16831074,BiNar,"2026-09-27 09:04:57",535.6,2,durbinar
6719,16752899,"Nicolò Alberti","2026-08-23 09:16:36",535.6,2,nicolalberti
6720,16895374,JerryWang19,"2026-09-15 08:09:57",535.4,1,jerrywang19
6721,16667500,jiannebab,"2026-08-14 14:29:12",535.1,2,jiannebab
6722,16633934,Alexy,"2026-08-25 04:40:02",535.1,2,alexycactus
6723,16660035,NoNamedeo,"2026-08-27 14:20:15",534.8,1,nonamedeo
6724,16717850,"HeeGwan Lee","2026-09-06 11:51:49",534.8,2,heegwanlee
6725,16865454,"Zhihuan Xue","2026-09-16 11:16:53",534.8,2,xuantianfengwu
6726,16728743,Miki_Nuummiu,"2026-09-16 20:54:12",534.6,2,mikinuummiu
6727,16843633,"Arbnor Grubi","2026-09-13 02:32:30",534.5,2,protocool
6728,16718363,"Jarbas Camurça","2026-08-28 11:15:44",534.4,2,pjarbas
6729,16730461,"Mubin Shaikh","2026-08-19 06:09:17",534.3,2,shaikhmubin
6730,16663766,"Anup Gautam","2026-08-08 01:29:10",534.2,2,anupanda
6731,16669479,"Shifa Salsabiila","2026-08-09 02:56:11",534.2,1,shifasalsabiila
6732,16659446,zhaozy233,"2026-08-15 16:51:36",534.1,2,zhaozy233
6733,16681509,"Kethan Sai","2026-09-18 09:53:32",534.1,2,kethansaikoneru
6734,16697704,"Leonid Matetskiy","2026-08-09 21:39:06",534.0,2,leonidmatetskiy
6735,16750614,"Shivansh Chaudhary","2026-09-05 06:17:27",534.0,2,shivanshchoo
6736,16691271,"Ashler Herrick","2026-08-09 14:54:33",534.0,1,ashlerjohnherrick
6737,16676155,"Adam Carnaffan","2026-08-07 16:48:03",533.8,2,adamcarnaffan
6738,16669165,"IT Neko","2026-08-14 13:17:33",533.8,2,"nirvaanaa,zhexuanyecust"
6739,16621523,"Victor Orihuel","2026-08-18 05:40:18",533.8,2,victororihuel
6740,16691164,"Krishna Saathwik","2026-08-13 13:50:40",533.8,2,krishnasaathwik
6741,16722366,"Aki Lit","2026-08-14 23:24:20",533.6,2,akilit
6742,16890221,"Kalebu Makombe","2026-09-14 10:07:31",533.6,2,kalebuomakombe
6743,16658718,"Duong Bao Duy","2026-09-15 13:31:45",533.5,2,duongbaoduy
6744,16675066,Opticulture,"2026-08-16 12:19:48",533.5,2,"bajibaburowthu,ponnuripavankumar,radhakrishnadoredla,veereshkumar1219"
6745,16671256,"Navid Zaman","2026-09-08 13:58:31",533.5,2,navidzaman01
6746,16811259,"Aaryan Agarwal","2026-09-03 20:21:00",533.4,1,aaryanagarwal
6747,16736636,torch,"2026-08-18 10:35:29",533.4,2,rhtsingh
6748,16706413,"Song Research","2026-08-18 00:39:36",533.3,2,sangbong91
6749,16702820,"Plorek ","2026-08-28 11:28:11",533.3,2,plorek
6750,16679364,VicD,"2026-08-14 20:16:52",533.2,2,durandv
6751,16621811,"Shaun Andrade","2026-08-01 00:44:42",533.2,2,shaunandrade
6752,16670274,"dankwa wadie","2026-09-01 08:45:40",533.2,2,dankwawadie
6753,16747345,"Alex #3","2026-09-17 08:59:07",533.1,2,alexb99
6754,16667025,"Anjitha Mekkayil Anand ","2026-08-28 05:59:46",532.9,2,anjithamekkayilanand
6755,16671420,"Chengchen Duan","2026-08-17 15:25:09",532.9,2,chengchenduan
6756,16660419,"Kai-Shih Chiu","2026-08-06 12:54:22",532.8,2,kaishihchiu
6757,16712902,"Ethan Benjamin Cole","2026-08-13 12:19:26",532.8,2,ethanbenjamincole
6758,16660850,"Khoa Le","2026-08-05 13:23:55",532.7,2,bryanle2025
6759,16756029,EndCreeper,"2026-09-18 15:46:59",532.3,2,endcreeper
6760,16767800,awee,"2026-09-07 19:34:52",532.2,2,aweertw
6761,16699756,"zhang xin","2026-09-23 02:00:57",532.0,2,zhangxin300
6762,16662057,DeokJin,"2026-08-05 04:01:38",531.8,2,deokjin
6763,16666483,"Salih Erdem Kaymak","2026-08-08 17:32:38",531.7,2,saliherdemkaymak
6764,16673333,"Dimas Renggana","2026-08-06 23:40:39",531.6,2,dimasrenggana
6765,16937883,Philip,"2026-09-21 21:27:47",531.5,2,timmi22194
6766,16658151,"Nguyễn Phúc Gia Bảo","2026-08-06 15:15:07",531.5,2,kevincrazy678
6767,16675264,"Alon Bar Koter","2026-08-06 16:16:43",531.5,2,alonbarkoter
6768,16825999,"Atsushi Yoshikawa","2026-09-07 02:06:13",531.5,2,atsushiyoshikawa
6769,16644508,"Vandana Pathania","2026-08-22 21:59:37",531.4,2,vandanapathania
6770,16920613,"vietnam vo dich","2026-09-18 13:38:00",531.4,2,ctun12
6771,16752665,"Dominik Toric","2026-09-14 17:20:14",531.3,2,dominiktoric
6772,16917921,xxxx333,"2026-09-19 03:58:31",531.3,2,xxxx333
6773,16749764,Aquaflame,"2026-09-11 16:41:58",531.0,2,aquaflame
6774,16657794,"Aromal vK","2026-08-06 15:35:11",530.7,2,aromalvk
6775,16701795,Proshian,"2026-08-11 00:01:04",530.7,2,proshian
6776,16794491,"Sushant Pargaonkar","2026-09-02 02:59:45",530.7,2,sushantpargaonkar
6777,16667794,knadithyavr,"2026-08-13 12:24:05",530.7,2,knadithyavr
6778,16798918,"Toan Nguyen Mau","2026-09-07 08:39:35",530.5,2,toannguyenmau
6779,16762206,"mohammad khanjani2026","2026-09-06 05:17:52",530.4,2,mohammadkhanjani2026
6780,16718042,"Muddassir Shah","2026-09-02 21:49:44",530.4,2,wisemanseed
6781,16787010,"Samir Patel","2026-09-04 02:59:28",530.4,2,mesamirpatel
6782,16669545,"Rishabh Gupta","2026-08-06 18:19:04",530.3,2,rishabhguptajs
6783,16899050,SerenaLsr,"2026-09-16 03:35:02",530.3,2,serenalsr
6784,16723045,"Albert Einstein F Muritiba","2026-09-19 02:35:02",530.0,2,spideryzarc
6785,16716632,shini47,"2026-08-22 20:30:17",530.0,2,shini47
6786,16765031,"Allen JL Li","2026-08-27 06:12:23",529.7,2,allenjlli
6787,16702118,"cemal özdeniz","2026-08-10 20:27:17",529.7,2,cemalzdeniz
6788,16773779,"Daichi Tanaka","2026-08-31 03:38:48",529.7,2,daichit64
6789,16697800,DR_Mkelvo,"2026-08-09 20:42:15",529.7,1,drmkelvo
6790,16659813,"Uday Kumar R","2026-08-13 09:47:39",529.5,2,udaykumarramineni
6791,16747163,"Sarthak Patel","2026-08-21 06:36:26",529.5,2,sarthakpatel2028
6792,16730649,Mink,"2026-09-20 22:14:02",529.5,2,"mahendransaeyohnn,mysterious5577"
6793,16667818,AjayVarma555,"2026-08-09 15:14:45",529.4,2,ajayvarma555
6794,16926556,Fufig,"2026-09-20 17:31:56",529.4,2,yafufig
6795,16673923,"Gabriele Giacometti","2026-09-10 12:15:50",529.3,2,gabrielegiacometti
6796,16775749,Yurikada,"2026-09-03 11:13:54",529.2,2,yosukeinada
6797,16697681,"Mahfujur Rahman Rakib","2026-08-10 05:14:21",529.1,2,mahfujurrahmanrakib
6798,16709494,"Aditya Dushara","2026-09-10 22:24:55",529.1,2,adityadushara
6799,16735517,"Philipp k-s","2026-09-13 19:12:05",529.0,2,philippkeussenstrau
6800,16727376,"Roko Torbarina","2026-08-18 18:31:57",528.9,2,rokotorbarina
6801,16702359,"Ethan Pl","2026-08-11 19:43:21",528.9,2,ethanpl
6802,16827864,"Tùng Dương Bùi","2026-09-04 14:31:54",528.8,2,tdbui1209
6803,16840437,nick.ai007,"2026-09-10 06:36:01",528.6,2,nickai007
6804,16927697,Mikiyaas,"2026-09-25 11:09:28",528.6,2,mikiyaas
6805,16675585,"Jacob Joy","2026-08-11 12:13:06",528.6,2,jac0b1
6806,16690736,omarkami007,"2026-08-11 18:40:45",528.5,2,omarkami007
6807,16664140,Sxwat,"2026-08-23 01:13:13",528.5,2,aybatov
6808,16657981,"Arijit Kar","2026-08-18 11:05:52",528.4,2,demonicak
6809,16794797,zzzyan10,"2026-09-21 02:45:51",528.2,2,zzzyan10
6810,16658477,"chathura prasadh9817","2026-08-06 07:18:04",528.1,2,chathuraprasadh9817
6811,16668817,"Sean ODonnell","2026-08-08 03:27:47",528.0,2,sjean11
6812,16762010,"Ivan Piaternev","2026-09-15 08:14:40",527.7,2,iamvanya
6813,16740709,"Abimael Firstana #2","2026-09-11 07:19:13",527.7,2,abimaelfirstana99
6814,16665462,ZSZ,"2026-08-12 13:55:00",527.6,2,zsuzsanna2
6815,16702481,"Scott G","2026-08-13 15:19:02",527.5,2,verifiedscott
6816,16849108,raypratik,"2026-09-25 10:19:40",527.4,2,raypratik
6817,16695799,Vaycheslav,"2026-09-22 08:05:40",527.3,2,vaycheslav
6818,16704569,"Lorenzo Grattarola","2026-08-16 22:24:15",527.3,2,lorenzograttarola
6819,16658116,Emmy,"2026-09-26 08:34:35",527.3,2,emmyone
6820,16730105,"Leonardo Palis","2026-08-17 03:35:05",527.2,2,leonardopalis
6821,16778145,TW_益民_li,"2026-09-03 12:28:49",527.2,2,liyimintw
6822,16777150,Eduardo2c,"2026-09-06 14:23:04",527.1,2,eduardo2c
6823,16690152,"The Ceris","2026-08-16 11:49:31",526.9,2,amedeopachera
6824,16773361,"tom yi","2026-09-24 08:56:59",526.9,1,tomyi1547
6825,16635145,"Isaac Menard","2026-08-05 21:11:36",526.9,2,isaacmenard
6826,16927406,wmar,"2026-09-25 17:51:43",526.9,2,wmar38334
6827,16730922,"Shengyuan Yin","2026-09-24 10:49:46",526.8,2,flaming0
6828,16783367,hezhiqian,"2026-09-17 00:06:34",526.5,2,hezhiqian
6829,16730740,"claude opus5🏆","2026-08-19 09:58:24",526.4,2,yinpinggao
6830,16659181,Hongjie04,"2026-08-05 04:07:04",526.4,2,hongjie04
6831,16662313,"Maximus Sambucetti","2026-08-09 15:36:46",526.4,2,maximussambucetti
6832,16759246,wangfeifei_si,"2026-08-26 14:27:19",526.4,2,wangfeifeisi
6833,16790206,"bogdan chirkov","2026-09-15 13:46:30",526.4,2,bogdannchirkovv
6834,16722028,"Aw Ming Xuan","2026-08-16 09:24:48",526.3,2,awmingxuan
6835,16671779,"Syed Jawad","2026-09-06 12:12:28",526.3,2,syedjawad11
6836,16664750,"shubham kumar","2026-09-13 16:24:23",526.3,2,shubzk17
6837,16661066,"André Kuster","2026-08-06 00:54:20",526.1,2,andrkuster
6838,16839030,minedmap,"2026-09-07 20:19:52",526.1,2,minedmap
6839,16743001,Nikhilasree,"2026-09-03 11:33:45",526.0,2,nikhilasree2003
6840,16631772,yuki,"2026-08-03 17:39:58",526.0,2,yururoi
6841,16682815,"Saiyam Bharara","2026-08-19 15:03:06",526.0,2,saiyambharara
6842,16714592,"Carey Casile","2026-08-14 18:34:16",526.0,2,ccasile
6843,16673266,Preet,"2026-08-14 05:57:17",525.9,2,hpkaur34
6844,16762881,Yuki0x80,"2026-09-22 14:30:53",525.8,2,saiyuki1919
6845,16743438,嘎嘎滴辣晒,"2026-08-24 09:30:32",525.7,2,yuhangzhang0621
6846,16867745,"Carlos Uño Magne","2026-09-13 15:09:49",525.6,2,carlosuomagne
6847,16724904,"Carlos Eduardo De Paula Arantes","2026-08-15 15:48:43",525.6,2,carloseduardo1753
6848,16692637,"Blox Amaze","2026-08-09 09:47:42",525.4,2,bloxamaze
6849,16762831,026,"2026-09-07 00:58:19",525.4,2,thahaarsh
6850,16756858,"Rushi A.","2026-08-23 18:54:03",525.4,2,rushia
6851,16757417,otter_0714,"2026-09-21 02:42:56",525.2,2,otter0714
6852,16654943,"Alexis Selorm Gbeckor - Kove","2026-08-10 11:44:58",525.1,2,advancedbeginner
6853,16658738,Aman,"2026-08-05 11:12:10",525.1,2,amank95amank95
6854,16760226,"Erich Hofstötter","2026-08-24 15:49:06",525.1,2,erichhofsttter
6855,16885591,Orange,"2026-09-13 11:30:58",525.1,2,orangecoppers
6856,16748774,"hakan ulucan","2026-08-25 19:19:11",524.9,2,hakanulucan
6857,16685652,LeonDuue,"2026-09-01 06:55:54",524.9,2,leonduue
6858,16710521,"Natpaphon Nukhunthod","2026-08-17 03:37:15",524.6,2,natpaphonnukhunthod
6859,16731013,"Abimael Firstana","2026-09-11 06:55:02",524.6,2,abimaelfirstana
6860,16733910,davidsmith42,"2026-08-19 23:59:03",524.6,2,ananthvydianath42
6861,16892437,chukbert,"2026-09-26 06:29:07",524.5,2,chukbert
6862,16658820,"Jonathan Ashenaf1","2026-08-11 16:59:20",524.5,2,jonathanashenaf1
6863,16692246,"Pamod Jayaneth","2026-09-08 05:13:09",524.4,2,pamodjayaneth
6864,16742172,"Felisitas Mellania","2026-09-11 06:39:04",524.4,2,felisitasmellania
6865,16727961,"Ebenezer Olumeyan","2026-08-22 15:54:00",524.4,2,eolumeyan
6866,16659507,"Lokesh Lalan","2026-08-26 08:51:50",524.2,2,lokeshlalan
6867,16669118,"yunus yavuz","2026-08-05 21:51:21",524.2,2,yunusyvz
6868,16853582,"Qiao Ke","2026-09-09 09:44:44",524.2,1,bridgekk
6869,16732003,"HAO jia liu","2026-08-18 09:58:05",524.1,2,haojialiu
6870,16784966,oouiaa,"2026-09-03 21:53:59",524.1,2,tomofumihata
6871,16671364,"Mike Riggs","2026-08-09 03:22:55",524.1,2,riggsasi
6872,16756131,"Emre Atilgan","2026-08-24 20:20:06",524.0,2,emreatilgan
6873,16686149,"Luc Mantoux","2026-08-09 20:25:33",523.9,2,lucmantoux
6874,16719172,"Victor Carriço","2026-08-24 03:35:14",523.8,2,kronossaurus
6875,16892255,"Jegors Čemisovs","2026-09-23 21:02:44",523.7,2,fortemate
6876,16666328,"Dornus !","2026-08-05 21:53:19",523.7,2,dornus
6877,16723037,"Red Cat","2026-09-10 19:23:50",523.7,2,severl
6878,16915731,INF2_josallo4_anpego3,"2026-09-20 16:30:53",523.7,2,josepsalvador
6879,16708625,"Lê Văn Pháp","2026-08-29 03:15:56",523.6,2,"linhsarah,lvnphp"
6880,16658074,"Qui Ngx","2026-08-05 05:57:15",523.6,2,quingx
6881,16659309,irisV11,"2026-08-18 05:23:01",523.4,2,irisv11
6882,16904318,"wofi poria","2026-09-18 01:33:18",523.1,2,wofiporia
6883,16669028,"Atishay Kasliwal","2026-08-11 17:54:59",522.9,2,atishaykasliwal
6884,16736261,"Saptanshu Samal","2026-08-22 12:02:42",522.9,2,saptanshusamal
6885,16914880,"Mohammed Afreed Pasha","2026-09-26 11:51:11",522.8,2,mohammedafreedpasha
6886,16635746,"jeon hyeon woo","2026-08-13 15:32:43",522.8,2,jeonhyeonwoo
6887,16718565,Frankyface,"2026-08-13 18:54:37",522.7,1,frankyface
6888,16663864,RamónLópez,"2026-09-25 21:45:37",522.7,2,lopeznomar
6889,16667011,"Chung Yu Jin","2026-09-21 05:44:32",522.6,1,chungyujin24
6890,16841858,"Aadit Agrawal","2026-09-08 07:23:56",522.5,2,aaditagrawal
6891,16632504,"[Deleted] c2f6c5d5-ecb1-4f92-95d7-7c9f0fd3474f","2026-07-31 16:04:32",522.3,1,ryota517
6892,16657400,indrapurnama,"2026-08-08 05:42:05",522.2,2,indr0008
6893,16658779,"Richard G Atkinson","2026-08-05 00:29:59",522.2,2,richardgatkinson
6894,16741766,lrik00,"2026-09-15 13:27:32",522.1,2,lrik00
6895,16673712,"Alejandro Betato","2026-08-16 10:48:24",521.9,2,alejandrobetato
6896,16679671,Ash0666,"2026-08-09 19:28:52",521.9,2,ash0666
6897,16845760,Alyosha85,"2026-09-07 05:42:01",521.8,2,alyosha85
6898,16686613,Zubatch,"2026-08-15 20:11:39",521.7,2,zubatch
6899,16704864,ksj00610,"2026-08-12 08:47:16",521.5,2,ksj00610
6900,16662293,"Alejandro Fonda","2026-09-25 00:56:43",521.5,2,alejandrofonda
6901,16740646,"Darren Chung","2026-08-25 18:00:27",521.4,2,chungdarren
6902,16780513,"Hugo JOBÉ","2026-08-27 20:51:09",521.3,2,hugojob
6903,16907148,Blooriculture,"2026-09-23 15:02:43",521.1,1,"aarnsantosgonzlez,danireyna08,fernandopardoalonso,marcobarrancomoreno"
6904,16670779,"Aditya Dube","2026-08-06 01:41:24",521.0,2,dubeaditya
6905,16661550,SeriouS_K,"2026-09-24 08:28:49",521.0,2,serious101
6906,16621354,pengshy,"2026-08-06 04:54:01",520.9,2,dm15336142
6907,16905582,Movilly,"2026-09-25 15:11:36",520.9,1,movilly
6908,16666055,Axit,"2026-08-06 10:16:15",520.9,2,axitslab
6909,16769793,"Shivam Batra","2026-08-26 14:21:49",520.9,2,shivam744
6910,16672463,"Muzammil Baloch","2026-08-07 12:45:39",520.8,2,muzammilbaloch
6911,16926699,"Juliano Batistim","2026-09-25 00:02:10",520.8,2,julianobatistim
6912,16929796,"Emre Balsar","2026-09-20 11:03:09",520.6,2,emrebalasar
6913,16818405,MickyDot,"2026-09-08 08:16:06",520.6,2,mickydot
6914,16729157,HahaTaco,"2026-09-12 17:33:16",520.4,2,hahataco
6915,16924914,AgriPredictors,"2026-09-26 21:29:03",520.4,2,"mehakiftikhar,mnkaggler"
6916,16799485,"Bartholomew Jordan","2026-09-19 09:48:21",520.2,2,bartholomewjordan
6917,16752153,zhao569,"2026-09-17 08:34:24",520.2,2,zhao569
6918,16664143,"Lucas Henrique Mateo","2026-08-21 19:10:52",520.1,2,lucashmateo
6919,16700484,白井孝太郎,"2026-08-15 01:08:02",520.0,2,kotaroshirai
6920,16673324,Amaranta,"2026-09-21 18:08:18",519.8,2,ulyanovantonamaranta
6921,16640077,larry54321zhao,"2026-09-09 08:48:32",519.8,2,larry54321zhao
6922,16710512,FishWotou,"2026-08-19 04:45:40",519.7,2,fishwotou
6923,16717716,"Диас Издибаев","2026-08-15 05:32:14",519.7,2,diasiz1
6924,16731635,懒惰的金枪鱼,"2026-09-23 06:45:21",519.6,2,jiaclv
6925,16676259,Th_Gbay,"2026-08-19 20:42:35",519.6,2,thgbay
6926,16764600,"Tanmay Shingavi","2026-09-03 05:43:57",519.3,2,decodingafterlife
6927,16630773,"An Hoang Vo","2026-09-05 14:49:25",519.1,2,anhoangvo
6928,16791027,"Ryan Cheung","2026-09-07 04:46:47",518.6,2,doggychip
6929,16773942,"Malhar Shah","2026-09-24 18:20:06",518.3,2,"malharshah2511,veervohra123"
6930,16686645,Ornaat,"2026-09-25 10:39:18",518.2,2,ornaat
6931,16865918,yh00722,"2026-09-14 04:52:38",518.1,2,yh00722
6932,16666371,jiten_topiwala,"2026-08-08 16:51:13",518.1,2,jitentopiwala
6933,16664119,FSzekut,"2026-08-07 00:03:04",518.0,2,fszekut
6934,16760190,"Florian Tigoulet","2026-08-24 12:37:14",517.9,2,floriantigoulet
6935,16717817,"Nick Stoddart","2026-08-14 05:15:23",517.9,2,nickstoddart
6936,16731887,"hoo aam","2026-08-21 05:37:16",517.9,2,hooaam
6937,16712921,"Come Back","2026-08-20 00:45:45",517.7,2,amirhosseinltf
6938,16651167,ArmanVardanyan07,"2026-08-03 22:43:13",517.7,2,armanvardanyan07
6939,16632253,nasuuuuun,"2026-08-04 13:30:11",517.6,2,hikarumatsuzaki
6940,16808641,papajams,"2026-09-26 19:13:20",517.5,2,papajams
6941,16845161,"Abate etienne","2026-09-08 00:28:04",517.5,2,abateetienne
6942,16678633,"Tanishq Tayade","2026-09-14 21:39:04",517.5,2,tanishqtayade
6943,16781545,"Jake Lin","2026-09-23 01:14:34",517.5,2,jakelinai
6944,16645446,gogo98415,"2026-08-29 06:04:15",517.2,2,gogo98415
6945,16666597,Ramkumar4240,"2026-08-10 12:19:20",517.1,2,ramkumar4240
6946,16729202,Sven,"2026-08-27 21:55:40",517.0,2,sventleman
6947,16723125,"Shubham Dhapola","2026-08-16 13:35:23",516.9,2,shubhamdhapola24
6948,16680108,dentalsoup,"2026-08-07 09:03:47",516.8,2,afinemonkey
6949,16906705,"Gaurav Vyas","2026-09-20 17:24:05",516.7,2,ctogaurav
6950,16740894,BetOnMe,"2026-08-19 14:40:02",516.3,2,betonme
6951,16664370,"Joel Arias","2026-08-06 17:29:01",516.2,1,j4rias
6952,16926574,"walid waccub","2026-09-19 22:12:00",516.1,2,walidwaccub
6953,16858984,Katherine_2002,"2026-09-24 07:17:45",516.0,2,katherine2002
6954,16693207,"Vamshi Guntupalli","2026-08-11 22:40:36",516.0,2,vamshiguntupalli
6955,16840480,jignesh13,"2026-09-16 19:33:04",516.0,2,jignesh13
6956,16846845,Shunsuke,"2026-09-07 15:25:38",516.0,2,shunsukeisono
6957,16740534,"Gao Wenjiang","2026-09-02 09:48:37",515.9,2,gaowenjiang
6958,16915853,popwenman,"2026-09-19 08:21:09",515.8,2,popwenman
6959,16669470,"ASDM HUB","2026-08-12 20:13:20",515.8,2,jesushechavarria
6960,16665281,"[Deleted] 899172b8-e148-4564-ba8c-c46356105ab8","2026-08-05 09:55:11",515.8,2,del=cd7e9a4014b872ef
6961,16855185,ArdiaNova,"2026-09-18 11:08:04",515.6,2,ardianova
6962,16890133,Adsterr,"2026-09-19 07:58:59",515.5,2,adsterr
6963,16688366,yokoikazumasa,"2026-08-08 19:25:58",515.4,1,yokoikazumasa
6964,16660173,"PAULO HENRIQUE DE LIMA","2026-08-06 02:42:20",515.3,1,paulohenriquedelima
6965,16658160,yunquer,"2026-08-17 07:18:53",515.3,2,yunquer
6966,16696020,"Hugo Voisin","2026-08-11 16:08:06",515.3,2,hugovoisin
6967,16661832,"Roberto Garcia","2026-08-08 15:09:39",515.2,2,robertogarciada
6968,16793889,zhzz,"2026-09-01 11:28:52",515.1,2,ucsdzhengzeng
6969,16810343,"Aleksandr Borodin","2026-09-02 20:29:06",515.0,2,aleksandrbor
6970,16660364,dadandsats,"2026-08-14 11:41:04",515.0,2,continuingdev
6971,16715897,shettynaisha,"2026-09-06 17:28:58",514.9,2,shettynaisha
6972,16664142,"The Studio 1","2026-08-16 23:04:06",514.9,2,landonsheatsley
6973,16677360,"Jatin Chawla","2026-08-08 13:45:06",514.9,2,jatin221
6974,16861492,Adi_271,"2026-09-10 09:47:25",514.7,2,adi271
6975,16654890,"Josh Hipps","2026-08-06 14:16:49",514.5,2,joshuahipps
6976,16649339,"华东 朱","2026-09-22 16:35:19",514.4,2,mgdbzny
6977,16795609,2023314806_이승민,"2026-09-04 10:21:31",514.4,2,sminleeee
6978,16652952,lackmind,"2026-09-04 18:46:11",514.3,2,lackmind
6979,16640845,"tang yangzhou","2026-08-04 21:36:09",514.3,1,tangyangzhou
6980,16666614,"Arjun Annamalai","2026-08-18 09:23:28",514.3,2,arjunannamalai
6981,16682076,"Igor Riegel","2026-09-02 14:49:12",514.3,2,igormriegel
6982,16665046,"Srish Jana","2026-08-06 18:12:59",514.0,2,srishjana
6983,16862225,"Dmitriy Ershov","2026-09-09 19:38:26",513.9,2,bejeweled
6984,16686150,"Aek KunKub","2026-08-14 05:21:43",513.5,2,aekkunkub
6985,16674714,"Kaaleedass Manoharan","2026-08-31 19:07:47",513.5,2,kaaleedassmanoharan
6986,16887274,Shakeel,"2026-09-14 09:55:20",513.5,2,shakeel787
6987,16668022,"Lady and tech","2026-08-19 04:08:50",513.5,2,ladyandtech
6988,16660214,ytddsyt1214,"2026-08-09 12:32:06",513.2,2,ytddsyt1214
6989,16632118,nk,"2026-09-11 09:55:01",513.1,2,nagatakengo
6990,16671648,"[Deleted] 05e6ae2c-c72f-4044-b02f-dc74277e34ab","2026-08-09 07:21:22",512.9,2,del=871ca06d8c734ede
6991,16771171,Manfucci,"2026-09-12 14:08:47",512.8,2,manfucci
6992,16705363,"Matt Hall","2026-08-16 01:44:32",512.6,2,matthall0
6993,16678644,"Kanik Aggarwal","2026-08-13 19:01:16",512.4,2,roronoazoro200
6994,16661927,JHCodeQuest,"2026-08-25 11:36:46",512.2,2,josephkhassan
6995,16685582,Wasaanyi,"2026-08-18 09:21:30",512.1,2,"cnakakeeto,wasaanyi"
6996,16669397,"Abed Kibbe","2026-09-13 06:09:10",512.1,2,abedkibbe
6997,16658031,BSam79,"2026-09-12 09:12:39",512.1,2,bsam79
6998,16676320,"Khôi Trần","2026-08-29 14:14:57",512.1,2,khoitrn
6999,16696163,"Romain Durand","2026-08-17 19:00:46",512.1,2,romaindurand1607
7000,16731729,"Sumit Bopche","2026-08-21 15:53:56",512.1,2,sumitbopche
7001,16714335,"Jake Mordan","2026-09-24 08:39:37",512.0,2,jakemordan
7002,16808750,ssssying,"2026-09-11 14:41:53",511.9,2,ssssying
7003,16863015,"Carlos Jaime","2026-09-24 03:14:47",511.9,2,cjaime708
7004,16656913,"Inna Davidov","2026-08-20 04:43:47",511.5,2,innadav
7005,16654596,"khusham sheth","2026-08-13 05:28:55",511.3,2,khushamsheth
7006,16659645,Drakus_Julia,"2026-08-09 02:15:20",511.2,2,drakus74
7007,16664348,"Rocket Zech","2026-08-29 08:23:04",511.2,2,isaactunglaw
7008,16677585,Pan,"2026-08-07 13:54:22",511.2,2,mehdiacho
7009,16693033,AgriBot,"2026-08-13 23:53:10",511.1,2,prcieuxcomlan
7010,16929820,sdssJ0,"2026-09-23 09:57:21",511.0,2,sdssj0
7011,16760352,"Romain Bomba","2026-08-24 01:27:23",510.8,2,romainbomba
7012,16700661,"Aakash Kavuru","2026-08-12 05:13:05",510.8,2,aakashkavuru
7013,16660361,"Abhishek Sharma","2026-09-26 16:41:40",510.6,2,abhisheksharma425
7014,16914771,"Moritz Schobesberger","2026-09-17 15:21:34",510.6,2,moritzschobesberger
7015,16932020,Syedxd,"2026-09-24 12:53:04",510.3,2,syedxd
7016,16672078,vietlinhh02,"2026-08-08 07:46:53",510.2,2,vietlinhh02
7017,16832891,"Kana Kuroyanagi","2026-09-23 05:10:12",510.2,2,kanakuroyanagi
7018,16683918,Thuytien,"2026-08-07 17:20:33",510.1,2,thuytien200529
7019,16678602,"hassan manour","2026-08-07 12:52:23",510.1,1,hassanmanour
7020,16753887,"Hong Tang","2026-08-24 21:41:20",510.1,1,hongtang15
7021,16630438,"Aayush Bansal","2026-09-25 13:35:55",509.6,2,aayushbansal0330
7022,16740248,KK_nut,"2026-08-25 03:26:52",509.5,2,k0k0nut
7023,16774333,"Nazim Shoikot","2026-09-03 11:20:20",509.5,2,nazimshoikot71
7024,16661432,"Ange Adantchede","2026-09-21 09:00:05",509.4,2,angeadantchede
7025,16757407,"Dylan Bailes","2026-08-26 07:11:56",509.3,2,dylanbailes
7026,16709885,"Manuel Pérez","2026-08-14 01:54:02",509.2,2,manuelperezzz
7027,16749371,"Renisa Assyifa Putri","2026-08-21 05:24:07",509.1,1,renisaassyifaputri
7028,16662201,"Saumitra Verma","2026-08-04 18:28:36",509.0,2,saumitraverma
7029,16658925,CYBWithFlourish,"2026-08-06 15:56:28",508.7,2,cybwithflourish
7030,16833476,"Richard Pagan","2026-09-05 03:01:54",508.7,1,richardpagan
7031,16696460,"Enzo 7mlk","2026-09-16 15:19:51",508.4,2,enzo7mlk
7032,16708230,"jose manuel Tinajero","2026-08-25 15:02:46",508.2,2,josemanueltinajero
7033,16669408,"Josaphat Adjele","2026-08-31 17:26:56",508.2,2,josaphatadjele
7034,16713033,Contact-Nade,"2026-09-10 07:44:18",508.1,2,"masanammedha,rayofc"
7035,16875818,Mateollqw,"2026-09-12 22:08:38",508.1,2,mateollqw
7036,16795624,"Shashwat Khare","2026-09-02 01:46:54",508.0,2,shshwtkhr
7037,16786461,"Caleb Bredlow","2026-09-07 04:17:50",507.9,2,calebbredlow
7038,16854398,"VALERIY MIKHALEV","2026-09-08 16:27:24",507.8,2,valeriymikhalev
7039,16730749,"Đông Hà","2026-09-23 10:43:32",507.8,2,phapsucongu
7040,16795997,"Boyu Wan","2026-09-04 04:58:57",507.7,2,pupudan
7041,16657401,korpo,"2026-08-25 20:18:13",507.5,2,krisko
7042,16872190,"Zephyr Pong","2026-09-11 11:07:15",507.5,2,zephyrpong
7043,16720714,"Lithole Munangiwa","2026-08-19 11:23:49",507.5,2,litholemunangiwa
7044,16889005,Dino,"2026-09-23 08:43:11",507.5,2,ngohongthai
7045,16658973,"not today","2026-08-05 05:57:14",507.4,2,cemhan44
7046,16662875,Jimmy,"2026-09-21 04:29:42",507.3,2,jiyo4476
7047,16658327,pocari1,"2026-08-19 07:17:28",507.2,2,pocari1
7048,16655424,Fayche,"2026-08-10 16:50:28",507.1,2,fayche
7049,16631981,"Karen Letir","2026-08-10 09:21:51",507.0,2,karenletir
7050,16884148,mengxc410,"2026-09-18 03:42:08",506.8,2,mengxc410
7051,16663188,"Ethan Feng","2026-08-05 22:09:38",506.8,2,xenon111231
7052,16769648,"Alok Kumar","2026-08-28 18:04:50",506.8,2,shadowserpent
7053,16884997,"Le Huy Tuong","2026-09-17 12:55:49",506.8,2,lehuytuong
7054,16738456,"Pritul Raut","2026-08-21 08:45:04",506.7,2,pritulraut
7055,16907151,"Susana Horias","2026-09-23 14:46:43",506.5,2,"diegobarriosalonso,noelcalvoortega,robertocanrubio,rubnvalcarcelvarez"
7056,16735475,SunjaeLee02,"2026-08-19 08:12:41",506.5,2,sunjaelee02
7057,16693738,"Sonu Jha","2026-08-14 20:32:37",506.5,2,sonujha090
7058,16844334,lsnm,"2026-09-07 15:02:17",506.4,2,eliasnema
7059,16918629,humblegod,"2026-09-20 19:49:23",506.3,1,sophatodom
7060,16871854,"Tanvi Parsam","2026-09-13 16:07:41",506.2,2,tanviparsam
7061,16691807,lbs-vadar,"2026-08-26 18:29:57",506.1,2,lbsvadar
7062,16906032,Volkan,"2026-09-22 08:59:20",506.0,2,volkan97
7063,16688646,lakranitesh,"2026-08-08 12:49:18",506.0,2,lakranitesh
7064,16795284,"Kostas Tsolis","2026-09-14 09:14:56",505.8,2,tkostas
7065,16779813,zitihc,"2026-08-29 14:18:49",505.8,2,zitihc
7066,16947496,"lit tlemiaos","2026-09-26 19:12:25",505.7,2,littlemiaos
7067,16740840,"Huchen Jiang","2026-09-02 09:18:47",505.5,2,huchenjiang
7068,16761589,"Eren -","2026-08-27 08:48:44",505.4,2,erenozyurek
7069,16886832,"Ayush Patel","2026-09-13 16:25:18",505.4,2,ayushpatel02
7070,16664605,"Nathaniel Shou","2026-08-05 17:51:47",505.2,2,nathanielshou
7071,16655072,Sonuaswar1,"2026-08-04 07:33:47",505.1,2,sonuaswar1
7072,16715711,"Shawon Biswas","2026-08-19 10:42:24",504.9,2,shawonbiswas11
7073,16877016,"Jasper Wessing","2026-09-18 14:08:07",504.8,2,jasperwessing
7074,16664502,"Alejandro Morales","2026-08-10 01:05:59",504.8,2,langley96
7075,16679771,Coolgolf,"2026-09-02 13:56:54",504.8,2,coolgolf
7076,16662043,"Hengcong Zhu","2026-08-05 14:46:24",504.8,2,hengcongzhu
7077,16728137,mchicen,"2026-08-20 16:48:10",504.8,2,"iyaiji,mchicen"
7078,16663232,"Marco Mangan","2026-09-06 21:20:24",504.7,2,masmangan
7079,16735251,AlviH47,"2026-08-19 14:25:48",504.6,2,alvih47
7080,16648589,"Yilan Zhu","2026-08-05 11:23:23",504.4,2,yilanzhu
7081,16857732,bzczz123,"2026-09-17 09:52:43",504.0,2,bzczz123
7082,16743282,"Srivishnu Charan","2026-09-03 14:06:54",503.9,2,srivishnucharan
7083,16745655,巴啦啦能量,"2026-09-08 01:30:14",503.8,2,wsh10086
7084,16761751,KrishnaKumar_AIML,"2026-09-02 14:38:24",503.6,2,krishnakumarcsr
7085,16697730,JCN2365,"2026-08-13 18:06:35",503.3,2,jcn2365
7086,16668606,"Hasith Kulathilaka","2026-08-31 19:09:39",503.3,2,hasithkulathilaka
7087,16786450,fujii,"2026-09-15 14:01:51",503.3,2,kojisoemi
7088,16887642,"Dimitrios Giannoulis","2026-09-14 12:38:24",503.3,2,plagiagia
7089,16687538,aefinityaiinc,"2026-08-27 20:59:35",503.0,2,aefinityaiinc
7090,16674076,rigsutra,"2026-09-12 16:57:45",502.8,2,rigsutra
7091,16623316,"Ondrew Zudin","2026-08-06 23:08:41",502.7,2,ondrewzudin
7092,16946591,zahid11177700,"2026-09-25 05:38:44",502.6,1,zahid11177700
7093,16685618,"Krupa Vardhan","2026-08-28 09:24:21",502.5,2,krupavardhan
7094,16660360,"Joey Gonzales","2026-08-05 00:00:47",502.3,2,joeygonzales
7095,16705183,"Tong Jiakai","2026-08-14 08:23:26",502.1,2,tongjiakai
7096,16922976,kotemendo,"2026-09-20 00:43:54",502.1,2,kotemendo
7097,16666988,"Sarthak Vedant Mohanty","2026-08-08 00:10:11",502.0,2,sarthakvedantmohanty
7098,16765380,jslee_homeofson,"2026-08-25 13:10:22",501.8,2,jsleehomeofson
7099,16939706,"Priyanshu Patel","2026-09-22 17:54:24",501.5,2,"abuzarkhan99,priyanshupatel007"
7100,16630903,"Hrushikesh Pawar","2026-08-09 14:44:37",501.5,2,hrushikeshpawar
7101,16907592,may2223,"2026-09-21 06:31:05",501.4,2,may2223
7102,16899234,vimes1984,"2026-09-17 01:19:19",501.4,2,vimes1984
7103,16806084,"DSDgsdgs SDgsdfgs","2026-09-03 05:19:11",501.2,1,dsdgsdgssdgsdfgs
7104,16947214,bzttub,"2026-09-23 07:25:28",501.2,2,"bzttub,hehahakl,michaelyu99,y1jun0000"
7105,16768178,Scarttish,"2026-08-26 22:44:26",501.0,2,scarttish
7106,16798775,Lissabon,"2026-09-07 03:36:41",500.8,2,lissabon
7107,16657674,Warriors,"2026-08-29 14:12:29",500.6,2,"karthikreddykarri,kovvurisaimohanreddy,vikramadityaabhiram"
7108,16735702,opflare,"2026-09-04 23:47:49",500.5,2,opflare1144user
7109,16870372,ALİHAKANÜNAL,"2026-09-23 14:59:55",500.5,1,needdata123456
7110,16674540,"Pratik Priyanshu","2026-08-07 18:28:12",500.3,2,pratikpriyanshu5
7111,16756987,"Joseph Paggeot","2026-08-24 04:32:57",500.3,2,josephpaggeot
7112,16668678,"Madhur Sabherwal","2026-08-14 02:47:14",500.2,2,madhur321
7113,16885828,U-Bex,"2026-09-21 16:03:53",500.2,2,shuichiurabe
7114,16654970,"Maycon Coutinho","2026-08-27 21:28:32",500.1,2,coutinhomaycon
7115,16680562,devsloppy,"2026-08-10 20:02:19",500.1,2,twu1738
7116,16682707,"AJAY KUMAR","2026-08-07 19:13:08",500.1,2,worldsslayer
7117,16662741,"Abhiraj Govind","2026-08-04 18:01:16",500.0,1,abhirajgovind
7118,16687330,"Mehmet Ensar Çetin","2026-09-20 07:45:48",499.8,2,mehmetensaretin
7119,16676663,"This cat is called Fumi","2026-08-11 18:21:43",499.7,2,qwer556617123
7120,16714363,guohaowen,"2026-08-13 14:25:48",499.6,2,guohaowen1910
7121,16664841,vohi01,"2026-09-26 06:42:32",499.6,2,vohi01
7122,16657807,"Ragav Rida","2026-08-07 16:22:34",499.6,2,ragavrida
7123,16725123,"Pham Quang Nghia","2026-08-22 15:00:51",499.4,2,phamquangnghia
7124,16664652,QuasarHeart,"2026-09-04 14:00:05",499.4,2,quasarheart
7125,16688134,"Marc Dakuginow","2026-08-13 01:40:44",499.3,2,marcdakuginow
7126,16629002,Alpro,"2026-09-08 23:32:24",499.3,2,"dogaakal,egekemalkaraca"
7127,16720760,ysteh05,"2026-08-15 05:14:53",499.2,2,ysteh05
7128,16662060,"Richard Valino","2026-08-06 16:03:36",499.2,2,richardvalino
7129,16685349,Onelux,"2026-08-13 12:58:31",499.0,2,leehomhuang
7130,16661507,Siddharth1984,"2026-08-06 13:39:22",499.0,2,siddharth1984
7131,16888000,Akhilesh,"2026-09-19 00:03:29",498.9,2,akhilkas
7132,16669699,nikesh23,"2026-08-08 01:52:56",498.9,2,nikesh23
7133,16778579,"Jiajia Zhang","2026-08-29 18:19:12",498.9,2,jiajiazhang01
7134,16896566,Bleriot11,"2026-09-15 15:08:27",498.9,2,bleriot11
7135,16638645,ChrisDavis,"2026-08-03 23:29:34",498.6,2,alpacas
7136,16656871,"Pedro Henrique","2026-08-07 03:37:29",498.6,2,pedrohets
7137,16661099,TheSven,"2026-08-06 17:05:25",498.6,2,thesven
7138,16926609,SunriseL,"2026-09-20 07:56:01",498.4,2,sunrisel
7139,16628487,"Koichi HIRAOKA","2026-08-01 08:42:40",498.3,2,koichihiraoka
7140,16728014,Alpha223,"2026-09-05 15:51:24",498.1,2,alpha223
7141,16925216,krigga,"2026-09-21 09:35:00",498.0,2,krigga
7142,16661402,"Abin Biju","2026-08-11 18:00:35",498.0,2,abinbiju1
7143,16724395,"Hampton Yeh","2026-08-22 04:07:32",498.0,2,hamptonyeh
7144,16843316,"Felipe Chiarini","2026-09-12 12:03:15",497.9,2,felipechiarini
7145,16686109,"Triple Tensor","2026-08-17 08:24:26",497.8,2,"adinathjagtap777,pds178,prajwalzolage05"
7146,16705480,Mint120,"2026-08-19 05:49:10",497.6,2,mint120
7147,16666709,JSQL,"2026-09-02 18:52:37",497.5,2,jeffreyschott
7148,16664913,"ABHISHEK KUMAR","2026-08-17 04:20:56",497.5,2,abhishek6545
7149,16672333,"Giovanny Rodríguez","2026-09-17 16:32:24",497.4,2,giovannyrodrguez
7150,16823067,Francisco,"2026-09-10 18:00:57",497.2,2,cheneblanc
7151,16685800,"Sumit Ridhal","2026-09-05 11:44:15",497.2,2,sumitridhal
7152,16722252,pwdh2026,"2026-08-14 22:16:22",497.2,2,pwdh2026
7153,16707159,"Toua Innocent TIA","2026-08-17 16:28:36",497.1,2,centino
7154,16641622,datajanko,"2026-08-22 07:40:54",497.0,2,jankoch
7155,16659025,"Mohammed Naseef","2026-08-05 09:01:20",497.0,2,mohammednaseef
7156,16698292,"Dallas Manning","2026-08-17 14:29:53",496.9,2,dallasmanning
7157,16701454,"André-Marie BEHANZIN","2026-09-15 11:42:17",496.8,2,andremariebehanzin
7158,16868761,TboneBrown,"2026-09-11 17:14:42",496.4,2,tbonebrown
7159,16672657,"Lochan Naik","2026-08-07 08:41:44",496.4,2,lochannaik
7160,16722561,Asia214,"2026-08-30 02:26:16",496.4,2,asia214
7161,16663093,"Akul Sareen","2026-08-21 23:49:50",496.2,2,akulsareen
7162,16661397,"T. Scharf","2026-08-05 02:54:36",496.1,2,scharf
7163,16659896,TedT,"2026-08-11 19:36:14",496.1,2,fdsaur
7164,16870486,"Sincere Bailey","2026-09-25 01:03:44",495.9,2,sincerebailey
7165,16848498,KeiroS,"2026-09-11 07:59:01",495.7,2,keiros
7166,16885124,"LABHESH YAWALKAR","2026-09-25 16:40:50",495.7,2,labheshyawalkar
7167,16662751,ZeD,"2026-08-06 10:11:24",495.3,2,hussamcheema
7168,16738640,"Tjay Burger","2026-08-18 17:35:39",495.2,2,tjayburger
7169,16655899,"Dominic Tedrow","2026-08-17 20:37:28",495.1,2,dominictedrow
7170,16851553,Sentinel,"2026-09-24 04:01:47",494.8,2,atlasar
7171,16661858,"Lukas Lee e","2026-08-18 00:58:12",494.6,2,lukasleee
7172,16829729,NoobMaster69,"2026-09-06 09:12:58",494.4,2,thelegend007
7173,16706985,Valmrnch,"2026-08-24 07:57:56",494.3,2,valmrnch
7174,16655630,askBillyWhatMamaDid,"2026-08-28 02:06:18",494.3,2,askbillywhatmamadid
7175,16694171,"guanran wang","2026-08-11 05:57:12",494.3,2,guanranwang
7176,16691007,"Nhật Khoa Phạm","2026-08-14 16:15:43",494.0,2,pnk123456
7177,16742059,dafei2025,"2026-09-03 09:19:34",493.8,2,dafei2025
7178,16711812,"zhan renyi","2026-08-31 05:24:39",493.6,2,zhanrenyi
7179,16947207,"Ayush Khandwe","2026-09-24 07:37:55",493.4,2,ayushkhandwe
7180,16780592,sergey,"2026-08-27 19:09:25",493.3,2,sadsdfsdf
7181,16674308,"Ayush Roy","2026-08-06 20:28:57",493.3,2,ayushroy39
7182,16709522,"Sanjay Dilip","2026-09-23 23:11:27",493.1,2,sanjaydilip
7183,16802663,ipefix,"2026-09-01 17:34:35",493.0,2,nmsis91
7184,16661934,"Viacheslav Kasatkin","2026-08-10 10:48:25",492.9,2,viacheslavkasatkin
7185,16862188,KJ007123,"2026-09-10 07:02:20",492.9,2,kj007123
7186,16897899,templar7245,"2026-09-27 08:34:31",492.9,2,templar7245
7187,16641009,"Marius Kirschner","2026-08-03 08:41:47",492.8,2,mariuskirschner
7188,16755101,"Thomas van der Meer","2026-08-26 11:19:19",492.7,2,tvdermeer
7189,16826447,"Absara viswanathan","2026-09-07 06:16:20",492.3,2,viswanathanabsara
7190,16675900,"Pranav Advani","2026-09-26 11:23:53",492.3,2,pranavadvani
7191,16845696,Huskkky,"2026-09-07 03:47:13",492.3,2,huskkky
7192,16890884,"Michael Swartz","2026-09-14 17:50:04",492.2,2,michaelbruwerswartz
7193,16705149,"Allen Chun","2026-08-15 04:59:05",492.2,2,allenchun
7194,16771340,pang,"2026-09-05 16:41:51",492.2,2,pangwenfeng
7195,16726445,"James Patounas","2026-08-19 08:37:06",492.1,2,jamespatounas
7196,16639244,"Romone Dunlop","2026-08-11 10:19:49",492.1,2,romonedunlop
7197,16632100,"Mohit Shirke","2026-08-07 17:55:11",492.0,2,orcivion
7198,16698103,JJ,"2026-09-02 09:46:15",492.0,2,jianjinchen
7199,16664706,olivbhxf,"2026-08-06 07:10:34",491.9,2,olivbhxf
7200,16687604,Harrislrobinson,"2026-08-11 00:25:10",491.7,2,harrislrobinson
7201,16752191,"Wenxuan Ye","2026-09-04 07:10:28",491.7,2,akomwins
7202,16658391,"Jack #2","2026-09-23 17:30:45",491.6,2,jack1233
7203,16654174,"Dharmeswar Basumatary","2026-09-09 11:09:15",491.5,2,dharmeswarbasumatary
7204,16725483,PQ_Marz,"2026-08-15 16:25:50",491.5,2,pqmarz
7205,16668461,SobanAli,"2026-08-19 15:49:03",491.5,2,soban256
7206,16687942,"Arya Arun","2026-08-16 08:52:26",491.4,2,aryaarun07
7207,16666637,"Uttam Limbani","2026-08-07 13:41:14",491.2,2,uttamlimbani
7208,16692644,"Achille Gohin","2026-08-10 00:26:26",491.2,2,achillegohin
7209,16697568,"Sergey Fedorov","2026-08-20 21:25:34",491.1,1,bd01ar
7210,16663777,"Mortis Beans","2026-08-24 05:27:44",491.0,2,mortisbeans
7211,16857013,Dote,"2026-09-25 01:48:04",490.9,2,"shriramgunasekar,valid22"
7212,16890155,GSD,"2026-09-26 14:24:03",490.8,2,gsdeepakkumar
7213,16778947,mart3104,"2026-09-05 15:31:43",490.7,2,mart3104
7214,16733948,novodude,"2026-09-06 18:41:26",490.7,2,novomont
7215,16718295,doinggyu,"2026-08-18 12:56:58",490.6,2,doinggyu
7216,16796164,harsh,"2026-09-22 16:02:23",490.6,2,harshdeshwar
7217,16654485,"Mahbub Alam","2026-08-04 02:08:23",490.6,2,mahbubalam214
7218,16763351,shutong114,"2026-09-20 18:38:08",490.3,2,shutong114
7219,16875479,"Debasish Gorai","2026-09-27 07:59:27",490.2,2,debasishgorai
7220,16774134,kokdonbaq,"2026-08-30 14:07:52",490.2,2,darkhan14
7221,16745065,MrEvidentYew,"2026-08-24 18:36:02",489.9,2,mrevidentyew
7222,16749038,Seuz,"2026-09-23 08:08:39",489.8,2,kohdawei
7223,16726854,"Tâm La Thành","2026-08-27 08:55:02",489.7,2,tmlathnh
7224,16673034,"Milos Vlainic","2026-09-26 09:00:25",489.7,2,wlakinsson
7225,16675477,"Joanne Yun","2026-08-07 13:40:53",489.7,2,joannejyun
7226,16756561,"Eren Tekin","2026-09-14 23:41:50",489.7,2,erennntkn
7227,16858250,"ayush kumar","2026-09-14 10:35:32",489.7,2,ayushkumar1610
7228,16726913,"T T‗Worker","2026-08-22 11:08:14",489.6,2,ttworker
7229,16659183,"Leonard Yaw Mensah","2026-08-05 02:22:25",489.4,2,leonardyawmensah
7230,16668612,"raffael prem","2026-08-06 08:02:13",489.1,2,raffaelprem
7231,16723737,HaruhiroKazami,"2026-08-21 16:12:04",489.1,2,haruhirokazami
7232,16685722,"Jiahan Cao","2026-08-12 09:01:22",489.0,2,jiahancao
7233,16684024,"Work From Home 3.0","2026-08-14 12:33:30",488.8,2,"direct1,gongyiqian,jovansee,maxtankialok,n00bcak"
7234,16670218,"What is Coding?","2026-08-07 01:47:17",488.7,2,matthewshvarts
7235,16891695,yuruihito,"2026-09-16 14:04:22",488.6,2,yuruihito
7236,16941927,想想偶像怎么做,"2026-09-24 08:47:33",488.6,2,fjt12138
7237,16693522,shadycoderalltime,"2026-09-21 00:01:59",488.4,2,shadycoderalltime
7238,16691466,"Jeeta Nandi ","2026-09-04 09:23:34",488.3,2,jeetanandi
7239,16660081,fakyyy,"2026-08-09 11:19:15",488.1,2,manideepreddyakula
7240,16662722,"Ajeet Jain","2026-08-07 06:32:10",488.0,2,jainajeet29
7241,16914539,Kou111111,"2026-09-18 10:32:09",488.0,2,kou111111
7242,16623302,"Raffi Ardhi Naufal","2026-07-31 18:31:57",487.9,1,raffiardhi
7243,16631480,"Kumar Abhijeet","2026-07-31 13:29:40",487.9,1,krabhijeet
7244,16775131,"Re Son","2026-08-27 14:29:31",487.9,2,lemelson
7245,16666652,"Mohamed Fanni","2026-08-17 00:51:38",487.8,2,"arachid,mohamedfanni,soukaynamokhtari"
7246,16658627,"Osman Can ÇETLENBİK","2026-08-05 15:25:30",487.7,2,osmancancet
7247,16692263,"ADITYA CHAVAN","2026-08-09 17:44:15",487.6,2,adityasnr7
7248,16661443,"STEPHEN ASANTE OPOKU","2026-08-04 16:45:41",487.5,1,stephenasanteopoku
7249,16658344,SOONHANKWON,"2026-08-28 02:00:59",487.5,2,soonabletv
7250,16665511,phoenix_merk,"2026-08-05 09:46:25",487.3,2,phoenixmerk
7251,16772455,dextrecity,"2026-08-30 11:37:56",487.3,2,"dextrecity,leo0pa"
7252,16675060,"Xinger Gao","2026-08-31 08:52:07",487.1,2,xingergao
7253,16773195,"Pham Nguyen Thanh Huy","2026-08-27 05:25:55",487.1,2,huyphmnguyenthanh
7254,16694146,"JIlong Zhou","2026-08-26 15:04:38",487.0,2,acemaker
7255,16809898,wodDAOdun,"2026-09-14 07:14:35",486.9,2,kylaucode
7256,16729152,Antoine,"2026-08-17 10:12:04",486.9,2,a11t01n3
7257,16668509,HarryZ,"2026-09-13 04:29:04",486.8,2,mzhumzhu
7258,16789996,"Chen Jiaqi","2026-09-02 15:48:25",486.7,2,elaemchen
7259,16635481,Jamaisvu,"2026-08-20 15:39:29",486.7,2,jamaisvu
7260,16661596,t@got@go,"2026-08-10 06:24:24",486.6,2,kamdaanahessod
7261,16656797,"رحيم محمد","2026-08-04 20:05:45",486.6,2,darkmaxedwe
7262,16799023,"Alkava Ind","2026-09-21 14:40:10",486.5,2,alkavaind
7263,16673214,Boiga7,"2026-08-06 14:03:53",486.4,2,lewiselliot
7264,16656470,Glimmeron,"2026-08-12 02:01:48",486.3,2,rishabhraushan
7265,16718338,"Oladimeji Adeyemi","2026-08-17 15:33:50",485.9,2,adeyemioladimeji
7266,16688383,plong2101,"2026-08-18 06:21:34",485.9,2,plong2101
7267,16709880,"Javier Pérez Robles","2026-08-15 02:21:07",485.9,2,javierprezrobles
7268,16931219,AzureYu,"2026-09-21 10:44:17",485.9,2,azureyu
7269,16693797,"Riyaz Ur Rehman","2026-08-17 02:21:15",485.8,2,riyazurrehman
7270,16640399,Hubbahub,"2026-08-04 20:40:39",485.8,2,hubbahub
7271,16665257,"Ken Li","2026-08-09 12:59:32",485.7,2,kenliwt
7272,16634790,"Steven Lui","2026-08-03 12:22:08",485.7,2,stevenlui
7273,16653118,"Elmira Yekani","2026-08-18 17:05:20",485.6,2,elmirayekani
7274,16791550,Team21,"2026-09-08 12:53:38",485.6,2,"fchen121,muktharam"
7275,16701250,T00bii,"2026-08-11 16:11:06",485.4,1,t00bii
7276,16685028,"serene ng","2026-08-13 14:53:37",485.2,2,sereneng
7277,16661950,moonmelonpizza,"2026-08-09 12:25:23",485.1,2,moonmelonpizza
7278,16678083,"Abdeljalil Idalahaj","2026-09-05 04:28:08",484.9,2,abdeljalilidalahaj
7279,16768939,"Pratham Sonawane","2026-08-30 17:37:23",484.9,2,prathamsonawane1
7280,16883234,Cpleasance,"2026-09-14 00:24:24",484.8,2,cpleasance
7281,16737362,"moushun chen","2026-08-20 06:45:46",484.7,2,moushunchen
7282,16657601,Simon,"2026-08-05 15:59:44",484.6,2,benten10
7283,16668324,"Alden Jenish S","2026-08-06 14:02:09",484.6,2,aldenjenishs
7284,16688296,"Michael Pollind","2026-08-28 13:30:32",484.6,2,mpollind
7285,16940953,"Bob Liu","2026-09-26 10:39:56",484.5,2,bobliu02041302
7286,16920464,reddishregent,"2026-09-18 11:40:22",484.4,1,reddishregent
7287,16675468,"atakan akgün","2026-08-13 15:32:32",484.4,2,atakanakg
7288,16657929,Robert-zwr,"2026-08-05 11:15:48",484.3,1,robertzwr
7289,16701761,BalaVignesh,"2026-08-11 17:04:37",484.3,2,balavignesh
7290,16659558,Ayuroshbo,"2026-09-23 09:28:54",484.2,2,ayuroshbo
7291,16925815,"[Deleted] c3923c6e-1011-4da1-9c40-584a2fcbcc36","2026-09-20 01:04:14",484.1,1,del=0e85502e1e45d7da
7292,16627009,c0sm1c,"2026-08-01 11:06:14",484.1,1,tanghao111
7293,16683934,"Teja Madala","2026-08-10 14:46:07",484.1,2,tejamadala
7294,16724842,"Mikaela Gkolemi","2026-08-21 19:04:38",484.0,2,mikaelagkolemi
7295,16683309,"Zealous Sebastian","2026-08-09 12:45:32",484.0,2,zealoussebastian
7296,16880843,"Triều Đinh Hải","2026-09-12 19:41:11",483.6,2,triuinhhi
7297,16668562,"Anthony LOISEAU","2026-08-06 16:07:52",483.6,2,anthonyloiseau
7298,16843921,Ruijiehe1213,"2026-09-13 03:40:30",483.5,2,ruijiehe1213
7299,16729081,"Venkata Y","2026-08-19 00:45:13",483.5,2,venkatayerrapothu
7300,16631919,"Ghinwa Allaoui","2026-08-04 16:27:17",483.3,1,ghinwaallaoui
7301,16717601,"Mariem Fersi","2026-08-24 23:22:14",483.2,2,"mariemfersi,yassinebrahem2"
7302,16798074,"Akkapop Prasompon","2026-09-09 12:17:36",483.0,2,akkapopprasompon
7303,16665424,taaaaanq,"2026-08-17 14:23:35",482.9,1,"chuayaplong,flashtigro,huayu05,taaaaanq"
7304,16878695,"Yang Lv","2026-09-25 05:41:36",482.6,2,lvyang199888
7305,16660089,ChristosGrigoras,"2026-08-07 22:41:49",482.6,2,cgrigoras
7306,16755781,NaveenManwani,"2026-08-28 05:37:31",482.5,2,naveenmanwani
7307,16659681,"Aditya Seth","2026-09-04 13:12:36",482.4,2,adityaseth777
7308,16645870,"Barathan Aslan","2026-08-03 08:21:55",482.4,2,barathanaslan
7309,16895340,Prakhareshwar,"2026-09-22 15:22:36",482.2,2,prakharpathak12
7310,16778703,kamaras,"2026-08-30 11:58:07",482.1,2,kamaras
7311,16679958,Bum_Fy_Mz,"2026-08-13 20:31:44",482.0,2,bumfymz
7312,16672105,"Natural Stupidity","2026-08-10 19:39:53",482.0,2,"parthb21,sujaygolla"
7313,16764751,"Abhishek Parmar","2026-08-26 04:06:39",481.9,2,abhisheknparmar
7314,16656689,"Vansh Gupta","2026-08-11 08:56:56",481.9,2,vanshrl9ine
7315,16725757,AchyutKishore123,"2026-09-25 10:58:03",481.9,2,achyutkishore123
7316,16689908,Hyun777,"2026-08-14 01:11:17",481.8,2,hyun777
7317,16705661,"Toshiki Touda","2026-08-13 06:51:05",481.6,2,toshikitouda
7318,16871538,freesoso,"2026-09-15 13:11:39",481.6,2,freesoso
7319,16682984,"Rishikesh Bharat Koli","2026-08-08 04:18:06",481.5,2,rishikeshbharatkoli
7320,16777132,"Soham Dave","2026-08-27 14:51:01",481.5,2,sohamdave19
7321,16736951,giacomovin,"2026-08-25 20:14:52",481.4,2,giacomovin
7322,16733644,Gavilán,"2026-08-23 19:41:22",481.4,2,gaviln
7323,16805196,"Sebastian Griesbach","2026-09-22 11:47:22",481.3,2,sebastiangriesbach
7324,16725847,"Shel Horta","2026-08-18 04:29:55",481.1,2,shelhorta
7325,16683837,"Blessed Ngorima","2026-08-18 09:40:53",481.1,2,blessedngorima
7326,16694314,"Ali Abbas Baig","2026-08-28 19:55:16",480.9,2,aliabbasbaig
7327,16674943,feyZERO,"2026-08-16 10:48:50",480.9,2,faezamora
7328,16814952,"Ngọc Huyền","2026-09-15 03:55:18",480.8,2,ngchuynss
7329,16692480,"Khalis Murfid","2026-08-24 07:03:02",480.7,2,khalismurfid
7330,16637649,cameronezrajones579,"2026-08-15 15:49:12",480.6,2,cameronezrajones579
7331,16660462,"Vishwanath N Iyer","2026-08-07 07:22:17",480.5,2,vishwanathniyer
7332,16725938,"Ben Cheng","2026-09-05 16:03:36",480.5,2,benczb
7333,16656410,Sam,"2026-08-14 01:58:04",480.4,2,beartrader
7334,16926532,"Akash Shah","2026-09-26 20:20:50",480.4,2,akashshah3
7335,16662643,Mohit_Singh,"2026-09-26 06:30:36",480.2,2,mohitsingh955
7336,16783713,Gale,"2026-09-05 02:29:43",480.2,2,na1vel
7337,16695400,"Karam Khasawneh","2026-08-10 20:29:16",479.9,2,karamkhasawneh
7338,16825996,"Alex Li","2026-09-04 08:02:19",479.9,2,alexli1998
7339,16895121,Timmmmmmmy,"2026-09-17 05:51:31",479.7,2,"molic1,timmmmmmmy"
7340,16672798,yaphanqiii,"2026-08-27 07:55:23",479.7,2,yaphanqiii
7341,16699707,"Afana Khalit putra","2026-08-11 08:57:25",479.6,2,afanakhalitputra
7342,16715126,준환,"2026-09-10 11:28:25",479.6,2,paulguilbert
7343,16798512,"Yuichiro Kinoshita","2026-09-27 07:21:35",479.3,2,yuichirokinoshita
7344,16705415,"Mauro Najera","2026-08-11 05:30:13",479.2,2,mauronajera
7345,16725955,"Aditya Pandey","2026-08-17 00:10:10",479.2,2,adipandey777
7346,16679096,WilliamXylean,"2026-09-26 00:33:23",479.2,2,williamxylean
7347,16645302,LuCcc,"2026-08-03 09:45:35",479.1,2,luuuuccccc
7348,16819549,APEX101,"2026-09-06 06:16:51",478.9,2,"akshitasrivastava1,irongm"
7349,16658115,SantaClaws,"2026-08-10 14:50:31",478.8,2,vovikdrg
7350,16680799,zixma13,"2026-08-25 13:12:44",478.6,2,zixma13
7351,16630163,"SEREENA JERRY","2026-08-06 08:59:17",478.6,2,serenajerry
7352,16799797,"Zimin Zhong","2026-09-23 15:17:43",478.5,2,"dracfy,lyylyy2,zhongzinmin"
7353,16709487,Kohei,"2026-08-19 20:54:42",478.5,2,kshintani
7354,16662715,"Great Okwuma","2026-08-17 00:10:46",478.4,2,greatokwuma2
7355,16797002,ZhixinLuo,"2026-09-01 14:16:09",478.3,2,zhixinluo
7356,16796273,"Kiplangat Vincent","2026-09-22 13:52:17",478.2,2,balvins
7357,16933345,"Sourin Rakshit","2026-09-21 09:32:28",478.2,2,sourinrakshit01
7358,16818158,Noza,"2026-09-16 04:36:09",478.1,2,harukanozato
7359,16668589,"Gleb Naumkin","2026-08-05 22:46:26",477.9,1,glebnaumkin
7360,16657681,"Prince Raj","2026-08-11 22:49:02",477.8,2,princerajmdb
7361,16658476,"goksel yesiller","2026-08-04 11:07:53",477.6,2,gokselyesiller
7362,16649077,"Yifan Yang 135","2026-08-11 06:22:40",477.6,2,yifanyang135
7363,16630335,"Solve Langseth","2026-08-05 06:48:57",477.4,2,solvelangseth
7364,16762427,Raj_craj,"2026-08-30 20:27:00",477.4,2,rajcraj
7365,16678154,"Hashim Far","2026-08-08 04:20:32",477.1,2,hashimfar
7366,16701847,"Xi Li","2026-09-27 06:41:55",477.1,2,bruhuh
7367,16846143,germanyum,"2026-09-13 14:32:05",477.0,2,germanyum
7368,16649421,Eltormtace,"2026-08-14 04:35:15",476.9,2,eltormtace
7369,16645936,"Abhy Rejikumar","2026-08-22 19:26:23",476.8,1,abhyrejikumar
7370,16633577,Boxy,"2026-08-15 18:55:40",476.8,2,boxyml
7371,16686972,"Ankit Maurya","2026-08-23 07:05:44",476.7,2,"ankitmaurya16,rudraprasadsah"
7372,16627463,dnish,"2026-08-05 07:37:16",476.7,2,dnishio
7373,16880689,yasmine0809,"2026-09-12 16:19:37",476.5,2,yasmine0809
7374,16626105,sasaki,"2026-08-24 02:34:55",476.5,2,rsasaki
7375,16692168,"Kinshuk Aggarwal","2026-08-09 04:23:32",476.3,1,kinshukaggarwal
7376,16656317,"Manu Rahi","2026-08-06 16:43:55",476.2,2,manurathi
7377,16664608,sid,"2026-08-07 18:18:04",475.9,2,sidshastri04
7378,16639814,"Nikhil Krishna A","2026-09-07 07:37:56",475.9,2,techmasternikhil
7379,16687293,"Aurelie Jodelle Kemme","2026-08-20 00:25:43",475.8,2,"audreydemafo,aureliejodellekemme"
7380,16663618,Anthaus,"2026-08-09 17:06:35",475.7,2,anthaus
7381,16636973,"Ali Ali G","2026-08-03 18:36:40",475.6,2,alialig
7382,16655069,"Jason Harrison","2026-08-05 20:56:59",475.6,2,jasonharrisonco
7383,16664252,"Huy Hoang","2026-08-15 03:59:40",475.5,2,themeend
7384,16661930,zzangsunghyeon,"2026-08-08 16:22:21",475.3,2,zzangsunghyeon
7385,16771972,"Vansh Ahlawat","2026-09-22 15:35:39",475.0,2,vansh5126
7386,16713179,"Enise Zengin","2026-09-15 02:53:02",474.9,2,enisezengin
7387,16659505,"Duleeka Mevan","2026-08-06 09:32:46",474.8,2,duleekamevan
7388,16659261,PromptEngineer48,"2026-08-04 16:44:46",474.7,2,promptengineer48
7389,16719257,"Alexander Morozov","2026-08-14 23:53:53",474.6,2,scanhex
7390,16779152,"taijiu int","2026-09-04 22:22:20",474.5,2,taijiuint
7391,16761979,"Chaitany Patel","2026-09-17 14:59:29",474.3,2,chaitanypatel
7392,16743494,"ROHAN Exploit","2026-09-08 11:13:08",474.3,2,rohanexploit
7393,16876700,"Omar Mukhtar","2026-09-18 10:05:32",474.2,2,omarmukhtar3
7394,16810019,M&S,"2026-09-02 17:19:11",474.1,2,"martinhma,yishusheng"
7395,16744610,"Safiullah Baig","2026-08-20 13:16:58",474.1,1,safm1rza
7396,16715942,_@HimShukla23,"2026-09-19 18:14:05",473.8,2,himshukla23
7397,16693795,kurt,"2026-08-30 15:22:47",473.8,2,syarht
7398,16769170,"Hardik Savaliya211","2026-08-25 11:07:10",473.7,2,hardiksavaliya211
7399,16702281,"Dhruv Patel #2","2026-08-10 21:25:08",473.7,2,dhruvpatel1972
7400,16867680,Asuka,"2026-09-11 05:45:46",473.6,2,asuka0langley0soryu
7401,16886765,LZWang,"2026-09-13 22:00:47",473.6,2,wlzwlz
7402,16676613,LCZ1996,"2026-08-29 02:02:59",473.4,2,lcz1996
7403,16623198,"Chris D'Mello (ineligible)","2026-07-31 17:32:46",473.1,1,cdmello
7404,16645841,Lucien,"2026-09-24 07:55:19",473.1,2,lucienhu6775765
7405,16884418,xuechengzou,"2026-09-13 12:22:43",473.1,2,xuechengzouinkaggle
7406,16831839,404_Brains_Not_Found,"2026-09-20 12:36:19",473.0,2,"manavtejani,rohangadhiya1911,sakshamdubeynew,trushankvaghasiya"
7407,16893233,"Garrick Lai","2026-09-15 08:44:07",472.9,2,garricklai
7408,16678613,iBooNDK,"2026-08-09 19:03:37",472.9,2,iboondk
7409,16689372,"Kiran Yerpude","2026-08-12 05:39:43",472.9,2,kiranyerpude
7410,16914972,cdwswb,"2026-09-19 02:25:22",472.9,2,cdwswb
7411,16715769,Ethereallll1,"2026-08-14 15:21:12",472.8,2,ethereallll1
7412,16640516,"Alfandi Hassan","2026-08-08 03:41:33",472.6,2,alfandihassan
7413,16768079,Sohee087,"2026-08-24 20:21:01",472.4,1,sohee087
7414,16762168,Lewbei,"2026-09-10 04:58:43",472.4,2,lewbei
7415,16888050,"Ayoub Fliless","2026-09-14 17:56:12",472.3,2,ayoubfliless
7416,16656745,"BHARATH KOWSHIK ULLANGULA","2026-09-25 10:30:21",472.2,2,"bharathkowshik25,honeyharshith,kesanibhargavaram"
7417,16699207,"Bipin Rimal","2026-08-10 07:45:21",472.0,2,bipinrimal314
7418,16783677,"Đặng Anh Thịnh","2026-08-28 08:31:12",471.9,1,nganhthnh
7419,16700080,Kaushik,"2026-08-10 11:11:18",471.8,2,kgarumugam
7420,16809022,CheeseFunction,"2026-09-05 06:58:36",471.8,2,cheesefunction
7421,16665080,"RAVI KUMAR696996","2026-08-05 06:14:29",471.7,2,ravikumar696996
7422,16662995,"carlos mario de oro aguado","2026-08-06 21:08:28",471.6,2,cdeoroaguado
7423,16920641,"Tailee Kim_7","2026-09-19 11:52:02",471.3,2,emilykim01
7424,16729510,ARM,"2026-09-08 13:01:17",471.3,2,"midhun4126,mrohithjohn"
7425,16887058,"Michael Eberhard","2026-09-15 20:29:09",471.2,2,michaebe
7426,16775214,"Sambhav R","2026-08-27 15:34:44",471.1,2,sambhavr
7427,16658702,sherlockwatson007,"2026-08-29 08:48:53",471.1,2,sherlockwatson007
7428,16644577,"Arthur Merritt","2026-08-04 07:11:11",471.0,2,jarthuph
7429,16731636,関西人,"2026-08-24 06:23:14",470.8,2,m1333666888
7430,16724470,"Mahdi Rafati","2026-08-24 15:32:51",470.8,2,mahdirafati
7431,16655881,"Zhuoran Zhao","2026-08-07 16:50:04",470.7,2,yearcakes
7432,16851860,"Senih Bayankulu","2026-09-08 03:13:24",470.6,2,senihbayankulu
7433,16943979,"Joshua Willie","2026-09-26 16:12:25",470.6,2,joshuawillie
7434,16726155,miyawakiayaka,"2026-08-15 18:50:10",470.5,2,kanatakon
7435,16660060,AnkitGoyal,"2026-08-05 15:33:29",470.5,2,goyalankit
7436,16728933,dOvOb,"2026-09-08 14:51:10",470.5,2,waytosleep
7437,16706143,Adityaupadhyay0805,"2026-08-20 04:28:06",470.4,1,adityaupadhyay0805
7438,16916625,"Dhoni Theja007","2026-09-25 19:34:04",470.3,2,dhonitheja007
7439,16665865,"Agrippa Beaulieu","2026-08-08 19:09:28",470.1,2,agrippabeaulieu
7440,16662690,"Pablo Gomez Perez","2026-09-04 16:45:32",470.1,2,pablogp
7441,16774958,"Charles Wuytack","2026-08-27 14:58:07",470.0,2,charleswuytack
7442,16707986,Pones_kaggle,"2026-09-01 22:08:32",469.6,2,pyd966
7443,16681924,WEcoS,"2026-08-10 04:32:03",469.5,2,aungkhainghtun
7444,16655415,"Ivan Jarp","2026-08-29 17:07:03",469.4,2,ivanjarp
7445,16774035,"Shengfeng Wang","2026-08-26 07:28:46",469.4,1,shengfengwang
7446,16668108,"Suresh Chandra Mangena","2026-08-11 09:32:31",469.3,2,sureshchandramangena
7447,16831819,"Roy Lampe","2026-09-24 11:46:45",469.2,2,roylampe
7448,16729914,Christina,"2026-09-14 11:16:46",469.1,2,geekycb
7449,16665364,"Shien Zhang","2026-08-06 06:50:46",469.0,1,shienzhang
7450,16632368,"Yuelin Bai","2026-08-03 08:15:12",468.9,2,paralym
7451,16752081,"Ahmad Dehaini","2026-08-30 06:04:54",468.8,2,ahmaddehaini
7452,16744572,DivyanshAgg,"2026-08-31 19:30:49",468.7,2,divyanshagg
7453,16667078,dprinzensteiner,"2026-08-05 14:06:26",468.7,2,dprinzensteiner
7454,16940818,Laiba,"2026-09-24 11:45:36",468.6,1,laibasm01
7455,16665436,Aeternum,"2026-08-15 18:31:32",468.3,2,"donbinoy2004,surajkumarks"
7456,16745574,"Yadunandan Raman","2026-08-22 12:20:06",468.1,2,yadunandanraman
7457,16738145,綿鍋だよん,"2026-09-25 08:28:07",468.1,2,potrue
7458,16719857,"Howey do it","2026-08-14 23:06:06",468.1,2,ronincoppins
7459,16672473,goldfish,"2026-08-13 03:34:21",468.0,2,dolgfish
7460,16661105,"Vignesh Murugan","2026-08-04 19:57:46",467.6,2,vigneshv1cky
7461,16722793,Murphyzz,"2026-09-19 23:32:31",467.4,2,theophileperez
7462,16681637,nasu01,"2026-08-07 10:14:10",467.1,2,nasu01
7463,16726211,RepeatAfterMe,"2026-08-17 08:21:41",467.0,2,bekirsciftler
7464,16696061,Mingyuan2002,"2026-09-22 04:17:12",467.0,2,mingyuan2002
7465,16668698,Addie,"2026-08-08 05:21:08",466.9,1,addie999
7466,16947257,"Hassan Bazzoun-dev","2026-09-26 23:53:13",466.8,2,hassanbazzoundev
7467,16691628,"Gavin Walsh (N1DGE11)","2026-08-08 16:07:24",466.8,2,gavinwalshn1dge11
7468,16811454,"Zakaria Taouil","2026-09-07 16:11:13",466.7,2,ztaouil
7469,16651872,Evgen21,"2026-08-05 14:03:50",466.7,2,evgen21
7470,16721814,"DOAMBA Jean Edouard Odilon","2026-08-24 14:48:43",466.7,2,doamba
7471,16656573,"Ashiq Firoz","2026-08-17 18:20:11",466.4,2,ashiqfiroz
7472,16778127,Nimmokumar,"2026-09-20 18:45:50",466.3,2,nimmokumar
7473,16760191,"Kushal Shiva1","2026-08-26 20:19:36",466.3,1,kushalshiva1
7474,16632105,"shreyas sangalad","2026-08-02 12:01:08",466.2,2,spoortisangalad
7475,16733785,"Stuart Gilbert","2026-08-30 01:52:41",466.1,2,stuartgilbert
7476,16843511,"JiaHui Ni ","2026-09-13 14:59:35",466.1,2,jiahuini
7477,16638883,LeiYang,"2026-08-03 15:04:07",466.1,2,leiyangcq
7478,16668137,"Thomas De Sousa","2026-08-06 06:34:48",466.0,2,thomasdesousa
7479,16870864,"Overfitting Is All You Need","2026-09-18 09:25:23",466.0,2,ryylll
7480,16722109,Navneet,"2026-08-14 14:02:35",465.9,2,zxcdfg
7481,16773194,NgNhan3110,"2026-08-27 09:36:17",465.8,2,ngnhan3110
7482,16886012,smartkdy7,"2026-09-13 11:37:51",465.7,1,smartkdy7
7483,16717018,"Urvashi Bansal","2026-08-17 09:12:29",465.7,2,urvashibansal123
7484,16774849,RiyadhLakadimu123,"2026-08-31 19:51:17",465.5,2,riyadhlakadimu123
7485,16728318,T3jas06,"2026-08-22 19:45:13",465.5,2,t3jas06
7486,16773020,HyperNeonByte,"2026-09-23 00:23:03",465.4,2,hyperneonbyte
7487,16664251,zzy123123,"2026-08-08 09:22:51",465.3,2,zzy123123
7488,16758526,"sudo give_me_the_prize","2026-08-24 16:34:02",465.3,2,ibrahimab2
7489,16889822,CornReform,"2026-09-21 01:01:52",465.2,2,cornreform
7490,16875460,"Safa Nasrin","2026-09-24 07:30:11",465.1,2,safanasri
7491,16660413,Ritesh-2006,"2026-09-24 05:25:22",465.0,2,ritesh2006
7492,16926614,"Mike Codispoti","2026-09-19 18:17:10",464.9,1,mikecodispoti
7493,16663267,"Sravya Isukapatla","2026-08-11 10:14:54",464.9,2,sravyaisukapatla
7494,16770440,"Tegar Putrayas Dentatama","2026-09-27 06:32:14",464.7,2,tegarputrayasd
7495,16719742,"Varun Dave","2026-08-31 22:56:07",464.1,2,"pranavtrivedi02,varundave95"
7496,16656431,"Venetta Smithen","2026-08-20 02:19:45",464.0,2,venettasmithen
7497,16915448,asdfghjklbelinda,"2026-09-26 11:59:24",463.6,2,"asdfghjklbelinda,yyyemin,zhouqingwen"
7498,16662938,CarlitrosParra,"2026-08-05 21:34:52",463.5,2,carlitrosparra
7499,16681778,kzeus@003,"2026-08-12 05:12:15",463.5,2,kzeus003
7500,16792069,"Yen Hung1021","2026-09-03 16:09:33",463.4,2,yenhung1021
7501,16693003,ShirrleyChen,"2026-08-15 12:54:58",463.3,2,shirrleychen
7502,16628268,toxic_2499,"2026-09-14 13:39:02",463.2,2,toxic2499
7503,16627324,"Attack on Kaggle","2026-08-06 13:27:22",463.2,2,user19394494
7504,16885999,"Vansh #2","2026-09-20 14:22:18",463.2,1,vanshnavi
7505,16664211,"Ben Wilson","2026-08-06 23:57:29",463.1,2,crispyryse
7506,16755677,"Rutwik Kumar M","2026-08-26 16:31:00",463.0,2,rutwikkumarm
7507,16667517,"Recep Barkın Topcu","2026-08-31 05:30:02",463.0,2,recepbarkntopcu
7508,16658149,X,"2026-09-21 13:42:54",462.9,2,lohithhb
7509,16804924,"Kevin L.","2026-09-09 07:04:46",462.8,2,zorgis
7510,16847947,"Phongwit Sri","2026-09-22 04:30:08",462.8,2,phongwitsri
7511,16679872,"Kirby Won","2026-09-22 22:10:05",462.7,2,kirbywon
7512,16883859,"Carlos Daniel Polanco","2026-09-19 18:45:16",462.7,2,carlospolanco00
7513,16935530,"[RU] Evgeniy Kamyshan (sharing)","2026-09-26 05:24:25",462.6,2,svo1488zov
7514,16681655,"Tae seong Gim","2026-08-14 14:14:10",462.6,2,taeseonggim
7515,16909602,jack1e32,"2026-09-18 02:32:58",462.5,2,jack1e32
7516,16663327,Gnr8tr,"2026-08-13 14:16:44",462.4,2,wilburjpereira
7517,16707951,K_ChanHo,"2026-09-17 11:40:29",462.4,2,kchanho
7518,16889078,"Md Waquar Ahmad","2026-09-16 02:52:56",462.4,2,mohdwaquarahmad
7519,16765194,henry,"2026-08-24 13:39:29",462.1,2,zchenry
7520,16847740,FarmAre,"2026-09-07 17:31:01",462.1,2,abishekak
7521,16794309,"Sanyam Jain","2026-09-25 22:15:39",461.7,2,sjain03
7522,16623824,zhangende02,"2026-08-01 01:15:21",461.7,2,zhangende02
7523,16871722,agenlu,"2026-09-27 07:30:37",461.6,2,agenlu
7524,16701046,"Thanakorn Kaewwiang","2026-08-14 17:13:39",461.6,2,deweytng
7525,16794499,smileMAN13912339850,"2026-09-07 10:01:07",461.6,2,smileman13912339850
7526,16665374,UmangDobhal03,"2026-08-06 03:46:29",461.5,2,umangdobhal03
7527,16938142,"Pavel Krotkov","2026-09-23 20:23:34",461.4,2,pashkal
7528,16688873,cancel,"2026-08-18 06:50:33",461.4,1,rugaru
7529,16739711,SBC,"2026-08-20 10:16:10",461.2,2,"anusasaha2406,harshkumar3014,rahulmaity"
7530,16663594,"NGU BLACK SANTA","2026-08-05 15:23:10",461.1,2,ngublacksanta
7531,16773043,"Petani Baik","2026-09-03 00:56:35",461.0,2,durrahandri
7532,16765688,jihunai,"2026-08-26 23:15:54",461.0,2,jihunai
7533,16720049,"aditya emmadishetty","2026-08-14 13:20:54",461.0,2,adityaemmadishetty
7534,16675000,"Carl Bell","2026-09-16 20:55:33",460.9,2,allegedcarlbell
7535,16674605,Versilogic,"2026-08-16 07:54:48",460.8,2,versilogic
7536,16631547,"Chong Xuan Ng","2026-08-08 15:38:52",460.4,2,chongxuanng
7537,16665949,Rbda,"2026-08-06 14:18:03",460.3,2,brazvan
7538,16786351,"Pradeep P","2026-09-14 16:39:50",460.0,2,pradeeppuranam
7539,16667042,"Adarsh Mukundan","2026-09-20 14:16:32",459.8,2,aadarshmukundan
7540,16670719,SimoImane,"2026-08-05 23:36:09",459.8,2,simoimane
7541,16636333,xiaoyang66,"2026-08-17 13:35:28",459.8,2,kennethhao8
7542,16717679,mureee,"2026-09-26 06:28:10",459.7,2,"hosyan3279,mureee54"
7543,16718828,"Tejas Nisar","2026-08-23 17:04:45",459.7,2,tejasnisar
7544,16840130,tkm_ktn,"2026-09-05 15:48:40",459.3,2,takumikotani
7545,16623006,"Aaradhy Singhvi","2026-09-08 12:48:10",459.3,2,aaradhysinghvi
7546,16688662,"Faz Forward","2026-08-08 09:03:10",459.3,2,fazforward
7547,16641948,JustForFun,"2026-08-18 08:00:36",459.2,2,thangphung215
7548,16657383,"Shih Hua Chou","2026-08-18 03:51:08",459.2,2,shihhuachou
7549,16786281,"Saumya Prasad","2026-09-24 19:16:29",459.1,2,saumyaprasad2004
7550,16847224,Kfarmer,"2026-09-19 12:51:27",459.0,2,"cwy0904,jasonchao89,jaspersooks,makomek,peiyingtok"
7551,16762154,lli,"2026-09-07 19:04:26",458.9,2,colesuoseue
7552,16730870,"Jiang Ryan","2026-09-03 03:37:12",458.7,2,jiangryan
7553,16756812,"Alex Amirkhanyan","2026-08-24 05:51:16",458.7,2,aleksamirkhanyan
7554,16892006,"Leul Hailemichael","2026-09-16 21:00:15",458.5,2,leulhailemichael
7555,16661682,"Rishi Gupta","2026-08-05 07:46:38",458.5,2,rishigupta07
7556,16852845,quantumgeek,"2026-09-12 06:54:58",458.4,2,yk1598
7557,16668154,JuanEspana,"2026-08-09 11:38:32",458.3,2,juanespana
7558,16706277,"ratat Zheng","2026-08-12 10:25:38",458.2,2,ratatzheng
7559,16903680,"marwan na","2026-09-19 09:27:52",458.2,2,marwanna
7560,16726044,"Lena Traczuk","2026-08-22 12:03:58",458.0,2,lenatraczuk
7561,16639577,Haitaks,"2026-08-16 09:42:16",457.7,2,haitaks
7562,16661449,"Samarjeet Singh","2026-08-23 04:32:19",457.7,2,samarjeet010
7563,16668068,"Neural Harvest","2026-08-27 19:23:44",457.7,2,meghashyampawar
7564,16751058,"Henrique Loyola ","2026-08-21 05:29:59",457.4,2,henriqueloyola
7565,16654984,"Guseinov Elvin","2026-08-08 21:44:00",457.4,2,guseinovelvin
7566,16646286,"C Aravindhan","2026-08-04 05:03:22",457.3,2,caravindhan
7567,16695692,Saadii2279,"2026-08-11 16:44:39",457.2,2,saadii2279
7568,16670651,Echare,"2026-09-15 23:28:38",457.1,1,echare
7569,16661382,CBenaventte,"2026-09-02 13:35:27",457.0,2,cbenaventte
7570,16701871,"Raj Nandan","2026-08-10 15:13:30",456.9,1,imrajnandan
7571,16621437,AdamBelniak,"2026-08-03 18:15:21",456.9,2,adamos581
7572,16663368,"Laurence Dale","2026-08-12 18:00:07",456.8,2,laurencedale
7573,16663822,BhavyaSaini001,"2026-08-29 23:10:34",456.8,2,bhavyasaini001
7574,16840624,Deepakexplores,"2026-09-11 17:51:43",456.8,2,deepakexplores
7575,16625808,"Etsushi Yamamoto","2026-08-09 16:50:41",456.7,2,etsushiyamamoto
7576,16661154,"gronky goobers","2026-08-15 14:39:05",456.6,2,"viktoriusontop,yoshisurjuise"
7577,16741053,"Bui Minh Thanh","2026-09-07 18:50:23",456.6,2,buiminhthanh
7578,16916293,Hun731r,"2026-09-17 20:49:12",456.3,2,hun731rkooki
7579,16732200,"Louis WhoEat","2026-08-24 12:02:40",456.3,2,louiswhoeat
7580,16644410,"Swaroop Kallakuri","2026-08-04 15:40:29",456.3,2,ksjpswaroop
7581,16714488,"HusseinNadem Nadem","2026-08-26 01:53:13",456.2,2,husseinnademnadem
7582,16662790,"Derek Earnhart","2026-08-04 18:04:01",456.2,1,derekearnhart
7583,16922524,"Aleksandar Belic","2026-09-24 20:48:44",455.9,2,aleksandarbelic
7584,16767585,Hyena,"2026-08-25 22:17:26",455.9,1,hemant0
7585,16666071,"Arda Yıldız","2026-08-20 09:33:54",455.8,2,xreina8
7586,16794598,"Andrew Yu","2026-09-02 04:51:57",455.7,1,andnyu
7587,16760480,yat0i811,"2026-09-13 14:13:59",455.7,2,yat0i811
7588,16784417,"Dallas Odem","2026-08-29 13:14:30",455.7,2,dallasodem
7589,16855836,"Srinivasan Raghavan","2026-09-08 18:07:38",455.5,1,srinivasan1812
7590,16794052,"Sarthak Mishra","2026-09-24 18:06:07",455.4,2,"aarushverma04,pg541425,sarthak25b15310182,yadavup50"
7591,16757204,hhcjj,"2026-08-22 06:42:32",455.3,2,hhcjjkk
7592,16655080,"Mohamed Judi","2026-09-07 19:18:31",455.3,2,mhjudi
7593,16623712,Dapp,"2026-08-03 23:09:19",455.1,2,lgloria
7594,16654885,"Jason Kong","2026-08-04 06:52:19",455.0,2,jasonkongie
7595,16763898,"Tarık Sarıcı","2026-08-24 09:54:31",454.9,2,ssarici
7596,16876859,Broncat,"2026-09-15 02:27:28",454.8,2,broncat
7597,16756900,Kome_Sh,"2026-08-30 13:40:56",454.8,2,komeshun
7598,16690698,posty_melek,"2026-08-15 05:06:40",454.7,2,srisaraswati
7599,16915747,xiao,"2026-09-17 17:03:40",454.5,2,xiao789
7600,16780783,pri,"2026-08-28 15:10:15",453.9,2,priscilamaria5363
7601,16888067,Van,"2026-09-21 01:29:39",453.8,2,lanxirye
7602,16757135,Agrihand,"2026-09-02 15:00:23",453.8,2,mayur756
7603,16683316,moonriver0922,"2026-08-11 07:04:11",453.8,2,moonriver0922
7604,16862542,"Mitchelle's Team","2026-09-23 20:10:55",453.8,2,mitchellluciana
7605,16695102,whitelok,"2026-08-11 12:54:41",453.6,2,whitelok
7606,16656641,AndrewEly8,"2026-08-05 00:56:32",453.6,2,andrewely8
7607,16653809,acbabc123,"2026-08-04 13:53:53",453.2,2,acbabc123
7608,16747670,"Luis Molina","2026-09-21 14:34:46",453.1,2,micuentadecasa
7609,16690793,"MOHAMMAD ALRASHED","2026-08-08 18:33:34",452.9,2,mohammadalrashed
7610,16657664,"Nguyễn Anh Kiệt 28","2026-08-06 04:17:40",452.9,2,nguynanhkit28
7611,16676803,"Josue Villao","2026-08-14 05:20:13",452.9,2,josuevillao
7612,16670155,Kiznaiver,"2026-08-23 14:27:19",452.8,2,kiznaiver
7613,16767147,"Hacker Trinity","2026-09-09 12:20:12",452.8,2,hackertrinity
7614,16653049,"Umut Doruk Öztürk","2026-09-02 09:52:16",452.7,2,umutdorukztrk
7615,16661287,"Jacob Hanlon","2026-08-11 13:59:58",452.7,2,jacobhanlon
7616,16880953,IAMNAMNAM,"2026-09-23 14:12:56",452.6,2,iamnamnam
7617,16705276,layr0,"2026-08-14 00:53:11",452.4,2,layr0dotdev
7618,16685570,"Micah Fernando","2026-08-07 19:46:31",452.1,2,micahfernando
7619,16687237,Khalibryler,"2026-08-11 09:17:03",451.8,2,khalibryler
7620,16625216,"Emre Can","2026-08-01 17:05:51",451.7,2,seicatsu
7621,16658521,"Vishal Dhariwal","2026-08-08 11:43:36",451.5,2,user412
7622,16654974,"ACd Rooy","2026-08-11 06:35:28",451.4,2,acdrooy
7623,16661460,Lucky,"2026-09-03 07:49:58",451.3,2,tmiya0107
7624,16677524,"Phúc Phạm","2026-08-07 20:16:24",451.2,2,phucpham77
7625,16663258,sawe,"2026-09-16 09:10:13",451.1,2,boiihhh
7626,16665184,woorym,"2026-08-10 03:04:12",450.8,2,woorym
7627,16654347,"aarav maheshwari1","2026-08-26 05:57:03",450.7,2,aaravmaheshwari1
7628,16882021,"lucas honoratodesouza","2026-09-14 05:21:58",450.7,2,lucashonoratodesouza
7629,16687959,"Destin Nedjou","2026-08-27 05:45:33",450.5,2,destinnedjou
7630,16758970,"Jason Wong","2026-09-16 16:00:15",450.2,2,jsin27
7631,16757806,Richardwe,"2026-09-08 08:43:12",450.1,1,richardwe
7632,16737532,lsystudyhard,"2026-08-22 12:16:47",450.0,2,lsystudyhard
7633,16755394,"Ruben Lucas","2026-08-21 21:50:16",449.7,2,rubenlucas
7634,16775236,hohohoZzZ,"2026-09-16 16:14:37",449.7,2,hohohozzz
7635,16711823,Abi_e,"2026-09-07 09:47:37",449.6,2,abidjacquelineanadi
7636,16670634,"Narayan Sharan","2026-09-12 06:55:27",449.6,2,narayansharan
7637,16666716,"Fanis Alexakis","2026-08-17 11:59:15",449.6,2,fanisalexakis
7638,16659919,"SILVISTON EMMANUEL","2026-08-06 06:51:55",449.5,2,silvistonemmanuel
7639,16932257,"Joumier Loick","2026-09-25 05:25:04",449.4,2,loickjoumier
7640,16655600,"VYSHAKH G NAIR","2026-08-04 21:31:24",449.4,2,vyshakhgnair
7641,16786280,Shambhavi21,"2026-09-24 18:04:34",449.2,2,shambhavi21
7642,16704597,"Wallace Switzer","2026-08-12 01:09:49",449.1,2,wallaceswitzer
7643,16661786,Nagaraju,"2026-08-10 01:53:04",449.1,2,orugantn
7644,16881765,"aakriti & tanya","2026-09-18 11:53:42",449.0,2,"aakritiinchaos,tanyac1"
7645,16694330,"Jack Way","2026-08-10 11:48:42",449.0,2,jackway05
7646,16621367,Numari,"2026-07-31 16:30:01",448.8,2,numaritaisei
7647,16844010,"Nori Miya","2026-09-06 15:17:38",448.8,2,norimiya
7648,16669117,"Shrikant Lambe","2026-08-10 23:31:50",448.8,2,shrikantlambe
7649,16662111,"Mood Vikram","2026-09-05 23:15:35",448.7,2,"moodvikram,sidhantchauhan"
7650,16668813,zhaowang,"2026-08-06 05:19:52",448.6,2,zhaowangwang
7651,16893255,"Amal Raj Singh","2026-09-19 08:37:00",448.5,2,amalrajsingh
7652,16738218,kiyo,"2026-09-10 13:01:37",448.5,2,kiyohiro
7653,16757366,"Sean Connolly","2026-09-05 04:10:21",448.5,2,seanconnolly
7654,16719521,xarquin,"2026-08-25 03:16:23",448.4,2,xarquin
7655,16721940,DarkLayer,"2026-08-22 02:07:13",448.1,2,nnpaopao
7656,16936983,"hanlin zhu","2026-09-22 13:06:50",448.0,2,dhanlinzhud
7657,16657528,"Symekah Shadrack Basweti","2026-08-05 10:17:09",447.9,2,symekah99
7658,16879532,kiwamizamurai,"2026-09-14 20:27:53",447.8,2,kiwamizamurai
7659,16838981,"Adil Shamim","2026-09-09 13:55:52",447.8,2,adilshamim8
7660,16793465,"Farming Sols","2026-09-03 23:40:36",447.7,2,rishitreddypalle
7661,16724984,anish711,"2026-08-22 17:54:18",447.7,2,anish711
7662,16829367,"quant park","2026-09-15 10:29:07",447.3,2,quantpark
7663,16853895,sailohith07,"2026-09-08 10:49:11",447.2,2,sailohith07
7664,16908418,Ayush_1319,"2026-09-17 11:59:04",446.8,2,ayush1319
7665,16713218,"Julien Baumgartner","2026-08-14 08:36:27",446.8,2,julienbaumgartner
7666,16776824,"Manuel Santiago Atencio","2026-09-23 00:46:42",446.5,2,manuelsatencio
7667,16664327,"Maged Hegazy","2026-08-06 13:13:28",446.5,2,magedhegazy
7668,16792630,Vipluv1,"2026-09-04 20:32:56",446.2,2,vipluv1
7669,16698141,Zippo,"2026-08-16 05:44:18",446.2,2,gagemerrick
7670,16656568,"FARIATHTHEEN F","2026-08-04 11:44:49",446.1,2,fariaththeenf
7671,16675916,Lorenzo176ITA,"2026-08-14 11:02:15",446.1,2,"alessiopap,lorenzo176ita"
7672,16944547,アライグマ,"2026-09-23 12:54:39",446.0,1,alaiguma
7673,16930490,freesunp,"2026-09-21 02:48:31",446.0,2,freesunp
7674,16749271,"Shoki Suzuki","2026-09-26 15:00:23",445.9,2,shokisuzuki
7675,16661576,"Yash Jumde","2026-08-15 20:09:59",445.9,2,yashjumde
7676,16785568,"Sneha Bhargava4","2026-09-16 17:56:17",445.8,2,snehabhargava4
7677,16660330,wangyikai,"2026-08-09 07:59:45",445.7,2,wangyik
7678,16729086,samanyu,"2026-08-23 10:13:11",445.7,2,samanyu1808
7679,16663622,sammuq1,"2026-08-10 23:56:19",445.7,2,sammuq1
7680,16667722,Radhouen911,"2026-08-06 21:37:37",445.5,2,radhouen911
7681,16636719,"Naman Durve","2026-09-12 16:14:56",445.5,2,namancdurve
7682,16687602,"jithin manoj","2026-08-12 13:00:23",445.4,2,jithingmanoj
7683,16885346,"Michael Handal","2026-09-13 16:23:03",445.4,1,michaelhandal
7684,16867305,Prikat,"2026-09-26 23:21:26",445.4,2,prikat
7685,16661628,PradipBanerjee,"2026-08-05 21:03:11",445.2,2,pradipbanerjee
7686,16641501,Sonal,"2026-08-08 22:07:46",445.1,2,sonalm13
7687,16664205,"shr Wei","2026-09-03 06:00:47",444.9,2,shrwei
7688,16661233,"Uriel Johnson","2026-08-05 08:45:24",444.8,2,urieljohnson
7689,16621572,"Abdulazeez AbdulMumeen","2026-08-05 10:59:27",444.6,2,ayobeen
7690,16663040,"BARBARA GASKINS","2026-08-12 01:08:47",444.4,2,barbaragaskins
7691,16659658,"Tim Wong","2026-08-06 02:02:30",444.0,2,wai0186
7692,16657312,"baolood herid","2026-08-06 13:13:48",443.9,2,baoloodherid
7693,16859368,"Emmanuel King Christopher","2026-09-09 23:31:24",443.8,1,emmanuelkingchris
7694,16861019,CloriTeam,"2026-09-09 15:34:28",443.7,2,lorenzocomis
7695,16670986,"Anas Erami","2026-08-08 01:38:43",443.6,2,anaserami
7696,16809985,"ADOLE Edache","2026-09-25 11:47:46",443.4,2,adoleedache
7697,16684031,"Phillip Kamundia","2026-08-14 20:35:15",443.4,2,phillipkamundia
7698,16700596,"Markel Iru","2026-08-13 15:52:53",443.3,2,markeliru
7699,16663707,DotBix,"2026-08-12 21:45:54",443.2,2,dotbix
7700,16660899,"Clarence Trinidad","2026-09-16 18:28:20",443.1,2,claree007
7701,16838619,HeroGod,"2026-09-05 12:25:27",443.1,2,herogod
7702,16692128,gibocx,"2026-08-10 18:10:34",443.0,2,gibocx
7703,16925447,"Peter Tinashe Mundowa","2026-09-20 09:37:57",443.0,2,petermundowa
7704,16675686,"PRERIT MAURYA","2026-08-14 06:37:51",443.0,2,preritmaurya
7705,16842936,"Sreejit Pradhan","2026-09-12 19:11:37",442.9,2,sreejitpradhan
7706,16654312,Xmeeeee,"2026-08-05 00:11:29",442.8,2,xmeeeee
7707,16799224,"Tian Yan666","2026-09-03 14:48:42",442.7,2,tianyan666
7708,16804902,"aitahmed amina","2026-09-08 16:15:15",442.7,2,aitahmedamina
7709,16664558,"Praneeth Annapureddy","2026-08-05 04:52:45",442.7,2,praneethannapureddy
7710,16630520,dimitris_x94,"2026-08-23 21:10:57",442.6,2,dimitrisx94
7711,16888455,Erin,"2026-09-14 02:55:17",442.5,2,eringobyte
7712,16718517,"Jessica Yin","2026-08-17 00:10:31",442.5,2,jeqyin
7713,16631609,dlougen,"2026-08-04 16:40:03",442.4,2,dlougen
7714,16657502,Jasmeen,"2026-08-16 08:59:05",441.7,2,jasmeen0207
7715,16640965,jidaoluckey,"2026-08-08 07:10:45",441.7,2,jidaoluckey
7716,16666878,aaronykchen,"2026-08-17 15:06:13",441.5,2,aaronyukuchen
7717,16841679,Chafuuu,"2026-09-09 16:26:02",441.2,2,chafuuu
7718,16785352,"joão Vitor","2026-09-05 20:19:12",441.2,2,jaov30718
7719,16731790,"A random farmer","2026-08-18 02:19:53",441.1,1,hinatatokuda
7720,16652661,"Petru-Mihai Craciun","2026-08-05 14:55:07",441.1,2,petrumihaicraciun
7721,16668267,Saran,"2026-08-27 14:18:05",441.1,2,saran2
7722,16659520,"Play Code","2026-08-05 14:28:00",440.8,2,codenya
7723,16802580,WarlockCode,"2026-09-03 14:07:58",440.8,2,maktub83
7724,16686093,"Muhammad Usman Butt","2026-08-07 22:00:04",440.7,2,debugdemon
7725,16892719,"Sandeep Guttavalli","2026-09-21 11:33:21",440.6,2,sandeepguttavalli
7726,16671602,"Nithin Nambi","2026-08-07 00:09:31",440.3,2,nitthewit
7727,16932760,"Ian Hsu I guess","2026-09-23 01:09:40",440.2,2,ianhsuiguess
7728,16707331,"Simon Ziegs","2026-08-23 22:54:11",440.0,2,simonziegs
7729,16726441,Enrique.rfm,"2026-09-14 16:40:46",439.9,2,enriquerfm
7730,16728945,"Suryansh Kulshreshtha","2026-09-26 05:57:16",439.7,2,"busyfellow,suryanshkulshreshtha"
7731,16683761,"Chiefmen749 Aris","2026-08-10 07:42:42",439.6,2,saysplayz
7732,16771725,"Rijusmit Biswas","2026-09-18 10:55:33",439.5,2,rijusmitbiswas
7733,16838929,Charlesm85,"2026-09-06 05:56:26",439.3,2,charlesm85
7734,16662133,"Ding Lifeng","2026-08-29 08:20:49",439.3,2,dinglifeng
7735,16708348,"Edilaine Arceno","2026-09-25 16:16:44",439.2,2,edilainearceno
7736,16815817,haiy_qq,"2026-09-04 01:41:26",439.2,2,haiyqq
7737,16670090,"Gianpaolo Nettis","2026-08-24 08:42:07",439.2,2,rakes7
7738,16795330,"Alejandro Villacampa","2026-09-02 17:32:11",438.9,2,avillacampa
7739,16658678,"Manav Aghera","2026-09-06 18:16:28",438.9,2,manavaghera
7740,16786101,Cai0Emanuel,"2026-08-29 01:11:51",438.8,1,cai0emanuel
7741,16719679,ZhiruiLuo,"2026-08-25 15:52:57",438.6,1,zhirluo
7742,16728845,"Mohamed Kaleel","2026-08-22 16:12:58",438.4,2,mdkaleel
7743,16661751,"Shailaja J","2026-08-12 14:51:15",437.9,1,shailajaj
7744,16676497,"Non-veg plants","2026-08-07 09:54:00",437.7,2,mohammadshadabshaikh
7745,16668331,"Maitreya Mohapatra","2026-09-23 22:26:09",437.6,2,maitreyamohapatra
7746,16676482,GitLyf,"2026-08-16 12:47:59",437.5,2,"jaideva30,rohithkrishnaak"
7747,16709918,GUI666,"2026-08-26 16:17:40",437.5,2,gui666
7748,16728394,"Aisultan Davletkan","2026-08-16 13:01:38",437.5,1,aisdav
7749,16785932,"Thomas Yi","2026-09-04 00:33:06",437.4,2,tyyslashd
7750,16659080,VENKY,"2026-08-07 17:22:03",437.4,2,venkateshthatha
7751,16858543,"Fakhar Mustafa","2026-09-10 05:07:39",437.3,2,fakhar90
7752,16793145,KarlNUrban,"2026-09-05 12:19:50",437.3,2,karlnurban
7753,16641513,"Sameer Chakravedi","2026-08-15 16:06:11",437.1,2,sameerchakravedi
7754,16728414,"Pedro Caycho","2026-08-16 12:40:26",437.1,1,pjcc1123
7755,16668810,ZZZZGOD,"2026-08-07 19:11:09",437.0,2,zzzzgod
7756,16761148,Deku,"2026-08-23 13:36:57",436.9,1,piyushsharma5654
7757,16677047,LINOXYR,"2026-08-15 13:13:58",436.7,2,linoxyr
7758,16709512,Rustamdurdyyev,"2026-08-31 19:59:56",436.7,2,rustamdurdyyev
7759,16853371,JIAWEILI0001,"2026-09-23 15:42:25",436.7,2,jiaweili0001
7760,16692618,"Ali Zakaee","2026-08-09 10:13:02",436.7,1,itheequalizer
7761,16658520,drownedsnake,"2026-08-05 01:03:22",436.6,2,makerplay
7762,16667601,"Audrius Molis","2026-08-27 19:30:39",436.6,2,vienas
7763,16674266,HamYad,"2026-08-06 18:19:46",436.5,2,hamyadlab
7764,16717051,"Chirag Hosdurga","2026-08-13 13:38:41",436.3,2,chiraghosdurga
7765,16660697,"Dannis Wong11","2026-09-09 10:07:46",436.3,2,danniswong11
7766,16723614,"James Atteh","2026-09-12 06:28:17",436.2,2,jamesatteh
7767,16663871,"Iyed Djebbi","2026-08-07 09:25:07",436.2,2,iyeddjebbi
7768,16634060,"Chí Thành Đỗ","2026-08-02 05:11:58",436.2,2,chithanhdeptrai
7769,16716636,"Mahamane Lawaly","2026-08-13 10:22:51",436.1,1,mahamanelawaly
7770,16661360,"Jasper Jiss","2026-08-13 18:45:37",436.1,2,jasperjiss
7771,16699633,Nafmo,"2026-08-11 17:10:53",435.9,2,nafmo2
7772,16632503,"Wei Hsiang Lin111","2026-08-01 07:42:33",435.7,2,weihsianglin111
7773,16713723,"Jyot Buch","2026-08-12 23:09:41",435.5,2,jyotbuch
7774,16892976,"Tony He","2026-09-19 17:41:31",435.5,2,tonyyang0504
7775,16656627,"Soykot Podder","2026-08-14 05:39:06",435.5,2,diptopodder
7776,16745980,"Arif Amijoyo","2026-08-30 07:54:40",435.3,2,arifamijoyo
7777,16654458,"Likith Narakala","2026-09-10 20:27:03",435.2,2,likith17052004
7778,16711918,"Pavel Filin","2026-08-13 05:23:28",435.1,2,pavelfilin
7779,16706790,"Stas Chereshkevich","2026-08-19 12:23:33",435.1,2,staschereshkevich
7780,16735177,shilpa.rpns,"2026-08-22 04:57:10",435.0,2,shilparpns
7781,16917703,"Tommy Mac Bird","2026-09-18 02:14:59",434.9,1,tommymacbird
7782,16726285,Dhananjay,"2026-08-15 18:48:20",434.9,2,dhananjaylakkawar
7783,16764151,Jpadilla987@gmail.com,"2026-08-25 21:00:27",434.8,2,jpadilla987gmailcom
7784,16644053,Rafiozoo,"2026-08-03 19:26:40",434.7,2,rafiozoo
7785,16759112,songxin,"2026-09-27 03:54:32",434.6,2,likewaterandwind
7786,16705510,"Palak Choudhary","2026-08-11 07:12:44",434.6,2,palak2564
7787,16633984,"Mongkhon Hatit","2026-08-04 11:58:56",434.6,2,mongkolhatit
7788,16632855,Shreyash_Automation,"2026-08-21 00:06:49",434.5,2,shreyashautomation
7789,16671033,"Alexandr Shustikov","2026-09-17 22:35:17",434.4,2,alexandrshustikov
7790,16723490,"Panashe Arthur Mhonde","2026-08-22 11:41:19",434.3,2,panashearthurmhonde
7791,16877297,"Aaryan Gole","2026-09-15 09:37:08",434.3,2,aaryangole
7792,16661323,mzyktkhs,"2026-08-10 13:21:59",434.1,2,mzyktkhs
7793,16660484,"Waiswa Geoffrey","2026-08-31 08:29:58",434.0,2,waiswageoffrey
7794,16654394,sserges,"2026-08-08 20:46:14",433.5,2,sserges
7795,16644765,MoeCode,"2026-09-12 16:46:28",433.4,2,syrianeagle
7796,16697448,"Mykola Mazniuk","2026-08-15 17:57:39",433.0,1,mykolamazniuk
7797,16662079,"Farrukh Hussain","2026-09-08 11:36:07",432.8,2,farrukhhussai
7798,16713557,kaggri-kal-chal,"2026-09-16 18:53:51",432.8,2,"nainikaanish,shrivastavaaryan"
7799,16690221,"HISOKY DEV","2026-08-10 09:42:03",432.4,2,omarfahid
7800,16716002,"Preethi Gnanaprakasam","2026-08-14 09:10:46",432.2,2,preethignanaprakasam
7801,16676256,"Kotaro Nakamura","2026-08-11 22:18:41",432.0,2,kotaroma
7802,16773264,LA28,"2026-09-03 19:44:02",431.9,2,saisreelasyaappali
7803,16726765,"Ali Al-Killidar","2026-08-16 09:47:37",431.9,1,alialkillidar
7804,16691761,"Evie Barker","2026-08-15 13:40:05",431.9,2,eviebarker
7805,16729214,kisamaki0815,"2026-08-28 01:21:57",431.6,2,kisamaki0815
7806,16666132,andres555,"2026-08-28 14:36:21",431.3,2,"andres555,violalin"
7807,16623528,"Faijur Rahaman","2026-08-20 09:40:07",431.3,2,faijurrahaman
7808,16654401,ChronoForensics,"2026-08-08 17:26:11",431.3,2,ryanwollmuth
7809,16743032,"Sabarishvar S S","2026-09-03 17:49:08",431.2,1,sabarishvarss
7810,16623271,"William Morley","2026-07-31 10:09:16",431.0,2,williamkmorley
7811,16941095,"P. Sewmuthu Abewickrama Singhe","2026-09-23 12:34:39",431.0,2,psewmuthu
7812,16624414,"Chaitanya Jamble","2026-07-31 05:42:10",430.9,1,chaitanyajamble
7813,16633786,tuannm3812,"2026-08-28 08:00:42",430.9,2,tuannm3812
7814,16728821,"Alen Maria Nirmal","2026-08-17 21:51:03",430.6,1,alenmarianirmal
7815,16820596,Karina,"2026-09-16 11:36:45",430.5,1,karinajoey
7816,16706843,"yh z","2026-08-11 09:32:56",430.5,1,yhz123456
7817,16625149,Rubylicious,"2026-07-31 07:53:00",430.3,2,labibahalya
7818,16675631,"Aswini Gowda","2026-08-10 05:37:33",430.1,2,aswinigowda
7819,16760377,"Yuxuan Qian","2026-08-29 23:45:28",429.9,2,yuxuanqian
7820,16651939,"Yogesh Jadhav","2026-09-17 06:54:06",429.8,2,dynamo14324
7821,16726882,"Albert Yu","2026-08-17 00:01:53",429.7,2,yukinying
7822,16696271,"Neeta Sanjay Gajabi","2026-08-09 14:48:42",429.7,2,neeta2574
7823,16938771,"Daniel Peng","2026-09-22 03:53:05",429.6,2,codewithdaniel1
7824,16695095,"Jayanth Chowdary","2026-08-22 17:50:39",429.3,2,jayanthchowdary24
7825,16880350,喜欢逢坂大河,"2026-09-16 08:36:54",429.1,2,yhsno69
7826,16651042,Mira_332,"2026-08-27 04:58:29",429.0,2,ichiiohno
7827,16755159,"Kay Gijzen","2026-08-23 11:51:31",428.9,2,kaygijzen
7828,16732513,Taogege,"2026-09-22 09:17:12",428.9,2,"liyiyiyi6,taogege520"
7829,16692782,"Andres Regino","2026-08-23 20:26:03",428.8,2,andresregino
7830,16671670,"Karla Ziegler","2026-09-24 00:26:42",428.3,2,karlaziegler
7831,16759239,SunYaoXi,"2026-08-27 09:32:42",428.2,2,sunyaoxi
7832,16825489,"Monishwar S","2026-09-24 18:56:22",428.1,2,monishwar2718
7833,16735206,"Shiyal Kishan","2026-08-20 04:01:28",428.1,2,shiyalkishan01
7834,16734601,sweetlesson,"2026-08-18 00:40:55",427.9,2,sweetlesson
7835,16791617,"Neil Li","2026-08-30 00:10:32",427.9,1,neilliroub
7836,16664129,"Mr M 8641","2026-08-06 18:57:45",427.5,2,mrm8641
7837,16729996,"Michael Roust","2026-08-18 16:09:56",427.4,2,michaelroust
7838,16885547,L0k1xd,"2026-09-13 10:04:10",427.4,2,l0k1xd
7839,16775069,JWlKIM,"2026-08-26 23:22:43",427.2,2,jwlkim
7840,16663104,Sohan,"2026-08-23 14:42:40",427.2,2,sohansinghrawat
7841,16838460,"Yash Vardhan","2026-09-08 07:39:50",426.9,2,poruskapil1
7842,16668095,Menna_Allah_Samy12,"2026-08-15 15:04:56",426.9,2,mennaallahsamy12
7843,16891504,"Taha N Kaya","2026-09-14 14:03:21",426.9,1,tahankaya
7844,16776990,"Yash Kumar #2","2026-09-26 12:43:51",426.9,2,yashkumargunnersshot
7845,16890511,"Alex Solonsky","2026-09-14 08:57:30",426.8,1,alexsolonsky
7846,16654175,abhiv142,"2026-08-11 13:22:03",426.8,2,abhiv142
7847,16658051,SethuMadhavan004,"2026-08-09 09:38:27",426.6,2,sethumadhavan004
7848,16665647,hr15de,"2026-09-25 08:52:49",426.2,2,hr15de
7849,16663976,"wangyang denis","2026-08-12 06:26:08",426.2,2,wangyangdenis
7850,16637342,SupremeWarrior108,"2026-09-20 19:21:39",426.0,2,supremewarrior108
7851,16809943,"A Rook","2026-09-03 19:06:08",425.9,2,rookcastle
7852,16701367,CryptoQuant1992,"2026-08-11 13:04:12",425.7,2,cryptoquant1992
7853,16792685,李明,"2026-09-22 08:03:47",425.6,2,liming2026good
7854,16766803,"Kanishk Sharma","2026-09-01 23:52:42",425.6,2,kan1shq198
7855,16845679,"Wenhai Tang (raisin)","2026-09-07 03:33:14",425.6,1,wenhaitangraisin
7856,16657201,ShayML,"2026-08-08 09:02:05",425.5,2,shayml
7857,16725065,"Maxim Smirnov","2026-08-15 13:21:05",425.3,2,smirnoffmg
7858,16892644,ElKnilcho,"2026-09-14 19:01:37",425.3,2,elknilcho
7859,16911283,"Apratim Bajpai","2026-09-18 17:19:51",425.1,2,apratimbajpai
7860,16719460,"Amon #2","2026-08-15 12:40:41",425.0,2,ezjameng
7861,16660990,"Bunny Tang","2026-09-10 14:33:23",425.0,2,tanghung64
7862,16662095,"Buzz shocker","2026-09-13 20:28:48",424.9,2,buzzshocker
7863,16699436,"Oluwaseun O Adeya","2026-08-23 01:22:24",424.9,2,oluwaseunoadeya
7864,16912864,zhzhang,"2026-09-19 12:54:48",424.7,2,lililizh11
7865,16663804,"Fredy Meyer","2026-08-05 20:19:51",424.5,2,alexmeyerm
7866,16848309,"Angela Wu","2026-09-09 03:56:03",424.5,1,angelawurx
7867,16666066,Khush3e,"2026-09-16 23:20:51",424.5,2,khush3e
7868,16668241,"Shreyansh Kanotra","2026-08-08 19:56:15",424.4,2,shreyanshkanotra
7869,16773032,fecrescencio22,"2026-09-02 21:07:10",424.3,2,fecrescencio22
7870,16706184,"Lingaraju Saikumar","2026-08-16 11:51:34",424.2,2,lingarajusaikumar
7871,16656989,Crunchex,"2026-08-29 10:52:11",424.2,2,"asmo04,chinmaysoni48,codencry"
7872,16696993,healer2408,"2026-08-15 07:10:57",424.1,2,healer2408
7873,16872182,yxxchh,"2026-09-11 13:18:38",424.0,1,yxxchh
7874,16665470,KanakoS,"2026-08-18 13:13:58",424.0,2,kanakos
7875,16693255,"Carlos Hideo Yamaguchi","2026-08-10 00:59:12",423.8,2,carloshy
7876,16786264,"THISHA S","2026-09-06 06:53:09",423.4,2,thishas
7877,16659414,TTGP_TEAM,"2026-08-06 15:33:09",423.3,2,phttrntrnggia
7878,16742009,"Mutyam kavyanjali","2026-08-19 10:25:06",423.3,1,mutyamkavyanjali
7879,16796102,yiliang,"2026-08-31 12:55:20",423.3,2,yilianglv
7880,16717912,"Anu Kumari","2026-08-13 18:03:07",423.2,1,anuk16020
7881,16689017,"Mounica Challa","2026-09-17 19:39:39",423.2,2,mounicachalla
7882,16634911,onlytimeknows,"2026-08-22 12:31:11",423.2,2,onlytimeknows
7883,16925537,pballurkar,"2026-09-19 13:08:26",423.0,1,pballurkar
7884,16785010,"Victor Wangles","2026-08-28 16:01:17",422.8,1,victorwangles
7885,16897148,"Ikrame Ibn Hayoun","2026-09-15 14:26:06",422.7,2,ikrameibnhayoun
7886,16629201,"GUILLERMO REY PANIAGUA","2026-08-01 16:41:58",422.7,2,guillermoreypaniagua
7887,16638967,"Jenny Luo","2026-08-01 23:55:07",422.7,2,"jennyluo96,kyeoh92"
7888,16664352,"Shreyash Asati","2026-08-06 10:40:56",422.6,1,shreyashasati
7889,16683390,Christopher34,"2026-08-08 00:20:59",422.3,2,christopher34
7890,16661014,manu,"2026-08-16 04:45:12",422.1,2,manupandit
7891,16670464,halfpintcider,"2026-09-16 08:50:31",422.1,2,"amoghdeshpande2021,visspric7"
7892,16675340,"SHAURYA SHARMA","2026-09-03 00:57:48",422.0,2,shauryas555
7893,16778886,"Sandeep Das","2026-08-31 09:48:37",421.9,2,sandypos
7894,16857747,ru-shao,"2026-09-24 15:30:00",421.9,2,"shaoxw,souwaka"
7895,16918087,Kenyo8,"2026-09-21 07:47:02",421.8,2,kenyo8
7896,16640814,"Kritika Adhikari","2026-08-07 09:25:26",421.8,2,kritikaadhikari
7897,16854332,kotaross,"2026-09-09 15:18:06",421.8,2,kotaross
7898,16666447,"Shuaib ayad Jasim Jasim","2026-08-06 20:51:47",421.8,2,shuaibayadjasimjasim
7899,16862497,DefiAudit,"2026-09-27 01:40:33",421.6,2,defiaudit
7900,16768262,"Brayan Miranda G","2026-08-26 19:40:15",421.2,2,brayanmirandag
7901,16666873,"linli duan","2026-08-12 15:06:42",421.2,2,linliduan
7902,16623631,SeaEag1e,"2026-07-31 06:26:17",421.0,1,seaeag1e
7903,16662167,"Tara Singh Kharwad","2026-08-05 17:13:10",420.8,2,tarasi7261
7904,16698570,MurphyIIVan,"2026-08-10 03:35:41",420.7,2,murphyiivan
7905,16621518,jaccobian,"2026-08-29 08:11:50",420.4,2,harshraj22
7906,16627313,"Zafer Liu","2026-08-03 05:13:39",420.4,2,zaferliu
7907,16630896,OpenBuilder,"2026-08-08 12:09:06",420.3,2,weijunguo
7908,16702200,"ANGAD JANGIR","2026-08-11 02:01:38",420.3,2,angadjangir
7909,16664044,IntentionalSayshara,"2026-09-05 14:45:02",420.2,2,jaelle
7910,16655783,KonaKonaz,"2026-08-04 09:36:57",420.1,2,konakonaz
7911,16792392,pansya,"2026-09-20 10:00:15",420.1,2,pansya
7912,16671665,"Kobata Sota","2026-08-06 07:17:03",420.0,1,kobatasota
7913,16845067,"Vineet Gupta","2026-09-14 09:08:20",420.0,1,"graceydugar,vineetgupta2023"
7914,16669170,AsadUsmanFAST,"2026-08-05 22:37:33",420.0,2,asadusmanfast
7915,16686796,"Harinath Reddy A","2026-08-23 21:23:45",420.0,2,harynath
7916,16716299,Biwaaa67,"2026-08-13 19:57:06",419.9,1,biwaaa67
7917,16664004,"Me, Myself, and I","2026-08-11 03:57:46",419.9,2,notlunarxd
7918,16660455,"Alex Kapend","2026-08-05 08:42:26",419.5,2,alexkapend
7919,16656608,"Jeffrey Dilley","2026-08-04 15:40:08",419.5,1,jeffreydilley
7920,16668093,Sai_Dattu,"2026-08-07 07:35:01",419.5,2,saidattu2003
7921,16734096,"Cem Ali Görmez","2026-09-06 10:48:37",419.5,2,cemaligrmez
7922,16751796,"Leo Pallorina","2026-08-23 14:06:17",419.4,2,lelelsp
7923,16653429,mktdev,"2026-08-10 12:19:54",419.3,2,mktdev
7924,16677166,Spectrobot,"2026-08-08 11:11:46",419.3,2,spectrobot
7925,16765863,MADUPU.SRINIDHI,"2026-09-05 10:31:08",419.1,2,madupusrinidhi
7926,16729522,all-coder,"2026-08-16 17:55:08",419.0,2,allcoder
7927,16926757,MengXun326,"2026-09-20 21:55:59",418.7,2,mengxun326
7928,16675215,"Viljen Apalset Vassbø","2026-08-06 22:24:44",418.7,2,viljenapalsetvassb
7929,16919693,Maham1199,"2026-09-25 13:08:46",418.7,2,maham1199
7930,16682906,Masiki,"2026-09-05 13:55:54",418.4,2,blackseed
7931,16625434,"Chirapathleo Saelim","2026-09-08 08:40:06",418.4,2,chirapathleosaelim
7932,16623503,"D Mohith","2026-08-01 01:06:22",418.2,2,dmohith
7933,16722819,Anna,"2026-08-21 15:01:26",418.2,2,annatmp
7934,16659269,"Bedirhan Dinçer","2026-08-10 20:26:46",418.2,2,bedirhandiner
7935,16633097,"Matheus Bonjour Laviola da Silva","2026-08-02 11:08:21",418.1,2,matheusbonjour
7936,16661194,"Sandeep Vanapalli","2026-08-04 15:37:06",417.9,2,mrleaf
7937,16926880,KarthikeyaAnna,"2026-09-20 13:40:19",417.9,2,karthikeyaanna
7938,16856112,"Thomas White","2026-09-08 19:39:13",417.7,1,leopardguy
7939,16705640,"Dongre Laxman","2026-08-12 12:36:29",417.6,2,dongrelaxman
7940,16890098,"Binief Ta","2026-09-14 14:08:36",417.6,2,biniefta
7941,16807636,"Liu Panfeng","2026-09-05 00:30:20",417.6,2,liupanfeng
7942,16728839,Mharfe,"2026-09-06 23:26:08",417.4,2,mharfe
7943,16709299,"Divyanshu Choudhary","2026-09-04 13:13:32",417.4,2,divyanshuchoudhary25
7944,16623135,mohduwaishchaudhary,"2026-07-30 22:05:45",417.2,2,muwaish5
7945,16644023,"Yiğit Efe Albaş","2026-08-02 18:34:39",417.1,1,yiitefealba
7946,16931956,Aari101,"2026-09-20 19:23:51",417.0,2,aari101
7947,16700627,"Benedict Ebito Boyubie","2026-08-10 11:03:38",416.7,1,bboyubie
7948,16805621,"DIVYANSH KUMAR SINGH CHAUHAN","2026-09-02 04:04:53",416.7,2,capdiv
7949,16656579,"Riad Rayhan","2026-08-15 06:40:35",416.6,2,riadrayhan
7950,16662896,"Adrian Dubois","2026-09-21 03:33:43",416.6,2,adriandubois
7951,16660420,tipofyzik,"2026-09-05 14:34:30",416.5,2,tipofyzik
7952,16790603,xinbao,"2026-09-22 05:21:16",416.4,2,zww123456
7953,16665040,"Arnav Yashlaha","2026-08-05 05:44:26",415.9,2,arnavyashlaha
7954,16706054,"ErrorX Info","2026-08-20 11:30:03",415.8,2,"errorxinfo,shyampatel47"
7955,16717420,"Muhammad Yasir Sarwar","2026-08-13 14:40:09",415.8,2,muhammadyasirsarwar
7956,16804803,"01000110 01010101 01000011 01001011 00100000 01011001 01001111 01010101 00100001","2026-09-14 16:38:59",415.7,1,f01010101
7957,16653998,www1727,"2026-09-15 16:45:05",415.6,2,www1727
7958,16802866,"Antonio Di Cecco","2026-09-01 18:37:02",415.5,1,antdic
7959,16664512,oggyiu,"2026-09-01 07:46:10",415.5,1,oggyiu
7960,16925224,Raosaheb,"2026-09-20 08:17:04",415.4,2,raosahebmore
7961,16669703,AnubhavBhadani142,"2026-08-15 06:32:19",415.1,2,anubhavbhadani142
7962,16715456,"wilson LUNG","2026-08-17 23:54:10",415.1,2,wilsonlung
7963,16907577,"Дмитрий Витальевич","2026-09-17 07:59:28",415.0,2,mtkrqt
7964,16748500,stimmie,"2026-08-30 16:11:56",414.9,2,stimmie
7965,16802750,"[Deleted] fafa60dd-8026-43cc-b656-34ca4625ef7d","2026-09-01 12:22:13",414.9,1,del=e2a734cecd171934
7966,16707437,"Ivan Plekhanov","2026-08-11 12:03:11",414.9,1,nnob0dy
7967,16660318,"Aiman Al-Shalfi","2026-09-14 12:39:08",414.7,2,aimanalshalfi
7968,16668522,"Moatez Litaiem","2026-08-06 16:57:54",414.6,2,moatezlitaiem04
7969,16768578,"Patrick Lzz","2026-08-25 02:56:30",414.6,2,patricklzz
7970,16697396,"Collective Win","2026-08-18 05:10:12",414.5,2,collectivewin
7971,16729155,WangZihao5649,"2026-08-24 02:32:08",414.4,2,wangzihao5649
7972,16735012,"Shuvam Swapnil Dash","2026-08-28 19:56:48",414.3,2,"shashwatmandal,shuvamswapnildash"
7973,16735934,"Uday Kiran003","2026-08-18 06:23:18",414.1,1,udaykiran003
7974,16684776,"D Rithika","2026-08-10 18:36:30",414.1,2,drithika
7975,16721942,"Daniel Rodriguez Bothe","2026-08-18 16:57:00",414.0,2,danielrodriguezbothe
7976,16784400,K_DHEERAJ_11,"2026-08-31 02:58:38",413.8,2,kdheeraj11
7977,16668185,"Swayam Chavan","2026-08-09 01:12:23",413.8,2,swamboy
7978,16655820,"Cory Tortorici","2026-08-08 15:20:42",413.6,2,corytortorici
7979,16657520,"Joel De la Cruz Fuertes","2026-08-12 16:33:48",413.5,2,joeldcf
7980,16660923,naganikshith,"2026-08-06 08:01:09",413.5,2,naganikshith
7981,16896794,Cidoai,"2026-09-18 08:45:45",413.4,2,cidoai
7982,16694497,Kawai,"2026-09-25 17:21:01",413.3,2,"lavendermoon19,sumitwod"
7983,16809998,chzCharbs,"2026-09-15 08:14:49",413.2,2,chzcharbel
7984,16811013,"Sara Vahidestakhri","2026-09-03 00:32:07",413.2,1,saravahidestakhri
7985,16723072,Arthurt1,"2026-09-23 22:09:27",413.0,1,arthurt1
7986,16712259,geqiulin,"2026-08-13 04:46:11",413.0,2,geqiulin
7987,16660073,"Mahad Kakooza","2026-09-06 20:30:18",413.0,2,mahadkakooza
7988,16919106,Jocelyn--JY03,"2026-09-23 05:45:05",412.9,2,jocelynjy03
7989,16692373,"Ornevis Montero","2026-08-20 01:59:43",412.8,2,ornevisbolaosmontero
7990,16714240,"The Shovel","2026-08-26 03:21:18",412.8,2,"astapasta0,qotqat"
7991,16761319,Yuvraj,"2026-08-23 07:29:44",412.7,1,yuvrajkr01
7992,16778939,"Stepan Antonov","2026-08-27 07:59:30",412.7,1,stepanantonov
7993,16751979,"Sasha Sam","2026-08-27 20:02:46",412.6,2,sashasam
7994,16941853,"Prem Raga1809","2026-09-23 18:27:49",412.3,2,premraga1809
7995,16883044,"Muhammad Olamide","2026-09-16 10:59:44",412.2,2,muhammadolamide
7996,16662985,DanTheDataScienceMan,"2026-08-05 17:40:06",412.1,1,danthedatascienceman
7997,16630020,"Piotr Gabrys","2026-08-09 16:53:59",412.1,2,piotrekga
7998,16712488,"Vansh Bhura","2026-08-12 14:23:18",412.1,2,vanshbhura
7999,16638704,"Lee Yen Fei","2026-09-01 03:31:45",412.0,2,leeyenfei
8000,16927170,"çağrı okan","2026-09-19 23:33:54",412.0,2,cagrokan
8001,16670475,Adib,"2026-08-06 02:02:27",411.7,2,adibemohamed
8002,16624935,"Anjana mohan","2026-08-01 06:06:39",411.6,2,anjanamohan13
8003,16678819,"Digant Kathiriya","2026-08-07 02:07:51",411.6,2,digantkathiriya
8004,16827781,c1626343198,"2026-09-04 14:50:37",411.3,2,c1626343198
8005,16665152,"Ahmed Karim","2026-08-17 11:32:15",411.2,2,versusic
8006,16662646,"Jay Parsana","2026-08-09 18:07:10",410.8,2,jay051
8007,16723411,CaZen,"2026-08-15 10:48:16",410.6,2,cathzwah
8008,16662089,"Alonso Gallego Pacho","2026-08-27 13:27:36",410.6,2,alonsogallegopacho
8009,16745485,"Thamires dos Santos ","2026-09-25 01:42:25",410.4,2,thasantos
8010,16934824,Ken,"2026-09-21 09:28:50",410.4,2,kensuke77
8011,16623582,yunsuxiaozi,"2026-08-01 13:59:57",410.3,2,yunsuxiaozi
8012,16638953,"Joe Young","2026-08-03 19:23:13",410.3,2,jsphyg
8013,16750435,"Oleksandr Zalievskyi","2026-08-23 18:34:59",410.3,2,sashaworker
8014,16725957,"Ayman Tarig Mohammedosman Elgadi","2026-08-24 02:57:16",410.2,2,aymantarig17
8015,16840668,"Aratrika Ruhal","2026-09-13 23:35:13",410.1,2,aratrikaruhal
8016,16695828,rihiRule,"2026-08-11 13:40:24",410.0,2,rihirule
8017,16757336,Stevejustin,"2026-08-31 04:18:31",410.0,2,stevejustin
8018,16663055,jainish_d24ce180,"2026-08-10 13:54:40",409.7,2,jainishshah35
8019,16732395,"Nikita Antonov","2026-08-23 08:33:03",409.2,2,nantonov
8020,16660343,"Mert Olgun899","2026-08-05 13:05:07",409.0,2,mertolgun899
8021,16790718,"Carlos Alves","2026-09-02 04:29:42",409.0,2,carlosone
8022,16676327,shu10038,"2026-09-14 12:07:16",408.9,2,shu10038
8023,16662726,"Juan Carlos González Aguilar","2026-08-14 19:54:48",408.9,2,juancg
8024,16818498,"AARYAN VISHAL","2026-09-07 11:53:23",408.8,2,aaryanvishal
8025,16716657,"Jasti Phani","2026-08-19 08:38:00",408.8,1,jastiphani
8026,16804231,illegalplumbing,"2026-09-16 02:55:22",408.6,2,illegalplumbing
8027,16698029,"Meet Vachhani","2026-08-10 18:34:55",408.4,2,meetvachhani7
8028,16663259,erush,"2026-09-08 03:16:44",408.3,2,erushia
8029,16668141,"Soichiro Mochizuki","2026-08-07 22:13:36",408.0,2,soichiromochizuki
8030,16715404,"karthik reddy","2026-09-04 01:34:50",407.7,2,karthikreddyp
8031,16796474,"Chaitanya Mundhe ","2026-09-13 12:27:10",407.7,2,chaitanyamundhe
8032,16701713,"Максим Хованский","2026-08-10 14:35:38",407.7,1,yeezynaizi
8033,16655997,tanatet8,"2026-09-05 11:00:05",407.6,2,tanatet8
8034,16746562,"The Learning loop","2026-09-24 10:32:16",407.6,2,"jananikasenthilkumar,ssjaswanth"
8035,16857871,SHP123SHP,"2026-09-10 03:20:57",407.5,2,shp123shp
8036,16660531,greySnow,"2026-09-10 23:39:09",407.5,2,shlomoron
8037,16808233,"Yash Hingane","2026-09-04 12:53:43",407.5,2,yashhingane
8038,16657545,"Deepak Singh","2026-08-11 13:50:31",407.5,2,vihaannegi
8039,16671913,res67,"2026-08-07 16:22:30",407.4,2,junyeanyap
8040,16657574,harikrishnacs,"2026-08-04 12:28:53",407.3,2,harikrishnacs
8041,16669168,"Kingsley Jide","2026-08-31 21:30:18",407.3,2,kingsleyjide
8042,16665228,Jason_Qian,"2026-08-05 16:00:43",407.2,2,jasonqia
8043,16696959,"Joe Filfli","2026-08-11 10:47:03",407.2,2,joefilfli
8044,16768174,lambdap,"2026-09-06 13:25:29",407.2,2,lambdap
8045,16758987,"Irtaza Ahmed Khan","2026-09-08 06:38:25",407.0,2,yrrebeere
8046,16691704,"Rahman Aliyev","2026-09-10 17:59:57",406.8,2,rahman4li
8047,16669229,"Kayvan Sinha","2026-08-11 15:23:35",406.6,2,kayvansinha
8048,16809931,"john crick","2026-09-16 02:07:20",406.6,2,johncrick
8049,16632841,AGG,"2026-09-05 18:33:20",406.4,2,aleixgim
8050,16725349,"Saj Patel","2026-08-15 21:55:42",406.4,2,sajpatel15
8051,16689256,"Pavan Pusapati","2026-09-17 11:26:52",406.0,1,pavanpusapati
8052,16686954,"Davie Mdumuka","2026-08-09 19:40:56",405.9,1,daviemdumuka
8053,16759916,"Jeevith G","2026-08-23 06:58:50",405.8,2,jeevithg090
8054,16763523,"Nam Khánh Lê","2026-09-02 06:28:44",405.8,2,"khanhss,khimbodoi"
8055,16660317,esgranja,"2026-08-04 18:58:48",405.5,1,esgranja
8056,16681209,AgenticBuilder,"2026-08-13 18:44:29",405.3,2,gau2112
8057,16721530,revv0o,"2026-08-15 13:58:34",405.2,2,revv0o
8058,16674278,"Niels de Gier","2026-08-07 15:57:04",405.1,2,nielsdegier
8059,16716488,"Will Henderson290","2026-09-21 13:11:11",405.1,2,willhenderson290
8060,16849620,rgbweston,"2026-09-07 18:00:17",405.1,1,rgbweston
8061,16734431,"Maxwell Herron","2026-08-19 02:06:34",404.9,2,maxwellherron
8062,16659018,"Ramziddin Toxirov","2026-08-11 04:58:03",404.5,2,ramziddintoxirov
8063,16753895,Andrew98,"2026-08-22 13:10:58",404.4,2,vitem98
8064,16661966,Rocket,"2026-08-29 18:05:35",404.4,2,"aarchie4,nick16541,siddharthdongardive"
8065,16854266,もふもふ神,"2026-09-12 16:26:42",404.3,2,mohumohukami
8066,16738351,"Haidar Faruqi","2026-08-25 05:00:00",404.2,2,haidarfaruqi
8067,16659588,"Priya J","2026-08-14 05:57:46",404.2,2,priyaj21
8068,16795877,"Marco Polo","2026-09-16 00:02:55",404.1,2,zhesong1
8069,16839457,HugoLee_dreamer,"2026-09-14 01:18:31",404.1,2,hugoleedreamer
8070,16908873,KelOliHar,"2026-09-18 20:02:58",403.9,2,kelolihar
8071,16930439,wessa0,"2026-09-22 13:42:39",403.9,2,wessa0
8072,16669434,"Saugat Kannojia","2026-08-07 11:45:47",403.9,2,saugatkannojia
8073,16723779,Matheubern,"2026-09-07 02:24:32",403.8,2,matheubern
8074,16658366,kuroneko,"2026-08-04 10:43:29",403.8,2,kurorosuke
8075,16777612,"zebra G","2026-08-27 15:46:59",403.8,1,zebrag
8076,16798347,"Mr Michael Chung","2026-09-14 19:39:17",403.6,2,mrmichaelchung
8077,16757351,SaiVenkatesh,"2026-09-05 10:30:00",403.5,2,nothingnew
8078,16708896,"Alberto Scinetti","2026-08-13 19:18:11",403.3,2,albertoscinetti
8079,16655891,"Yukihito Ikoma","2026-08-27 03:55:41",403.2,2,yikoma
8080,16728017,"medkhalil hawachi","2026-09-25 10:02:52",403.1,2,medkhalilhawachi
8081,16808646,"Yimeng Wang","2026-09-08 06:33:38",402.9,2,yimengwang0814
8082,16696939,"Keaton Zang","2026-08-10 21:24:20",402.9,1,keatonzang
8083,16654947,"Ömer Hüseynov","2026-08-08 22:06:03",402.9,2,omarhuseynov
8084,16864670,"Takahiro Cho","2026-09-10 04:55:10",402.8,1,takahirocho
8085,16716589,"Shaik Adilazeez","2026-08-13 09:29:44",402.8,1,shaikadilazeez
8086,16898808,katoue,"2026-09-16 21:47:46",402.7,2,katoue
8087,16700685,"Preeti Dhotmal","2026-08-27 11:25:29",402.6,2,preetidhotmal
8088,16675232,"Rafif Ariq Rabbani","2026-08-27 19:37:32",402.5,2,rafifariqrabbani
8089,16676205,"Alhassan Fedawy","2026-08-14 17:15:07",402.3,2,alhassanfedawy
8090,16715416,"Md. Adnan","2026-09-20 08:53:58",402.3,2,mdadnan96
8091,16666944,"Meghnath S","2026-08-11 01:56:22",402.3,2,meghnaths
8092,16664514,"Henry Adjanor tetteh","2026-08-12 00:43:41",402.2,2,henryadjanortetteh
8093,16656156,"Kshitij aucharmal","2026-08-06 04:35:27",402.2,2,narutoaucharmal
8094,16679904,"Joshua Bensemann","2026-09-12 12:08:09",401.8,2,qazcat
8095,16681441,"Lamiaa Al-bdrani","2026-08-07 04:25:50",401.8,1,lamiaaalbdrani
8096,16712633,"Andy Andy","2026-08-13 08:11:38",401.7,2,andy3373
8097,16919222,"Lakshmi Sayyapureddy","2026-09-20 12:41:09",401.6,2,lakshmisayyapureddy
8098,16657712,"samuel job Adeola ","2026-09-20 22:25:10",401.2,2,samueljobadeola
8099,16750743,"Nagimov Timur","2026-08-20 21:10:30",401.1,2,nagimovtimur
8100,16630662,Akshatjhawar777,"2026-08-05 12:18:30",401.0,2,akshatjhawar777
8101,16622809,"German Vdovin","2026-08-03 00:38:01",400.9,2,ertrerhtytmnbdsefdw
8102,16656951,"[Deleted] 6015b650-8e16-4705-8036-db40bdd2d353","2026-08-04 09:08:05",400.8,1,del=084ea76838ad756b
8103,16944152,JanGO,"2026-09-24 00:35:44",400.7,2,jankoai
8104,16793657,Xin_T,"2026-08-30 16:48:11",400.6,1,xint666
8105,16758093,_student,"2026-08-23 22:21:25",400.4,2,drvtalan
8106,16695627,"Xu Lou","2026-08-09 13:01:23",400.4,2,xuxiaozhou666
8107,16664406,"MURDER GOOSE","2026-08-05 09:45:33",400.1,2,ujjwalar
8108,16671911,"Dwi Eflatino","2026-08-16 10:44:17",400.1,2,eflatino
8109,16726052,"Peter Mugoya","2026-09-17 08:35:32",400.1,2,petermugoya
8110,16659459,"Akandé Philippe ABIODOUN","2026-08-06 11:58:09",399.9,2,vrmelo
8111,16786328,"DanishGW School","2026-09-02 03:50:19",399.8,2,danishgwschool
8112,16938488,Firdannn,"2026-09-22 20:12:18",399.8,2,firdannn
8113,16700876,"Oyegoke Emmanuel","2026-09-27 07:00:14",399.8,2,oyegokeemmanuel
8114,16715033,"Colton Byers","2026-08-17 10:41:50",399.7,2,coltonbyers
8115,16668368,"Waleed Hasan","2026-08-12 01:42:22",399.7,2,whasan
8116,16700294,"SWAPNEEL BANERJEE","2026-09-24 15:53:50",399.7,2,swapneelbanerjee
8117,16661453,"Disleve Kanku","2026-08-14 15:32:51",399.6,2,dislevekanku
8118,16659659,"michael J king","2026-09-22 02:24:45",398.9,2,michaeljking
8119,16702980,GCSudarshanReddy,"2026-08-15 17:32:06",398.9,2,gcsudarshanreddy
8120,16913940,"Mustafa Rehman","2026-09-21 09:33:59",398.6,2,mustafar34
8121,16719296,Mr.TtT_Games,"2026-08-14 04:58:39",398.5,2,mrtttgames
8122,16707987,"Big Balls Entertainment","2026-08-12 10:18:24",398.3,2,"pavivin,semenkolesnikov"
8123,16701064,KMishra011,"2026-08-20 20:30:34",398.2,2,kmishra011
8124,16664401,"Pranav Premchand","2026-08-05 03:07:24",398.1,1,pranavpremchand
8125,16672292,"KARTIKEY PANWAR","2026-08-06 05:46:16",398.0,2,kartikeypanwar
8126,16670387,"Oracle69 AI","2026-09-26 21:10:07",398.0,2,princeadewaleadewumi
8127,16663815,"Tetsuya Sasaki","2026-09-05 00:00:30",398.0,2,sasakitetsuya
8128,16686411,NeoCodes.Dev,"2026-08-23 23:53:10",397.9,2,neocodesdev
8129,16669945,"Turab Zaidi","2026-08-07 13:27:44",397.8,2,turabzaidi
8130,16671773,"Sawyer Lundberg","2026-08-07 03:33:23",397.8,2,sawyerlundberg
8131,16763400,"Parth Sarnobat","2026-09-24 18:54:48",397.8,2,parthsarnobat
8132,16661717,"Yaswanth Ippili","2026-08-06 11:32:13",397.4,2,yaswanthippili
8133,16757017,"William Green","2026-09-05 01:33:23",397.2,1,dskswu
8134,16664064,lookapmaka,"2026-08-10 17:19:05",397.2,2,lookapmaka
8135,16840626,"Christopher Márquez","2026-09-12 22:23:02",397.2,2,christophermrqz1174
8136,16653006,"anthony mbadiwe ikeme","2026-08-18 09:08:02",397.1,2,anthonymbadiweikeme
8137,16888334,"Ohene A","2026-09-14 17:36:00",397.1,2,pamo12
8138,16791546,fatimakhlid,"2026-09-10 21:00:33",397.0,2,fatimakhlid
8139,16708409,toshiconner,"2026-08-12 06:30:06",396.6,2,toshiconner
8140,16661633,"Joseph Garcia","2026-08-19 16:28:08",396.6,2,josephpgar
8141,16690197,"Ankit Kushwaha_06","2026-08-18 08:10:12",396.6,2,ankitkushwaha06
8142,16666596,"Daumas Benjamin","2026-09-03 10:05:38",396.5,2,daumasbenjamin
8143,16639764,CortexExplorer,"2026-09-20 15:15:59",396.4,2,cortexexplorer
8144,16834632,casua132,"2026-09-05 07:56:17",396.1,1,casua132
8145,16658202,"SNAEHATH P","2026-08-06 13:51:15",395.9,2,snaehath
8146,16639916,BloomBerry,"2026-08-12 12:38:31",395.8,2,kagglepalandata
8147,16640810,まさやん,"2026-08-12 15:22:53",395.7,2,masayam1234
8148,16729708,msmsuman,"2026-09-06 11:11:45",395.7,2,msmsumanmuskan
8149,16690299,"EL GORRIM MOHAMED","2026-09-01 10:59:10",395.7,2,elgorrimmohamed
8150,16701885,"Mehdi L.","2026-08-13 13:41:14",395.6,2,lmehdi
8151,16667615,"Zayd Mulani","2026-08-08 23:05:57",395.5,2,zaydmulani
8152,16657054,"ömer umut güngör","2026-08-05 06:10:22",395.5,2,merumutgngr
8153,16817520,shreyansh0103,"2026-09-15 09:18:38",395.3,2,shreyansh0103
8154,16666334,UnderBlade,"2026-08-05 09:56:11",395.0,2,"athillazaidan,kurtmikhael"
8155,16663674,"Mason Mahar","2026-08-30 04:00:17",395.0,2,masonmahar
8156,16790615,"Suryansh Vashisth","2026-08-31 10:38:54",395.0,2,songoku2005
8157,16744018,"ZK Adam","2026-08-27 17:40:04",395.0,2,zkadam
8158,16726168,"Shrey Modi","2026-08-15 19:42:14",395.0,2,shreymodi2
8159,16881479,GG,"2026-09-13 11:27:34",394.9,2,ggroth
8160,16658498,cheesama,"2026-08-04 23:36:18",394.8,2,cheesama
8161,16666958,TinkerBotics,"2026-08-05 20:29:19",394.8,2,salosojaedwin
8162,16689286,"Telman Yusifov","2026-08-09 07:08:46",394.6,2,yusifovtelman
8163,16805176,"Hritvika Tawde","2026-09-13 11:22:46",394.5,2,hritvikatawde
8164,16736432,"Sarthak #2","2026-08-18 12:33:53",394.4,2,srthkdixit
8165,16656023,JD_Mello,"2026-09-06 01:41:52",394.4,2,jdmello
8166,16664818,"B M Dimpu Shree","2026-08-21 10:51:22",394.3,2,bmdimpushree
8167,16779823,"Jean Dem","2026-08-31 12:38:41",394.3,2,jeandem
8168,16666479,"Prajwal Nivangune","2026-08-09 18:33:51",394.1,2,prajwalnivangune
8169,16658219,"Deepesh Pankaj","2026-08-15 05:58:07",393.9,2,deepeshpankaj
8170,16763938,"joel paul","2026-08-26 02:05:07",393.7,2,joelpaulf
8171,16780101,jjjhoon,"2026-08-28 04:04:26",393.7,2,jjjhoon
8172,16931682,"Vijay kumar Gandem","2026-09-20 18:04:40",393.5,2,vijaykumargandem
8173,16716702,"majjati khalid ","2026-08-19 14:12:32",393.5,2,khalidma
8174,16639727,"Andres Mohali","2026-08-13 23:03:25",393.4,2,mohax3
8175,16808705,Danielaijdkx,"2026-09-03 11:29:34",393.4,1,danielaijdkx
8176,16906688,"Qiao Ruicheng","2026-09-17 11:47:47",393.4,2,qiaoruicheng
8177,16671532,"Yuri Nakayama","2026-08-13 11:34:55",393.4,2,yurinakayama
8178,16758681,"Sahil suman","2026-08-26 16:26:13",393.0,2,gruntingtorch
8179,16850232,"Kharchenko Bogdan","2026-09-09 18:57:16",392.9,2,kharchenkobogdan
8180,16624879,indira,"2026-07-31 06:52:02",392.9,2,inansia
8181,16661990,"Olaoluwa Abiodun","2026-08-05 14:57:07",392.8,2,laoluwaa
8182,16843393,"Rizki Syawaldi","2026-09-20 08:55:34",392.6,2,rizkisyawaldi
8183,16695479,Anandhasabesan,"2026-08-09 13:50:37",392.6,1,anandhasabesan
8184,16802028,Dong,"2026-09-11 03:53:23",392.2,2,protostar
8185,16665988,"Ronel maamoc","2026-08-31 09:37:13",391.9,2,ronelmaamoc
8186,16759765,"Ososanwo Idris Olaitan","2026-09-11 18:38:06",391.9,2,ososanwoidrisolaitan
8187,16660287,BhatNasir,"2026-08-04 16:29:18",391.9,2,nasir94
8188,16693307,"Vlad Gavrilov","2026-08-09 04:00:29",391.6,2,vladgavrilov
8189,16735307,"Ayush Dhabsa_real","2026-09-10 09:13:50",391.6,1,ayushdhabsareal
8190,16732340,"BJ Kim","2026-08-19 15:17:16",391.5,2,doitdoit80
8191,16776777,cerceanit,"2026-08-29 14:51:48",390.9,1,uaisamangeldi
8192,16691891,"Gagan Thakur","2026-08-16 04:36:51",390.9,2,gaganthakur2006
8193,16732355,"Nagesh gite","2026-09-06 07:44:05",390.7,2,"kuberb,nageshgite,vasugupta1121"
8194,16890562,Names231,"2026-09-14 16:08:48",390.6,2,names231
8195,16675385,Apex🦾,"2026-08-14 18:00:17",390.5,2,"raghadabdullara,renadahmadalamri,zzainh"
8196,16673009,CruelShow,"2026-09-13 10:36:40",390.5,2,cruelshow
8197,16768884,z y f 007,"2026-08-31 05:39:35",390.5,2,zyf007
8198,16685904,KavYaHD,"2026-08-10 13:02:45",390.5,2,kavyahd
8199,16716670,"Aremanda Yasaswini","2026-08-13 09:27:46",390.1,1,aremandayasaswini
8200,16659720,Project_Kurukshetra,"2026-08-16 05:01:34",390.0,2,"chaitanyaterli05,lavanyayandapalli"
8201,16747782,"Muhammad Agam Febryan","2026-08-29 18:22:04",390.0,2,muhammadagamfebryan
8202,16675462,bkcoban,"2026-08-07 18:22:48",389.7,2,bkcoban
8203,16783050,"Charles Chen","2026-09-07 06:24:21",389.7,2,charles2580
8204,16719603,"sravan Tirumala","2026-08-14 03:05:43",389.5,1,sravantirumala
8205,16666216,missss,"2026-08-06 06:49:00",389.5,2,missssb
8206,16675043,malibu_orange,"2026-09-05 13:27:13",389.2,2,malibuorange
8207,16941652,里奥梅东,"2026-09-25 10:55:28",389.2,2,lionalmedong
8208,16689877,Amr_Said1233,"2026-08-08 08:48:28",388.9,1,amrsaid1233
8209,16711374,Jascha,"2026-08-13 11:22:30",388.9,2,lippja
8210,16686726,"Skander Neffati","2026-09-19 12:40:23",388.8,1,skanderneffati007
8211,16738441,"Moritz Huber","2026-08-30 21:00:10",388.8,2,moritzhuber
8212,16671512,"Darren Grendi","2026-08-10 00:38:51",388.6,1,darrengrendi
8213,16661095,"AAYUSHMAAN PATEL","2026-08-09 08:16:53",388.5,2,aayushmaanpatel
8214,16660294,"Mohamed Amadu Bangura","2026-08-04 16:14:07",388.4,1,mohamedamadubangura
8215,16730589,山谷知輝,"2026-09-02 02:03:05",388.4,2,tomokiyamaya
8216,16673583,"Priyanshu Jha","2026-08-16 08:10:08",388.4,2,codewithjha
8217,16625418,"Hariprasanth Paranjothy","2026-08-01 05:52:19",388.1,2,hariprasanth8
8218,16759225,"Andrea Jordan Paro","2026-08-24 11:24:14",387.9,2,andreajordanparo
8219,16662267,"Fahim Montasir","2026-08-10 16:15:10",387.8,2,fahimmontasir
8220,16658535,khanna.rohit5,"2026-08-10 05:00:31",387.7,2,khannarohit5
8221,16738335,"Xuzhou Dong","2026-08-20 14:39:16",387.5,2,xuzhoudong
8222,16669102,Ritik,"2026-08-07 18:11:13",387.4,2,xritikx
8223,16794302,bettta11,"2026-09-04 23:25:27",387.2,1,bettta11
8224,16667759,"Nafis Fuad Shahid","2026-08-05 19:21:39",387.1,2,nafisfuadshahidd
8225,16894573,VISHWAPRIYAI,"2026-09-26 05:20:43",387.1,2,vishwapriyai
8226,16717447,zhiyue666,"2026-09-10 09:01:07",387.0,2,zhiyue666
8227,16860003,"Aatif Sayyad","2026-09-10 21:31:13",386.9,2,aatifsayyad
8228,16625770,"Đức Trung Trần","2026-08-24 11:01:33",386.2,2,ctrungtrn
8229,16654290,"Srinivasa Ranga","2026-09-23 20:38:38",386.1,2,srinivasaranga
8230,16623054,"Max Bond ABE","2026-08-15 22:43:34",386.0,1,maxbondabe
8231,16851939,"Naoya Mieno","2026-09-11 06:19:02",386.0,2,naoyamieno
8232,16665449,AgroVisionAI,"2026-08-11 19:52:49",385.6,2,"aishwaryvarshney,bhuppisharma,kirtisharmaphd,pragyasingh59,priyasingh0590"
8233,16876529,"Νικόλαος Μπριάκος","2026-09-17 09:06:24",385.3,2,bnikos
8234,16757615,"Muhammad Umer Khan","2026-09-27 08:54:17",385.3,2,mehmedumer0028
8235,16622943,"Erwin Huizenga","2026-09-06 15:04:57",385.1,2,erwinh
8236,16676397,Rohan_Joshi6404,"2026-08-13 13:58:56",385.0,2,rohanjoshi6404
8237,16655372,abobakrosman87,"2026-09-26 04:03:07",384.8,2,abobakrosman87
8238,16660489,"Luca Lullo","2026-09-24 06:56:17",384.4,2,lucalullo
8239,16689349,"Adunola Abdulrahman","2026-08-10 17:38:47",384.3,2,adunolaabdulrahman
8240,16656902,"Ram Chandra Gupta","2026-08-05 10:18:41",384.2,2,ramchandra142
8241,16662319,ethan.ai,"2026-08-13 18:16:35",383.7,2,ethanai
8242,16657063,"those how","2026-08-04 07:50:57",383.5,2,thosehow
8243,16677747,"Yuvraj Bhatt","2026-08-10 08:38:11",383.5,2,bhattyuvraj22
8244,16638938,Light&Thunder,"2026-08-09 06:39:19",383.4,2,yerne39
8245,16663286,"Fan Wang","2026-08-10 21:12:40",383.3,2,wangfan420
8246,16772511,"Max Gläser","2026-08-26 23:39:34",383.3,1,maxglser
8247,16668286,"Sabari V","2026-08-15 14:38:41",383.1,2,sabari112005
8248,16727920,"Youssef Yacoup","2026-09-27 02:17:18",383.1,2,youssefyacoup
8249,16685615,Spectra,"2026-08-07 16:14:32",383.1,2,thomaskressig
8250,16839419,"Gunratna borkar","2026-09-05 23:32:33",382.9,2,gunratnaborkar
8251,16658227,Gugu888,"2026-08-14 04:27:57",382.9,2,gugu888
8252,16660852,"K VISHALINI","2026-08-13 06:59:27",382.9,2,kvishalini
8253,16793391,"Muhammad Ussman","2026-09-24 20:18:29",382.8,2,muhammadussman
8254,16790076,Jessewudao,"2026-09-04 16:54:58",382.7,1,"jessewudao,zongruixie"
8255,16712906,"Sharad Garg","2026-08-13 14:54:43",382.6,2,sharadgarg
8256,16689344,"Shalini Gangrade","2026-08-09 13:17:30",382.3,2,shalinig1
8257,16643278,"Giovani Moresco","2026-08-06 05:30:45",381.9,2,giovanimoresco
8258,16669516,GorgeousCookie,"2026-08-06 09:17:13",381.9,2,axellindqvist
8259,16668431,"Harshpreet Singh #2","2026-08-06 01:06:28",381.8,1,harshpreetsingh45
8260,16784030,"Pooja Gera","2026-09-02 15:10:47",381.8,2,poojagera00
8261,16709179,"SATENDRA SINGH","2026-09-17 03:39:22",381.8,2,satendrasingh9876
8262,16856809,"Mateusz Kuzniar","2026-09-08 22:14:50",381.7,2,mateuszkuzniar
8263,16710241,"Julien Serbanescu","2026-08-12 14:32:50",381.5,2,julienserbanescu
8264,16794153,"harshita harshita","2026-08-31 17:47:11",381.4,2,harshitaharshitaaaa
8265,16691565,"Blu cky","2026-08-09 19:13:27",381.4,2,llmdablucky
8266,16677804,"Pravin Takpire","2026-08-11 08:17:51",381.1,2,pravintakpire
8267,16704985,"Ethan Marchisano","2026-08-24 21:36:54",381.1,2,ethanmarchisano
8268,16691790,"Akshay Sawant","2026-08-08 19:33:14",380.7,2,akshaysawant8983
8269,16693087,osprey2k,"2026-09-09 02:34:27",380.5,2,osprey2k
8270,16892509,"Konko M","2026-09-14 18:52:34",380.4,2,konkomaji
8271,16660228,"Ochuwa Pearl Isa","2026-08-06 09:29:36",380.3,2,pearlisa
8272,16779805,"Ákos Blaschek","2026-09-01 17:21:44",379.9,2,kosblaschek
8273,16774921,"conor lowth","2026-08-28 10:46:42",379.8,2,conorlowth
8274,16732041,"Vallapu Nandini","2026-08-17 10:22:47",379.8,1,nandinivallapu
8275,16947693,"Mohammad Rashid Pathan","2026-09-26 16:47:36",379.7,2,pathanmohammadrashid
8276,16898258,"Eugene Blackman","2026-09-22 22:46:05",379.6,2,eugeneblackman
8277,16765643,canwind,"2026-09-25 14:19:51",379.6,2,canwind
8278,16676726,"Manaswi Bansal","2026-08-16 06:28:05",379.5,2,manaswibansal
8279,16709337,"Chris Turnbull","2026-08-11 22:15:57",379.3,2,christurnbull
8280,16661659,"Ivan Zagorulko","2026-08-05 10:53:13",379.2,2,normaldaki278
8281,16662081,Ayush_Bhaskar_25323010,"2026-08-08 19:49:56",379.2,2,ayushbhaskar25323010
8282,16690812,zhangkai_0121,"2026-08-09 01:40:21",379.1,2,zhangkai0121
8283,16663990,"OURNO PAPA SALIF","2026-08-07 23:18:43",379.1,2,belfiremine
8284,16664454,"Naga Vinay Avvaru","2026-08-05 07:04:44",378.9,2,anagavinay
8285,16662162,"THE predict","2026-08-13 21:18:25",378.8,2,vikaspal505
8286,16668268,"Kunal Rout","2026-08-06 05:48:25",378.8,2,charlotte26
8287,16793944,"Grupo 808","2026-08-30 22:36:59",378.8,1,grupo808
8288,16897491,"Santipab Tongchan","2026-09-15 14:39:58",378.7,1,santipabtongchan
8289,16658512,fatariq,"2026-08-10 21:18:35",378.7,2,fatariq
8290,16915490,"Rounak Mukherjee","2026-09-26 09:11:58",378.7,2,zade799
8291,16689718,HumsAuraTech,"2026-08-21 17:11:42",378.6,2,humaima03
8292,16936198,"Greedy Acres","2026-09-25 06:32:24",378.4,2,axelmd
8293,16661476,slowpoke,"2026-08-29 16:33:07",378.4,2,banboyechristains
8294,16858496,"Aziz Alqwm","2026-09-27 07:00:55",378.3,2,azizalqwm
8295,16654758,f--n,"2026-09-06 13:37:43",378.3,1,a17442473
8296,16896549,"Nived P A","2026-09-15 16:39:35",378.1,2,nivedpa
8297,16782192,"Marcelo Correa","2026-09-25 11:24:09",377.9,2,mvcorrea
8298,16658304,"KETHAVATH Aadarsh","2026-08-05 21:00:45",377.9,2,kethavathaadarsh
8299,16729351,vlad.shorodok,"2026-08-16 18:05:09",377.4,2,vladshorodok
8300,16848262,Philedo,"2026-09-12 14:33:59",377.1,2,philedo
8301,16698188,"Smartex Dan","2026-09-25 22:13:17",377.0,2,smartexdan
8302,16702935,"Defne Demir","2026-08-11 18:27:36",377.0,2,defnedemir
8303,16774592,"Oliad Dandana","2026-08-27 09:28:20",376.8,2,olidan
8304,16658286,"Jatin Gujarathi","2026-09-20 08:36:06",376.8,2,jatingujarathi
8305,16670257,RonitKhanna333,"2026-08-12 12:22:11",376.6,2,ronitkhanna333
8306,16775684,ketterking,"2026-09-27 08:29:04",376.4,2,"ketterwang,wwppyywwww"
8307,16664617,BarkeviousBingo,"2026-08-19 04:34:59",376.4,2,barkeviousbingo
8308,16659247,cindrella_18,"2026-09-22 09:10:52",376.4,2,"ankithraj30,neharaj1518"
8309,16735580,"Dhiya Nachimuthu","2026-08-30 06:13:38",376.3,2,dhiyanachimuthu
8310,16761784,"Ghaith Kammoun","2026-08-24 21:19:54",376.1,2,ghaithkammoun
8311,16673201,"Sanjay Varma Malladi","2026-09-18 07:00:17",376.0,2,sanjayvarmamalladi
8312,16629742,yun,"2026-08-15 09:10:21",375.8,2,yuyumarupython
8313,16660515,"pooja sandali","2026-08-08 05:51:03",375.8,2,poojasandali
8314,16727480,MSAM,"2026-09-07 13:43:02",375.8,2,arashdeepsinghmaan
8315,16685207,"Koushik Thummu","2026-08-07 18:15:47",375.5,2,koushikthummu
8316,16867865,"ADITYA RAJ","2026-09-20 17:14:43",375.5,2,adityaraj2026yp
8317,16741746,"Ahmed Harfoush","2026-08-19 09:47:45",375.2,1,ahmed1harfoush
8318,16681188,"Tresor Mufalme.","2026-08-08 09:29:05",375.0,2,tresormufalme
8319,16658367,"Prachii Sonii","2026-08-31 17:28:45",374.9,2,prachiisonii
8320,16670188,orivael,"2026-08-05 21:20:17",374.9,2,orivael
8321,16656860,SamReiswig,"2026-09-02 04:04:09",374.8,1,sreiswig
8322,16660929,ttkk,"2026-08-12 16:39:58",374.6,1,optimavia
8323,16905792,"Omar Tarek Fahmy","2026-09-16 10:59:04",374.1,1,omartarekfahmy
8324,16714425,sileza,"2026-08-13 12:57:35",374.0,1,azelis
8325,16670565,"Grant Biellak","2026-08-05 22:52:01",374.0,2,grantbiellak
8326,16657438,"Udit Aggarwal1","2026-08-08 19:09:27",373.8,2,uditaggarwal1
8327,16667987,"Kunj Kansara","2026-08-05 13:41:26",373.6,1,kunjkansara
8328,16654788,bumbum,"2026-08-14 12:59:51",373.6,2,krzysztoff1
8329,16628404,theken,"2026-08-09 12:19:19",373.5,2,theken
8330,16726569,"Andrey Balvaneda","2026-08-17 20:59:45",373.5,2,andreybalvaneda
8331,16692825,"Saad Arain","2026-08-09 12:27:08",373.4,2,saad451
8332,16656932,"Thivvin Raj","2026-08-13 03:53:35",373.4,2,thivvinraj
8333,16733318,"Anuj Bolewar","2026-08-18 11:11:01",373.3,2,anujbolewar
8334,16844246,"CS Abhinay","2026-09-17 08:56:32",373.1,2,csabhinay
8335,16692710,"Baran Haydar","2026-08-12 06:56:50",373.0,2,baranhaydar
8336,16796468,suin7328,"2026-09-05 02:05:08",373.0,2,suin7328
8337,16729669,HYPEREUCLIDEAN,"2026-08-19 07:47:48",372.8,2,hypereuclidean
8338,16896207,"Bùi Cao Trí","2026-09-15 16:17:43",372.7,1,bicaotr
8339,16654258,"Ashray Bagde","2026-08-13 08:13:00",372.6,2,ashrayaaaaa
8340,16662854,"NISCHAY SANJAY JIWANKAR 23115098","2026-08-13 05:38:18",372.6,2,nischay2908
8341,16875657,"Валерия Захарова","2026-09-12 23:53:56",372.5,2,melomanpanda
8342,16920572,"Mahalakshmi boga","2026-09-26 12:26:50",372.4,2,mahalakshmiboga
8343,16662791,"Shiva Neshan yuva","2026-08-15 18:39:16",372.4,2,shivaneshanyuva
8344,16890222,"Borisov Emilian","2026-09-18 05:14:34",372.2,2,emili123
8345,16682386,"Charbel Nehme","2026-09-27 07:47:40",371.9,2,charbelnehme
8346,16758663,"Light In","2026-08-22 19:18:51",371.9,2,lightin45
8347,16731108,"Vipparla Nandini","2026-08-17 06:29:48",371.9,1,vipparlanandini
8348,16664450,"Fritz Adelbertus","2026-08-10 01:13:44",371.8,1,fritzadelbertus
8349,16727326,AhmedMousaHassan2510,"2026-08-17 12:56:01",371.7,2,ahmedmousahassan2510
8350,16710244,Bytemindd,"2026-08-26 10:20:45",371.7,2,"daisy023,sruthikanv,thasneemj,uthayanandhini,vajraparameswari"
8351,16666257,"Shijian Wen","2026-08-06 09:40:44",371.6,2,shijianwen
8352,16706257,dlv,"2026-08-13 11:11:14",371.6,2,ducott1
8353,16894517,kuchinwei,"2026-09-17 14:52:52",371.1,2,kuchinwei
8354,16870467,wentingyun,"2026-09-11 10:21:01",371.1,1,wentingyun
8355,16691753,"Jan Moilanen","2026-08-09 12:02:17",371.0,2,janmoilanen
8356,16794088,"Felipe Colombarolli","2026-08-31 00:46:32",370.9,2,felipecolombarolli
8357,16730745,"Aymerou Yaya Koné","2026-09-26 01:30:11",370.6,2,aymerouyayakon
8358,16671613,Tyler_026,"2026-09-26 09:44:50",370.6,2,tyler026
8359,16890976,zyh222,"2026-09-24 04:52:22",370.5,2,"eason0407,hrj314,tanghuan2005,zyh222"
8360,16705696,"TS Farmer","2026-08-13 11:22:09",370.4,2,"shivangkainth,tusharsekhri27"
8361,16792567,"Karan Rai","2026-09-24 22:40:06",370.4,2,karanrai248
8362,16749503,ally,"2026-08-23 11:48:49",370.3,2,phamngoclinh
8363,16891519,SongShijieCC305,"2026-09-14 16:03:59",370.1,2,songshijiecc305
8364,16690947,"Veiled Star","2026-08-10 13:36:49",370.1,2,veiledstar
8365,16727022,Saharkh99,"2026-09-01 00:18:26",369.6,2,saharkh99
8366,16855738,"Anuj Gupta","2026-09-09 07:38:48",369.4,2,anuj6540
8367,16658519,"David kinyanjui","2026-08-31 07:10:00",369.3,2,davidkinyanjui
8368,16673825,h_jun,"2026-08-10 06:21:12",369.2,1,lhjoon77
8369,16757236,"Erlanda Miko P","2026-08-23 07:02:01",369.1,2,snneva
8370,16723569,"Trishanth Mellimi","2026-08-15 07:09:55",368.9,2,trishanthmellimi
8371,16717797,"patan hashmi","2026-08-13 15:02:52",368.8,1,patanhashmi
8372,16721529,"Danny De Bree","2026-08-20 09:46:36",368.7,1,dannydebree
8373,16668479,"Muneera Mahjabeen","2026-09-15 03:45:05",368.6,2,muneeramahjabeen
8374,16663981,"Steven Pun","2026-08-07 01:59:52",368.5,2,stevenpunn
8375,16662197,"Zehra Basaral","2026-08-07 10:42:57",368.5,2,zehrabaaral
8376,16690029,Nitesh_Prajapati2569,"2026-09-15 07:04:17",368.4,2,niteshprajapati2569
8377,16689943,"NAM NGUYỄN CÔNG","2026-09-24 12:41:05",368.0,2,namnguyenhcmut
8378,16773370,"Nishant #1","2026-08-26 06:11:42",367.9,1,nishanttomar110
8379,16888733,"Sébastien Callegari","2026-09-14 03:49:42",367.8,1,sbastiencallegari
8380,16710417,"Aryant Jadhav","2026-08-15 18:57:18",367.8,2,aryantjadhav
8381,16669218,"Shaik Sabiya","2026-08-12 09:15:22",367.5,2,shaiksabiya55
8382,16924761,"Chang Loukas","2026-09-24 06:22:27",367.3,2,changloukas
8383,16730191,rRTZZZ,"2026-08-17 02:43:14",367.2,2,rrtzzz
8384,16695177,"Ajith Bagali","2026-08-15 12:23:37",367.1,2,ajithbagali
8385,16809202,amano,"2026-09-03 13:44:49",367.1,2,amanoshotaro
8386,16758192,"Dev Monk","2026-08-29 14:03:22",367.0,2,devmonk63
8387,16696384,Sisu16,"2026-08-13 20:13:27",366.9,2,sisu16
8388,16668523,Bumblerrr,"2026-08-06 19:46:02",366.9,2,bumblerrr
8389,16722757,"Sebastian Adamatzky","2026-08-14 19:10:23",366.8,2,sebastianadamatzky
8390,16658960,"Amit Kumar","2026-08-06 05:44:30",366.6,2,anmitkumar
8391,16739939,crescent_star,"2026-09-09 04:42:10",366.4,2,cenzop
8392,16652230,BorisSpider,"2026-08-13 11:34:46",366.4,2,borisspider
8393,16684225,"Aum Savaliya","2026-08-10 20:10:02",366.4,2,aumsavaliya
8394,16784379,超级陆战队,"2026-08-29 14:43:33",366.4,2,luyi61227
8395,16679850,AryaGarg23,"2026-08-09 03:33:14",366.3,2,aryagarg23
8396,16678298,"RITIK CHAUDHRY","2026-08-10 13:34:35",366.1,2,ritikchaudhry13
8397,16669298,"Dinesh Naveen Kumar Samudrala","2026-09-27 03:10:36",365.7,2,dnkumars
8398,16635130,Pongsaky,"2026-08-01 12:56:02",365.2,2,gantanch
8399,16770085,AllenCheng329,"2026-08-25 10:05:43",365.0,1,allencheng329
8400,16906238,Naaz,"2026-09-17 06:33:26",365.0,2,naaz03
8401,16634352,"sovit karki","2026-08-12 17:21:13",365.0,2,sovitkarki
8402,16796572,"Phan Van Hieu ","2026-08-31 14:23:03",364.8,2,phnvnh
8403,16662964,"Tim Ogilvie","2026-08-13 13:18:59",364.7,2,timogilvie
8404,16662967,"Amalio Gomez","2026-08-04 22:07:16",364.6,1,amaliogomez
8405,16671714,"Donnell Layne","2026-08-07 15:40:35",364.5,2,jupiter1127
8406,16764608,messibeatgravity,"2026-08-24 05:34:05",364.3,1,messibeatgravity
8407,16706516,"Mohit Khade13","2026-08-26 16:03:22",364.1,2,mohitkhade13
8408,16780915,"Aravind S","2026-09-22 14:16:59",364.1,2,aravind20061981
8409,16723947,"Ariel GNANSOUNOU","2026-09-22 21:11:28",364.1,1,arielgnansounou
8410,16641330,"Takuya Yoshimi","2026-08-04 05:16:22",364.0,2,tkyysm
8411,16769110,tianlululing,"2026-08-26 13:09:45",363.3,2,tianlululing
8412,16665959,"Lourenz Baliber","2026-08-18 00:34:06",363.2,1,lourenz
8413,16628521,arai9953,"2026-08-24 22:46:57",363.1,2,arai9953
8414,16679392,Dickie,"2026-08-09 09:05:10",363.0,2,dickieho
8415,16685625,"silvan ion","2026-08-08 13:05:39",362.9,2,john1one
8416,16779769,"Pravin jeyavel","2026-09-14 05:39:48",362.9,2,pravinjeyavel
8417,16799743,"Luc Tellier","2026-09-05 08:31:17",362.9,1,luctellier
8418,16633475,betagammashtrit,"2026-08-29 16:24:03",362.7,2,betagammashtrit
8419,16733961,"Julia Fredo","2026-09-27 00:20:10",362.6,2,juliafredo
8420,16665400,FieldOps,"2026-08-10 16:16:03",362.6,2,sycpr1me
8421,16705300,T3485D5T,"2026-09-03 08:20:18",362.6,2,"danijelbilalli,t3485d5t"
8422,16675324,"Attempt Seven","2026-08-10 10:13:50",362.5,2,attemptseven
8423,16682869,"Sepideh Rahmati","2026-09-14 09:43:57",362.4,2,sepidehrahmati
8424,16779505,"Prasad Ovhal","2026-09-24 13:31:06",362.4,2,prasadovhal
8425,16771187,FernandoRB,"2026-08-26 15:53:49",362.4,2,fernandorb
8426,16657883,jps,"2026-08-06 08:36:04",362.3,2,jahaziel
8427,16668696,Fabian,"2026-09-03 15:52:06",362.0,1,fabiantoh98
8428,16668673,"kyran sinha","2026-08-14 14:21:34",362.0,2,kyransinha
8429,16891781,"mohamed saafan","2026-09-14 14:54:04",361.9,2,mohamedsaafan
8430,16684677,"Sean Southwick","2026-08-27 14:45:32",361.8,2,seansouthwick
8431,16661331,"John Wessel","2026-09-26 20:15:27",361.7,2,johnwessel
8432,16747544,OliverYip,"2026-08-25 06:01:07",361.1,2,oliveryip
8433,16677761,"Rithuraj Nambiar","2026-08-06 18:11:41",360.8,2,rithurajnambiar
8434,16688381,"Teresa Fitzgerald","2026-09-13 21:02:07",360.6,2,teresafitzgerald
8435,16653001,"Alexey Kuleshov","2026-08-04 12:07:51",360.6,2,alexkulll
8436,16634720,Thiyo,"2026-08-18 11:51:04",360.5,2,thimirajayasekara
8437,16794431,"Yash Apps","2026-09-08 04:12:52",360.5,2,yashwanthgajji
8438,16675093,"Nikhil Srivastava","2026-08-15 08:47:12",360.4,2,nikhilsrivastavark
8439,16867501,aueurm,"2026-09-11 05:07:13",360.4,2,aueurm
8440,16657687,"Siddardha Shayini","2026-09-15 12:52:57",360.4,2,siddardhashayini3
8441,16656190,"Akshaj Shandilya","2026-08-06 03:14:36",360.3,2,akshajshandilya
8442,16664671,Acteus,"2026-08-06 00:01:12",360.3,2,acteus
8443,16634219,"Michael J Hammel","2026-08-01 11:37:10",360.2,2,michaeljhammel
8444,16689970,"Константин Паращук","2026-08-08 09:15:08",360.2,1,kangchenxi
8445,16624102,Khadersha.sk,"2026-08-03 02:45:03",359.9,2,khadershask
8446,16801437,"Koh Saito","2026-09-05 06:01:20",359.7,1,kohsaito
8447,16670724,"Neel Patel","2026-08-14 19:33:43",359.7,2,n33lpat3l
8448,16828390,Yuhuping,"2026-09-04 11:22:14",359.6,1,yuhuping
8449,16655737,Dharshini,"2026-08-08 15:00:05",359.6,2,dharshini1812
8450,16730060,"Enzo Pio","2026-08-21 16:44:03",359.6,2,enzopio
8451,16673310,dffzno1,"2026-08-14 01:44:55",359.4,2,joyzip
8452,16693098,broken_gpu,"2026-08-30 10:07:27",359.3,2,brokengpu
8453,16759115,chabinhwang,"2026-08-22 14:33:59",359.2,1,chabinhwang
8454,16894000,"Vivek Silimkhan","2026-09-15 11:11:29",359.0,2,viveksilimkhan
8455,16659312,qwertyDmitry,"2026-08-05 13:44:24",358.9,2,qwertydmitry
8456,16715097,"Yusuf Yavuz","2026-08-13 00:25:40",358.8,1,yusufyavuzz
8457,16659394,"יוסף בש","2026-08-09 15:11:23",358.8,2,josiii123212
8458,16674012,ahankesumah,"2026-08-16 07:34:05",358.8,2,ahankesumah
8459,16907754,Shenghan,"2026-09-22 16:17:41",358.6,2,shenghanxie
8460,16717522,kyunyoung,"2026-08-14 07:16:00",358.4,2,kyunyoung
8461,16641665,huangjunjia,"2026-08-04 14:12:26",358.4,2,huangjunjia777
8462,16747683,"Jianyu Lin","2026-08-27 13:05:05",358.4,1,jianyulin1999
8463,16663969,"Aarush Kute","2026-09-21 17:06:14",358.2,2,aarushkute
8464,16763255,"I P Tharun Gowda","2026-09-16 17:24:11",358.2,2,iptharungowda
8465,16658882,"toukali samir","2026-08-07 13:43:05",358.1,2,toukalisamir
8466,16669176,"Karakam Sridevi","2026-08-11 07:44:48",358.1,2,karakamsridevi
8467,16702771,n_samii,"2026-08-14 01:20:08",358.0,2,nsamii
8468,16660397,Divyansh82Raj,"2026-08-04 15:01:28",358.0,2,divyansh82raj
8469,16728881,Ch.Manvita,"2026-08-16 16:33:52",357.8,2,chmanvita
8470,16933436,"Shi Chen","2026-09-22 07:39:57",357.5,2,hjhhhk
8471,16716497,xpxg,"2026-08-16 17:04:22",357.5,2,deepxchat
8472,16708723,zaltark,"2026-09-25 12:29:49",357.4,1,zaltark
8473,16785676,Bilal11122,"2026-08-29 08:15:46",357.4,1,bilal11122
8474,16702742,"Kavyanshu Singh","2026-08-11 10:47:02",357.2,2,kavyanshusingh
8475,16666590,"Hoàng Anh Tú","2026-08-12 23:59:58",357.0,2,anhtu9999
8476,16681638,aadi_065_,"2026-09-27 03:50:16",356.9,2,aadi065
8477,16666275,HeatS33ker,"2026-08-15 14:37:36",356.9,2,byronokou
8478,16715988,"Hsyn Kskn","2026-09-03 12:08:15",356.9,2,hsynkskn
8479,16668592,"Ashutosh jatav","2026-08-09 13:34:45",356.8,2,ghost1412
8480,16710564,"Clarice Harijanto","2026-08-14 04:28:13",356.7,2,clariceting
8481,16688364,"Om Raval08","2026-08-21 02:57:23",356.6,2,omraval08
8482,16696419,detectivseb,"2026-08-12 10:34:45",356.6,2,detectivseb
8483,16947575,Rekh_Sharath_Chandra,"2026-09-26 07:37:12",356.4,2,rekhsharathchandra
8484,16895317,MrUserm,"2026-09-25 18:18:10",355.9,2,mruserm
8485,16661002,"Eliyas sk","2026-09-02 12:32:51",355.8,2,eliyassk
8486,16721615,"Dai Dai","2026-09-08 07:59:14",355.7,2,jumpingdaidai
8487,16668159,ABDELGHANY,"2026-08-12 11:04:36",355.3,2,abdelghanyrageh
8488,16771216,"Hugo Ponce","2026-08-25 17:54:30",355.2,2,hugoskn
8489,16739447,"Jacob Stambaugh","2026-08-19 17:53:29",355.2,2,jacobstambaugh
8490,16677470,"Saish Walavalkar02","2026-08-09 12:44:51",355.0,2,"harichaudhari1,kaiserjayin,meetramjiyani,nirbhaygajabi30,saishwalavalkar02"
8491,16909521,"Rabs Cats","2026-09-17 02:10:02",355.0,1,rabscats
8492,16882081,Aabualella,"2026-09-13 00:58:37",354.9,1,aabualella
8493,16803129,hdttnk,"2026-09-02 14:13:00",354.9,2,hdttnk
8494,16638343,"Phong Khoi","2026-08-04 12:20:52",354.8,2,phongkhoi
8495,16881853,Sleepyman,"2026-09-15 09:22:24",354.8,2,alishakeri1
8496,16655689,花朝,"2026-08-05 04:10:02",354.5,2,xhxyyds
8497,16722122,Abhas20,"2026-08-19 10:02:51",354.3,2,abhas20
8498,16638383,"Yunus Emre Sarıduman","2026-08-12 12:57:08",354.2,2,emresariduman
8499,16637762,"Greek olive oil","2026-08-09 19:56:48",353.9,2,alexanderchar
8500,16785821,"Naresh Meena","2026-08-28 21:24:31",353.7,1,nareshmeena12
8501,16630772,"Mitsuhiro Iizuka","2026-08-04 10:31:00",353.5,2,mitsuhiroiizuka
8502,16654330,"Perumalla Pujitha","2026-08-12 18:09:24",353.5,2,perumallapoojitha
8503,16903827,"joy lul","2026-09-24 06:52:11",353.5,1,joylul
8504,16755264,wsdsby,"2026-08-21 15:16:42",353.4,2,wsdsby
8505,16693147,"Oliver Curtis1","2026-08-09 14:51:57",353.4,2,olivercurtis1
8506,16745497,"Handsome Heretic","2026-08-21 19:14:30",353.2,2,handsomeheretic
8507,16701060,"Paula Jimenez","2026-08-22 16:18:37",353.2,2,paulajimenez
8508,16733007,"Not Found","2026-08-17 16:32:16",352.8,4,"ammarkhan05,zainabirfanansari"
8509,16866482,"Sunday Ibidapo","2026-09-10 21:46:49",352.7,1,sundayibidapo
8510,16662577,"Shreyash Suryawanshi","2026-09-02 19:42:31",352.6,2,shreyashsuryawanshi
8511,16877927,"EFE ULKER","2026-09-12 00:13:05",352.5,2,efeulker
8512,16721948,ziszim,"2026-08-26 14:38:30",352.3,2,ziszim
8513,16656946,"Sambit Padhan","2026-08-05 10:10:10",352.2,2,sambitpadhan
8514,16640901,"Kian Maghsoodi","2026-08-20 23:01:51",352.1,2,kizmodo
8515,16890029,"Siqing Jing","2026-09-15 02:53:04",352.0,2,siqingjing
8516,16762854,J8young,"2026-08-26 13:52:54",351.9,1,j8young
8517,16665460,"Shubham kumar jha","2026-08-23 07:36:36",351.9,2,shubhamjhakr
8518,16655257,"Afia Animah Fosu","2026-08-04 18:21:50",351.7,2,afiaanimahfosu
8519,16796834,"Harsh Gupta #2","2026-09-09 19:20:48",351.5,2,harshgupta0415
8520,16666997,"Krishnamurthy Venkatasubramanian","2026-08-05 15:09:46",351.4,2,krishnamurthyvenkat
8521,16667177,"Raunak Phull","2026-08-10 11:14:44",351.3,2,raunakphull4
8522,16711573,"Sushmitha Vasantha","2026-08-13 09:08:29",351.2,1,sushmithavasantha
8523,16933048,"Anusuya Gurusamy","2026-09-23 04:45:03",350.9,2,anusuyagurusamy
8524,16661891,BALLEN1337,"2026-08-04 19:22:30",350.9,2,ballen1337
8525,16770758,"Maor talker","2026-08-26 20:18:59",350.9,2,maortalker20
8526,16697627,abinandhan03,"2026-09-01 10:38:15",350.8,2,abinandhan03
8527,16660980,"João Marcelo Curi","2026-08-05 18:31:19",350.8,2,joomarcelocuri
8528,16641140,NITISH_GOYAL1,"2026-08-27 06:42:29",350.7,2,nitishgoyal1
8529,16716649,"Meghana Busse","2026-08-13 09:33:08",350.7,1,meghanabusse
8530,16654213,"Hojin Jang","2026-08-20 09:59:20",350.7,2,hojinjang
8531,16675801,"Neeraj Jha","2026-09-27 07:38:16",350.7,2,neerajjha1996
8532,16656472,angusdddsa,"2026-08-04 06:04:22",350.6,2,angusdddsa
8533,16709519,"p pxl16","2026-08-19 09:49:35",350.5,2,ppxl16
8534,16792188,anisotropies,"2026-09-12 05:25:04",350.4,2,achan31
8535,16738581,"mr moradi1","2026-08-18 14:31:26",350.3,1,mrmoradi1
8536,16858795,"Радик Владимирович Хорошев","2026-09-10 07:59:02",350.3,2,rodionkh
8537,16831170,"None #2","2026-09-05 04:16:51",350.2,2,mdmorshalinemojumder
8538,16747403,"Kanchan Chavan","2026-09-12 17:46:56",350.2,2,momovedant
8539,16793536,yukko08,"2026-09-25 12:09:25",350.1,2,yukko08
8540,16752067,neuroxaker,"2026-08-22 14:50:32",350.1,2,neuroxaker
8541,16666218,"sugan Chandrasekar","2026-08-16 11:02:09",349.8,2,suganchandrasekar
8542,16662589,"Arunagirinadan Sudharshan","2026-09-20 10:20:48",349.7,2,sudhanaruna
8543,16709754,"Simon Preuss","2026-08-12 16:39:55",349.4,2,simonpreuss01
8544,16629476,NOOBS,"2026-08-09 19:58:48",349.4,2,"patelkrishna8,sakshamranawade,shravanideshpande25"
8545,16657658,"Esther Usman","2026-08-25 23:45:50",348.9,2,estherusman
8546,16732936,"Kateryna Dudko","2026-08-25 12:15:40",348.8,2,dudkiina
8547,16738563,"Amrutha H","2026-09-16 13:19:31",348.6,2,amr13utha
8548,16841549,"Ayush Kumar #4","2026-09-06 03:30:02",348.5,2,akyushumar
8549,16780268,"SAI ESHWAR S","2026-08-29 06:26:11",348.4,1,saieshwars
8550,16927652,"Mukilan A.R.","2026-09-27 03:40:27",348.3,2,mukilanar
8551,16792703,yuvansh,"2026-09-27 07:54:55",348.2,2,yuvansh
8552,16739702,"Vasantha Kumar552","2026-08-19 07:22:10",348.2,2,vasanthakumar552
8553,16770039,"Yevhen Tsyba","2026-09-23 06:25:44",348.1,2,yevtsy
8554,16740197,Winssk,"2026-08-27 01:55:06",347.9,2,winssk
8555,16659533,"Pavan Desai","2026-08-10 16:29:20",347.9,2,pavancdesai
8556,16831875,"Hamza Mughrabi","2026-09-06 19:10:53",347.8,2,hamzamughrabi
8557,16685164,cleanledger,"2026-08-07 13:38:23",347.6,2,cleanledger
8558,16656480,"Dip Biswas","2026-08-07 04:35:56",347.4,2,dipjacobiswas
8559,16716585,"tejaswini kakollu","2026-08-13 09:12:37",347.3,1,tejaswinikakollu
8560,16662647,"Ruben Maya","2026-09-23 22:06:52",346.9,2,rubenmaya
8561,16624029,"Miguel Angel Rodriguez Fonseca","2026-08-07 03:55:38",346.9,2,miguelangelrodriguez
8562,16691027,"Jelle Maas","2026-08-08 14:58:19",346.7,2,jellemaas
8563,16665907,"Jonathan Saina","2026-09-15 23:12:31",346.4,2,jonathansaina
8564,16655250,"Juan Pablo Ponce","2026-08-08 03:34:18",346.4,2,juanpabloponce28
8565,16755029,"Jashan Bajwa","2026-08-22 12:56:30",346.1,2,jashanbajwa
8566,16641606,"Tanisha Sahu","2026-08-02 14:39:27",346.0,2,tanisha3
8567,16680015,"Khôi Trương","2026-08-10 01:11:55",345.9,1,kiykhoi
8568,16716322,zhaimh,"2026-08-14 02:43:21",345.8,2,zhaimh
8569,16876354,A_Mose,"2026-09-12 08:57:15",345.7,2,mmameh
8570,16927163,1234321,"2026-09-23 18:14:38",345.7,1,sakamoto1234
8571,16656135,"JAYASURYA R","2026-08-05 15:43:01",345.7,2,suryar261
8572,16628409,"yann sadowski","2026-07-31 09:39:25",345.3,1,yannsadowski
8573,16657142,"Vishisht Gupta","2026-08-16 16:16:54",345.2,2,vishishtgupta
8574,16794285,Penelope.pnlp,"2026-09-01 15:38:43",345.1,2,penelopepnlp
8575,16898498,"Prakash Bandi","2026-09-21 01:59:35",345.1,2,prakashbandi
8576,16831106,asd1984,"2026-09-05 17:40:01",345.0,2,asd1984
8577,16726381,"Adriana Redondo","2026-08-15 19:39:41",344.9,1,adrianaredondo
8578,16659410,TTH,"2026-08-07 08:21:16",344.9,2,tthungdz
8579,16656919,Sumaiya,"2026-09-09 18:09:44",344.8,2,ayeshasummaiyya
8580,16662428,"Sonu kumar","2026-08-24 05:18:49",344.8,2,sonukumar9142
8581,16718662,Safin,"2026-08-22 17:50:27",344.6,2,safinlynx
8582,16661351,"Adekojo Adeyemi","2026-08-04 15:25:52",344.4,1,adekojoadeyemi
8583,16732296,"duong nguyen","2026-08-20 14:51:38",344.4,1,duongnguyen161
8584,16682108,"Shadow Monarch","2026-08-17 06:45:10",344.3,2,avinashk01
8585,16667105,"Vikram Tiwari","2026-08-10 11:12:26",344.3,2,vikramtiwari
8586,16876167,"kjl jkl","2026-09-17 15:51:01",343.9,2,kjljkl
8587,16690098,"Akshay Kashyap","2026-08-10 17:10:28",343.7,2,akshaykashyapakku
8588,16870360,"Tedi Septiana","2026-09-14 06:57:54",343.2,2,tediseptiana
8589,16912504,"Zongyi Zhou/ Joe","2026-09-22 15:24:35",343.1,1,zongyizhoujoe
8590,16681397,"Vishal Dubey","2026-08-11 08:51:13",343.0,2,visha1dubey
8591,16666577,"Jatin khandelwal112","2026-08-05 11:26:41",342.8,2,jatinkhandelwal112
8592,16848598,"Work 3","2026-09-12 09:26:57",342.7,2,nanisriram
8593,16917267,"jean-thomas Dauchel","2026-09-18 21:41:23",342.6,1,jeanthomasdauchel
8594,16778526,starkhushi,"2026-08-27 07:01:28",342.5,2,starkhushi
8595,16716594,"U Anand Williams","2026-08-13 09:19:09",342.4,1,uanandwilliams
8596,16937616,"ZIYU NI","2026-09-21 17:26:32",342.4,1,jacsonpercy
8597,16649794,"Wanzhu Zhao","2026-08-04 13:04:05",342.4,2,wanzhuzhaora
8598,16735393,Dai_Research,"2026-08-18 10:40:17",342.4,2,dairesearch
8599,16683400,"wo zhe yi sheng ru lu bo bing","2026-08-10 16:53:48",341.9,2,"ivanlo103,panckck,waijai"
8600,16677950,"Rounak Laddha","2026-08-15 01:47:41",341.7,1,rounakladdha
8601,16777515,Abhimanyu21,"2026-08-27 13:33:38",341.5,2,abhimanyu21
8602,16666719,helenkwok,"2026-09-12 06:53:13",341.5,2,helenkwok
8603,16741512,Offenders,"2026-08-30 15:08:39",341.5,2,"karthicchockalingams,shakil2411,shehnaaz01"
8604,16927761,"M Asghar Shakir","2026-09-21 04:04:32",341.3,2,masgharshakir
8605,16654808,Vishwajeet-maker,"2026-08-17 21:17:02",341.1,1,vishwajeetmaker
8606,16757338,Dewakaran,"2026-08-22 05:34:35",341.1,1,dewakaran
8607,16670988,"Pavle Skoric","2026-09-24 21:18:17",341.0,2,pavleskoric
8608,16723047,"Matheus Finger","2026-09-11 19:15:11",340.7,2,matheusfinger
8609,16665996,AVATAR3905,"2026-08-06 18:14:01",340.5,2,avatar3905
8610,16913989,Sanatan21,"2026-09-18 11:41:17",340.2,2,sanatan21
8611,16661390,"Raúl García Gómez","2026-08-04 17:04:39",340.0,2,corso138
8612,16674725,"rajan jha","2026-08-13 12:05:42",339.6,2,rajan1673
8613,16768551,"AAYUSHMAAN SINHA","2026-08-25 02:43:00",339.1,2,aayushmaansinha
8614,16658817,"Andrew Glez","2026-08-04 12:10:17",338.6,1,andgos
8615,16652422,Kite,"2026-08-17 16:26:55",338.6,1,kiteyinlong
8616,16940601,ShreyanshK099,"2026-09-23 07:57:43",338.6,2,shreyanshk099
8617,16683087,qiuchenglong,"2026-08-07 09:25:48",338.5,2,qiuchenglong
8618,16697694,"Adithya Thiruvalluvan","2026-08-29 17:28:42",338.4,1,forestfire7
8619,16723273,"Bradley ZODOME","2026-08-19 07:06:18",338.3,2,bradleyzodome
8620,16937995,"Aleksandr Rybin","2026-09-21 22:21:56",338.3,2,aleksandrrybin
8621,16690775,"Prasanna Raut","2026-08-08 20:41:38",338.3,2,prasannaraut
8622,16661191,"Yudha Eka Saputra","2026-08-04 19:28:31",338.3,2,yudhaekasaputra
8623,16949156,"shamaev dimon PR-3-1","2026-09-23 19:16:32",338.1,1,shamaevdimonpr31
8624,16641294,YogeshG22,"2026-08-03 17:58:51",338.0,2,yogeshg22
8625,16735966,kyone,"2026-08-18 08:09:32",337.9,1,xtraky
8626,16657145,"Shudipto Trafder","2026-08-04 19:25:24",337.9,1,iamsdt
8627,16716713,"T Vamsi Krishna","2026-08-13 09:37:43",337.6,1,vamsee3763
8628,16658733,luoqiuy,"2026-08-04 10:46:04",337.5,2,luo912
8629,16862308,"Furkan CAT","2026-09-10 15:07:24",337.5,2,furkancat
8630,16715791,CustardApple47,"2026-09-06 11:34:26",337.4,2,custardapple47
8631,16770270,"salthiel nishimwe","2026-08-25 10:45:23",337.4,2,salthielnishimwe
8632,16668091,Solidscripts.io,"2026-09-24 02:14:47",337.3,2,juancamera1
8633,16630007,"Yuankun Liu","2026-07-31 15:48:13",337.2,2,lyk1652
8634,16690077,"GOMATHI PRIYA","2026-08-13 06:38:45",337.2,2,gomathipriyaraj22
8635,16711497,"Korvi sai kumar","2026-08-13 08:02:21",337.2,1,korvisaikumar
8636,16664147,JordanM10,"2026-08-05 19:54:08",337.2,1,jordanm10
8637,16654688,"Terrell Millz","2026-08-10 16:08:33",337.1,2,terrellmillz
8638,16783322,kentaro,"2026-08-29 03:55:45",336.9,2,kentarokujo
8639,16936809,"Caleb Ibeh","2026-09-22 08:34:43",336.8,2,calebibeh
8640,16743604,KeswaniRohit,"2026-08-22 17:19:18",336.8,2,keswanirohit
8641,16691153,"Hafsa Rouchdi","2026-09-26 12:25:36",336.5,2,hafsarouchdi
8642,16623739,SarsaShen,"2026-08-05 07:12:00",336.4,2,sarsashen
8643,16751311,JoangHZ,"2026-08-21 09:18:57",336.3,2,joanghz
8644,16624235,appu2431,"2026-08-11 15:56:41",336.1,2,appu2431
8645,16696439,VaraPrabha,"2026-08-10 04:36:00",336.0,2,galiveetipoornima
8646,16879281,"Monesh M","2026-09-25 19:41:47",335.8,2,moneshm908
8647,16673167,Karam96,"2026-08-08 11:40:36",335.7,2,karam96
8648,16867163,"Harikesh Shukla","2026-09-14 05:04:51",335.1,2,harikeshshukla
8649,16646644,BeyondBirthday,"2026-08-09 06:39:01",334.9,2,near07
8650,16721675,stork8i,"2026-08-14 13:16:26",334.5,1,stork8i
8651,16844410,ナポレオン,"2026-09-07 15:46:40",334.5,2,naporeondesu
8652,16682632,Sebastiaan,"2026-08-27 18:24:40",333.9,2,sebastiaanreinders
8653,16622097,"Garrick C.P.","2026-08-10 18:12:06",333.9,2,garrickchinnis
8654,16711383,"Monika Kocianova","2026-08-14 11:01:11",333.7,2,monikakocianova
8655,16795163,"Nguyễn Đỉnh","2026-09-14 05:05:43",333.5,2,nguyendinh1507
8656,16652805,"Rodrigo Batista da Silva","2026-08-13 13:35:19",333.4,2,eurodrigobatista
8657,16658319,"Huỳnh Nguyễn Trọng Tín","2026-08-06 06:23:40",333.3,2,tnhunhnguyntrng
8658,16767037,"Yubraj Sigdel","2026-08-24 15:45:56",333.2,1,yubraj11
8659,16655446,"Ismael Omar Leonidas Hurtado Vargas","2026-08-04 00:07:01",333.1,1,ihurtadov
8660,16682229,"mayuri sarangi","2026-08-29 14:03:36",333.0,2,mayurisarangi
8661,16659260,hitesh,"2026-08-05 19:29:28",332.9,2,shahhs
8662,16700360,"Thanush Soma","2026-08-10 09:49:02",332.6,2,thanushsoma
8663,16692906,CodeZee,"2026-08-09 19:50:49",332.5,2,codewithzaeem
8664,16735080,"SARTHAK PATIL","2026-09-02 19:23:03",332.4,2,sarthakpatil23
8665,16735751,"Hasan Taşkın","2026-08-24 19:36:02",332.2,2,hasantaskin
8666,16660246,taqnik,"2026-08-08 11:54:39",332.2,2,taqnik
8667,16633133,Holeneckles,"2026-09-25 05:06:07",332.1,2,holeneckles
8668,16732873,"Yash Rana","2026-08-18 04:57:04",332.1,2,yashrana24
8669,16696800,"VEER GOMA","2026-08-14 15:42:47",332.0,2,novaxoxo
8670,16852606,Hallucinators,"2026-09-26 08:59:16",331.9,2,samikshakamdi
8671,16660341,"Nefise Aybar","2026-08-04 12:37:29",331.8,2,nefiseaybar
8672,16735593,"timur tytrin","2026-08-18 07:37:46",331.7,2,timurtiutrin
8673,16668471,Broomva,"2026-08-05 14:57:35",331.6,1,broomva
8674,16845081,"Sera Ria Gomes","2026-09-10 12:28:43",331.6,2,serariagomes
8675,16655555,Bharath2411,"2026-09-03 07:14:26",331.5,2,bharath2411
8676,16654407,"Serendeep Rudraraju","2026-09-04 03:17:43",331.5,2,serendeeprudraraju
8677,16692427,"Infy ","2026-08-09 20:48:09",331.4,2,infydes
8678,16683178,soulasin,"2026-08-07 14:32:26",331.1,2,soulasin
8679,16773402,齐乐,"2026-09-27 04:01:47",331.0,2,qile200107
8680,16639624,"Nishanth Rajan","2026-08-02 03:25:35",331.0,2,nishanthrajandev
8681,16656732,"Shivam Kashyap","2026-08-04 05:28:03",330.6,1,shiyan0090
8682,16883375,"Sam Robin Singh E","2026-09-14 22:42:51",330.6,2,samrobinsinghe
8683,16774954,Ye_xz233,"2026-08-26 15:35:23",330.4,2,yexz233
8684,16758426,"Attique Ansari","2026-08-22 11:50:42",330.2,2,attiqueansari
8685,16657056,"Jacob Ross Piedad","2026-08-06 12:15:14",330.2,1,jacobrosspiedad
8686,16658011,"Arooba Hanif","2026-08-05 07:24:53",330.1,2,aroobahanif
8687,16666171,"JD Crew","2026-08-06 12:52:58",329.8,2,"abhijnanpodder,ahsafabid"
8688,16754141,SicilyTing,"2026-09-08 14:53:25",329.6,2,sicilyting
8689,16691667,jeremyllll,"2026-08-12 03:30:26",329.6,2,jeremyllll
8690,16660099,Desireog71,"2026-08-08 15:01:19",329.6,2,desireog71
8691,16705798,"orhun uygun","2026-09-24 08:48:21",329.4,2,orhunuygun
8692,16659234,"MARY RAISA P","2026-08-27 07:06:43",329.3,2,"harinimala21,maryraisap,saha0102"
8693,16687699,jegazhu,"2026-08-13 22:25:15",329.3,2,jegazhu
8694,16709165,"Yooraj Gole","2026-08-13 18:10:17",329.1,1,yoorajgole
8695,16659415,PincheCabrón,"2026-08-17 17:34:01",329.1,2,pinchecabrn
8696,16670812,"Brian Toman","2026-08-09 15:56:22",329.0,2,briantoman
8697,16672138,mostafa69ca,"2026-08-06 05:03:43",329.0,1,mostafa69ca
8698,16668340,"Sibi Vishnu","2026-08-08 10:35:33",328.9,2,sibivi
8699,16778327,WangYingChen,"2026-08-28 03:11:28",328.9,1,wangyingchen
8700,16712257,Banarto,"2026-08-13 07:49:16",328.8,1,banarto
8701,16661551,SimonAx,"2026-08-10 09:41:59",328.7,2,simonaxel
8702,16670881,"Amir Y. Sajjadi","2026-08-05 23:56:26",328.6,1,amirysajjadi
8703,16694264,"Vansh Visariya","2026-08-10 09:00:11",328.4,2,vanshvisariya
8704,16676974,"Deveshwar U","2026-08-31 01:10:42",328.2,2,deveshwaru
8705,16661212,AnkitRaj4004,"2026-08-23 13:17:37",328.2,2,ankitraj4004
8706,16795677,"Carol bright","2026-08-31 09:30:28",328.0,2,carolbright
8707,16710906,Krunal.ix,"2026-08-12 07:06:58",327.9,1,krunalix
8708,16882973,"Omar Tarek Abdelkader Ahmed El Belbeisy","2026-09-12 22:59:07",327.7,2,patmux
8709,16678653,Wzjj98,"2026-08-06 19:31:39",327.7,1,wzjj98
8710,16686332,毛治钦,"2026-09-01 05:05:37",327.3,2,maozhiqinf
8711,16691936,"Adhar Chaudhari 07","2026-08-09 08:13:35",327.1,2,adharchaudhari07
8712,16755377,"Rishi Sutar","2026-09-26 18:22:49",326.7,2,rishisutar
8713,16741982,barry_Paddi,"2026-08-27 07:10:52",326.6,2,barrypaddi
8714,16725769,NikunjMakhija_,"2026-08-19 13:01:57",326.6,2,nikunjmak
8715,16926528,"Badri Vishal","2026-09-19 18:42:19",326.4,2,badrivishal90
8716,16639067,"ToMY F.","2026-08-11 11:34:31",326.3,1,tomyfdev
8717,16655652,Emergence,"2026-08-10 03:21:04",325.9,2,daylighth
8718,16943467,"Goose Gang","2026-09-26 16:26:37",325.9,2,"itzpk16,mohamedfarih,radeshl"
8719,16690166,"Niteshwar Mishra","2026-08-08 10:02:22",325.9,2,niteshwarmishra
8720,16706276,MitulbhBhatia,"2026-08-18 04:02:38",325.4,2,mitulbhbhatia
8721,16688859,"Muhammad Fayaz Khan","2026-08-08 06:36:02",325.2,2,mfayazkhan
8722,16683136,"Stefano Ciaci","2026-08-16 14:47:29",325.0,2,stefanovcciaci
8723,16667033,"Geethika Sandireddy","2026-08-15 07:04:31",324.9,2,geethikasandireddy
8724,16893490,"Thales Galuchi","2026-09-27 02:20:04",324.8,2,thalesgaluchi
8725,16706181,"Juvenal Pedro Baptista","2026-08-16 14:58:40",324.7,2,juvenalpedrobaptista
8726,16628296,NoxMetenis,"2026-08-15 17:54:03",324.7,1,avasgaire
8727,16689923,Dhinesh,"2026-08-09 08:39:37",324.7,2,dhineshwarrs
8728,16731458,"Arthur Baygildin","2026-08-17 10:06:55",324.6,1,arthurbaygildin
8729,16628190,Horizonx30,"2026-08-09 18:06:56",324.6,2,horizonx30
8730,16928286,sofonias201012,"2026-09-20 09:33:20",324.5,1,sofonias201012
8731,16653105,James,"2026-08-17 16:52:18",324.5,2,jamesquirk
8732,16730679,"Hoàng Trọng Hiếu","2026-09-13 08:32:32",324.3,2,hongtrnghiu
8733,16682342,"Jebez Oswald","2026-08-10 05:38:15",324.3,2,jebezoswald
8734,16668453,"Kawish Hassan","2026-08-05 16:51:03",324.2,2,kawishhassan
8735,16636643,"Babul Kumar","2026-08-02 07:46:50",324.0,2,babulkumar07
8736,16686716,"menna hassanM","2026-08-28 21:49:51",323.9,2,mennahassanm
8737,16662659,"Chiziterem Eze","2026-08-11 12:20:48",323.9,2,chiziteremeze
8738,16854519,nmw,"2026-09-09 15:23:56",323.9,2,rubikkaggle
8739,16655919,"Tạ Minh Lễ","2026-08-04 06:46:45",323.9,2,tminhl
8740,16925237,"Abdullah Ahmed saeed","2026-09-22 09:42:28",323.8,2,abdullahahmedsaeed
8741,16676416,"Abhishek Mishra","2026-08-10 10:09:30",323.8,2,abhishekmishra23
8742,16851029,john01234,"2026-09-08 04:57:12",323.3,2,john01234
8743,16777489,"Yousef Elbaz","2026-08-27 11:18:54",323.2,1,yousefelbaz
8744,16658320,"Justin Eight","2026-08-27 07:29:52",323.1,2,justineight
8745,16670600,"Leon Lum","2026-08-20 14:58:27",322.9,2,leonlum
8746,16782747,goodgreen,"2026-09-19 07:55:18",322.9,2,goodgreen
8747,16672689,"Yusuf Yemez","2026-08-06 06:51:07",322.7,1,yusufyemez
8748,16802128,"vaman soni","2026-09-02 10:08:49",322.5,1,vamansoni
8749,16859646,Andy2009,"2026-09-09 12:12:02",322.4,2,andy2009
8750,16654348,rkeshwani,"2026-08-07 16:17:49",322.1,2,rkeshwani
8751,16894314,curious007hi9387983,"2026-09-17 07:41:07",321.7,1,curious007hi9387983
8752,16632620,"[Deleted] d9d74cbb-c76e-4fbb-a4bf-35e25b48627d","2026-08-08 16:00:16",321.5,2,del=c21e6a8a03ad3b3c
8753,16671519,"Mandhati Sai ganesh","2026-08-06 06:36:45",321.5,2,mandhatisaiganesh
8754,16929788,"Yusuf Sanusi","2026-09-21 00:50:47",321.5,2,mindbender7
8755,16661012,"Tesfahun Feleke","2026-09-24 09:04:19",321.3,2,tesfahunfeleke
8756,16633330,"danielle Ange","2026-08-12 16:26:03",321.2,2,danielleange
8757,16660658,Shlok_Sharma0001,"2026-08-19 09:31:48",321.1,2,shloksharma0001
8758,16865101,"Hanlinh ","2026-09-11 03:58:09",321.0,2,hanlinh227
8759,16733886,LuisMV8,"2026-09-19 16:51:14",321.0,2,luismv8
8760,16659688,Daniel,"2026-08-05 12:21:37",320.8,2,danielyazgi
8761,16677732,"Alessandro Mermali","2026-08-06 20:52:35",320.7,2,alessandromermali
8762,16662874,"Dev Shah","2026-08-08 01:52:52",320.5,2,imdevshah11
8763,16855459,"Shune Lae lae Khaing","2026-09-11 17:55:19",320.5,2,shunfloryn
8764,16728261,"Smit Deshaval","2026-08-24 17:44:12",320.5,2,smitdeshaval11
8765,16683075,"Manuel lasarte León","2026-09-04 10:27:02",320.5,2,manuellasarte
8766,16666115,"Iam Intolerable","2026-08-06 07:48:28",320.4,2,iamintolerable
8767,16759407,"Giovanni Colpani","2026-08-22 17:02:37",320.2,2,giovannicolpani
8768,16757689,YanXiaohan666,"2026-09-14 03:29:51",320.0,2,yanxiaohan666
8769,16663738,"Handre Bezuidenhout","2026-08-04 23:27:08",319.9,2,handrebezuidenhout
8770,16624990,"Tanjim Ahmed Kingshu","2026-08-02 07:05:52",319.8,2,tanjimahmedkingshu
8771,16713319,"David Tilman","2026-08-12 18:56:13",319.7,2,davidtilman
8772,16635243,MlMlDev34,"2026-08-01 11:26:52",319.5,2,mlmldev34
8773,16625011,"Heng Yu","2026-08-18 06:30:56",319.1,1,megalobox1
8774,16727044,"Kai Leisten","2026-08-16 10:19:42",319.1,2,kaileisten
8775,16657729,"Kandregula V S S V P Krishna Murthy","2026-08-08 15:29:35",319.0,2,kkandregula
8776,16660436,turkenm,"2026-08-06 13:03:36",318.8,2,turkenm
8777,16658897,"Teja Pattem","2026-08-07 10:42:44",318.6,2,tejapattem
8778,16682454," Vandanaa R","2026-09-02 09:48:24",318.3,2,vandanaar
8779,16666056,"sarthak gupta1303","2026-08-05 11:01:04",318.3,2,"sarthakgupta1303,sathviktummalapenta"
8780,16663351,MiguelS,"2026-08-07 15:25:29",318.2,2,lordm758
8781,16726021,"The Farm Game","2026-09-02 13:23:00",317.9,2,"tacostew,thomasbower6"
8782,16941648,ITibe88,"2026-09-22 19:04:58",317.8,2,itibe88
8783,16693821,"DARSHAN A","2026-08-11 18:02:26",317.7,2,ad12345kag
8784,16665980,cshara,"2026-08-06 08:41:16",317.3,2,cshara
8785,16665360,"Ayush Bhadauria","2026-08-19 11:11:51",317.2,2,ayushbhadauria50
8786,16742209,"melih Bektaş","2026-09-26 19:31:08",317.2,2,melihbekta
8787,16714418,AdriMonFer,"2026-09-01 12:15:21",317.2,2,adrimonfer
8788,16783863,"Vivek Vardhan Reddy","2026-08-31 06:14:34",316.6,2,vivekvardhanreddy77
8789,16668012,"Aleksander Iżemski","2026-08-05 20:52:54",316.4,2,aizemski
8790,16667406,"Abdulrahman AlAsali","2026-08-05 13:20:41",316.2,1,abdulrahmanalasali
8791,16664469,"Thorlapati Nikhil","2026-08-11 19:11:09",316.1,2,thorlapatinikhil
8792,16709910,Spinort,"2026-09-19 07:37:27",316.0,2,spinort
8793,16896350,"Abdelghani M'BAREK","2026-09-20 11:26:09",316.0,1,abdelghanimbarek
8794,16794729,Copperford,"2026-09-08 00:41:27",315.9,2,copperford
8795,16740191,"Arjun Dhillon","2026-08-19 15:15:57",315.6,2,arjundhillon07
8796,16659523,"Ahmad Khidir","2026-08-27 22:33:31",315.1,1,ahmadkhidir
8797,16633737,nrg,"2026-08-04 20:19:50",315.1,1,nargizaskarbekkyzy
8798,16691813,Hyezir4,"2026-08-10 08:36:47",315.1,2,hyezir4
8799,16916821,"Amjath S","2026-09-19 18:03:15",314.9,2,amjaths
8800,16695592,"André Luiz Pedroso","2026-08-09 11:59:19",314.9,1,andreluizpedroso
8801,16656351,"Triet Ho","2026-08-07 07:27:33",314.8,2,trietho247
8802,16660369,"Dev MCP","2026-08-04 12:59:09",314.5,1,nishant2905
8803,16765805,"sayyad karimun","2026-08-25 10:14:26",314.5,1,sayyadkarimun
8804,16698739,"Sahrul Adicandra","2026-08-11 04:06:08",314.2,2,sahruladicandra
8805,16713082,"Siyam Molla","2026-09-06 08:06:43",314.2,2,siyammolla
8806,16669725,chosunghwan,"2026-08-06 03:52:24",314.1,1,chosunghwan
8807,16723046,"Pedro Joás","2026-09-11 14:59:09",313.6,2,pedrojos
8808,16868034,"Vivek Teja","2026-09-14 19:25:09",313.3,1,vivektejaraju
8809,16823229,aper,"2026-09-05 08:42:58",313.2,2,todaya
8810,16755632,"Adarsh Yadav","2026-08-21 16:34:37",313.1,1,adarsh12yadav
8811,16724976,Soham,"2026-08-18 11:28:07",313.0,2,soham308
8812,16675048,Wizard_King,"2026-08-06 19:35:41",312.9,2,anshumanrayy
8813,16746121,Nononoi,"2026-08-21 07:18:02",312.8,1,nononoi
8814,16757557,BitxWolf,"2026-08-22 19:06:48",312.2,2,bitxwolf
8815,16661157,Shenlai,"2026-09-17 14:02:50",311.9,2,shenlai
8816,16659453,"Ishwar Rathod","2026-08-06 03:29:27",311.6,2,ishwarrathodofficial
8817,16838913,LunaT2,"2026-09-05 09:10:21",311.0,1,lunat2
8818,16720606,Williamtime,"2026-08-17 03:11:34",311.0,2,williamtime
8819,16800468,Vaishnavi,"2026-09-01 11:13:30",310.9,1,vaishnavisri09
8820,16719709,Rishiii360,"2026-08-18 03:46:23",310.9,2,rishiii360
8821,16664718,Vedika_,"2026-08-11 18:28:09",310.7,1,lighjt
8822,16657616,"Manikumar Kundena","2026-09-20 17:25:19",310.6,1,manikumarkundena
8823,16660568,Fascetta,"2026-08-07 20:48:53",310.1,2,fascetta
8824,16777607,"je nap","2026-08-30 01:56:28",310.0,2,johnenapoles
8825,16666639,"Dheeraj Pranav","2026-08-24 19:38:42",309.0,1,dheerajpranav
8826,16623730,"Ethan Higgins","2026-07-31 02:25:21",308.9,2,ethanhigginz
8827,16739356,Renuka,"2026-09-22 11:47:53",308.8,1,alphy1603
8828,16866140,Mantis,"2026-09-22 16:59:18",308.7,2,orchidmantis
8829,16677312,"Kavuri Sravya","2026-08-19 02:33:01",308.6,2,kavurisravya
8830,16686700,"Hakkı selim Ak","2026-08-07 17:06:03",308.6,1,hakkselimak
8831,16770232,MinhTran2346,"2026-09-07 14:12:04",308.4,2,minhtran2346
8832,16689841,Pavani2325,"2026-08-08 10:00:56",308.3,2,pavani2325
8833,16784712,SIDDpat,"2026-08-30 08:13:50",308.3,2,siddpat
8834,16633982,Nikunj1375,"2026-08-07 08:40:29",308.3,2,nikunj1375
8835,16665252,"Harsh Katara","2026-08-05 06:51:14",308.1,1,harshkatara
8836,16687648,"RSJ CorneR","2026-09-23 19:07:08",308.0,2,rsjcorner
8837,16698591,FestusKipkoech,"2026-08-28 18:58:28",307.5,2,festuskipkoech
8838,16701902,"Matthew Souza Chong","2026-08-11 05:58:50",307.5,2,matthewsouzachong
8839,16791786,BladeOffline,"2026-08-30 03:42:42",307.3,1,bladeoffline
8840,16672168,"Justin Rutkowski","2026-09-13 08:13:41",307.0,2,justinrutkowski
8841,16655729,"Arnab Mallick","2026-08-04 02:41:48",306.9,2,arnabmallick24
8842,16661690,codefusiondu,"2026-08-06 04:53:25",306.6,2,codefusiondu
8843,16632558,RUI,"2026-09-18 11:34:17",306.5,2,zaiwubian
8844,16810051,Reddi_twelve,"2026-09-03 23:26:30",306.4,1,redditwelve
8845,16729572,"Aswin Ramanathan","2026-08-17 16:17:38",306.4,1,aswinramanathan
8846,16668271,"Shashank Raj","2026-08-06 14:27:00",306.4,2,ssr6156
8847,16700187,"adrian purnama","2026-08-10 10:50:45",306.3,1,adrianpurnama
8848,16659865,Rithikaaaaah,"2026-08-17 07:09:08",306.2,2,rithikaaaah
8849,16898267,Tannybro,"2026-09-20 09:31:41",306.2,2,tannybro
8850,16661639,"Jayanth Kumar D","2026-08-06 13:36:46",306.0,2,jayanthkumard
8851,16681177,"Ivan Kevin Garcia Hernandez","2026-08-17 19:25:34",305.4,2,jedilgh
8852,16672020,"Arum Puri ","2026-08-18 14:03:33",305.3,2,arumpuri
8853,16728948,L3MG,"2026-08-16 21:17:06",305.3,2,lemgyy
8854,16707092,"Asharani Sahu","2026-08-11 11:19:08",305.0,1,asharanisahu
8855,16662491,Rudra070311,"2026-08-11 17:06:39",304.9,2,rudra070311
8856,16655811,"Duy Trần","2026-08-04 08:23:27",304.8,1,duyqtrn
8857,16660992,"Vishnu Vardhan Dumpala","2026-08-05 18:17:30",304.5,1,vishnuvardhandumpala
8858,16732315,"Filip Chladek","2026-08-17 13:37:38",304.0,2,filipchladek
8859,16807668,kilariHemalatha,"2026-09-05 04:33:19",303.9,1,kilarihemalatha
8860,16881665,"Negar Hassantabar","2026-09-27 03:29:07",303.7,2,negarhassantabar
8861,16665661,Ikhbar,"2026-08-05 09:50:57",303.7,2,ikhbar
8862,16659493,"Ori Glisko","2026-08-09 14:27:44",303.6,2,origlisko
8863,16681801,majj,"2026-08-11 03:07:46",303.3,2,m313786372
8864,16690183,ankit8924praj,"2026-08-14 15:43:56",303.2,2,ankit8924praj
8865,16662856,"Pranjal Arya","2026-09-11 09:30:08",303.2,2,pranjalaryaa
8866,16749568,"Nana Hung","2026-08-23 02:17:34",303.1,2,nanahung
8867,16844194,小林周人,"2026-09-17 14:57:34",303.0,2,kobashu
8868,16634769,Fivingone,"2026-08-03 03:47:43",302.9,2,fivingone
8869,16660996,"Thịnh Nguyễn Chí Tiến","2026-08-08 01:49:40",302.7,2,thnhnguynchtin
8870,16765997,"Diya Sharma","2026-09-13 18:08:07",302.7,2,diyasharmanexa
8871,16624553,"Abiram Bharathi S.A","2026-09-08 11:40:32",302.7,2,abirambharathisa
8872,16669204,Scout,"2026-09-26 23:48:19",302.4,2,"aeryst,divyanshxanshu,mridulahluwalia06,shlokgoyal1234,smaggr"
8873,16784538,"mou1234568 fdsfds","2026-08-28 18:05:29",302.3,2,mou1234568fdsfds
8874,16789486,TanjiahaoXX,"2026-08-29 07:47:37",302.2,1,tanjiahaoxx
8875,16679389,"JOMIN URK21CS1077","2026-09-27 05:49:23",302.0,2,jominurk21cs1077
8876,16673152,"Arijit Raj","2026-08-06 08:23:14",301.9,2,arijitraj02
8877,16711348,ticoraph,"2026-08-21 18:55:56",301.8,2,ticoraph
8878,16623405,nbarlow,"2026-08-12 20:01:08",301.5,2,nickbarlow
8879,16823858,"James Mills","2026-09-23 17:08:00",301.0,2,jamesmills1975
8880,16774471,"Seymour Schmidt","2026-09-16 10:56:11",300.9,2,angrybread
8881,16687403,"Raja Sai Vardhan","2026-08-09 08:19:22",300.7,2,rajasaivardhan
8882,16763916,"Mohamed Nchourupouo","2026-08-24 09:28:47",300.5,2,mohamednchourupouo
8883,16706591,"Poorvi Shetty","2026-09-25 14:34:13",300.4,2,poorvishetty1
8884,16652970,"Abhay sarkar","2026-08-05 14:40:05",300.3,1,abhaysarkarai
8885,16702052,"Beny Pratama Putra","2026-08-12 16:18:20",299.5,2,benypratamaputra
8886,16771870,"kumi cho","2026-09-22 14:52:46",299.5,2,kumicho
8887,16849173,"Sarvajith Adyanthaya","2026-09-07 16:51:17",299.4,1,sarvajithadyanthaya
8888,16660473,"Owen M Kelley","2026-08-10 00:53:11",299.3,2,owenmkelley
8889,16690163,"Abhay Upadhyay","2026-08-08 18:05:54",299.3,2,abhay18s
8890,16686789,Hay-gent,"2026-09-07 05:37:52",299.1,2,"alagusuriyas,gayathrisrimai"
8891,16659975,"Rahul Sain","2026-08-05 18:54:58",298.7,2,rahulsain2001
8892,16766823,suikkee,"2026-09-02 05:05:50",298.6,1,suikkee
8893,16912620,"Mitul Khemani","2026-09-17 09:25:17",298.0,2,mitulkhemani
8894,16932204,"Doğuş Özel","2026-09-20 22:27:23",297.9,2,dozel7
8895,16674678,"Tinotenda Garikayi","2026-09-24 06:22:44",297.8,2,tinotendagarikayi
8896,16655621,xia0910,"2026-08-08 11:03:21",297.7,2,xia0910
8897,16805109,"иван астахов","2026-09-10 21:30:35",297.5,2,iastakhov
8898,16721533,"Lakshya Sharma","2026-08-16 06:01:34",297.4,2,lakshyasharma007
8899,16701924,"Uma maheshwari T","2026-09-23 15:36:09",297.3,1,umamaheshwarit
8900,16653054,Khongor2424,"2026-08-03 15:32:17",297.1,2,khongorkikaik21
8901,16690514,"Aditya #3","2026-08-09 06:29:48",297.0,1,a0x1ab
8902,16673753,hmmmSure,"2026-09-15 18:13:47",296.8,2,gerardnitt
8903,16712089,"yui seya","2026-08-12 12:17:02",296.7,2,yuiseya
8904,16652899,Isha,"2026-08-22 05:51:50",296.4,2,aarohi20
8905,16656506,"Piyush Harde","2026-08-04 12:54:26",296.2,2,piyushharde
8906,16830884,"Khalil hafni","2026-09-14 23:51:56",296.1,1,hafnix
8907,16698920,"Rishabh Bhartiya","2026-08-12 13:48:26",296.0,2,rishabhbhartiya
8908,16658452,Hillclimber,"2026-09-13 01:50:22",295.9,2,driessmit1
8909,16668166,Pikachu,"2026-08-05 14:52:15",295.8,2,"arpankumarsinha,phantomboy69,subhojitpaul2006"
8910,16855181,Komal_Rani,"2026-09-08 16:39:15",295.3,2,komalvinayak
8911,16682345,Gordy,"2026-08-31 07:39:13",295.1,2,gordyii
8912,16690882,"Meet P. Shah","2026-09-05 04:32:03",295.0,2,meet47
8913,16655315,SL,"2026-08-13 01:50:18",294.7,2,xndr007
8914,16845556,"li Insomenia","2026-09-07 04:07:10",294.5,2,liinsomenia
8915,16705294,"zhenf Liu","2026-08-11 07:51:06",294.4,2,zhenfliu
8916,16785111,"JEFFREY KIRUBA J ","2026-08-28 18:07:41",294.4,1,jeffreykirubaj
8917,16818690,"Arionchen TitanTeam","2026-09-04 08:52:16",294.0,2,arionchentitanteam
8918,16809426,"The Nafl","2026-09-10 11:20:55",293.7,2,nafalrust
8919,16662054,"phantom of shubh","2026-08-11 07:54:46",293.5,1,shubhamkumar123490
8920,16721849,ayushai8714,"2026-08-28 09:36:41",293.5,2,ayushai8714
8921,16667773,ShashankJha,"2026-09-25 17:08:01",293.4,2,shankinfy
8922,16643303,sigireddyBalasai,"2026-09-12 11:40:23",293.4,2,sigireddybalasai
8923,16671959,"Sintu Verma","2026-08-09 05:44:56",293.4,2,sintuverma
8924,16882689,Soodari,"2026-09-12 21:56:31",293.3,2,soodari
8925,16666353,"Pal Savani","2026-09-14 19:01:01",292.9,2,palsavani
8926,16684308,Itsside_jay,"2026-08-07 11:46:48",292.9,1,itssidejay
8927,16692084,"Kaggri Farmers","2026-08-29 19:47:29",292.9,2,"jayant99acharya,satvikkolluru"
8928,16659060,Pratham3gewg,"2026-08-06 18:26:51",292.9,2,pratham3gewg
8929,16653903,Manav2805,"2026-08-04 09:25:08",292.2,2,manav2805
8930,16668333,VishalVivek,"2026-08-07 09:46:17",292.1,1,vishal14332
8931,16694673,"B T Chinmayi","2026-08-27 19:47:10",291.9,2,btchinmayi
8932,16674394,"Ishant Mittal","2026-08-08 09:24:57",291.8,2,ishantmittal95
8933,16660543,"BUTUH DUIT","2026-08-06 07:39:16",291.8,2,abulkahfi
8934,16664218,"Nguyen Vu Tue Khang","2026-08-24 03:32:10",290.4,2,nguyenvutuekhang
8935,16757233,"Tet Toe Wai","2026-08-24 07:51:45",289.8,1,tettoewai
8936,16657891,"Joshua Kinnah","2026-08-07 23:00:45",289.7,2,joshuakinnah
8937,16661955,Bingos,"2026-08-05 11:43:07",289.6,2,bingos
8938,16685996,"Universal Entropy","2026-08-07 16:22:28",289.5,1,fennerjw
8939,16794647,"Michael Cahill","2026-09-01 07:46:28",289.4,2,michael1232
8940,16690055,"Prem Kumar","2026-09-02 05:56:28",289.4,2,premkumar099
8941,16838645,"Deepak #2","2026-09-06 10:20:54",289.3,2,deepakup85
8942,16669188,Sebastián,"2026-09-25 21:30:33",288.9,1,sebatl
8943,16915613,MDM,"2026-09-17 16:03:54",288.6,2,themdm
8944,16659696,"Lakshyaraj Singh Rathore","2026-09-05 18:47:32",288.6,2,lakshyarajrtm
8945,16728465,"Abdurrahman Assegaf","2026-08-16 12:13:15",288.4,2,amanshop
8946,16662495,Earth,"2026-08-15 10:54:03",288.4,2,earthearth
8947,16683421,"Ruchita Yadav","2026-08-13 18:09:54",288.3,2,ruchitayadav20
8948,16784605,"Iniyan M D R","2026-08-28 13:53:22",288.2,1,iniyanmdr
8949,16627796,tizawa3,"2026-09-26 23:29:16",288.1,2,tizawa
8950,16725135,"clement cg","2026-08-19 07:54:00",288.1,2,clementcg
8951,16684168,"Roaya Saed","2026-08-10 14:36:20",288.0,1,roayasaed
8952,16676302,Arnav,"2026-08-08 06:10:01",288.0,2,arnav03101
8953,16682559,"Punit Pritam Mohanty","2026-08-11 06:21:03",287.7,2,punitpritammohanty
8954,16686941,vishu,"2026-09-24 12:47:08",287.4,1,vedanthshetty
8955,16652397,"Aniket Kumar","2026-08-06 13:29:50",287.2,2,kalkiavatar3
8956,16732280,"Akarsh kumar shukla","2026-08-18 20:38:35",287.0,1,akarshkumarshukla
8957,16658990,"Muhammad Burhan SE-45-02","2026-08-07 04:26:18",286.7,2,muhammadburhanse4502
8958,16672670,RonTroy,"2026-08-13 04:46:15",286.7,2,rontroy
8959,16663600,"Adrián Flores","2026-08-05 00:38:36",286.6,2,foward2892
8960,16668559,Goups,"2026-08-22 09:11:46",286.5,2,hervrenard
8961,16658450,"Krish Singh","2026-08-05 16:11:00",286.3,2,krishsingh2283
8962,16707372,"zidu cheng","2026-08-11 13:30:40",286.0,1,ziducheng
8963,16814858,"Sankalp Patidar","2026-09-15 08:57:20",286.0,2,sankalppatidar
8964,16882182,":T Eh?","2026-09-13 09:16:32",285.5,1,goulustis
8965,16665758,"Oladipo Bashir","2026-08-31 10:23:51",285.4,1,oladipobashir
8966,16669576,"zarnab waheed","2026-08-17 19:20:34",285.4,2,zarnabwaheed
8967,16920837,"Borys Koza","2026-09-18 13:00:28",285.2,1,boryskoza
8968,16677034,gollapallysaikiraan2,"2026-09-18 21:45:24",285.2,2,gollapallysaikiraan2
8969,16736202,杨雨灿,"2026-09-08 00:51:59",285.1,2,yucanyang
8970,16885028,"wen yimeng","2026-09-13 09:26:04",285.1,1,wenyimeng
8971,16729246,"Ayodeji Akinola","2026-08-29 19:45:30",284.7,2,ayodejiakinola
8972,16650070,"jakub slavíček","2026-08-04 12:58:40",284.5,2,jakubslavicek
8973,16748092,Luckshith,"2026-08-20 12:59:43",284.5,2,luckshith
8974,16682262,"Pardeep Singh","2026-09-01 11:01:27",284.3,2,pardeep06
8975,16730653,"Daham Dissanayake","2026-08-21 03:17:15",284.3,1,"dahamdissanayake,dinuginimnara"
8976,16784225,sulala,"2026-08-29 08:51:26",284.1,2,sulala
8977,16646076,"Ajeet Krishnasamy","2026-08-04 19:52:27",283.5,2,ajeetkrish
8978,16662403,"ulaş özen","2026-08-05 19:49:16",283.3,2,ulazen
8979,16682623,"Aditya Paul","2026-08-14 12:44:45",283.2,2,adityapaul634
8980,16748410,Lemons,"2026-08-21 19:44:07",283.2,1,takahiromatoba
8981,16791680,"Surja Sarker","2026-09-04 12:12:24",283.1,2,surjasarker
8982,16661290,"Kelian Esteve","2026-08-04 14:33:13",283.0,1,kelianesteve
8983,16792780,"Sreekar Reddy","2026-09-01 15:33:38",282.9,2,eshured
8984,16641866,"Prem Gandhi","2026-08-06 19:48:18",282.9,2,gprem352
8985,16796258,"Lanzhi Jiao","2026-09-03 08:31:13",282.8,1,lanzhijiao
8986,16893131,"Jenny Dinh","2026-09-21 13:27:12",282.7,2,"jeanguo000,jenny125,keytran8850"
8987,16911725,"casey blanche","2026-09-18 23:50:00",282.6,2,caseyblanche
8988,16675218,데미안과마루,"2026-08-18 14:16:13",282.6,2,siver3
8989,16654430,"Rishoban Y","2026-08-07 13:46:37",282.4,1,rishoban
8990,16698562,Kyoko004,"2026-08-11 04:38:18",282.3,1,kyoko004
8991,16858604,"Ye Naing","2026-09-10 02:42:59",282.1,2,yenaing
8992,16678362,"Mitiku Yohannes","2026-08-07 00:00:37",282.1,2,mitiku
8993,16634016,"Adrien Thomas","2026-09-21 17:32:37",282.0,2,adrienthomas
8994,16623161,"Charles Kalaba","2026-08-08 13:06:02",282.0,2,charleskalaba
8995,16676305,JTHEFROG,"2026-08-08 12:09:45",282.0,2,joshyuasa
8996,16624246,"xu j1ayang","2026-08-11 05:12:47",282.0,2,xuj1ayang
8997,16658383,"SIVA S","2026-09-27 06:35:32",281.8,2,codingmaster24
8998,16716592,"Poma Mikhail","2026-09-10 09:08:04",281.7,2,ambisinistra
8999,16697373,"Sumit Bhattacharjee","2026-08-29 18:29:11",281.4,2,sumitbhattacharjee
9000,16761994,"Talha Sayyad faim","2026-08-23 11:32:37",281.3,1,talhasayyadfaim
9001,16797284,Alice7371,"2026-08-31 17:58:22",281.0,1,alice7371
9002,16684223,"Aayush Shah","2026-08-13 17:57:28",281.0,2,aayushshah265
9003,16658620,"Dina Chettouh","2026-08-04 09:13:27",281.0,2,dinachettouh
9004,16682422,"SABBIR HOSSAIN 2029","2026-08-16 14:23:24",280.8,2,sabbirhossain2029
9005,16785050,"MITHIL J URK26CS7067","2026-08-28 18:29:14",280.5,1,mithiljurk26cs7067
9006,16707118,"DEVEN BAGADE","2026-08-11 11:24:10",280.5,2,devenbagade
9007,16862181,"M chetin","2026-09-12 18:51:14",280.0,2,cetin95
9008,16662913,"IYAMPAYE ribert","2026-08-04 19:01:38",280.0,1,iyampayeribert
9009,16658725,"syed jawad","2026-08-17 08:49:32",279.7,1,syedjawad663
9010,16868524,"Chutayu Adhittayawong","2026-09-11 03:30:13",279.6,2,arteezy009
9011,16839939,Lemonabc,"2026-09-05 12:56:42",279.3,1,lemonabc
9012,16883188,gunnarrrr,"2026-09-27 02:29:26",279.2,2,gunnarrrr
9013,16631989,"VIDIT SHRIMALI","2026-07-31 17:13:46",279.2,1,viditshrimali
9014,16675037,"Stanislav Pashkov","2026-08-08 20:50:16",279.0,2,stanislavpashkov
9015,16778585,Deepa,"2026-09-27 02:46:31",279.0,2,deepa42639
9016,16654253,"Gaius K Biju","2026-08-03 18:51:18",279.0,2,gaiuskbiju
9017,16755664,"Shivam Rajdev","2026-09-04 19:28:36",278.9,2,shivamrajdev
9018,16657426,"M.Mukunda Reddy","2026-08-17 06:18:11",278.7,2,mmukundareddy
9019,16707179,"Achintya Rai","2026-08-12 11:15:16",278.4,2,achintyarai
9020,16657159,"Amey Malpurkar","2026-08-11 07:35:27",278.1,2,"ameymalpurkar,siddheshsadarao"
9021,16734670,Sparsh,"2026-08-22 01:48:51",277.9,2,sparshsinha24
9022,16669535,sakshitantak,"2026-08-08 05:16:32",277.5,2,sakshitantak
9023,16632319,Valentin,"2026-07-31 21:14:24",277.5,1,vaha94
9024,16660308,zhangzhenman,"2026-08-25 06:14:26",277.4,1,zhangzhenman
9025,16658489,小出和見,"2026-08-13 23:23:04",277.4,2,kzmk8d
9026,16862268,"Vishal Harry","2026-09-12 21:26:48",277.2,2,vshr777
9027,16652276,Phare111,"2026-08-04 15:09:55",277.0,1,phare111
9028,16759726,Phoenix,"2026-08-22 19:43:10",276.9,1,seanht1
9029,16666316,adityakr1001,"2026-08-05 09:33:41",276.9,1,adityakr1001
9030,16765570,"Akhand Soni","2026-08-24 12:47:42",276.7,1,akhandsoni
9031,16660529,Imaanga,"2026-08-10 11:41:21",276.4,2,imaangababy
9032,16724743,"Dr. James Gambrah","2026-08-17 08:48:47",276.2,2,jamesgambrah
9033,16747086,Karma_350234,"2026-08-20 09:56:52",275.8,1,karma350234
9034,16741555,"Rushikesh Shirwalkar","2026-08-19 11:02:46",275.5,2,rushikeshshirwalkar
9035,16637025,kodalien,"2026-08-10 15:21:00",275.4,2,kodalien
9036,16723487,RoboDavo,"2026-08-19 00:36:17",275.2,2,robertdavidson1911
9037,16847927,"Laiba Hameed","2026-09-12 09:00:51",275.2,2,laibahameed08
9038,16841154,Kinjal,"2026-09-05 22:13:51",274.9,2,kinjalparmar5009
9039,16919058,"Bethany Stringer","2026-09-19 10:18:38",274.7,1,bethanystringer
9040,16758856,"Ali Zaib","2026-08-27 20:12:02",274.7,2,alizaib001
9041,16749514,"M Harini","2026-09-21 14:52:15",274.3,2,rvmharini
9042,16654306,Shubham,"2026-08-03 19:09:40",274.1,2,sanjayshubham24
9043,16691354,"Vedika Gupta","2026-08-08 14:20:25",274.0,1,vedikagupta0
9044,16756768,"Sayeed Ibrahim","2026-08-22 01:32:12",273.9,2,sayeedibrahim
9045,16665114,"Francesco Benincasa","2026-08-05 09:56:52",273.8,2,francescobenincasa
9046,16769212,"jason vetter","2026-08-25 05:48:22",273.7,1,jasonvetter
9047,16688231,"Antoine Matemane Mahirwe","2026-08-10 19:40:15",273.7,2,antoinemah
9048,16655875,PLLZ,"2026-08-17 01:11:41",273.5,2,pllzzz
9049,16690187,"Amrita Singh","2026-08-08 10:34:51",273.4,2,amrita004
9050,16716476,lnssan,"2026-08-20 13:05:18",273.2,2,lukanilssandmayr
9051,16659581,"isah ridwan","2026-08-07 09:02:00",273.1,2,isahridwan
9052,16655734,dworld,"2026-08-05 04:13:18",273.0,2,jagdishhalde
9053,16690161,"Sudipto Event","2026-08-11 09:25:00",272.8,2,sudiptoevent
9054,16753817,Karmers,"2026-09-24 08:52:46",272.5,2,"prasenjittadake,swapnilpatil2737"
9055,16683284,"Haha Farming","2026-08-07 14:38:04",272.2,1,"akshitharamesh,harinir1423"
9056,16761731,"James Hu","2026-08-23 17:50:28",272.0,1,cnjameshu
9057,16822259,"Craig Goldswain","2026-09-07 14:52:01",272.0,2,craiggoldswain
9058,16790483,"ivo nahuel jasinskas","2026-08-29 14:08:28",271.8,1,ivonahueljasinskas
9059,16730086,HanaGhanem,"2026-09-20 22:15:11",271.5,2,hanaghanem
9060,16715576,bhavnachavda21,"2026-09-26 15:26:41",271.5,2,bhavnachavda21
9061,16761681,"Ming Myung","2026-08-24 05:12:56",270.8,2,vanhaminhquan
9062,16665614,MesonLabs,"2026-08-11 06:17:27",270.5,1,mesonlabs
9063,16665243,"Harshit Jha","2026-08-05 13:40:16",270.4,2,harshitjha28
9064,16746682,"julio cesar valencia","2026-09-24 04:19:19",270.2,2,juliocesarvalencia
9065,16840506,"Jayanth Earla","2026-09-10 16:46:21",269.9,2,jayanthearla
9066,16748712,"Amit Kumar Gupta","2026-08-21 13:33:00",269.8,2,eramitg
9067,16813582,Soham_7391,"2026-09-16 09:59:13",269.8,2,soham7391
9068,16684191,"Patel Aryan D","2026-08-10 07:36:13",269.6,2,patelaryand
9069,16865663,GauravPramodJain,"2026-09-10 09:44:04",269.5,1,gauravpramodjain
9070,16661879,"Pham Truc","2026-08-07 07:21:46",269.3,1,genti1206
9071,16839430,EliaSav,"2026-09-06 15:33:34",269.1,2,eliasav
9072,16724204,chestnut,"2026-08-21 02:15:17",268.7,2,yskkrbysh
9073,16915237,"Greg Spitz","2026-09-25 22:26:24",268.6,2,gregspitz
9074,16677629,"XIE Jintao","2026-08-06 18:47:28",268.3,2,xiejintao
9075,16748206,ArtlexYang,"2026-08-25 08:43:28",267.9,1,artlexyang
9076,16670674,"Foodle Jang","2026-08-19 22:14:34",267.8,2,foodlejang
9077,16663253,"Albert Benjamin Asare","2026-08-06 19:29:05",267.8,2,albertbenjaminasare
9078,16790545,Adnane,"2026-09-01 02:18:09",267.7,2,adnaneel
9079,16762045,ADV,"2026-08-23 13:28:56",266.7,1,shuntianjiang
9080,16922872,EricWang,"2026-09-18 23:56:44",266.4,1,ericwang915
9081,16712086,"Zubair Shafi","2026-08-16 23:23:04",265.8,2,zubairshafi5050
9082,16750033,davidw001,"2026-08-20 17:13:07",265.2,1,davidw001
9083,16676007,"Lao KENAO","2026-08-15 01:15:48",265.0,2,laokenao
9084,16649650,"Ashish Barnawal","2026-08-11 04:08:04",264.7,1,klein4
9085,16711610,cc_z_kaggle,"2026-08-12 09:33:23",264.4,1,cczkaggle
9086,16773545,faithk7u,"2026-08-31 21:57:43",264.3,2,faithk7u
9087,16713204,Mohamedg,"2026-08-24 23:15:06",264.3,2,mohamedgcroesus
9088,16762084,"Krishna Lokhande","2026-08-23 14:08:48",264.2,1,krishnalokhande8080
9089,16756174,"Mateo Coelho","2026-09-02 19:10:01",264.0,2,mathsco
9090,16658676,"Abdul Roheem Abdul Warith","2026-08-04 18:59:04",263.8,1,albasoliyy
9091,16697283,Puranjay02,"2026-09-10 07:09:06",263.8,2,puranjay02
9092,16663945,anyasri,"2026-09-22 18:19:28",263.3,2,anyasri
9093,16739918,POLAROID_86,"2026-08-18 21:56:04",263.3,2,polaroid86
9094,16658065,"Parul Mittal","2026-08-06 13:55:51",263.0,1,pisces83
9095,16932531,"Ankur Agarwal","2026-09-20 22:56:55",262.9,1,ankur98
9096,16651668,Haiku,"2026-08-05 06:28:54",262.8,2,yangjiefu
9097,16939560,"Zhi Quan","2026-09-22 05:35:09",262.6,1,zhiquannn
9098,16659203,"Praful Nayak","2026-08-05 08:17:06",262.5,2,prafulnayak2003
9099,16654568,Samiksha_Chan1022,"2026-09-20 14:26:32",262.5,2,samikshachan1022
9100,16676084,"Abir Majdi","2026-08-24 00:24:35",262.3,2,abirmajdi
9101,16736084,"Kaishang Zhang","2026-09-02 13:41:28",262.2,2,kaishangzhang
9102,16658941,Matts6591,"2026-08-17 07:59:36",262.1,1,mathwithmatt
9103,16654293,"Jatin N. Soni","2026-08-18 09:59:05",261.9,2,jatinsoni111
9104,16926905,"George Quadros","2026-09-21 21:56:55",261.7,2,georgequadros
9105,16707941,ニイエチカイン,"2026-08-14 15:28:42",261.1,2,j4ck99
9106,16718890,"Andy Symonds","2026-08-19 23:04:11",261.1,2,andyivanhoe
9107,16882350,akacome,"2026-09-12 18:32:37",260.9,1,akacome
9108,16660957,CREVATEC,"2026-08-11 09:30:33",260.6,2,"olakunleolalekan,samueloladeji"
9109,16929898,"Senadie Damsini Fernando","2026-09-20 10:49:49",260.5,1,senadiefernando
9110,16842088,"Hrithik Reddy","2026-09-07 09:46:01",260.0,1,hrithik22122
9111,16656881,"Eugene Nyondo","2026-08-30 22:33:50",259.9,2,eugenenyondo
9112,16656595,"Sithija Amarathunga","2026-08-04 10:09:50",259.7,2,sithijaamarathunga
9113,16665461,"Krishna Golwala","2026-08-24 18:39:08",259.7,2,krishnagolwala
9114,16665371,"Kevoh Mutwiri","2026-09-20 20:33:29",259.5,2,kevohmutwiri
9115,16929949,"mohamed seddik sakai","2026-09-22 13:32:24",258.5,2,mohamedseddiksakai
9116,16889340,aryansaini1612,"2026-09-15 04:04:12",258.4,1,aryansaini1612
9117,16663869,CYBER_TECH99,"2026-08-05 01:40:15",258.2,2,cybertech99
9118,16658795,"Case Seller","2026-08-30 06:46:45",258.1,2,caseseller
9119,16670185,"Odilon Yehouenou","2026-08-13 20:23:58",258.1,2,odilonyehouenou
9120,16809620,"Mohamed Alaa Elboraay","2026-09-02 19:11:42",257.9,2,mohamedalaa10
9121,16661213,"Daniel Siersleben","2026-08-05 12:53:41",257.7,1,danielsiersleben
9122,16668464,Mauro,"2026-08-05 15:57:27",257.6,2,ilmaurino
9123,16765329,"Bart Woz","2026-08-31 14:18:24",257.1,2,bartwoz
9124,16918745,Xstella,"2026-09-24 08:11:56",256.8,2,xstella
9125,16887893,"Sridhar C","2026-09-13 20:12:56",256.7,2,sridharchinnasamy
9126,16936360,nicapotato,"2026-09-21 13:51:51",256.7,1,nicapotato
9127,16662039,"Ajat Rosadi","2026-08-04 16:58:10",256.4,2,ajatrosadi
9128,16713601,"Omar spok","2026-08-19 13:27:13",256.3,2,omarspok
9129,16740506,Growingduck,"2026-09-02 03:18:21",256.3,2,jaeminkang2021
9130,16669523,Jackson55171,"2026-08-05 18:21:00",256.3,2,jackson55171
9131,16759675,TianKitty,"2026-08-27 04:43:06",256.3,1,tiankitty
9132,16658357,heetmehta18,"2026-08-07 13:30:40",256.1,2,heetmehta0000
9133,16643821,"arnav chaturvedi123","2026-08-02 22:16:08",256.1,2,arnavchaturvedi123
9134,16659804,"Gashahun Demise","2026-08-04 13:23:20",255.9,2,gashahundemiset
9135,16889111,"Abel Garza-Ramírez","2026-09-19 01:12:05",255.8,1,abelgarzaramrez
9136,16922932,Anteee231,"2026-09-21 04:19:19",255.7,2,anteee231
9137,16632881,"Brisa Marina","2026-08-07 16:13:15",255.7,1,brisamarina
9138,16695733,"Imad Zaanine","2026-08-11 02:11:15",255.5,2,imadzaanine
9139,16740950,Shaw,"2026-08-23 10:07:14",255.4,2,shaw06
9140,16661587,"Debashis Mohapatra","2026-08-05 09:05:50",255.1,2,debashismohapatra
9141,16689903,wangbohuan,"2026-08-08 09:35:12",255.1,2,wangbohuan
9142,16677788,DorianCo,"2026-08-06 18:10:06",254.9,2,dorianco
9143,16703295,Yuting,"2026-08-13 20:42:16",254.9,2,yutinghanuxd
9144,16655508,bigsea,"2026-08-04 01:31:58",254.5,2,sakamakihiromi
9145,16821068,"Danila Goncharenko","2026-09-03 15:22:12",254.3,2,danilegovich
9146,16856961,"Victor Egbo","2026-09-10 08:38:48",254.0,2,victoregbo
9147,16687151,harshi101,"2026-08-08 06:32:37",254.0,2,harshi101
9148,16662861,"Chirag Tutlani","2026-08-04 19:13:05",253.9,1,chiragtutlani
9149,16657378,doteeee,"2026-08-14 11:43:40",253.9,2,narendra
9150,16667700,"Omar Mohammad","2026-08-05 15:52:54",253.6,2,omarmohammadw
9151,16733752,Abhi,"2026-08-17 19:34:16",253.6,1,zeroday19
9152,16708246,StudyForUse01,"2026-08-11 16:58:19",253.6,1,studyforuse01
9153,16707228,"Milind Bansal","2026-08-11 11:45:00",253.5,1,milindbansal18
9154,16755126,"Goosing around","2026-08-21 14:01:59",253.2,2,"annood,davidterkuile"
9155,16822994,"Peter Danilov","2026-09-03 18:16:23",253.0,1,pndanilov
9156,16669314,"Editor Jugnu AI","2026-09-06 08:31:32",253.0,2,editorjugnuai
9157,16723726,"Erika Worrall","2026-08-15 23:09:17",252.9,1,erikaworrall
9158,16938753,"Kedar K0","2026-09-22 03:42:53",252.8,1,kedark0
9159,16740795,Yanshaoo2026,"2026-08-19 08:40:17",252.4,1,yanshaoo2026
9160,16725104,ManasviVarma,"2026-08-23 10:20:35",252.3,1,manasvivarma
9161,16924232,Heshwa,"2026-09-19 08:08:28",252.2,2,heshwa
9162,16727383,"Minchul Shin","2026-08-20 07:50:37",252.2,1,nashory
9163,16780106,"Mirangga Jakti","2026-09-09 20:05:22",251.9,2,miranggajakti
9164,16657777,"sandeep kumar","2026-08-04 11:41:21",251.7,2,sandeep088
9165,16676991,"Jack Hopkins","2026-08-19 19:11:37",251.6,2,jackhopkins
9166,16639684,Rubel,"2026-08-05 18:49:11",251.5,2,rubel01
9167,16655003,"Paramjeet Kaur","2026-08-04 21:09:02",251.4,1,kauxp26
9168,16809584,"Kinnal Rutu","2026-09-02 15:01:01",251.2,2,kinnalrutu
9169,16706312,"shabbar taj","2026-08-11 16:35:57",251.1,2,shabbartaj
9170,16661469,"Qiqi Xie","2026-08-06 20:53:32",251.0,2,qiqixie123
9171,16676501,"[Deleted] cf820879-5b51-45ff-9f0a-1d88833299b5","2026-08-08 08:32:10",250.8,2,kamraanmulani
9172,16830761,Skarmory,"2026-09-04 13:05:56",250.4,1,syarnorke
9173,16880785,"CHIDANANDA G L","2026-09-12 11:18:48",249.9,2,chidanandagl
9174,16649074,nanato,"2026-08-28 04:27:29",249.8,1,nanato
9175,16686316,"Ali mohon","2026-08-07 16:16:43",249.8,2,alimohon
9176,16660144,"Léandre ELISHA","2026-08-09 12:25:44",249.8,2,landreelisha
9177,16701041,"Meet Babariya","2026-08-10 14:21:06",249.7,1,meetbabariya
9178,16731278,"hayim lusthaus","2026-09-25 20:20:52",249.6,2,haimlust
9179,16849556,"Peter Bull","2026-09-08 12:41:45",249.5,2,peterbull
9180,16811524,PeiyuQian,"2026-09-11 16:00:55",249.2,2,peiyuqian
9181,16922345,"MESK WADHAH ABDULQADER ABDULQADER","2026-09-18 19:20:58",249.1,1,meskelemin
9182,16762167,"Arkoday Roychowdhury","2026-08-24 01:29:19",249.1,2,arkodayroychowdhury
9183,16686950,"Kittikhun Pachana","2026-08-08 00:16:11",249.0,2,kittikhunpachana
9184,16660579,mayank,"2026-08-06 14:41:12",248.8,2,mayank921
9185,16660471,"Obsessed Beings","2026-08-24 16:44:48",248.8,2,"meur99,muhammedsaeed315,obsessedbeing,studentwork01"
9186,16864283,"Nguyễn Cường","2026-09-20 11:41:20",248.5,2,nguyncngo
9187,16772388,XiaozhenWu2002,"2026-08-29 16:21:55",248.4,2,xiaozhenwu2002
9188,16670506,"Juan Andres Bravo Mejia","2026-08-05 21:40:17",248.4,1,juanandresbravomejia
9189,16669411,"Atta Ullah","2026-08-10 13:28:30",248.3,2,attaullahqau
9190,16724512,"Diw Gupta","2026-08-21 13:45:51",248.2,1,diwgupta
9191,16684875,"Amitrakshar Mukherjee","2026-08-07 13:21:32",248.0,2,amitraksharmukherjee
9192,16784952,"Adria Barreto","2026-08-28 16:06:57",248.0,1,adriabarreto
9193,16658888,NovaBytes,"2026-08-06 07:06:34",247.9,2,"drashtisingh14,kjjkjjk3107"
9194,16683970,"Zakhar Homyakov","2026-08-07 11:14:41",247.8,2,zakharhomyakov
9195,16669756,AlgSaid,"2026-08-05 18:54:07",247.8,1,imabdallah
9196,16942668,"Levreau Camille ","2026-09-22 16:30:19",247.8,2,"dechant,levreaucamille"
9197,16725288,mustafasadiqi,"2026-08-15 12:26:35",247.8,1,mustafasadiqi
9198,16806577,ShinYAM1002,"2026-09-06 17:33:20",247.7,1,shinyam1002
9199,16673369,Frame,"2026-08-06 07:59:47",247.4,1,rainorwang
9200,16697712,"Daniel Hebenstreit","2026-09-06 11:53:20",247.3,2,danielhebenstreit
9201,16664863,zzzhhcc,"2026-08-13 06:15:42",247.2,2,zzzhhcc
9202,16679467,"Ahmed Zedan","2026-08-18 00:28:27",247.1,2,ahmedzedan11
9203,16761134,mash3gt,"2026-08-23 06:10:12",247.1,1,shiroguitar
9204,16632145,kazuki_kazukazu,"2026-07-31 14:53:13",247.1,1,kazukikazukazu
9205,16662105,PunnatatJAY,"2026-08-04 16:22:50",247.1,1,punnatatjay
9206,16683998,"Mahoraga save me","2026-08-07 22:09:22",247.0,2,yqngyv
9207,16670004,Zinc-Eater,"2026-08-19 22:50:41",247.0,2,zans7331
9208,16758090,"JOYMIE TALICUAD","2026-08-22 10:07:40",246.8,1,joymietalicuad
9209,16785434,"[Deleted] 044034de-be4c-465c-ad6d-a40fcc0bf77c","2026-08-28 18:05:21",246.7,1,del=78dbd787081be305
9210,16758007,stoicsatvik,"2026-08-22 12:37:48",246.5,1,stoicsatvik
9211,16633833,"mohammad javad Kamali","2026-08-19 05:13:42",246.4,1,mohammadjavadkamali
9212,16644398,Nurkan123,"2026-08-16 21:20:24",246.3,2,nurkan123
9213,16768507,"Dhanush Ballanki","2026-08-25 00:33:27",246.3,1,dhanushballanki
9214,16783872,"Soupau Lev","2026-09-01 09:50:33",246.3,1,olivierauffret
9215,16660450,"prashant prakash","2026-08-08 09:45:36",246.1,2,prashantprakash28
9216,16811014,"Overfit and Chill","2026-09-18 12:41:38",246.0,2,toyeshchakravorty
9217,16712979,"Yusuke Tsukuda","2026-08-12 14:58:39",245.6,1,yusuketsukuda
9218,16699790,Aryanpal07,"2026-08-16 12:28:53",245.5,1,aryanpal07
9219,16676003,franck,"2026-08-06 14:59:55",245.4,2,bakura
9220,16665719,"[Armenia] Narek Petrosyan1","2026-08-05 07:49:34",245.2,1,narekpetrosyan1
9221,16819370,"István Csik","2026-09-03 13:39:36",245.2,2,istvncsik
9222,16841277,"Luis Garza Gonzalez","2026-09-08 05:07:26",245.2,2,luisgarzagonzalez
9223,16712990,shreyaaaaa9,"2026-08-12 16:17:06",245.1,1,shreyaaaaa9
9224,16785789,"Mateus Sousa do Carmo","2026-08-28 21:23:10",245.0,2,mateaadsaf
9225,16733204,"Sompalli Akhil Kumar","2026-08-18 10:14:08",245.0,2,sompalliakhilkumar
9226,16659280,"yahaya zayyan","2026-08-04 10:51:16",244.9,1,yahayazayyan
9227,16683428,"Darsh Jilka","2026-08-19 09:03:08",244.8,2,darshjilka
9228,16760903,"Derrick Lace","2026-08-23 04:23:40",244.7,2,derricklace
9229,16659698,"Duy Anh Nguyễn","2026-08-07 10:23:27",244.3,1,duyanhnguyn
9230,16744954,charley8,"2026-08-22 06:23:36",244.0,2,charley8
9231,16793148,"Hoàng Trung Nguyễn","2026-09-26 08:51:17",244.0,2,hongtrungnguyn
9232,16941661,Parthasaradhy,"2026-09-22 16:02:49",244.0,2,parthasaradhy
9233,16723583,"varun chindage","2026-09-25 01:13:18",244.0,2,stormy420
9234,16667365,"leul dereje","2026-08-08 06:54:54",243.9,2,leuldereje
9235,16678647,"Zorawar Singh","2026-08-06 19:55:53",243.8,2,zorawarsingh677
9236,16768453,phicis8911,"2026-09-16 00:41:21",243.6,2,phicis8911
9237,16656198,N9uy3nPham,"2026-08-06 10:56:04",243.5,2,n9uy3npham
9238,16817626,"Jaya Singh","2026-09-15 13:30:37",243.5,2,jayasingh12
9239,16684535,Moonlight,"2026-09-07 14:16:17",243.5,2,rajesh1joc
9240,16665704,"Sreesanth M S","2026-08-05 07:12:05",243.4,1,sreesanthms
9241,16637845,"Hadjmohamd Seif","2026-08-08 21:47:53",243.3,2,hadjmohamdseif
9242,16672982,"Enes Aytaç","2026-08-14 12:12:24",243.3,2,enesayta
9243,16633483,"benkerrouche abdelbasset","2026-08-07 16:11:50",243.0,1,bassetkerouche
9244,16677517,justnyoike,"2026-08-10 01:12:56",242.8,2,justnyoike
9245,16756743,"Ismail Alli Adekunle","2026-08-21 22:59:18",242.8,1,ismailalliadekunle
9246,16653997,"Alekya Valapushetty","2026-08-05 13:52:08",242.5,2,alekyavalapushetty
9247,16658152,MingSUN007,"2026-08-04 13:46:29",242.4,2,mingsun007
9248,16641331,ushi,"2026-08-05 13:33:18",242.3,1,yuki508
9249,16768456,清水一希,"2026-09-21 10:57:30",242.1,2,kazukishimizu0427
9250,16738539,"Sharath S","2026-08-21 05:19:45",241.9,2,akicodes
9251,16796678,ka,"2026-08-31 16:16:03",241.8,1,kandruszek
9252,16696266,"Pandarasamy Arjunan (Samy)","2026-08-09 14:16:03",241.7,1,samy101
9253,16621290,"Muhammad Ahsan","2026-07-30 17:35:00",241.7,2,ahsanneural
9254,16656679,"Sadiqa Bibi","2026-08-27 09:52:29",241.6,2,sadiqabibidata
9255,16663003,devzohaib,"2026-08-04 21:27:30",241.5,1,devzohaib
9256,16695937,Ryckiii,"2026-08-09 13:03:24",241.5,1,ryckiii
9257,16667063,"Amiksha S","2026-08-09 15:16:49",241.4,1,amikshas
9258,16708480,"Omar M.Moustafa","2026-08-11 18:55:58",241.4,2,omarmmoustafa
9259,16737009,"Alexandre Pedrosa","2026-09-03 07:42:20",241.4,1,alexandrepedrosai
9260,16657440,Lz7_129,"2026-08-04 15:26:01",241.3,1,lz7129
9261,16658783,"Devesh Choudhury","2026-08-07 17:08:33",241.1,2,deveshchoudhury
9262,16790992,"Matthew Knyazev","2026-08-29 17:53:40",240.5,1,matthewknyazev
9263,16818924,"super penguin king","2026-09-03 12:35:44",240.4,1,superpenguinking
9264,16920587,"Agnieszka Jabłońska","2026-09-18 14:17:48",240.3,1,agnieszkajaboska
9265,16750526,"Marcel Biezunski","2026-09-05 16:44:52",240.1,1,marcelbiezunski
9266,16728350,fajarnadeem808,"2026-08-16 13:07:59",240.1,2,fajarnadeem808
9267,16663459,"Cristian Yeanpaul Palomino Calderon","2026-08-06 04:14:17",240.0,2,dawo0t
9268,16689933,"Anjali Shah","2026-08-17 09:30:28",239.8,2,anjalishah0306
9269,16627717,da_pond,"2026-07-31 08:33:57",239.8,1,dapond
9270,16701143,macneil,"2026-08-14 14:53:54",239.3,2,macneil
9271,16740800,"Shiva Sai","2026-08-19 03:54:27",239.0,1,shivasai846
9272,16743603,tanmoypal11,"2026-08-19 15:19:36",239.0,1,tanmoypal11
9273,16687891,qklent,"2026-08-09 19:44:12",238.3,1,qklent
9274,16654853,"Saketh Rao","2026-08-03 21:43:14",238.1,1,sakethrao
9275,16795353,BlurreA,"2026-08-31 06:42:30",237.8,1,blurrea
9276,16772089,"Ana Riquele","2026-08-26 18:11:38",237.7,2,anariquele
9277,16949878,ZaitsevOleksandr,"2026-09-24 13:31:25",237.6,1,zaitsevoleksandr
9278,16664157,"Runjie Zhu","2026-08-10 11:49:13",237.5,1,damiendesolei
9279,16659374,"[Deleted] 8f7327b9-2576-439b-bd6e-3f5fde366ebe","2026-08-04 10:12:44",237.4,1,del=8b215115eb53cbc1
9280,16923722,Coders,"2026-09-26 16:02:31",237.3,1,"dhanalakshmi33,sruthi007,subbanbeeepanagandla"
9281,16769754,daguniang,"2026-08-26 00:44:59",237.2,2,daguniang
9282,16666553,DevChheda26,"2026-08-05 09:53:22",236.6,1,devchheda26
9283,16667691,alexanderctrl,"2026-08-18 10:10:51",236.3,2,alexanderctrl
9284,16744221,Dizzy1829,"2026-08-29 04:15:48",236.3,1,dizzy1829
9285,16658761,!Aman212,"2026-08-04 12:10:28",236.2,2,aman9142424
9286,16757098,"Tharun kumar Jaya kumar","2026-08-30 02:29:39",235.9,1,tharunkumarjayakumar
9287,16831820,"Raihan Saladin","2026-09-12 17:21:34",235.8,2,raihansaladin
9288,16659387,dharssshiniii,"2026-08-04 09:48:15",235.7,1,dharssshiniii
9289,16660321,syafanidwina,"2026-08-05 00:41:33",235.5,1,syafanidwina
9290,16785175,SonOfNike,"2026-08-28 17:20:58",235.4,1,sonofnike
9291,16774202,Wrs,"2026-08-26 09:21:40",235.3,1,wrsarch
9292,16666574,"hrishit prakash","2026-08-05 13:26:37",235.3,2,hrishitprakash
9293,16711673,losingself,"2026-08-12 09:07:45",235.1,1,level14taken
9294,16751488,Klixel,"2026-08-21 03:35:28",235.1,1,klixel
9295,16672767,"FasterYouChase FasterIRun","2026-08-09 13:15:12",235.0,2,icoguser
9296,16662048,"Deekshitha Prabhakar","2026-08-06 18:15:45",234.7,2,deekshithaprabhakar
9297,16665701,ManuelWick-Eckl,"2026-08-27 16:01:18",234.5,2,manuelw
9298,16661231,"R Ajay Kumar12","2026-08-04 14:12:11",234.5,1,rajaykumar12
9299,16712844,"ray hengbo","2026-09-01 03:35:31",234.4,1,rayhengbo
9300,16790137,sinchir0,"2026-08-30 12:52:05",234.4,1,sinchir0
9301,16635818,F.A.Nina,"2026-09-27 07:28:33",234.2,2,nina2025
9302,16668654,"Zharkyn Makhanbet","2026-08-10 18:28:08",234.0,1,imadparadoxi
9303,16691583,Caleb,"2026-08-09 14:32:52",234.0,2,collev
9304,16623823,"Julieta Rubis","2026-07-31 04:45:53",233.8,2,julietarubis
9305,16632795,"vishwottam kudekar","2026-08-05 18:19:02",233.6,1,vishwottamkudekar
9306,16659900,"Abu Bakr","2026-08-04 18:30:29",233.4,2,mohamed32010
9307,16903922,"Lim Ba Su","2026-09-20 04:22:33",233.2,2,limbasu
9308,16811774,"Eduardo Hoffmann","2026-09-23 22:33:16",232.5,1,hoffmanna
9309,16708091,"Dipak Kumar Samanta","2026-08-11 15:17:04",232.5,1,dipak889
9310,16663191,"Arnav Anand","2026-08-04 19:53:08",232.5,1,arnavair27
9311,16681959,"shun takinami","2026-08-07 05:43:47",232.4,1,shuntakinami
9312,16684908,"Nidal Saleh","2026-08-08 14:08:20",232.1,2,nidalsaleh
9313,16656692,"kinza aftab 714","2026-08-04 05:43:51",232.0,2,kinzaaftab714
9314,16671302,"Pratish Chaudhary","2026-08-10 00:35:01",231.8,1,pratishchaudhary
9315,16635098,"Charvi Upreti","2026-08-15 05:43:59",231.7,1,charviupreti
9316,16719618,Javierrcs,"2026-08-14 13:16:05",231.5,1,javierrcs
9317,16762081,VKAUL3,"2026-08-23 12:09:08",231.5,1,vkaul3
9318,16653319,"Md. Rasel Meya","2026-08-06 14:42:18",231.4,2,raselmeya
9319,16767173,AgriNexus,"2026-09-12 12:58:54",231.1,2,rashmirajput0102
9320,16782525,"Ashish Mittal","2026-08-28 05:27:46",230.8,2,ashish1502g
9321,16850036,Sumzali083,"2026-09-07 19:23:11",230.5,1,sumzali083
9322,16659001,"Tim Wanjohi","2026-08-12 11:43:16",230.2,2,timwanjohi
9323,16739908,"Asfam Parvez Kawser","2026-09-10 09:42:54",229.9,2,asfamparvezkawser
9324,16654067,DataForge,"2026-08-05 10:19:25",229.5,2,"chanduchandini,goriparthiramatulasi,srilakshmipanitini,suryachakradhar"
9325,16725615,carside,"2026-08-29 04:49:31",229.4,1,carside118
9326,16894802,"phus sea","2026-09-15 16:23:01",229.3,2,phussea
9327,16685128,"Rohan Hake","2026-08-10 12:48:36",229.3,2,rohanhake
9328,16771048,"Aditya Pawar","2026-08-25 16:55:04",229.3,1,aditya22102001
9329,16707519,"Pradnya Khanse","2026-08-11 12:52:07",229.2,1,pradnyakhanse
9330,16779857,0x74,"2026-09-03 14:03:17",228.3,1,i0x74i
9331,16625775,liubingxin205,"2026-08-15 06:29:40",228.3,2,"hongjuw,liubingxin205"
9332,16680521,"Luis Enrique Dalmau","2026-09-04 09:45:18",228.2,2,luisenriquedalmau
9333,16687574,"Yash Raghuvanshi","2026-08-07 22:09:38",227.6,2,yashraghuvanshi25
9334,16667684,"Tim Neale","2026-08-06 13:01:12",227.4,1,timothyjneale
9335,16654329,"Aby K Prakash","2026-09-17 17:04:51",227.2,1,abykprakash
9336,16861601,aliksey,"2026-09-11 17:22:46",227.2,2,aliksey
9337,16655159,"Marcel Relaford","2026-08-13 01:26:26",227.0,1,marcelrelaford
9338,16659703,"Ananya #2","2026-08-04 12:00:26",226.7,1,ananyax8
9339,16949285,"Subham Sharma","2026-09-26 20:53:31",226.3,2,subsh2004
9340,16883962,"Ilakk manoharan","2026-09-27 04:54:02",226.0,2,ilakkmanoharan
9341,16667550,"Oseni Sakariyau Oluwadamilare ","2026-08-23 10:05:56",225.9,2,sakabambam
9342,16716407,"Ibrahim Adamu Anka","2026-08-13 09:01:38",225.6,2,ibrahimadamuanka
9343,16663066,"Mithun Kore","2026-08-29 19:18:28",225.5,1,mithunkore
9344,16798369,"Olabode James","2026-09-01 20:40:53",225.3,1,olabodejames
9345,16653941,"Sachin Kumar Kushwaha","2026-08-11 08:45:11",225.3,2,sachinkumarkushwaha
9346,16698987,"Shree Ashok L","2026-09-01 05:16:16",225.0,2,"praneelbaskar,rishivarathan,santhoshkumarp24,shreeashok72"
9347,16698399,liuzhangzhen,"2026-08-10 09:49:23",224.5,1,liuzhangzhen
9348,16913778,"Ugwushi Chijioke","2026-09-17 12:30:36",224.3,2,ugwushichijioke
9349,16654318,"Aryan Raj Ayush","2026-08-23 08:34:14",224.1,1,aryanrajayush
9350,16690286,imunderthetree,"2026-08-08 12:25:51",224.1,2,imunderthetree
9351,16729884,"Chaimaa Matrag","2026-09-05 19:51:34",224.0,2,chaimaamatrag
9352,16948168,"Анна Кондратенко","2026-09-23 16:03:20",224.0,2,"anetka2006,serhiibarsul"
9353,16714263,Lmfm24,"2026-08-12 20:38:01",223.9,2,lmfm24
9354,16675104,"khwaja Moula'Ali","2026-08-06 11:30:49",223.9,1,khwajamoulaali
9355,16623099,"Bovard Doerschuk-Tiberi","2026-07-30 21:04:23",223.7,1,bovard
9356,16644210,"حسنين ساجد","2026-08-07 22:08:44",223.7,2,kutghngf98687er
9357,16690494,StevenBeyen,"2026-08-13 07:55:32",223.7,2,beyensteven
9358,16895750,"charles Ndemo","2026-09-23 23:20:39",223.7,2,charlesndemo
9359,16723075,"Cauã Freitas","2026-08-28 17:35:54",223.6,1,cauafreitas
9360,16731838,"zhexun Liu","2026-09-20 01:03:46",223.4,2,zhexunliu
9361,16635610,JeffFosterUK,"2026-08-01 17:16:52",223.0,2,jefffosteruk
9362,16680789,Marouane,"2026-08-15 02:41:18",222.9,2,marouanealahyane
9363,16723467,"Vladas Verkelis","2026-08-15 14:23:42",222.7,1,vlaveris
9364,16678355,"Tanuj Saxena","2026-08-07 10:10:24",222.5,2,tanujsaxena
9365,16654314,Mahamudul_Hassan_8012,"2026-08-03 18:33:07",221.4,2,mahamudulhassan8012
9366,16942073,nagissan,"2026-09-22 14:10:52",221.3,2,nagissan
9367,16691322,"Anita rai98765","2026-08-16 19:05:43",221.1,2,anitarai98765
9368,16725537,"Ayan Bashir Sheikh","2026-08-15 18:02:07",220.7,2,ayanbashirsheikh
9369,16748882,gsv,"2026-08-20 16:13:45",220.6,1,ram1o1
9370,16948529,"Daria Liubarets","2026-09-23 16:33:49",220.4,1,dariisss
9371,16659910,"Shraddha Kumbhar","2026-08-07 09:55:58",220.3,2,raj113
9372,16633342,farm75,"2026-08-03 14:03:14",220.3,2,sakthi75
9373,16845903,"Tsubasa Hizono","2026-09-07 05:47:46",220.0,2,tsubasahizono
9374,16668024,"Igor Burkov","2026-08-07 04:35:37",219.6,2,igorburkov
9375,16655762,"Idrisse Moundhir","2026-09-05 08:21:45",219.4,1,idrissemoundhir
9376,16664199,SomyaSingh_07,"2026-09-27 06:22:12",219.4,2,somyasingh07
9377,16658567,"Sharif Mohamed (1)","2026-08-04 13:16:47",218.7,1,sharifmohamed1
9378,16682051,"Noorjahan Siddiqui","2026-08-10 09:33:35",218.5,2,noorjahansiddiqui
9379,16645300,szyulian,"2026-08-04 04:42:36",218.4,1,szyulian
9380,16778545,Mizunooo,"2026-09-10 10:16:12",217.9,2,mizunooo
9381,16728152,"Kenji Tai","2026-08-16 18:27:33",217.8,2,kenjitai
9382,16658644,"Hitarth Pandey","2026-08-09 03:04:42",217.5,1,hitarthpandey
9383,16809006,Ilya,"2026-09-02 13:23:05",217.3,1,zhukov
9384,16840168,"gratefully dumb","2026-09-23 03:01:31",217.2,2,gratefullydumb
9385,16675956,"Hassan Alghamoudi","2026-08-10 02:36:36",217.0,2,hassanabdulhafid
9386,16665264,Andyxie2050,"2026-09-25 00:58:20",216.8,2,andyxie2050
9387,16921430,"Vaibhav Nhayade","2026-09-20 06:49:01",216.6,1,nhayadevaibhav
9388,16698886,pied_piper,"2026-08-10 14:11:15",216.6,2,ahanhalder
9389,16762459,GNR_network,"2026-08-23 13:59:19",216.4,1,gnrnetwork
9390,16666512,RexHuang936,"2026-08-07 08:51:41",216.1,2,rexhuang936
9391,16947253,"Chen Kuan-Chin","2026-09-23 22:10:38",216.0,2,chenkuanchin
9392,16655292,"Ingrid Fellah","2026-08-04 06:31:35",215.9,2,ingvor
9393,16687337,"sravani kamjula","2026-08-07 19:38:39",215.7,2,sravanikamjula
9394,16784360,"Suraj Kumar","2026-09-08 10:20:42",215.7,2,suraj99km
9395,16942701,"Tasmin Ara Chowdhury","2026-09-25 19:36:54",214.9,2,tasminarachowdhury
9396,16668506,"Louie Tang","2026-08-08 06:56:52",214.9,2,louietang
9397,16655813,minerppdy,"2026-08-04 06:06:58",214.3,1,minerppdy
9398,16918569,"Ashee Softworks","2026-09-18 05:59:35",214.3,1,asheesoftworks
9399,16658457,"Uchiha Eren","2026-09-26 14:33:34",213.7,2,lucsanjay
9400,16656633,N25H03A1028,"2026-08-05 05:18:45",213.5,1,pardhusadhu
9401,16684891,SARTHAK,"2026-08-14 19:07:26",213.4,1,s4rth4k01
9402,16892144,"Ruichen Yin","2026-09-17 16:10:38",213.4,2,superaier
9403,16928100,babakara,"2026-09-24 08:37:28",213.1,2,babakara
9404,16867344,"shayan yadegaridehkordi","2026-09-12 17:05:44",213.1,1,shayanyadegari32
9405,16689364,"Udbhav Purwar","2026-08-11 10:12:00",213.1,1,udbhavpurwar
9406,16658311,zkskhurram,"2026-08-05 07:59:40",213.1,2,zkskhurram
9407,16660291,"Abhijit Rajkumar","2026-08-04 13:27:44",213.0,2,abhijitrajkumar
9408,16891082,"surya prakash Nayak2","2026-09-14 10:56:23",213.0,1,suryaprakashnayak2
9409,16639692,"Nirmal Patel","2026-08-06 03:05:27",212.9,2,nirmalpatel02
9410,16773557,"Rudra kalyan","2026-08-26 09:08:54",212.7,2,rk1144
9411,16668032,pat999,"2026-08-08 08:30:58",212.5,2,pat999
9412,16735735,Rishabh@1304,"2026-09-12 10:08:51",212.4,2,rishabh1304
9413,16659283,"DILEEP POTHULA","2026-08-08 06:43:15",212.1,2,dileeppothula
9414,16701138,superpig,"2026-08-19 09:43:31",211.7,1,geniussuperpig
9415,16662603,"Shem Gikunda","2026-08-06 17:24:48",211.4,1,shemgikunda
9416,16656900,Hxrsh09,"2026-08-10 14:39:46",210.9,2,hxrsh09
9417,16948546,MostatabiZahra,"2026-09-25 11:30:56",210.6,1,mostatabizahra
9418,16623274,Mhmda81,"2026-08-03 00:10:04",210.4,2,mhmda81
9419,16663658,oriolgalceran,"2026-09-16 05:10:58",210.2,2,oriolgalceran
9420,16672284,"Dhruv | AI/ML Engineer in Progress","2026-08-07 06:55:13",209.7,1,dhruvdipakchudasama
9421,16750285,LeEmperor,"2026-08-22 04:36:18",209.7,2,leemperor
9422,16931407,"Marcel S","2026-09-22 16:50:57",209.6,1,marcel78
9423,16866478,aktk,"2026-09-10 16:43:56",209.6,2,aniltk
9424,16831130,"Khushar Pal","2026-09-06 15:21:15",209.2,2,khusharpal
9425,16777986,小雨姑娘,"2026-08-27 21:51:19",209.1,2,skewcy
9426,16773358,yogeshgoudapatil,"2026-08-27 14:59:13",208.9,2,yogeshgoudapatil
9427,16706557,"Nurullah Gundogdu","2026-08-11 17:52:07",208.5,2,nurullahgundogdu
9428,16660930,"Chung Ching Yeh","2026-08-04 14:44:34",208.5,2,chungchingyeh
9429,16666383,"Sindhi Vishal","2026-08-14 10:46:32",208.4,2,sindhivishal
9430,16700832,Blitz,"2026-08-10 11:37:18",208.2,1,premshinde
9431,16661810,AGNES33,"2026-08-16 19:09:18",208.0,2,agnes33
9432,16675428,"Farhan Khairullah","2026-08-09 16:22:00",208.0,2,farhankhairullah06
9433,16937822,"Ehab Ibrahim Khalil Mohamed","2026-09-21 17:58:38",208.0,1,ehabkhalil0
9434,16732342,"Viktor Antonov","2026-08-18 10:22:32",207.7,1,viktorantonov
9435,16717555,"Mariem GLIOUEZ","2026-09-10 15:21:07",207.1,1,mariemgliouez
9436,16674093,"Hoàng Trần Đặng Minh","2026-08-06 08:54:38",207.0,1,hongtrnngminh
9437,16660749,"PavanK Saketh","2026-08-04 13:38:48",206.6,2,pavanksaketh
9438,16661689,"David Rao","2026-08-04 18:27:01",206.6,1,davidrao63
9439,16724325,Melancholian,"2026-08-15 06:43:12",206.4,1,kasaneru
9440,16660309,"Hazem Mahmoud Elsayd","2026-08-04 16:34:31",206.1,2,hazemmahmoudelsaid
9441,16863892,brunoarpa,"2026-09-10 02:43:09",205.8,1,brunoarpa
9442,16671342,"Danh Nguyen 1303","2026-08-09 14:47:52",205.4,1,danhnguyen1303
9443,16716386,"Dev Marya","2026-08-13 09:26:18",205.3,1,devmarya
9444,16745293,Harvey,"2026-08-22 04:20:10",204.6,2,celestia0113
9445,16666027,CropBOTS,"2026-08-13 16:12:42",204.5,2,"anshultickoo,itsmepooja,manuakumar,sapnajain115"
9446,16760392,Владимир,"2026-08-23 00:19:23",204.5,1,vgkuvshinov
9447,16655786,leavts,"2026-08-04 02:35:50",204.5,1,leavts
9448,16711840,OverfitMilkCake,"2026-08-13 06:36:21",204.3,1,overfitmilkcake
9449,16623846,"masatoshi hiraki","2026-07-31 07:52:39",204.1,2,masatoshihiraki
9450,16656287,sandip_shaw123,"2026-08-05 10:02:07",203.9,1,sandipshaw123
9451,16915627,"Yash Pratap Singh","2026-09-17 14:59:02",203.8,1,yashpratapsingh10
9452,16653906,swaroop41,"2026-08-04 05:53:29",203.8,2,swaroop41
9453,16655482,Apoorv007,"2026-08-04 01:55:41",203.5,1,apoorv007
9454,16723404,"Mahdi Al Hajji","2026-08-20 02:13:12",203.3,2,mhh1430hacker
9455,16654482,SarahShams,"2026-08-14 16:36:06",203.2,2,sarahshams
9456,16717586,wangjialu2333,"2026-08-15 09:29:36",203.0,1,wangjialu2333
9457,16760920,"Román Eliezer Pérez Ríos","2026-08-31 18:07:43",203.0,2,perezrios
9458,16624000,Leneen,"2026-08-31 16:02:47",203.0,1,leneen
9459,16860921,jayjayfff,"2026-09-10 01:25:36",202.6,2,jayjayfff
9460,16632724,"Sayan Dutta","2026-08-04 07:47:42",202.6,1,sayan1507
9461,16871895,"Sahil Raval","2026-09-15 10:57:48",202.4,1,sahilraval1311
9462,16659572,"ABHILASH PRAHARAJ","2026-08-04 11:24:21",201.6,1,abhilashpraharaj
9463,16780411,K.Satwik,"2026-08-27 16:23:04",201.1,2,ksatwik3220
9464,16657525,"Alae Lakhdar","2026-08-05 08:10:49",200.8,1,alaelakhdar
9465,16636540,"Burkova Nastia","2026-08-01 13:34:02",200.7,2,"burkovanastia,ellvalerie"
9466,16858512,lkjmo123,"2026-09-09 06:45:18",200.7,1,lkjmo123
9467,16762162,"Shota Hirao","2026-08-23 12:34:05",200.6,1,shotahirao
9468,16697020,"Hossam elden Mohamed","2026-08-15 01:13:51",200.4,2,hossameldenmohamed
9469,16670747,"Aryan Kumar Chaudhary","2026-08-11 22:46:05",200.4,2,"aryankumarchaudhary,rakshitmundra"
9470,16681610,"team maccy","2026-08-07 20:27:06",200.2,1,robertgama
9471,16654827,"ADITYA KUMAR MISHRA","2026-08-03 20:07:22",200.1,1,aditya1kumarmishra
9472,16663525,"Eric Hilary Smith","2026-09-22 16:36:18",199.8,2,erichilarysmith
9473,16639615,rickzai,"2026-09-01 05:37:21",199.7,2,rickzai
9474,16668379,dccgps,"2026-08-08 05:44:36",199.7,1,dccgps
9475,16794720,"paola hernandez55","2026-08-31 04:19:31",199.7,1,paolahernandez55
9476,16891711,"Michael Odoemelam1","2026-09-21 21:38:22",199.3,1,michaelodoemelam1
9477,16859770,"Praful Tiwari1","2026-09-14 10:37:58",199.0,1,prafultiwari1
9478,16895191,"Oluwatobi Ojekanmi","2026-09-16 12:53:27",198.9,2,oluwatobiojekanmi
9479,16744545,"Aditya Kumar Singh 013","2026-08-19 18:45:42",198.9,1,adityakumarsingh013
9480,16654256,"KONGARA PRASANTH","2026-08-04 03:40:27",198.9,2,prasanth2008
9481,16666414,salyamq,"2026-08-05 16:41:38",198.6,1,salyamq
9482,16684237,Zen_0910,"2026-08-07 17:07:02",198.4,1,zendeptrai
9483,16710929,"Pooja Divekar","2026-08-16 08:22:48",198.2,1,poojadivekar123
9484,16877079,"Saptak Banerjee","2026-09-11 19:09:58",198.1,1,saptakbanerjee123
9485,16688190,"Win M","2026-08-08 00:28:18",198.0,1,winmet
9486,16669346,"Jalpesh Vasa","2026-09-24 19:02:56",198.0,2,"deep1812,jalpeshvasa"
9487,16751141,DeadJed,"2026-08-26 11:10:40",197.6,2,deadjed
9488,16885883,"Stepan Kobaidze","2026-09-16 18:12:28",197.5,2,stepankobaidze
9489,16778813,ShotDownInMay,"2026-09-27 07:37:25",196.9,1,shotdowninmay
9490,16736759,"Lavesh Kadam","2026-08-18 10:55:05",196.9,1,laveshk314
9491,16906790,"Jean-Luc Hayes","2026-09-21 10:21:36",196.8,1,kingjuc
9492,16743329,"Daniel Obioma emenike","2026-09-11 12:32:22",196.8,2,danielobiomaemenike
9493,16749225,"Hisyam Prasetyo","2026-08-27 11:26:07",196.6,2,hisyamprasetyo
9494,16898240,jimmy5566,"2026-09-15 17:41:24",196.5,1,jimmy5566
9495,16712395,"Zuohong Pan","2026-08-12 12:15:40",196.0,1,pshuaibi
9496,16656196,"Vishwash Golakiya","2026-08-27 01:07:00",196.0,1,vishwashgolakiya
9497,16676992,NIDHIHEER01,"2026-08-16 17:09:00",196.0,1,nidhiheer01
9498,16759205,MartinaF95,"2026-09-22 12:55:32",195.8,1,martinaf95
9499,16664315,happy_boy_2007,"2026-08-12 09:04:40",195.7,1,happyboy2007
9500,16685568,Secertive,"2026-08-08 17:59:52",195.5,1,secretiveplotter1863
9501,16700992,Abhishek_1355,"2026-08-25 09:17:08",195.5,1,abhishek1355
9502,16769069,"HAL's Kaggle Dojo","2026-09-23 12:07:37",195.0,1,kafein
9503,16744461,"Adiratna Kamble","2026-08-21 22:05:13",194.5,1,adiratnakamble
9504,16841294,"Annu Rana1","2026-09-09 18:12:34",193.9,1,annurana1
9505,16687514,Dark_1926,"2026-08-07 20:30:33",193.9,1,dark1926
9506,16728249,"Ahmet Kiraz","2026-08-17 07:23:30",193.7,1,ahmetqiraz
9507,16662353,"LAYAL ALNASHMI","2026-09-12 11:37:55",192.9,2,waitups
9508,16692652,"Harsith R","2026-08-08 20:26:56",192.5,1,chiefofpredicitions
9509,16890196,hello518123,"2026-09-14 08:51:52",192.5,1,hello518123
9510,16889817,"Om Patelxyz","2026-09-14 07:04:40",192.3,2,ompatelxyz
9511,16885565,"Shiva Rupan S","2026-09-13 11:19:14",191.8,1,shivarupan20me
9512,16663913,"Aanaa Kaliil","2026-08-05 15:15:31",191.1,2,aanaakaliil
9513,16741239,"fjf 1asd","2026-08-19 08:46:31",190.6,1,fjf1asd
9514,16663438,"Varun Prajapati","2026-08-08 21:54:54",189.3,2,"krunalasari,varun2206"
9515,16668438,"Sahil Suman","2026-08-16 17:09:20",189.2,1,sahilmanavraunak
9516,16663448,"Adel I.","2026-08-07 12:55:44",189.2,2,adelid
9517,16663910,"Shivram Nekkanti","2026-08-07 14:38:04",188.8,1,shivramnekkanti
9518,16663333,"Iago Moura e Moreira","2026-08-04 20:05:06",188.5,1,iagomouraemoreira
9519,16702060,Mcusac,"2026-08-13 19:42:54",187.8,1,mcusac
9520,16912044,"[Deleted] 0b2c3d58-9494-483e-ad4c-1465b66166ca","2026-09-17 08:46:46",187.3,2,del=2e39a6893da554dc
9521,16657628,Hamo,"2026-08-07 12:00:21",186.7,2,mohamed2223
9522,16881244,"Atharva Govind Salunke","2026-09-18 17:50:01",186.3,2,atharvagovindsalunke
9523,16889852,"Abdikaliq osman","2026-09-16 00:48:05",186.1,2,abdikaliqosman
9524,16696952,tronxz8,"2026-09-09 13:51:31",186.0,1,tronxz8
9525,16661252,"Andrzej Walczak","2026-08-05 09:46:19",185.5,2,andrzej1983
9526,16723262,"Tiago OliveiraLL","2026-08-28 18:22:12",185.4,1,tiagooliveirall
9527,16769114,angayoung,"2026-08-25 07:22:00",185.4,1,joaga0603
9528,16887039,"Angella Semu","2026-09-21 15:26:56",185.3,2,angellasemu
9529,16623131,"Liam Carrig Newsam","2026-08-04 00:00:03",185.0,1,liamcarrignewsam
9530,16669060,Twansss,"2026-08-15 04:37:59",184.9,2,twansss
9531,16639465,"Gabriel Aguiar Leao","2026-08-02 00:23:49",184.4,1,"gabrielaguiarleao,marcositta"
9532,16727681,JanV123,"2026-09-06 05:37:07",183.7,2,janv123
9533,16697628,"Yash Sharma","2026-08-17 15:33:32",183.2,2,yashsharma42
9534,16682689,HenryRichardson1,"2026-08-07 10:00:12",182.6,1,henryrichardson1
9535,16665463,Seendon,"2026-08-06 19:19:25",182.5,2,informationminer
9536,16677786,"[Deleted] aec7dc1f-59cb-486f-998a-d2407e297536","2026-08-26 13:39:08",182.5,2,del=0fde9ba2630fee3c
9537,16644360,Mathous,"2026-08-02 20:28:00",182.4,1,mathisdac
9538,16640914,inconnu,"2026-09-17 12:01:07",182.1,2,kajarnaklokossou
9539,16654244,"Saad Nanawala","2026-08-03 18:17:33",181.8,1,saadnanawala
9540,16679713,"John william Vicente 🇧🇷","2026-08-07 00:38:57",181.8,1,chrollo079
9541,16826118,shishuyang11,"2026-09-04 06:50:04",181.5,1,shishuyang11
9542,16752120,"Görkem Tuğ","2026-08-24 10:45:35",181.4,2,grkemtu
9543,16651507,jappanini,"2026-08-03 09:14:04",181.2,1,jappanini
9544,16773333,"Abdullah javed Javed","2026-09-05 03:13:57",180.4,2,abdullahjavedjaved
9545,16668048,"Gazi Sayem Uddin Samir","2026-08-05 14:29:51",179.8,2,gazisayemuddinsamir
9546,16838890,"Yisher Xia","2026-09-05 16:09:13",179.6,1,yisherxia
9547,16734896,pattikamo,"2026-08-27 10:52:28",179.3,2,pattikamo
9548,16869551,"Adrien ple","2026-09-11 12:48:34",179.1,2,adrienple
9549,16667238,"Srija ganguluri","2026-08-07 10:14:48",179.0,1,srijaganguluri
9550,16669473,"William Bickelmann","2026-08-05 17:47:13",178.9,1,williambickelmann
9551,16823341,"Agnieszka Sobala","2026-09-03 20:15:55",178.6,1,agnieszkasobala
9552,16948144,"Muhammad Ali Amir","2026-09-23 15:36:25",178.5,1,malialice
9553,16652159,Boson328,"2026-08-04 10:06:13",178.4,1,boson328
9554,16769470,HaHHYbYY,"2026-08-26 07:52:33",178.0,1,hahhybyy
9555,16768568,Nour102006,"2026-08-27 04:46:00",177.8,2,nour102006
9556,16633003,"K Mukhiya ","2026-08-01 12:09:51",177.8,2,kmukhiya
9557,16889278,"Ari Kurniawan92","2026-09-14 08:32:53",177.8,1,arikurniawan92
9558,16700771,"Disuru Coba Ama Jaki","2026-09-20 16:44:11",177.7,2,reiiihel
9559,16915882,BandaruLakshmi1234,"2026-09-17 16:50:15",177.6,1,bandarulakshmi1234
9560,16798447,"Sage Harley","2026-09-26 05:14:06",176.8,1,sageharley
9561,16708194,"Amulya Kypa","2026-09-26 17:46:28",176.7,2,"aakankshakota,amulyakypa,gvvinaykrishna"
9562,16805585,"Hrishikesh Dhuri","2026-09-27 07:07:39",175.9,1,hrishikeshdhuri19
9563,16922154,"Olaoluwa Osho","2026-09-20 21:35:07",175.7,2,olaoluwaosho
9564,16915181,snesne123,"2026-09-25 07:14:21",174.6,1,snesne123
9565,16662108,nhkien,"2026-08-05 06:52:18",173.9,2,nhkien
9566,16625043,"Ivan Litvak","2026-09-16 16:36:06",173.8,2,trydotatwo
9567,16913466,abc1zzz,"2026-09-26 13:58:53",173.0,2,abc1zzz
9568,16677328,"Eng. Husnain","2026-08-08 13:13:23",172.6,2,enghusnain
9569,16791131,"Maria Carolina BRAY","2026-09-26 08:08:39",172.1,2,mariacarolinabray
9570,16886819,"Rebecca Shirievo","2026-09-16 17:29:07",171.9,2,rebeccashirievo
9571,16693318,meow3301,"2026-08-09 02:33:34",171.8,2,meow3301
9572,16872073,"Positive Quark","2026-09-18 13:51:27",171.4,2,quarkliu
9573,16664116,"Bogdan Sburlea","2026-09-25 16:29:46",171.0,2,bogdan1405
9574,16679470,"GamaL Mahmoud","2026-08-08 13:33:52",170.8,2,gamalmahmoudtaha
9575,16661494,"Arulmaniyan Rajavel","2026-08-22 13:46:58",170.5,2,arulmaniyanrajavel
9576,16807557,coolz,"2026-09-09 06:35:51",170.0,2,cooolz
9577,16666037,"Matheus Marques","2026-08-06 06:03:28",169.8,2,mathmarquesbr
9578,16709957,"Lei Gao","2026-08-12 04:03:42",169.1,1,leigao31
9579,16657306,"Krunal Chavda","2026-08-07 21:38:11",168.8,2,krunalchavda21
9580,16795043,"SONU RAUT","2026-09-05 11:51:59",168.2,2,sonuraut
9581,16653462,"Ruchi Scott","2026-08-12 12:19:19",168.1,2,ruchiscott
9582,16697466,"hunain shahid","2026-08-11 06:12:38",167.8,2,hunainshahid230
9583,16858886,twispur,"2026-09-09 07:38:09",167.7,1,twispur
9584,16943142,"ravi AK","2026-09-26 07:57:28",167.5,2,raviak
9585,16807010,cjsrudals,"2026-09-13 08:33:47",167.4,2,cjsrudals
9586,16861721,"SJ Gamsyy","2026-09-11 09:40:23",166.6,2,sjgamsyy
9587,16706134,NK11FC,"2026-08-25 11:30:00",166.4,2,nk11fc
9588,16685093,"Huzaifa Inam","2026-08-07 13:47:15",166.4,2,huzaifainam
9589,16657578,raushancoursework,"2026-08-05 06:54:51",166.4,1,raushancoursework
9590,16686902,"Aaditya Jain","2026-09-14 06:22:21",166.0,2,aadityajain2312
9591,16810780,prachi.icy,"2026-09-23 13:29:25",165.8,2,prachinikalje
9592,16690199,"Lavkush Yadav","2026-08-08 10:20:55",165.7,1,lavkushyadavcse
9593,16843225,"Tobenna Okeke","2026-09-06 12:09:22",165.4,2,tobezzi
9594,16792786,"Fusion Flux","2026-09-20 13:49:10",165.4,2,mithilleshkumar
9595,16793392,"reda elkrouchni","2026-09-02 16:16:05",165.1,2,redaelkrouchni2
9596,16664586,"Owen Lim","2026-08-05 05:42:25",164.7,2,owenlim45
9597,16662933,"Marcelo Pereira","2026-08-19 01:14:40",164.5,2,marcekkusrp
9598,16793648,Sarda___,"2026-08-30 16:51:21",164.4,2,brainnotfound3
9599,16756344,"Pasindu Perera","2026-08-21 19:21:11",164.4,1,amavinperera
9600,16656771,"thushara bandara","2026-08-07 04:13:43",164.4,2,dushyanthibandara
9601,16690195,"Manshi Shukla","2026-08-08 10:12:24",164.1,2,manshishukla
9602,16730380,"FOKRUL ISLAM LECTURER","2026-08-19 01:56:28",163.9,2,fokrulislamlecturer
9603,16713002,"Adithya M","2026-08-13 15:42:17",163.6,2,adithya3907
9604,16893966,"Nguyễn Thái Duy","2026-09-15 08:12:14",163.4,1,nguyenthaiduytgu
9605,16660285,"Sawan Kohli","2026-08-06 13:11:44",163.3,2,sawankohli
9606,16752481,"Thanh Toan","2026-08-21 08:33:13",163.1,2,tonnglthnh
9607,16662269,"KAMLESH KUMAR POKHARNA","2026-08-06 17:25:51",163.0,2,kamleshkumarpokharna
9608,16669142,"Jaclyn Agee","2026-08-07 15:21:06",162.8,2,jaclynagee
9609,16674774,"Dine ALASSANE","2026-08-07 05:53:28",162.8,2,dinealassane
9610,16680858,"Harshul Gupta","2026-08-21 04:40:05",162.6,2,harshulgupta77
9611,16802035,"sanchit atre","2026-09-01 09:31:07",162.5,2,sanchitatre
9612,16698307,AnasAl7,"2026-08-10 13:08:08",162.4,2,anasal7
9613,16811685,benhur0905,"2026-09-25 23:59:07",162.1,2,benhur0905
9614,16756887,"Rushika S","2026-09-13 12:26:14",162.0,1,rushikas
9615,16680419,"Tech Changer","2026-08-17 12:31:58",161.9,1,johnbibin
9616,16635248,eosphor,"2026-08-01 09:46:59",161.7,2,eosphor
9617,16633551,"Subarno Sen","2026-08-25 04:42:35",161.6,2,lordfiftyfive
9618,16715354,"Alyssa Clark","2026-08-14 02:52:26",161.4,2,a1yssaclark
9619,16654098,"Mohd Zaki","2026-08-26 01:46:45",161.4,2,mdzaki08
9620,16690433,"Amar Amar Gupta","2026-08-15 10:08:37",161.4,2,amaramargupta
9621,16692568,"Muhammed Gulfam Toor","2026-08-13 19:04:32",161.3,2,gultoor
9622,16748554,"victor lucas","2026-09-22 23:24:38",161.2,1,lucsxd
9623,16936959,"Anthony Moorehead","2026-09-21 14:56:40",160.6,1,anthonymoorehead
9624,16688288,"Ojo Oluwadamilare","2026-08-08 01:43:30",160.0,2,ojooluwadamilare
9625,16712562,"Sagar Singh","2026-08-17 09:28:26",159.9,2,acrejzz
9626,16634761,"CHARHBILI Moad","2026-08-07 13:44:23",159.9,1,charhbilimoad
9627,16658693,leehuilong,"2026-08-06 12:49:22",159.8,2,leehuilong
9628,16660146,4Solver,"2026-08-08 02:06:19",159.6,2,msfbiolinhares
9629,16714589,xinsu9898,"2026-08-16 22:26:49",159.4,1,xinsu9898
9630,16785398,"Vitória Freitas","2026-08-28 20:07:12",159.3,1,vitoriafreitas13
9631,16630041,"Devi prashad tripathi","2026-08-03 17:56:58",159.3,1,deviprashadtripathi
9632,16668018,"DAVID CHEW HL","2026-08-06 06:36:34",159.1,2,davidchewhl
9633,16705360,Elahi,"2026-08-18 05:49:00",159.1,2,mmelahi
9634,16658635,"Deepak Kumar ","2026-08-05 02:38:29",159.0,2,deepak2026ml
9635,16662630,"M.mohamed Muhasir","2026-08-05 18:25:39",158.6,2,mmohamedmuhasir
9636,16701106,moshito,"2026-08-10 14:13:58",158.3,2,"danamaulana123,moshito,naufaldhiaulhaq01"
9637,16658969,"Yuri Maslov","2026-08-04 10:11:45",158.2,1,yurimaslov
9638,16701997,zran1t,"2026-08-15 14:10:18",158.2,2,zran1t
9639,16851731,"Amar 5454","2026-09-14 10:28:42",158.0,2,amar5454
9640,16658362,MHaurel,"2026-08-09 15:32:45",157.8,1,hetax17
9641,16729148,"Marco M","2026-08-16 22:51:36",157.7,1,marcoms1000
9642,16725990,"Parth Tomar","2026-08-24 12:35:45",157.7,2,parthtomar193
9643,16632418,"Bretokce 3amich","2026-08-07 12:18:26",157.2,2,bretokce3amich
9644,16640468,"Sohangkumar Patel","2026-08-26 15:00:44",157.1,2,samsamurai
9645,16681895,Akshar,"2026-08-07 06:16:19",157.1,2,aks0625
9646,16629441,Sofia_Gilka,"2026-09-18 14:41:35",157.0,2,sofiagilka
9647,16756868,"Anisha Maurya","2026-09-05 19:29:41",156.8,2,anishamaurya
9648,16775493,"JOE DEVA JERRY D ","2026-08-26 15:41:55",156.6,1,joedevajerryd
9649,16780986,Azizbek,"2026-09-01 14:26:45",156.3,2,miracle88
9650,16661500,"yagnit sutariya","2026-08-04 15:34:39",156.1,1,yagnitsutariya
9651,16756875,"Meryem Kevser Keskin","2026-09-01 21:30:35",156.0,2,meryemkevserkeskin
9652,16864193,"[Deleted] b3063c6b-024a-4ece-902e-6edde232fe9f","2026-09-10 06:27:50",155.9,2,del=d26e59586a26ce18
9653,16656954,"Marwan Elmetwally","2026-08-04 05:56:29",155.9,2,marwanelmetwally
9654,16718605,"صفاء عبد الرقيب","2026-09-06 19:27:10",155.6,2,bssgirl
9655,16658401,"Aryan Lonare","2026-08-04 09:55:47",155.5,2,aryandyalullonare
9656,16722089,"Saidjon Ramazonov","2026-08-16 05:51:50",155.5,2,saidjonramazonov
9657,16657344,"Ombayo fredrick","2026-08-04 14:04:04",155.4,2,ombayofredrick
9658,16670777,"Aman Yitbark","2026-08-13 05:43:27",154.9,1,amanyitbark
9659,16683903,Saju,"2026-08-17 11:31:45",154.8,1,sajutr
9660,16658440,"Gloria Lourelynn S","2026-08-04 15:16:09",154.6,1,glorialourelynn
9661,16660978,"Maksym Khavil","2026-08-04 13:43:48",154.5,1,maksymkhavil
9662,16737641,"PATIL ATHARV VIJAYKUMAR","2026-09-07 05:35:17",154.5,2,"atharv095022,patilsarthakvilas,sonuretusharsuresh"
9663,16686834,Kaabbil,"2026-08-09 16:14:49",154.5,2,"dr3aking,kaabbil"
9664,16724995,dice1494,"2026-08-16 08:51:34",154.3,1,dice1494
9665,16757671,xxxxc47,"2026-08-22 08:25:52",154.1,1,xxxxc47
9666,16659036,"Mohammed Kaif","2026-08-04 10:41:22",154.0,2,mkaif001
9667,16656164,"Justin Schomer","2026-08-09 09:05:59",154.0,2,fathersecurity
9668,16802348,Shergill_17,"2026-09-01 11:17:15",154.0,2,shergill17
9669,16854169,"[Deleted] fe7af88d-d80f-4441-a8c5-3cca6b980e41","2026-09-09 12:41:02",153.3,2,del=0749851e202390c3
9670,16655573,"Probablyaphilosopher ","2026-08-16 00:01:40",153.3,2,probablyaphilosopher
9671,16750391,"Batuhan Yerebasmaz","2026-08-20 18:34:21",153.3,2,batuhanyerebasmaz
9672,16630725,"vaibhav vyas","2026-08-06 10:56:52",153.2,2,vaibhavvyas0
9673,16785085,"THEEPAN S.S","2026-08-28 16:35:39",153.1,2,theepanss
9674,16677081,"Brandon Gaston","2026-08-12 23:49:58",153.1,1,mushmon
9675,16832928,"Ilgar Gurbanov","2026-09-10 12:41:23",152.8,2,ilgargurbanov57
9676,16665223,"Sawon Mitra","2026-09-06 17:13:28",152.6,2,sawonmitra
9677,16674390,yangluo1,"2026-08-08 01:31:08",152.6,2,yangluo1
9678,16780057,"Njabulo Hope Makana","2026-09-23 17:55:48",152.5,2,njabulohopemakana
9679,16743630,TRP,"2026-09-01 17:06:48",152.0,2,tejratanpaulrocky
9680,16664875,SaiSujitPunukollu,"2026-08-05 05:46:11",151.9,1,saisujitpunukollu
9681,16691502,"DILANE FOGUE KAMGA","2026-08-08 15:20:05",151.8,1,dilanekamga
9682,16670662,"Gina Lee","2026-08-11 22:45:21",151.7,2,ginaleegdm
9683,16712568,"Tanvi Dobariya","2026-08-14 17:39:52",151.7,1,tanvidobariya
9684,16945119,Logicolist,"2026-09-23 13:03:16",151.5,1,logicolist
9685,16721941,"Rita Ohabuenyi","2026-08-14 12:57:37",151.0,2,ritaohabuenyi
9686,16729010,"karan sankhe","2026-08-16 15:15:45",151.0,2,karansankhe1356
9687,16657227,"Anusha Marla","2026-08-04 07:05:53",151.0,2,anushamarla
9688,16849230,"Md. Mahim Babu","2026-09-18 11:27:55",151.0,2,mdmahimbabu
9689,16658522,"Amna khanii23","2026-08-07 05:15:47",150.9,2,amnakhanii23
9690,16683577,"Ankush Kumar M","2026-08-07 13:19:05",150.8,2,ankushkumarm
9691,16629426,"Abdullah Qureshi","2026-07-31 10:00:44",150.6,2,abdullahqureshi120
9692,16934489,Anushahs2026,"2026-09-21 08:28:06",150.4,2,anushahs2026
9693,16656278,"Bhuvaneshwari Rebba","2026-08-04 09:20:36",150.1,1,bhuvaneshwarirebba
9694,16657892,"Boonanan namna","2026-08-17 04:36:04",150.0,1,boonanannamna
9695,16715896,新木,"2026-08-18 05:25:46",150.0,1,sunchief
9696,16855448,MaryKEREN,"2026-09-25 16:00:05",149.8,1,marykeren
9697,16777666,Lithops1112,"2026-09-05 08:20:21",149.5,2,lithops1112
9698,16661447,"Sibel Özbek","2026-08-04 20:50:27",149.3,1,sibelzbek
9699,16658189,"Zale John","2026-08-26 00:48:24",149.2,2,zalejohn
9700,16654124,"Aditya Kumar Singh","2026-08-05 09:57:29",149.1,2,adityq121608
9701,16677403,bababoy,"2026-08-15 14:55:17",149.1,2,adrienrenard
9702,16664458,"Prantik Chandra","2026-08-05 05:47:10",148.9,1,prantikchandra
9703,16623563,"Jocelyn Dumlao","2026-09-01 02:35:54",148.8,2,jocelyndumlao
9704,16663265,"Darlington Ayakazi","2026-08-04 20:26:08",148.8,1,darlingtonayakazi
9705,16662859,"Mohamed Zahran","2026-08-05 04:41:56",148.7,1,zrnking2012
9706,16658033,"sanjay Ghalagi","2026-08-27 15:29:34",148.7,2,sanjayghalagi
9707,16670462,"Talha Kayar","2026-08-15 15:24:03",148.6,2,talhakayar
9708,16641277,Zenieverse,"2026-08-30 05:09:04",148.6,2,zenieverse
9709,16671232,"sms tcil","2026-08-07 13:03:30",148.5,1,smstcil
9710,16668495,Herisitraka,"2026-08-05 17:16:28",148.3,2,herisitraka
9711,16913975,"Tom Dooley","2026-09-17 11:48:20",148.2,2,tomdooley123
9712,16662803,"Ashish Gawade","2026-08-04 19:11:19",148.2,2,ashishgawade
9713,16672322,"khalil ur Rehman","2026-08-13 05:10:03",148.1,2,khalilurehman
9714,16881320,allen17179869184,"2026-09-19 13:17:49",147.9,2,allen17179869184
9715,16755807,PokeTrader,"2026-09-26 18:14:14",147.8,2,poketrader
9716,16814946,"Bekama Regasa Negewo","2026-09-03 07:30:36",147.8,1,bekamaregasanegewo
9717,16674881,"Saisree Dhanasekaran","2026-09-23 11:54:42",147.8,2,saisreedhanasekaran
9718,16659929,"MAMADOU LY (LY BOUSSO 45)","2026-08-13 11:43:25",147.3,2,mamadoulylybousso45
9719,16875898,"Sai Krishna Pakkir","2026-09-11 17:30:49",147.1,2,saikrishnapakkir
9720,16667968,ChronosData,"2026-08-18 14:25:43",147.0,2,codex5843
9721,16841612,"Jordan #2","2026-09-10 16:51:25",146.9,2,jordantay
9722,16707062,"G DOLANARASIMHA","2026-08-11 12:18:02",146.9,2,gdolanarasimha
9723,16697143,"Jeisa Mathew","2026-09-06 13:04:00",146.8,2,jeisamathew
9724,16657462,"CROP CODERS","2026-08-10 18:00:28",146.7,2,"dhanvanthraj,raghavan9944,shanmugam666,sitha2345,sumaiyahibrahim"
9725,16690112,"Ayush Tripathi","2026-08-17 09:03:03",146.7,2,ayushtripathi112
9726,16662557,"Naman Sudershan","2026-08-05 13:21:08",146.7,2,namansudershan
9727,16681056,"Aryan Jhingan","2026-08-11 18:53:48",146.5,2,aryanjhingan
9728,16656210,"Sanjay Suthraye","2026-08-04 14:55:13",146.4,2,sanjaysuthraye96
9729,16632111,"Arda Çiftçi","2026-08-04 20:03:37",146.3,2,ardaciftci
9730,16717600,"Collistus Kibe","2026-08-21 22:13:38",146.3,2,collistuskibe
9731,16667231,bettsy,"2026-08-05 12:12:35",146.2,2,bettsy
9732,16625029,Hilarus,"2026-08-01 15:59:02",146.2,2,hilagbag
9733,16671985,"vishal waghchaure","2026-08-07 09:25:36",145.9,2,vishalwaghchaure
9734,16723065,"Kaio Castro","2026-09-25 14:32:09",145.9,2,kaiocastro
9735,16738778,"DILIP BAVISKAR","2026-09-13 09:12:49",145.9,2,dilipbdilipb
9736,16676026,"Bedashree Swarupa Das","2026-08-06 14:14:21",145.8,1,ashokkumardasbedashr
9737,16784932,"Shefali Pradhan","2026-08-29 10:03:30",145.7,2,shefalipradhan
9738,16667886,"Ubaid ur rehman 0345","2026-08-05 15:23:12",145.6,2,ubaidurrehman0345
9739,16662099,"The Algorithmist","2026-08-04 23:41:59",145.4,2,riyagheewala
9740,16713329,qrcodeTH,"2026-08-13 08:22:40",145.0,2,thanaphumsaywonin
9741,16740144,Salmon,"2026-08-21 12:55:13",144.8,2,shin3110
9742,16690188,Anurag,"2026-08-08 10:20:42",144.5,2,kumaranu2007
9743,16748453,LINJINYAN,"2026-09-06 14:25:23",144.3,2,linjinyan
9744,16658577,farmercode261,"2026-09-12 03:26:38",144.2,2,hifnikhakim
9745,16671827,"Shourya Gupta","2026-09-25 16:16:36",143.8,2,siriuspotter
9746,16904992,abdulkader1,"2026-09-27 06:44:06",143.8,2,abdulkader1
9747,16737040,"Joseph Djian","2026-09-09 10:30:17",143.7,2,djian55
9748,16804859,DevashishSoni123,"2026-09-26 19:50:36",143.6,2,devashishsoni123
9749,16769419,dylanaki,"2026-09-23 14:48:32",143.3,2,dylanaki
9750,16662662,"Joaquim Jose1","2026-08-04 17:57:03",143.3,1,joaquimjose1
9751,16669311,Schoki,"2026-08-17 22:26:49",143.2,2,jensdnisch
9752,16632458,"RAMAN BANSAL","2026-08-24 04:35:56",143.0,1,ramanbansal
9753,16654384,"Alladi Sai Kalyan Raman 24BCE1509","2026-08-30 09:33:11",142.7,2,alladisaikalyanraman
9754,16631135,"Fernando Liazar Luemba Salvador","2026-09-18 21:41:27",142.4,1,fernandollsalvador
9755,16827437,kaedehs33-max,"2026-09-08 03:06:50",142.3,1,kaedehs33max
9756,16621770,"Rudraksh Zodage","2026-07-30 20:07:49",141.7,2,rudrakshzodage
9757,16789570,wyananwyanan,"2026-09-16 03:05:19",141.6,2,wyananwyanan
9758,16663334,"sameer mughal","2026-08-29 20:12:57",141.5,2,sameermughal109
9759,16624973,"Mrunmayee Kulkarni","2026-07-31 06:16:46",140.8,1,kulmrun
9760,16688165,"David @ Koantek","2026-08-25 23:53:17",140.4,2,artificialbrilliance
9761,16772354,"Gleidistony Mendes","2026-09-18 12:01:25",140.2,2,gleidistonymendes
9762,16666018,"H vv sathwik","2026-09-24 09:27:00",139.8,2,hvvsathwik
9763,16689389,Chukunder,"2026-09-24 12:38:14",139.6,2,"farbricated,sarikajivrajika"
9764,16713896,"Quantum Fusion","2026-08-14 12:12:34",139.6,1,gugurobotics
9765,16797105,"Rahul vats","2026-09-25 02:06:31",139.5,2,rahulvats20
9766,16935594,"wenya hao","2026-09-27 08:26:54",139.4,2,wenyahao
9767,16657322,"Ashwani Mahajan","2026-09-26 04:50:35",139.2,1,ashwanimahajan
9768,16654556,anjipoo,"2026-08-05 15:33:04",138.6,2,anjana0812
9769,16882682,"BALQEES GHWANMEH","2026-09-18 20:24:43",138.5,2,balqeesghwanmeh
9770,16784431,"Régis Meyssonnier","2026-08-28 14:47:27",138.2,1,rgismeyssonnier
9771,16907555,"Pandidurai E","2026-09-17 16:08:13",138.0,2,pandiduraie
9772,16697339,"Muhammad Safwan Ahmad Saffi","2026-08-15 00:28:21",137.8,2,safwanahmadsaffi
9773,16777407,"Fahrur Rozzi","2026-08-26 23:01:52",137.5,1,frozzi18
9774,16718139,"shah jatin","2026-09-25 01:37:35",137.4,2,shahjatin
9775,16659097,noril09,"2026-08-04 11:56:35",136.7,2,noril09
9776,16902494,FoodieJam,"2026-09-21 01:38:58",136.7,2,foodiejam
9777,16659271,Hamish,"2026-08-12 12:48:51",135.8,2,hamishdickson
9778,16754111,"Kalpana Patki","2026-08-22 16:05:10",135.4,1,kalpanapatki
9779,16778908,"PATIL ADITYA PANDURANG","2026-09-01 17:34:33",135.1,1,"jagdalepranavsagar,patiladityapandurang,pavankadam7005"
9780,16756264,query_stop,"2026-08-27 00:24:14",135.0,2,jaared
9781,16659062,"MOHAMMAD SUBHAN PASHA","2026-08-17 07:14:09",134.8,1,mohammadsubhanpasha
9782,16653934,"Ayomide Abdulrahmon","2026-08-03 19:22:32",133.4,2,ayomideabdulrahmon
9783,16662230,"Angus Mc Gregor","2026-08-13 21:25:46",132.8,2,angusmcgregor
9784,16662083,ihabkaggle,"2026-08-07 00:42:33",132.6,2,ihabkaggle
9785,16723289,"Caio Saboia","2026-08-28 18:24:29",131.6,1,caiosaboia
9786,16660342,"Adapa Gopireddy","2026-08-04 12:49:43",131.5,1,adapagopireddy
9787,16697716,ZEO,"2026-08-09 19:43:41",131.4,1,anuppatil29
9788,16666706,baijiachang,"2026-08-05 11:04:21",131.2,1,baijiachang
9789,16775483,"Parv Malav","2026-08-26 16:20:27",131.2,2,parvmalav
9790,16705490,"KASTHURI DEVI M","2026-08-13 10:42:42",131.0,2,kasthuridevim
9791,16656643,"Willetta Dettore","2026-08-05 15:33:52",130.3,2,willettadettore
9792,16770924,rohit,"2026-09-12 05:08:35",130.2,2,rohitsrinivasan31
9793,16662142,"Adnan Khan","2026-08-30 06:22:52",128.5,2,iamadnankhan313
9794,16739102,"Mithulya Kumarapeli","2026-08-30 03:53:39",128.2,1,sandalim
9795,16636855,"Wynn Koo","2026-08-01 14:03:04",127.1,1,yongfenggg
9796,16660494,"Hòa Phùng Ngọc GIa","2026-09-22 08:11:18",126.9,2,haphngngcgia
9797,16707146,kaganou,"2026-08-11 13:19:53",126.8,1,kaganou
9798,16940854,AmbujSingh11294,"2026-09-27 04:35:21",124.6,2,ambujsingh11294
9799,16656235,"Zain Ul Abideen Samo","2026-08-06 15:22:02",124.4,2,zainulabideensamo
9800,16794281,"adilio freitas","2026-08-30 22:25:36",124.3,1,adiliofreitas
9801,16691729,"ADOLF FAUSTINE","2026-08-18 02:42:39",123.6,2,adolffaustine
9802,16662334,"Andres Beltran","2026-08-04 22:58:11",122.0,2,andresbeltran05
9803,16731986,Vugar3,"2026-08-17 10:51:29",120.7,2,vuqarxudvrdyev001342
9804,16661969,"Raja T","2026-09-27 03:34:50",120.6,2,rajathiagaraj
9805,16868591,"Lucas A. Rizzieri","2026-09-11 00:22:41",120.4,2,lucasarizzieri
9806,16777923,Sho,"2026-09-26 15:16:05",119.4,2,shoito08190904
9807,16654363,"NIKHIL YADAV","2026-08-17 21:20:32",119.3,2,nikhilyadav232223
9808,16904721,"Creeper Thánh","2026-09-16 06:35:52",119.3,1,creeperthnh
9809,16755329,SBedrosian123@,"2026-08-21 15:07:41",119.3,1,sbedrosian123
9810,16640323,"KOUSHIK KUMAR DINDA","2026-08-29 01:55:31",118.7,2,koushikkumardinda
9811,16735064,"Harshada Thorat 129","2026-08-18 03:58:34",117.6,1,harshadathorat129
9812,16712406,"L Sangeetha","2026-08-18 01:56:24",117.5,2,lsangeetha
9813,16662123,hannhu40022,"2026-08-04 18:45:07",117.3,2,hannhu40022
9814,16945034,divinesouljoy,"2026-09-23 04:59:46",117.2,1,divinesouljoy
9815,16659871,"Abel Kpoton","2026-08-04 20:41:20",117.0,2,abelkpoton
9816,16623953,"Denuwan Wijesinghe","2026-08-01 07:57:04",116.9,2,denuwanwijesinghe
9817,16657486,"Turhan TAS","2026-08-10 09:21:40",116.1,1,turhantas
9818,16662809,"Chukwu Excellent","2026-08-08 22:06:34",116.0,2,chukwuexcellent
9819,16903793,"Zhongkai Shangguan","2026-09-25 23:44:13",115.6,2,leonshangguan
9820,16771841,"Panagiotis Alimisis","2026-09-14 19:04:58",114.5,2,palimisis6
9821,16658695,"Muskan Zahid","2026-08-04 14:14:02",114.1,2,artificial52
9822,16727876,"Harrison Wachira","2026-08-16 08:50:03",113.9,1,harrisonwachira254
9823,16841368,lware5829,"2026-09-05 20:57:52",113.8,1,lware5829
9824,16894437,hondana29,"2026-09-27 00:11:27",113.5,2,tanadaaa
9825,16719809,"Milanto FR","2026-08-14 05:37:48",113.0,2,milantofr
9826,16713435,"Visruti Patidar","2026-08-16 11:18:23",111.9,2,visrutipatidar
9827,16633511,"joshan gladston","2026-08-01 01:19:57",111.7,2,joshangladston
9828,16690499,SuperAI@2615,"2026-08-11 16:42:48",111.4,2,superai2615
9829,16726311,"Prince Diwakar","2026-08-16 12:55:18",110.7,2,princediwaker
9830,16662455,"Nenavath Shashi","2026-08-04 18:04:52",110.0,2,nenavathshashi
9831,16674328,daniel,"2026-08-06 09:34:23",109.4,1,dkamgamegasoft
9832,16723091,"Naiely Silva","2026-08-28 00:53:34",109.1,1,naielysilva
9833,16621565,"salih chindo","2026-08-12 19:45:58",108.8,1,salihchindo
9834,16848578,"Tuấn Anh","2026-09-09 04:28:16",108.7,2,tuananhdata
9835,16626218,"Srishti Gauraha","2026-08-08 05:40:23",108.1,1,srishtigauraha
9836,16765566,DIYANSH_JAIN7,"2026-09-03 10:56:38",107.7,1,diyanshjain7
9837,16683220,Kongali,"2026-08-10 01:24:37",106.9,2,kongali
9838,16658299,"Bakar Prabowo!","2026-09-05 08:14:32",105.6,2,"galihrattn,kingki19,ranggacarkawan"
9839,16656815,"Atharva S. Naladkar","2026-08-06 06:46:40",105.4,2,atharvasnaladkar
9840,16679979,Pranav6657,"2026-08-07 02:40:48",105.4,1,pranav6657
9841,16799001,"Trịnh Quang Minh","2026-09-01 05:16:32",105.4,1,trnhquangminh140
9842,16722827,Prathyyyyy,"2026-09-19 03:10:21",105.3,1,prathyyyyy
9843,16731873,"Abhishek Singh Solanki","2026-08-19 07:24:47",104.9,1,realabhi5hek
9844,16880437,doublek,"2026-09-26 14:02:13",104.3,2,doublek
9845,16632375,"Vivien Jiaqian Zhu 朱嘉倩","2026-09-24 07:28:48",103.4,2,vivienjz
9846,16623660,"Taylor S. Amarel","2026-07-31 23:36:48",103.1,1,taylorsamarel
9847,16659840,"Dasari Giri Gabrelu","2026-08-05 13:41:11",102.6,2,giridasari
9848,16924962,XavierB5,"2026-09-19 10:26:33",102.3,1,xavierb5
9849,16857111,tfcygv,"2026-09-09 00:09:00",102.2,2,tfcygv
9850,16633417,"Handsonlabs Software Academy","2026-09-26 17:14:21",102.2,1,tobimichigan
9851,16800124,"Atharv Hirve","2026-09-20 08:44:54",101.7,2,atharvhirve14
9852,16717094,"[Deleted] 3efc3b54-b875-4c05-8e11-1214498e2853","2026-08-13 12:30:26",101.0,1,del=386289f87b91311f
9853,16661160,"Roobhasridevi P","2026-08-04 14:31:22",100.1,1,roobhasridevi
9854,16659308,Attaerabi,"2026-08-05 07:52:52",99.8,2,attaerabi
9855,16662714,"Amilcar Rodriguez","2026-09-01 04:22:39",99.5,2,amilcarskt
9856,16723068,Kaggricultors,"2026-08-27 16:33:10",99.4,2,"claralimasilva,roberthdouglasufc"
9857,16657303,"Tejas Tiwari","2026-08-04 07:32:17",98.7,1,tejaat
9858,16680165,"Radwa ALkalifa","2026-08-23 08:39:37",98.4,2,radwahamada
9859,16919907,"Álvaro Martínez González","2026-09-23 13:59:06",97.9,2,lvaromartnezgonzlez
9860,16891699,Sriram102,"2026-09-19 05:31:23",97.7,2,sriram102
9861,16659582,"Srikanth Adivanna","2026-08-04 11:25:45",97.7,1,srikanthadivanna
9862,16662243,"Cepeda Braxton","2026-08-04 19:31:54",97.6,2,cepedabraxton
9863,16670547,"Maduako Prince","2026-08-05 22:53:03",97.2,2,maduakoprince
9864,16840189,"Sneha yadav","2026-09-26 14:26:59",96.9,2,sneha463
9865,16657561,Roshdibenrojo83,"2026-08-04 07:19:05",96.6,2,roshdibenrojo83
9866,16654559,"Kerem Ali AVCIOĞLU","2026-08-03 19:28:49",96.0,2,keremaliavciolu
9867,16762458,"Promise Matorofa","2026-08-24 10:00:04",94.9,2,promisematorofa
9868,16847667,"Tushar Barman","2026-09-12 20:30:34",94.7,2,tusharbarman
9869,16658297,"Charishma Pillapalem","2026-08-11 12:46:56",94.1,2,charishmapillapalem
9870,16661098,"Muhammad aufa azmi","2026-08-04 15:18:35",93.7,2,muhammadaufaazmi
9871,16656685,"Shravani Hibare","2026-08-05 10:15:36",93.5,2,shrahib4725
9872,16662547,"hiteshsinh solanki","2026-08-05 07:59:16",93.2,2,hiteshsinhsolanki2
9873,16679847,"Julio Contreras","2026-08-21 20:29:09",93.1,2,juliocontreras
9874,16746655,"Charan Reddy321","2026-08-25 06:27:38",93.1,1,charanreddy321
9875,16731142,yshinok,"2026-09-16 23:32:47",92.8,2,yukishinohara0114
9876,16728931,Sathwik2006,"2026-08-16 14:25:36",92.7,2,sathwik2006
9877,16743822,Surya,"2026-08-19 16:21:21",91.8,1,suryapandian
9878,16668691,BeltusTebid,"2026-08-05 16:01:45",91.4,1,beltustebid
9879,16659041,"uma mahesh23","2026-08-04 11:50:03",91.2,2,umamahesh23
9880,16676977,"Akash Babu","2026-09-04 06:45:03",90.5,2,akashbabu17
9881,16662295,"benja cooper","2026-08-04 17:41:28",90.2,2,benjacooper
9882,16691542,Tushar_SVC,"2026-08-11 04:12:09",89.6,2,tusharsvc
9883,16794292,"Taylor Clark","2026-09-22 22:49:20",89.3,2,taylorclark637
9884,16932358,"Ilfat Hismatullin","2026-09-20 21:41:28",88.1,1,izek123
9885,16654509,"Shruti Kondabathula","2026-08-07 18:17:56",87.9,2,shrutikondabathula
9886,16656485,stunningvn,"2026-09-08 07:40:44",87.2,2,dedquoc
9887,16677441,"ERREGUI YOUSSEF","2026-08-06 18:02:39",85.3,2,erreguiyoussef
9888,16670552,"Harsh Chaudhary ml","2026-08-05 22:16:25",84.7,1,harshchaudharyml
9889,16641109,zzgtylors,"2026-08-06 06:21:50",84.6,2,zzgtylors
9890,16654711,"Rupam Bhattacharjee1","2026-08-14 16:43:07",84.5,1,rupambhattacharjee1
9891,16912163,"Umar Tabbsum","2026-09-17 14:36:46",84.3,2,umartabbsum
9892,16626159,"Cảnh Đinh Tiến","2026-08-02 09:17:36",82.9,2,tourist110406
9893,16748612,"Priyadharshini B","2026-08-24 12:06:18",82.4,1,priyadh29
9894,16743241,"Adhvaith KS","2026-09-02 14:30:35",81.4,1,adhvaithks
9895,16798631,dzlabs,"2026-09-01 09:57:10",80.5,2,dzlabs
9896,16660340,"pawan sondhiya","2026-08-07 06:22:38",80.1,2,pawansondhiya
9897,16670368,"Gary Gitton","2026-08-19 17:03:04",77.2,2,garygitton
9898,16693819,"Hossein Shad Manaman","2026-08-12 03:14:58",76.4,2,hosseinshadmanaman
9899,16661419,"Shivansh Soni","2026-08-04 15:08:01",75.6,2,shivanshsonii
9900,16858278,"Sukma Ramadhan A","2026-09-12 13:22:49",74.8,2,sukmaramadhana
9901,16811547,Merlin,"2026-09-24 14:33:04",74.4,1,huntergrey
9902,16623094,"Claudia Arias Gonzalez","2026-09-24 21:54:03",73.8,2,claudiaariasgonzalez
9903,16785477,"ASHMIL P URK25CS7129","2026-08-28 18:26:11",73.5,1,ashmilpurk25cs7129
9904,16663161,"Pial Mahmud","2026-08-17 10:38:21",72.7,2,pialgroup
9905,16655748,revathip,"2026-08-06 06:00:14",71.6,2,revathiprakash
9906,16656240,"SACHIN KUMAR","2026-08-10 03:13:24",71.4,2,sackm123
9907,16808545,"Qinyong Wang","2026-09-02 11:53:03",71.3,2,magicwqy
9908,16657055,RedKiwi,"2026-08-05 05:57:34",71.0,2,tnmthai
9909,16665345,saurabh10june,"2026-08-05 11:53:47",71.0,2,saurabh10june
9910,16707468,"SBJ 2205","2026-08-12 09:59:33",70.9,1,sbj2205
9911,16886704,"mohammed alshokry","2026-09-15 14:06:43",70.7,2,mohammedalshokry
9912,16851038,"Ivan Danut","2026-09-26 12:47:36",70.3,2,ivandanut
9913,16659675,"M.Athallah Rafif Aldera","2026-08-06 12:40:14",70.1,2,mathallahrafifaldera
9914,16663897,jayaBhavagan,"2026-08-05 19:34:36",69.7,1,jayabhavagan
9915,16659451,anero98,"2026-08-22 20:47:29",69.6,2,anero98
9916,16700316,"Pranav Waghmare","2026-08-11 16:29:05",68.8,1,waghmarepranav6
9917,16668599,"Hafsa Anwaar","2026-08-05 17:43:21",68.7,2,hafsaanwaar
9918,16823197,Cowabunga,"2026-09-20 21:55:58",67.7,2,ameripreye
9919,16621519,Ᏸ𐍂Ꭷ,"2026-07-30 17:30:30",66.0,2,dheerajkannaujiya
9920,16665079,"Maguluri Keerthi","2026-08-05 06:16:03",65.9,2,magulurikeerthi
9921,16656777,"Salam Alqerem","2026-08-31 10:59:33",65.8,2,salamalqerem
9922,16663277,"Mariana Mejía","2026-08-24 23:58:54",65.2,2,marianameja
9923,16794173,"Kamran Arshad","2026-08-31 07:19:49",65.1,2,kamranarshad
9924,16867334,"Connor Tran","2026-09-21 22:05:52",64.1,1,thlphero
9925,16666072,Abinash,"2026-08-05 15:07:52",64.1,2,abinashsinha1726
9926,16735323,"Souvik Routh","2026-08-18 04:30:21",63.9,1,souvikrouth
9927,16736939,"Flandre 29","2026-08-26 08:23:01",63.6,2,flandre29
9928,16678283,"Ajinkya Digurkar","2026-08-21 10:56:03",63.1,2,"ajinkyadigurkar,sakshiagrawal8818"
9929,16848280,"Oladipupo Olapoju","2026-09-08 00:24:32",62.9,2,pupoolapoju
9930,16666273,"Wondu Zerihun","2026-09-08 07:55:57",62.9,2,zerihun369
9931,16846758,"Harish More","2026-09-07 07:44:25",62.9,2,harishmore812
9932,16803074,"fumihito mori","2026-09-01 14:00:16",62.2,1,fumihitomori
9933,16660886,"Dr.Eldirdiri Fadol ","2026-08-05 05:30:48",62.1,2,dreldirdirifadol
9934,16687628,ruchit,"2026-08-28 11:22:16",61.5,1,ruchitkhade
9935,16867026,"Aashish Bagmar","2026-09-11 05:14:45",61.0,2,aashishbagmar
9936,16735237,"YASH CHIMAN","2026-08-18 04:20:24",59.6,1,yashchiman
9937,16658666,"VMax Agents","2026-08-04 10:57:49",59.3,1,"akhiildheep,mithun5353"
9938,16680428,"Surabhi veda","2026-08-07 01:49:35",59.1,1,surabhiveda
9939,16667489,"Cornol Lieto","2026-08-05 12:31:14",58.6,1,lietocornol
9940,16867360,kagg24293,"2026-09-11 08:19:36",57.8,2,kagg24293
9941,16920156,RoboSAL,"2026-09-26 13:55:41",56.7,2,salouaouarhlent
9942,16784650,LukasM1,"2026-08-28 14:15:24",55.2,1,lukasm1
9943,16658100,"Nanda Riansyah","2026-08-04 08:55:54",55.2,2,nandariansyah
9944,16661711,"Wild Star217","2026-08-30 18:00:18",51.7,2,wildstar217
9945,16667339,"Victor Chege","2026-09-01 13:56:51",51.6,2,victorchege0
9946,16785053,"Rinosh Bethala","2026-08-28 17:52:26",51.0,1,rinoshbethala
9947,16895738,suqingying,"2026-09-21 10:43:10",49.4,1,suqingying
9948,16679410,"Leke Glean","2026-08-07 17:29:04",47.4,2,lekeglean
9949,16925909,"Hopefrey Mosingi","2026-09-19 15:30:15",46.6,2,hopefreymosingi
9950,16666836,"Emir Ayvaz","2026-08-07 05:57:00",46.1,2,emirayvaz
9951,16692750,"Hoya need job","2026-09-26 09:18:09",46.1,2,pranavwankhade
9952,16780027,rotto,"2026-09-01 13:18:33",45.5,2,pirotototo4023
9953,16892319,"Shair Khan","2026-09-21 08:30:36",45.0,2,datascikhan
9954,16719441,Gatranova,"2026-08-14 04:11:54",44.4,2,rafiabiyyuairlangga
9955,16698958,"Shanjaya SK","2026-08-28 15:25:11",43.7,1,"payuu03,shanjayask"
9956,16716079,shaurya_pandey@19,"2026-08-13 09:27:49",43.4,2,shauryapandey19
9957,16698953,Locked_in_hell,"2026-08-13 18:31:55",41.3,2,stealthknight
9958,16640594,Win2207,"2026-08-07 12:05:07",41.2,2,win2207
9959,16661068,ZeViX,"2026-09-25 16:23:22",41.2,2,"codinggeek101,vedantkhete"
9960,16663406,"Elshan Kazim","2026-08-16 08:38:43",41.1,1,elsnkazm
9961,16673372,"Hadyan Adira","2026-08-14 03:16:30",38.6,2,hadyanadira
9962,16633018,purelilyth,"2026-08-20 19:43:09",38.5,2,purelilyth
9963,16839644,Mikhail,"2026-09-06 06:52:57",38.3,1,mih2501py
9964,16710773,Openaiskrip,"2026-08-12 07:54:38",35.1,2,openaiskrip
9965,16835282,nico23t,"2026-09-07 14:18:22",35.1,2,nico23t
9966,16938479,"Илья Попов ","2026-09-22 22:54:01",34.4,1,wingedwolf7
9967,16761007,"Pankaj Nakhat","2026-08-23 11:48:21",33.7,2,pankajnakhat
9968,16868098,"Arya Patil","2026-09-11 08:00:49",33.3,1,shutterstack
9969,16723050,"Ítalo Albuquerque","2026-09-11 18:32:23",31.3,2,taloalbuquerque
9970,16730708,ysakuragi,"2026-08-19 01:30:12",30.4,1,ysakuragi
9971,16644474,"Vihaan Ahluwalia","2026-08-05 13:16:21",30.2,2,vihaanahluwalia
9972,16654087,Gabriela_Fernandes4,"2026-08-04 19:12:33",30.0,1,gabrielafernandes4
9973,16761521,"Artificial Silicon","2026-08-29 10:17:46",28.5,1,artificialsilicon
9974,16684847,"M.Harshavardhan Raju","2026-08-09 16:15:49",28.1,2,mharshavardhanraju
9975,16633932,omikbop,"2026-08-02 12:36:52",27.5,2,omikbop
9976,16948861,"PRATHAMESH ARUN JADHAV","2026-09-24 03:10:19",27.2,1,prathamesharunjadhav
9977,16770096,Program,"2026-09-14 11:35:12",26.6,2,panagiotapanora
9978,16675209,lavica,"2026-08-11 13:23:03",26.5,2,lavica
9979,16731524,"Tsyrenov Mergen","2026-08-17 09:42:39",26.3,1,tsyrenovmergen
9980,16665139,"Siddharaj Kulkarni","2026-08-16 05:23:21",25.7,2,siddharajkulkarni
9981,16773858,"Kundan Kumar","2026-09-25 09:49:06",22.6,2,edkundan
9982,16924593,"Aarav Bajya","2026-09-27 04:25:45",22.2,2,aaravbajya
9983,16716562,"Ananya Maurya","2026-08-13 10:01:25",21.9,2,ananyamaurya
9984,16656753,"TAMAL SINGHA ROY","2026-08-05 07:57:48",21.5,2,tamalsingharoy
9985,16675819,RohitS001,"2026-08-11 18:05:54",16.5,2,rohits001
9986,16771156,"Ronald Ayamba","2026-08-25 19:16:26",11.8,1,ronaldayamba
9987,16662721,"Manish Sharma","2026-08-12 17:44:16",9.8,2,themihirsharma
9988,16705637,"Vedant Ghodekar","2026-08-11 05:28:57",9.7,1,vedantghodekar
9989,16654026,"joju shaji","2026-08-09 16:36:43",9.5,2,jojushaji
9990,16669011,"Siddiqui Rehan Ahmed Furqan","2026-08-07 05:24:38",6.4,2,siddiquirehanahmed
9991,16721495,"404 Crop Not Found","2026-09-01 08:45:29",5.7,2,"aiprojector,boazx15"
9992,16660161,"Antimo Carlino","2026-09-08 19:09:46",3.6,2,antimocarlino
9993,16624064,"Hemant Ahlawat","2026-07-31 15:52:56",3.4,2,happyahlawat
9994,16811344,"Vineeth Nannuri","2026-09-10 05:19:07",3.1,2,vineethnannuri
9995,16778494,"Agda Niya","2026-08-28 06:43:07",1.9,2,agdaniya
9996,16676428,wayzhengong27,"2026-08-08 06:34:59",1.8,2,"kkkuek,wayzhengong27"
9997,16714192,"Nishanth Palugula","2026-08-14 06:51:09",1.5,2,nishanthpalugula
9998,16721567,"Neeraj Sharma","2026-09-04 07:21:50",1.0,1,neerajsharma897
9999,16633250,Myst19,"2026-08-03 13:25:15",-0.0,2,jakeschweikhart
10000,16852322,"Harshit Varma45","2026-09-08 03:54:30",-0.4,1,harshitvarma45
10001,16747839,"Ich Schmid","2026-09-19 13:56:52",-1.0,2,ichschmid
10002,16644519,"Shambhu Shekhar Sinha","2026-08-12 18:55:43",-1.5,2,shambhushekharsinha
10003,16687620,Goktug1,"2026-09-18 18:47:26",-2.3,2,goktug1
10004,16632413,"Varun Patil","2026-07-31 18:41:34",-3.6,1,varunpatil262005
10005,16938443,"zhichen huang","2026-09-21 21:54:55",-5.1,1,zhichenhuang
10006,16696104,"Harshit Meesari","2026-08-09 14:31:00",-6.8,1,harshitmeesari
10007,16658745,"Shabby farms 2.0","2026-08-16 03:10:28",-7.2,2,rahulk5418
10008,16673732,"Async Null","2026-08-06 16:55:26",-9.6,1,asyncnull
10009,16708290,"Hrishikesh Thakare","2026-08-12 14:45:08",-9.9,1,hrishikeshthakare
10010,16940668,"Lars Gade","2026-09-24 20:48:47",-12.8,2,larsgade
10011,16661152,"Dr.Abdulbaset Musleh","2026-09-19 17:40:52",-13.8,2,drabdulbasetaledresi
10012,16888204,"yunus yalman","2026-09-24 19:48:59",-15.9,2,yunusyalman
10013,16914127,"Aditya Jha","2026-09-20 04:35:47",-18.5,2,theadijha
10014,16731488,"James Kimani","2026-08-27 13:18:20",-18.6,1,jaykim122
10015,16689555,"kelvin waruingi","2026-08-09 22:45:23",-18.7,2,kelvinwaruingi
10016,16664822,"Prateek Singh","2026-08-05 05:30:22",-19.6,2,pra73ek
10017,16780318,"Piyush Darinda","2026-08-27 17:28:07",-23.4,2,piyushdarinda
10018,16916794,SHUJAT,"2026-09-21 14:59:47",-24.4,1,syedshujathussain
10019,16809774,farmci,"2026-09-02 16:59:50",-24.4,1,ermismel
10020,16790678,Pujolaras,"2026-09-03 14:45:14",-24.6,1,pujolaras
10021,16659501,Duckey,"2026-08-04 13:02:16",-28.5,2,bokangletsapo
10022,16654404,"Madhan Sidmal","2026-08-11 21:28:45",-29.4,2,madhansidmal
10023,16662922,BrandonDucar,"2026-09-12 23:12:40",-29.6,2,brandonducar
10024,16657568,"Manpreet Singh","2026-08-08 13:45:41",-30.6,2,manpreet1994
10025,16792531,"subash jayakumar","2026-08-30 20:14:56",-31.9,2,subashjayakumar
10026,16679250,srskat,"2026-08-16 08:26:30",-36.4,2,srskat
10027,16720136,"Roaring Cotton","2026-09-15 20:07:58",-37.9,2,daviddavidelijah
10028,16943065,"LOKHANDE HARSH","2026-09-23 16:45:21",-41.3,1,lokhandeharsh
10029,16732320,"Malik Muhammad Arbaz","2026-08-18 13:05:51",-44.0,1,malikmuhammadarbaz
10030,16644439," علي ساجد","2026-08-02 21:40:07",-45.0,2,jdvdjdv97171ushd
10031,16624666,"Avik Das","2026-08-21 08:57:10",-45.5,2,avikdas567
10032,16676890,luciferingstar256,"2026-08-20 15:40:55",-47.6,1,luciferingstar256
10033,16689681,"Prakash Rajan","2026-08-09 16:37:56",-48.6,2,prakashai
10034,16735078,"SUDHANSHU PATIL","2026-08-18 04:37:33",-52.9,2,sudhanshupatil10
10035,16941446,"Rehan Liaqat","2026-09-22 12:30:49",-56.7,1,rehanliaqat17
10036,16885604,dualcore,"2026-09-22 09:54:46",-57.8,2,"shashankkalled,tridiv14"
10037,16659057,"Jolvin James","2026-08-07 08:04:22",-60.4,2,jolvinjames
10038,16622991,"Fedor Grigorev","2026-08-27 15:30:57",-68.3,1,fedorgrigorev
10039,16755427,"Daksh Jain","2026-08-21 15:18:57",-75.9,1,dakshu081
10040,16663728,"Al'Humairah Ali","2026-08-10 17:28:01",-76.4,1,alhumairahali
10041,16885774,"Adama Savadogo","2026-09-14 17:34:16",-79.3,2,adamasavadogo
10042,16629006,ymym_tymblack,"2026-08-22 09:44:39",-79.7,2,ymymtymblack
10043,16758417,AthulJenson,"2026-08-22 14:21:26",-82.0,1,athuljenson
10044,16802203,"Sadaf Mughees","2026-09-21 09:16:16",-82.1,2,sadafmughees
10045,16632266,"(ノ◡ <)","2026-09-25 04:46:33",-86.2,2,nawfeelrahman1124444
10046,16709661,sapphirey,"2026-09-07 11:21:05",-93.4,2,sapphirey
10047,16707646,ppssbb09,"2026-09-17 13:40:43",-95.5,1,ppssbb09
10048,16805234,Ryuzaki2325,"2026-09-01 19:44:54",-97.3,1,ryuzaki2325
10049,16731829,"Alexandra Tricia","2026-08-19 07:03:33",-101.7,2,alexandratricia
10050,16683041,Abhishektyagi649,"2026-08-07 08:37:09",-104.0,2,abhishektyagi649
10051,16713011,"Tasmayu Swain","2026-08-14 15:49:35",-106.7,1,tasmayuswain
10052,16685888,LeulYT,"2026-08-10 05:35:44",-121.4,2,leulyt
10053,16637499,Yuchen20,"2026-09-19 14:06:24",-127.4,2,yuchen2066
10054,16808566,"contemporary dance","2026-09-02 22:44:14",-131.3,2,shigeria
10055,16657035,"Christvin Mathew","2026-08-04 08:55:56",-141.2,2,christvinmathew
10056,16719181,SaltyCode,"2026-08-16 04:56:22",-147.4,1,saltycode
10057,16671617,"Bennett Lien","2026-09-19 04:18:05",-163.2,1,"bennettlien,liamspaulding"
10058,16695221,"Muhammad Daud Abbas","2026-08-12 20:04:32",-183.8,2,muhammaddaudabbas
10059,16889642,"calvin Grimm","2026-09-14 06:15:04",-190.7,1,calvingrimm
10060,16692837,"Sai Uttam Gite","2026-08-09 11:36:32",-192.4,1,saiuttamgite
10061,16659881,SantosR,"2026-09-08 14:27:04",-195.4,2,santosr
10062,16668701,"Nihal Jamadar","2026-08-09 04:28:26",-196.0,2,nihaljamadar313
10063,16660261,"YO_ONE CHAUHAN","2026-08-08 23:49:54",-196.7,2,yoonechauhan
10064,16659864,"Twin Titans","2026-08-08 07:50:33",-197.8,2,"sivahokage,solaisararaju"
10065,16717416,"Timofey Kalyak","2026-08-20 07:04:06",-199.0,1,timofeytweaky
10066,16724138,"Tuna Xiao","2026-09-07 15:05:12",-200.2,1,tunaxiao
10067,16885473,Razazazazaza,"2026-09-15 13:23:00",-200.8,2,razazazazaza
10068,16665495,"sai chand Boppudi","2026-08-07 04:19:58",-201.4,2,saichandboppudi
10069,16728276,"ROHAAN ASIF","2026-08-16 11:20:59",-206.2,2,ordinarydev007
10070,16794008,HyperPlanz,"2026-08-31 13:08:38",-212.8,2,domiandr000
