Rank,TeamId,TeamName,LastSubmissionDate,Score,SubmissionCount,TeamMemberUserNames
1,16732748,DSM,"2026-09-26 15:21:43",3103.1,2,"denden12,masspeaks,shimishige"
2,16915014,Boey,"2026-09-24 12:57:23",3022.6,2,boeychenjun
3,16681125,"M & M & P & Q","2026-09-27 01:17:07",3002.1,2,"morimo,msd0110,piiiiiiiii,qistripute"
4,16770421,"Vadim Vasilenko","2026-09-26 21:25:24",2987.4,2,vadimvasilenko
5,16718819,Majkel1337,"2026-09-26 10:48:06",2984.9,2,majkel1337
6,16623559,DECEM,"2026-09-27 07:18:29",2942.9,2,zy1343930734
7,16730612,"Unknown Mother-Goose","2026-09-27 01:02:16",2929.2,2,linkinpony
8,16654697,KawattaTaido,"2026-09-26 22:48:52",2917.3,2,kawattataido
9,16667959,"Fourth Quadrant","2026-09-26 22:46:41",2899.7,2,flynnfei
10,16628664,"Anton Tikhonov","2026-09-26 19:49:17",2896.0,2,itwastony
11,16743356,"Azat Akhtyamov","2026-09-25 23:24:18",2893.0,2,azakhtyamov
12,16657750,"Just A game on your lips","2026-09-27 07:23:41",2881.2,2,proptiter
13,16624026,"Russell Kirk","2026-09-27 04:26:41",2856.4,2,russcore
14,16712258,Yizhou,"2026-09-26 13:06:18",2854.5,2,yaphellee
15,16730357,"My second life","2026-09-26 22:31:12",2851.3,2,"giovannibaldon,jjinho,pavelsavchenkov,ttyn4519"
16,16887437,TheEggman,"2026-09-27 00:31:57",2848.7,2,ethanl67
17,16854176,吃白饭的大肥鱼,"2026-09-24 00:14:30",2843.9,2,"deepios,gengsr,tangdi24,tanpowasd"
18,16673205,"Arda Ceylan","2026-09-27 02:43:52",2843.6,2,ardacey
19,16730524,"THIRD FARM CLUB","2026-09-25 04:01:11",2834.4,2,"bowwowforeach,mooegi,shunrcn,simann"
20,16734966,kigasudayooo,"2026-09-26 23:33:08",2833.4,2,argon1215
21,16758882,mtmr_s1,"2026-09-27 06:28:51",2823.0,2,mtmrs1
22,16632327,"We wanna be tomatos","2026-09-27 07:07:35",2821.2,2,"behindkun,forrestxlz,konbu17,mechi22,midnqly"
23,16623697,yuto083,"2026-09-27 02:28:14",2809.5,2,yuto0712
24,16633132,"Kaggledew Valley 🏆","2026-09-27 05:23:02",2803.0,2,"jackvd,wscmisx,yanzhou06"
25,16658248,Aaweg,"2026-09-27 04:18:53",2796.0,2,aawegbhaladhare
26,16760569,"Otter Vibe","2026-09-27 03:16:28",2791.9,2,gyuminsong
27,16763230,flg,"2026-09-25 10:41:13",2791.2,2,ferdinandlimburg
28,16752196,sekai013,"2026-09-26 12:43:59",2785.9,2,sekai013
29,16811307,elmo,"2026-09-27 07:19:53",2785.3,2,mktakizawa
30,16732403,ymg_aq,"2026-09-26 16:39:19",2773.0,2,ymgpalaqs
31,16709127,IsaiahP,"2026-09-26 18:50:39",2770.1,2,pressman1
32,16621497,"Victor @ Tufa Labs","2026-09-26 02:25:32",2759.0,2,vmerckle
33,16760701,"Yannik Schiffner","2026-09-26 22:20:35",2757.5,2,yannikschiffner
34,16634580,akmr,"2026-09-26 23:32:11",2755.6,2,akimaru
35,16695046,"摆烂小分队 🏆","2026-09-26 12:39:44",2753.7,2,"aurax7,coolinlai,davidsarrat,pseree,zongzishuang"
36,16621799,"Artem The Farmer 🍅","2026-09-27 07:25:42",2748.7,2,veshkinartem
37,16767215,keiz,"2026-09-27 05:28:08",2743.4,2,keizkeiz
38,16864314,marwar22,"2026-09-24 00:21:57",2741.0,2,marwar22
39,16670384,"Gordeev Max","2026-09-27 03:52:55",2737.8,2,gordeevmax
40,16644287,"Ryo Hasegawa","2026-09-25 21:33:59",2734.1,2,ryohasegawa926
41,16629972,"forever young","2026-09-27 07:08:13",2731.4,2,keisukeyokota0428
42,16633178,"Cow Boy","2026-09-27 01:10:56",2730.7,2,shanzhong8
43,16640510,SpaTaro,"2026-09-25 13:09:11",2730.6,2,tarosqrd2
44,16758244,yumizu,"2026-09-26 14:30:50",2729.8,2,yumizzzz
45,16926467,arutyunoff,"2026-09-27 06:59:24",2728.6,2,arutyunoff
46,16734901,Breaking1800,"2026-09-26 06:32:46",2728.6,2,breaking1800
47,16668998,WarRusher,"2026-09-26 16:53:28",2727.8,2,warrusher
48,16671741,Excluding,"2026-09-27 04:49:05",2725.2,2,excluding
49,16685634,"Syed Asad Ali","2026-09-27 02:52:11",2724.0,2,syed3000
50,16623451,Ueddy,"2026-09-27 07:38:35",2723.7,2,ku0807
51,16675778,"Orbital Terraformer","2026-09-26 07:43:57",2720.6,2,tubotubo
52,16740405,by,"2026-09-27 06:34:26",2718.1,2,ibyyue
53,16707990,Snorlax,"2026-09-27 00:30:21",2715.9,2,pku1400010735
54,16942123,dodsters,"2026-09-26 20:39:04",2715.7,2,"andreyakifev,friklez"
55,16805699,"feel the agi","2026-09-26 16:43:58",2715.6,2,nulldata
56,16664246,"Sida Zuo","2026-09-24 01:35:19",2705.6,2,sidazuo
57,16736435,Dieter,"2026-09-26 22:48:42",2704.3,2,"arc144,christofhenkel,crodoc"
58,16717665,"Christoffer Thimsen","2026-09-27 06:50:14",2702.1,2,lowasitgoes
59,16630675,"Lucien de Rubempre","2026-09-26 22:00:05",2699.4,2,lucienderubempre
60,16658349,lingxiaojun,"2026-09-26 05:42:55",2699.3,2,lingxiaojun
61,16685950,"Planned Economy","2026-09-26 15:48:13",2695.8,2,alturutin
62,16748733,"Driz Lo","2026-09-26 06:31:16",2693.0,2,"cieling,drizlo,kindinred"
63,16866398,feles99,"2026-09-27 00:57:06",2690.9,2,feles99
64,16735341,MacCook,"2026-09-26 22:31:30",2690.4,2,"ryui68925,uki706"
65,16730676,ActiveMusyoku,"2026-09-26 21:02:03",2685.6,2,"daiki0381,kohei0okazaki,noriyukimori,ryonatori,seipon"
66,16820794,"Yuxuan Ba","2026-09-26 03:37:23",2683.1,2,"cynthiaaaaa06,hyt9797,lynndai67,yuxuanba"
67,16944414,Aguacates,"2026-09-26 19:53:29",2678.8,2,"carolinemercedes,joshdankworth"
68,16622198,"THUNDER THUNDER","2026-09-21 07:08:52",2677.6,2,thunderthunder
69,16871381,huaiyuyoung,"2026-09-26 09:05:31",2677.1,2,"huaiyuyoung,mushancui,nuoyixu,sdsnorth,yuantoby"
70,16784691,"ready or not here i come","2026-09-26 16:28:54",2675.2,2,emrekuruba
71,16633950,"Matt Motoki","2026-09-26 23:50:56",2673.1,2,mmotoki
72,16891058,Navier-stokes,"2026-09-25 01:15:17",2670.8,2,"nguyenkhanhvu,nhtlongcs"
73,16941436,fshindo,"2026-09-27 03:56:32",2666.8,2,ffsscf
74,16732521,redblackbst,"2026-09-27 03:07:29",2661.5,2,redblackbst
75,16705417,fuxi,"2026-09-23 13:20:03",2659.6,2,"padyue,pytorch5009asd"
76,16653199,Koba,"2026-09-27 00:43:16",2658.3,2,zone0906
77,16860907,kuengo,"2026-09-26 06:07:29",2657.6,2,"haojunwei,kuengo,leonstew,ruoguxu"
78,16945263,liyupengli,"2026-09-26 23:59:24",2657.1,2,"easonrao,huhuown,liyupengli,mikesun20110408"
79,16756591,"Hamed Vakili","2026-09-27 03:39:44",2656.5,2,"hamedvakilit0,maryam7713"
80,16623637,kuro0315,"2026-09-27 06:32:45",2656.1,2,skuro0315
81,16930465,"Xuanhao Wang","2026-09-26 10:07:02",2655.2,2,xuanhao666
82,16632021,istinetz,"2026-09-25 09:14:26",2653.4,2,istinetz
83,16652446,"tine.sh agent","2026-09-26 15:12:05",2653.4,2,sidcodegg
84,16799266,"Kucing Garong","2026-09-26 23:06:53",2651.4,2,syaugialkaf
85,16943306,liminhai,"2026-09-27 01:10:11",2651.3,2,"hungry1728,liminhai,mars086,yeukwanvickyli,yuchuanzhang1202"
86,16663946,"Hello San Francisco","2026-09-27 00:01:28",2650.3,2,"circiumaru,dulgherustefan,radugoga"
87,16723620,3정훈,"2026-09-27 04:31:25",2649.7,2,az05192000gmailcom
88,16672709,"RS Turley","2026-09-23 04:04:12",2649.2,2,rturley
89,16690867,HowardLeeTW,"2026-09-27 07:35:19",2648.1,2,"binghua123,gisgisgis,howardleetw,william950615"
90,16806195,unreal,"2026-09-26 22:20:05",2647.2,2,gauravgs1007
91,16811917,"Dipam Chakraborty","2026-09-26 17:16:32",2644.6,2,dipamc77
92,16739633,kwa,"2026-09-24 23:47:16",2644.2,2,ikaroskaggle
93,16882725,Ebi,"2026-09-20 08:09:48",2638.8,2,ebinan92
94,16754022,Pico,"2026-09-25 18:41:56",2638.7,2,charithgr
95,16706321,lumen,"2026-09-27 03:04:19",2635.1,2,lumenyuto
96,16634537,d_tree_love,"2026-09-27 05:40:29",2634.1,2,yuki11ii
97,16660137,Densike,"2026-09-27 06:27:12",2633.2,2,densike
98,16681007,AkiraOnojp,"2026-09-27 00:22:11",2632.7,2,akiraonojp
99,16693904,DeeperNet,"2026-09-26 17:30:02",2629.4,2,"deepernet,kkkggg,xblade"
100,16640785,"syouya tobita","2026-09-26 16:23:34",2628.7,2,syouyatobita
101,16652175,"Lucas Boesen","2026-09-25 18:21:03",2627.2,2,lucasboesen
102,16659555,"Joseph Adamski","2026-09-25 18:11:35",2626.0,2,josephadamski91
103,16637255,"leave you","2026-09-27 05:17:31",2623.0,2,superallen001
104,16922539,Gatswei,"2026-09-25 05:54:37",2620.1,2,gatswei
105,16690763,chungkuangwen,"2026-09-27 03:50:14",2620.1,2,chungkuangwen
106,16693965,ra5anchor,"2026-09-26 07:31:18",2617.0,2,junmitsui
107,16909118,loxigicck,"2026-09-27 06:43:59",2617.0,2,loxigicck
108,16705790,clora,"2026-09-26 03:54:23",2615.7,2,clora16
109,16743582,ShunkiKyoya,"2026-09-25 15:10:24",2615.0,2,shunkikyoya
110,16696703,Farmer,"2026-09-23 14:53:03",2613.8,2,alekseic
111,16630729,"american gothic","2026-09-26 22:37:52",2613.4,2,grennwolf
112,16621154,Zain96,"2026-09-25 19:39:01",2612.2,2,zain96
113,16668783,Zyy7390,"2026-09-27 04:52:18",2610.3,2,"tigerrrrrr,zyy7390"
114,16678521,"techno coven","2026-09-27 01:06:06",2609.2,2,"blancaplanca,nevolinaa"
115,16654783,quantara.cv,"2026-09-27 06:38:27",2608.9,2,goth55
116,16806938,boominginging,"2026-09-26 13:00:54",2598.5,2,"aviator22,boominginging,caiwenjie123,mikeintokyo"
117,16659679,Civitasmass,"2026-09-27 02:28:17",2598.1,2,godhand
118,16853849,emreaydin,"2026-09-27 00:02:07",2594.3,2,aydinemre
119,16779451,kibuna,"2026-09-27 01:52:40",2593.2,2,kibuna
120,16823930,"Ghost Rule","2026-09-24 15:26:20",2592.4,2,yiyangxudmm
121,16705390,"Subramanya N","2026-09-26 06:53:55",2591.8,2,subramanya1997
122,16748142,"Hikaru Umeda","2026-09-27 07:37:44",2591.0,2,hikarumeda1030
123,16621590,Yaroslav,"2026-09-25 09:38:23",2589.5,2,yaroslavrogoza
124,16796682,LK30,"2026-09-27 07:19:53",2586.8,2,louisklasing
125,16688294,"high frequency farming","2026-09-27 01:18:33",2581.3,2,"gunhcolab,hweowe,markslavin"
126,16856022,"fasith 007","2026-09-25 11:09:16",2578.0,2,fasith007
127,16806023,"Eesh saxena","2026-09-26 06:35:00",2576.8,2,eeshsaxena
128,16622349,"Mengfei Li","2026-09-27 05:07:46",2575.4,2,meli19
129,16845367,kyy666,"2026-09-27 06:09:52",2573.0,2,"kyy666,robertmcwang"
130,16716558,"Evan Tobias","2026-09-27 00:52:22",2572.9,2,evantobias
131,16632783,chocolat,"2026-09-27 06:04:43",2571.5,2,chocolatnya999
132,16685763,"koren sabag","2026-09-26 23:35:15",2571.2,2,korensabag
133,16677337,"xi luo","2026-09-26 10:43:06",2568.7,2,xiluo00
134,16855492,"Matin Urdu","2026-09-26 18:17:59",2567.9,2,"amir314,arianurdu,benediktschink,matinurdu"
135,16656496,"Vaibhav Gupta","2026-09-27 04:46:10",2566.7,2,vaihero
136,16750416,QQ农场,"2026-09-25 07:15:57",2565.2,2,"dqfeng,gvione"
137,16748173,pensukesan,"2026-09-26 22:16:43",2565.1,2,pensukesan
138,16850509,LS,"2026-09-27 00:00:33",2565.0,2,shannanl
139,16685548,"Erfan Eshratifar","2026-09-27 00:45:48",2563.8,2,erfaneshrati
140,16667242,"Gleb Tumanov","2026-09-19 11:45:55",2562.5,2,crachton
141,16644724,"Kaggriculture Agent","2026-09-26 23:53:14",2561.7,2,"jiweiliu,tonylica,yiheng"
142,16663626,"yvn kaggriculture","2026-09-26 20:59:12",2561.6,2,"garnikdavtyan,mikayelgr"
143,16625908,trantrikien239,"2026-09-27 03:59:53",2560.9,2,trantrikien239
144,16633790,curiosity,"2026-09-26 13:25:11",2560.8,2,chmffwn1
145,16651244,"Knight of Favonius","2026-09-27 06:18:40",2560.3,2,ladyfaye
146,16706222,"Xiangyu Liu","2026-09-26 21:31:12",2558.6,2,xiangyuliu007
147,16798172,"Dmytro Maliarenko","2026-09-26 23:41:45",2557.0,2,arxitekton
148,16730076,SJY321,"2026-09-25 19:16:09",2556.7,2,sjy321
149,16748154,taiseiu,"2026-09-26 07:46:57",2556.6,2,taiseiu
150,16759402,Capitaalgain,"2026-09-26 17:35:42",2556.5,2,capitaalgain
151,16882022,URAD,"2026-09-26 20:58:21",2554.8,2,uradkr
152,16700204,"ZHOU HONGYI","2026-09-25 01:56:24",2551.2,2,zhouhyz
153,16917382,"Anand Singh","2026-09-27 06:02:44",2548.7,2,anandsingh8687
154,16621163,john,"2026-09-26 21:32:50",2548.0,2,jaejohn
155,16862183,Smackaveli,"2026-09-27 07:36:21",2546.5,2,spoutop
156,16762319,"Shiji Zheng","2026-09-26 09:45:43",2546.3,2,"q20020006073,watcher996,zhengshiji"
157,16622454,automatylicza,"2026-09-27 06:12:50",2543.1,2,automatylicza
158,16663649,"Akhil Chinta","2026-09-27 03:42:22",2542.5,2,akhilchinta1505
159,16731275,carbonapi,"2026-09-27 05:08:30",2541.5,2,nonempty
160,16730946,"Bohann Wang","2026-09-25 09:11:47",2541.3,2,bohannnwang
161,16892288,"Omar Althobaiti","2026-09-25 23:47:36",2540.0,2,omarahmedalthbite
162,16645426,Jun_value,"2026-09-25 11:41:59",2539.9,2,junvalue
163,16863959,Bông,"2026-09-27 06:42:21",2537.8,2,thangnm1
164,16736427,KouFu,"2026-09-27 07:05:07",2536.4,2,kouheif
165,16700211,miya,"2026-09-27 06:12:42",2536.1,2,miyamuratakeki
166,16705830,"Grim Reaper","2026-09-27 00:01:31",2535.3,2,fathomable
167,16940889,Yoshiki_Nakamura,"2026-09-26 09:08:43",2535.3,2,yakizakana629
168,16688159,"aildar &  slopernak & bobot","2026-09-26 23:44:36",2534.7,2,"eldarkhisamutdinov,mernak,vladimirbagmanov"
169,16718138,Haalandspring,"2026-09-27 01:36:05",2534.6,2,haalandspring
170,16669911,"Batuhan Ustun","2026-09-27 06:13:12",2533.8,2,batustun
171,16889691,"Evil Mango","2026-09-24 19:57:10",2532.5,2,"theevilpiggie,yangbai2026"
172,16758767,NSK_54,"2026-09-27 06:57:57",2531.3,2,"leon7archer,suvalex"
173,16677342,Fedor,"2026-09-26 14:17:16",2530.6,2,fedorchuprakov
174,16641710,yjshyfy,"2026-09-26 13:43:23",2530.5,2,yjshyfy
175,16641116,"Варим сельский самогон","2026-09-26 06:46:27",2530.0,2,"andrey4522,asimandia,darksteeldragon,evgeniyveselkov,ispromashka"
176,16897610,"in blue","2026-09-25 08:24:35",2529.8,2,bhatiji
177,16892357,easygame,"2026-09-24 09:48:46",2529.7,2,"kangqinyao,xinjunc"
178,16717536,c0nrad,"2026-09-26 23:06:19",2527.8,2,stuartlarsen
179,16933749,ctree4113,"2026-09-27 01:55:17",2527.4,2,yitree
180,16839983,hana87hana,"2026-09-27 00:51:07",2527.1,2,hana87hana
181,16666977,"Tagir Analyzes","2026-09-27 04:22:42",2524.9,2,tagirkhairutdinov
182,16794090,Euphor_M,"2026-09-26 23:58:02",2524.2,2,euphor
183,16711376,"Arman Tuganbaev","2026-09-26 21:09:02",2523.8,2,armantuganbaev
184,16847812,tw1nstar,"2026-09-25 16:32:40",2523.7,2,"candaceward,supermanking,waekeee"
185,16806556,KyryloBakumenko,"2026-09-27 04:27:11",2523.7,2,kyrylobakumenko
186,16786126,"Max Bloom","2026-09-26 17:32:25",2522.8,2,maxbloom
187,16728910,Thai,"2026-09-26 18:25:48",2521.5,2,hnthai
188,16923256,Rio,"2026-09-27 01:03:49",2520.8,2,ryosukehada
189,16664640,kaggricodex,"2026-09-27 03:50:44",2520.5,2,underestimated
190,16727171,yfy,"2026-09-26 12:57:10",2519.5,2,qwidndbdjss
191,16690805,"Alejandro Ayestaran","2026-09-24 00:55:13",2515.7,2,alejandroayestaran
192,16632224,"No GPU","2026-09-27 02:20:26",2513.5,2,yamakawanin
193,16656452,Kudo,"2026-09-27 07:11:25",2513.0,2,nguyenchicuong
194,16867734,SH11235,"2026-09-26 05:41:54",2510.0,2,sh11235
195,16854842,ijiiok,"2026-09-26 19:44:27",2509.2,2,ijiiok
196,16682494,Phi,"2026-09-26 15:51:31",2508.0,2,ajinomoto132
197,16693534,HireMe,"2026-09-26 10:08:56",2507.6,2,junta1104
198,16768065,"Gradient Grazing","2026-09-26 17:22:13",2507.2,2,adamhusein
199,16654704,mandgeee,"2026-09-26 10:21:03",2507.0,2,mandgeee
200,16908623,42,"2026-09-27 06:30:51",2506.0,2,"ffy208,kefeiyan,yirenw11"
201,16630825,"Black Mamba Farm","2026-09-27 01:42:48",2503.6,2,"asherjyd,frankyhz,qizhiran,yukundu231100"
202,16732696,naniwazu,"2026-09-27 03:25:28",2502.6,2,naniwazu
203,16795062,"Satoshi Nguyen","2026-09-26 05:34:23",2502.5,2,satoshinguyenai
204,16709492,abozten,"2026-09-26 21:32:48",2502.3,2,abozten
205,16730326,atsushi11o7,"2026-09-27 05:56:19",2502.2,2,atsushi11o7
206,16867277,"Aura Farmer","2026-09-26 18:27:29",2500.9,2,oriolhinojocomellas
207,16670569,Ezzzzzekki,"2026-09-26 19:02:45",2500.5,2,abdullahelzeki
208,16651332,"Le Viet","2026-09-26 14:04:30",2499.6,2,sleepyssr
209,16629685,mikelou1,"2026-09-27 05:17:52",2499.0,2,mikelou1
210,16932366,"Mehrdad Naderi","2026-09-26 13:15:46",2498.5,2,mehrdadnaderi
211,16861278,"Michael Pershin","2026-09-26 19:24:07",2496.9,2,michaelpershin
212,16796370,Z-A,"2026-09-27 04:05:18",2495.5,2,"dfgtde,yuyizhu"
213,16840212,anngle,"2026-09-27 05:34:54",2495.1,2,anngle
214,16640048,"extra eclaire","2026-09-27 02:52:21",2493.8,2,"aeniminu,extraeclaire"
215,16795448,ultimatum_game,"2026-09-27 01:59:52",2493.8,2,"ultimatumgame,walrushero"
216,16696304,"Utkarsh #2","2026-09-26 07:05:14",2493.2,2,n0va007
217,16623746,Juyong,"2026-09-26 16:54:09",2493.2,2,kimdoong
218,16942171,mhw,"2026-09-27 03:34:49",2491.7,2,"matelong,wuyujc,yanghanxin"
219,16733176,Yakouu,"2026-09-26 18:49:06",2490.9,2,yakouu
220,16946542,"Siyuan Wang","2026-09-26 13:21:45",2490.3,2,merlynwang
221,16913723,azamat1ch,"2026-09-26 14:21:20",2489.1,2,azamat1ch
222,16655129,"Morylov Yehor","2026-09-25 19:51:58",2489.0,2,morylov
223,16681744,team_fn,"2026-09-26 08:21:33",2488.7,2,fjklmn
224,16892314,"Akshay #3","2026-09-25 22:26:26",2488.7,2,akshay1301
225,16638651,Emre,"2026-09-26 21:23:30",2488.1,2,emre690
226,16695567,tera358,"2026-09-27 03:12:06",2486.3,2,tera358
227,16684202,Ignat,"2026-09-27 05:53:13",2486.3,2,ignatgotin
228,16696999,"HD h Joratos","2026-09-27 07:32:20",2485.7,2,hdhjoratos
229,16623459,"Peng Wang","2026-09-27 04:26:54",2485.7,2,pengwang91
230,16778340,NayuNayu,"2026-09-26 23:41:18",2485.2,2,nayunayu1005
231,16727182,FinalSunFlower,"2026-09-27 04:51:54",2483.4,2,"finalsunflower,wubingheng"
232,16665224,tyz123456,"2026-09-27 06:53:30",2482.5,2,tyz123456
233,16623458,datnt114,"2026-09-26 12:46:43",2481.6,2,kingkong153
234,16833095,"ADARSH DWIVEDI","2026-09-25 11:41:22",2481.5,2,adarshcod
235,16704247,WeAreFarmers,"2026-09-26 15:16:59",2481.4,2,gbmorris1
236,16823116,一路向北,"2026-09-26 16:59:58",2481.1,2,chronoscop
237,16811948,"xiao xiongwei","2026-09-27 00:52:15",2480.5,2,"huyang111,lixuefeng2336,sherikavotta,xiaofangzhangxfz,xiaoxiongwei"
238,16727266,Agricola,"2026-09-22 10:19:07",2478.8,2,ebisuya
239,16919131,"Argyris Anastopoulos","2026-09-25 12:32:19",2478.6,2,argyrisanastopoulos
240,16885059,"Itikela Bhaskar","2026-09-27 02:54:33",2477.3,2,itikelabhaskar
241,16936280,dev.asad67,"2026-09-26 10:00:51",2477.0,2,devasad67
242,16731443,"Arjun Vinod","2026-09-27 00:13:42",2476.4,2,arjun0014
243,16690338,dvv_ram,"2026-09-25 21:29:13",2476.3,2,ddvram
244,16923064,ryomac1,"2026-09-27 01:13:43",2475.9,2,ry1729
245,16717114,uninhibited-scholar,"2026-09-27 03:03:44",2475.5,2,uninhibitedscholar
246,16945978,"Grigor Sargsyan","2026-09-27 00:56:58",2475.1,2,grigorsargsyan
247,16777359,"AI Dmitrii","2026-09-25 06:15:54",2474.8,2,dmitriyulybin
248,16760490,"nir afek","2026-09-27 03:04:10",2474.5,2,nirafek
249,16852826,Phoenix750,"2026-09-25 11:48:05",2474.0,2,richardmaddox
250,16637597,venks,"2026-09-27 05:27:11",2472.9,2,vterli
251,16653303,open5,"2026-09-24 02:22:34",2472.6,2,"chen2yoimiya,huaidezhang,hyt1nn,wahuwahuwahu,zrurfa"
252,16658044,"Roshan Singh","2026-09-22 21:43:31",2471.7,2,roshanavadheshsingh
253,16851664,koucha,"2026-09-27 01:42:41",2471.6,2,momotakaaoki
254,16636536,tetsu2131,"2026-09-27 02:52:06",2470.8,2,tetsutani
255,16777134,Tom&Jerry,"2026-09-26 12:51:24",2469.4,2,tomjerry101
256,16623635,HiroyukiSasaki,"2026-09-27 01:36:48",2468.3,2,hiroyukisasaki815
257,16805949,Bigplanedoesnotflyfast,"2026-09-27 01:02:14",2467.6,2,ronav48902753425
258,16946062,Dlyra,"2026-09-26 21:02:48",2467.5,2,tyronnaidoo
259,16739419,"misis biznessmenlb","2026-09-26 16:48:59",2467.4,2,"adilkhabibullin,bebra3222,daniilsergeevda,player77"
260,16851474,"HY ISHI","2026-09-27 04:37:23",2467.3,2,hyugaishioka
261,16674961,"Ilya & Yurnero","2026-09-27 01:12:02",2467.2,2,"samson8,test7845"
262,16623449,"Ryo Takaki","2026-09-26 17:02:33",2466.1,2,ryotakaki
263,16901814,pengurei,"2026-09-27 05:42:43",2465.9,2,pengurei
264,16709837,Sophinator,"2026-09-25 16:31:47",2465.3,2,sophinator
265,16794730,Fanch,"2026-09-27 02:07:22",2465.0,2,fanch123
266,16867799,"Chris Deotte","2026-09-26 21:19:56",2464.6,2,cdeotte
267,16660281,"xiy lin","2026-09-27 05:43:32",2464.2,2,xiylin
268,16860784,xxxx0314,"2026-09-26 13:15:44",2463.8,2,"kirklandsan,xxxx0314,yunfeiyang223"
269,16753974,"David Goldrajch","2026-09-26 16:23:52",2462.9,2,elie2003
270,16876126,1fan,"2026-09-26 18:13:20",2462.7,2,wurrfv
271,16812062,姜上（Integ）,"2026-09-27 01:59:59",2462.6,2,"borealis27,integjs"
272,16654589,"Rishant Sharma","2026-09-27 05:24:35",2462.2,2,trishtan99
273,16634246,just_calculate,"2026-09-25 22:51:58",2462.1,2,justcalculate
274,16671163,"Suyash Verma","2026-09-26 20:17:30",2462.1,2,suyashdiamond1
275,16661118,"Sirui Zeng","2026-09-25 01:12:30",2462.1,2,siruizeng
276,16671588,"Keisuke & rererenore & Kifine","2026-09-26 17:37:18",2460.8,2,"keisukeueda,liaoyingxi,rererenore"
277,16878458,"Sho Saga","2026-09-25 00:13:47",2460.3,2,shosaga
278,16674508,"Giulio Ravasio","2026-09-25 11:29:43",2459.8,2,giuliorav
279,16658732,Olympus,"2026-09-27 07:38:38",2459.6,2,"jiseungwoo,peppersaltman"
280,16752250,"Takahiro Katsumata (tkatsuma)","2026-09-26 22:05:28",2458.8,2,alextfkd
281,16764228,"Kaixi Zha","2026-09-27 07:00:36",2458.5,2,"huadutry,kaixizha"
282,16748382,shiiin9,"2026-09-26 11:38:49",2458.1,2,shiiin9
283,16940533,shikaikaikaikai,"2026-09-27 02:21:29",2457.8,2,shikaikaikaikai
284,16741965,Ryuichi,"2026-09-26 19:20:44",2456.9,2,ryuichigt
285,16652536,Satoshi_SsSs,"2026-09-26 11:52:29",2456.6,2,satoshissss
286,16784943,"Ian lin","2026-09-26 12:51:33",2456.0,2,ianlin310707
287,16880278,Kaggria,"2026-09-27 06:42:05",2455.7,2,"andyzhenlee,jiayi2627,mingyuechu,zhaoliangyuan"
288,16919599,yygg2026,"2026-09-27 03:04:05",2455.1,2,yygg2026
289,16839458,"Agent 0","2026-09-26 16:52:51",2453.7,2,agent0
290,16883355,WebFarmers,"2026-09-26 17:59:46",2453.2,2,"axollo,dmitriiorel"
291,16846677,涵哥,"2026-09-24 23:35:55",2451.9,2,jinfanhahaha1
292,16690447,Supermercado,"2026-09-26 08:29:13",2451.6,2,ryotaaaaaa
293,16662883,OceanMix,"2026-09-25 23:44:25",2451.0,2,"cggonzalezsc,fierus,liesvyvalladares"
294,16910633,Shawn404,"2026-09-27 01:34:29",2450.4,2,shawn404
295,16626582,"Omer Faruk Merey","2026-09-24 14:56:12",2450.3,2,omerfarukmerey
296,16621500,"Reinforcement Larping","2026-09-26 18:56:21",2450.1,2,"egortkachenko,timzagrebelny"
297,16945969,"Rushil Desai","2026-09-27 05:24:43",2450.1,2,rushildesai
298,16778656,Aacceeo,"2026-09-27 04:44:33",2450.0,2,aacceeo
299,16672325,Ispagiytiy,"2026-09-27 01:57:02",2449.5,2,ispagiytiy
300,16701258,ln,"2026-09-27 06:00:27",2449.5,2,"flentz,nazarov"
301,16867213,한밭대학교컴퓨터공학과정우민,"2026-09-26 12:46:51",2449.1,2,woominyo
302,16809263,"Bertan Pank","2026-09-26 22:53:07",2448.8,2,bertanpank
303,16697891,KuziJA,"2026-09-27 01:51:48",2447.7,2,kuzija
304,16756062,"Thomas #2","2026-09-27 04:50:07",2447.6,2,tommurakami
305,16879127,lihaoruolhr,"2026-09-27 03:22:27",2446.3,2,lihaoruolhr
306,16842786,ScotLee08,"2026-09-27 03:30:35",2445.6,2,scotlee08
307,16709176,Efnutrrionpy,"2026-09-27 07:24:22",2445.1,2,efnutrrionpy
308,16668430,"john inan","2026-09-27 04:43:04",2444.8,2,johninan
309,16621595,"Farmers From Punjab","2026-09-27 05:14:16",2444.6,2,alisalmanrana
310,16847222,charmq,"2026-09-27 03:28:20",2444.6,2,charmq
311,16941020,"Artur Markosyan","2026-09-25 12:59:07",2444.1,2,arturmarkosyan2
312,16789903,"Netanel Keidar","2026-09-26 00:09:01",2443.9,2,netanelkeidar
313,16922956,Richard6969,"2026-09-26 20:09:10",2443.3,2,lucaluo925
314,16658554,Pai,"2026-09-26 15:18:42",2442.7,2,rajathrpai
315,16633190,Gigrise,"2026-09-25 05:41:17",2442.5,2,gigrais
316,16846958,"Constantin Craciun","2026-09-26 18:27:13",2442.1,2,constantincraciun
317,16937431,ekkkcz,"2026-09-26 11:02:32",2442.1,2,ekkkcz
318,16914744,哈基米南北路多,"2026-09-23 15:15:35",2441.8,2,"drlimingz,freakrk,liushunyao,perrinslutman,sayu1u"
319,16876865,LR.AIML,"2026-09-24 16:45:08",2440.5,2,"lucasgroot,robkraseu"
320,16623716,"tetsuya & yuanzhe & guoqin","2026-09-27 02:31:03",2440.1,2,"guoqingu,tetsuya3510,yuanzhezhou"
321,16712189,"Kostiantyn Isaienkov","2026-09-26 23:34:17",2440.0,2,isaienkov
322,16743240,yoshino,"2026-09-24 21:20:01",2438.9,2,shirayukiaya
323,16698661,"Albert Wang","2026-09-26 19:16:55",2438.8,2,mianwang1024
324,16701779,"Chaoqi Luo","2026-09-26 10:41:21",2438.7,2,chaoqiluo7
325,16626332,"MD. Nazmus Sakib Anik","2026-09-26 16:00:15",2438.4,2,beyondlogic
326,16688896,"JianYuan Deng","2026-09-27 03:37:20",2437.8,2,"jiahewangggg,jianyuandeng"
327,16665809,"Saravanan Jaichandaran","2026-09-27 04:04:22",2437.2,2,saranchandar
328,16784164,Yaojinming,"2026-09-27 06:19:34",2437.1,2,yjm0905
329,16624934,"Haramball forever!","2026-09-25 09:38:41",2436.6,2,envyy23120093
330,16854935,일필휘지,"2026-09-26 15:47:35",2436.2,2,tenkojun
331,16811949,PeterDreamHan,"2026-09-26 16:27:19",2435.9,2,"niuwh1004,peterdreamhan"
332,16730065,Blu3s,"2026-09-26 17:43:17",2435.7,2,"atteincueo,ausrine"
333,16735744,老乡,"2026-09-26 09:21:37",2435.3,2,"hboyang,junjiezhou5100"
334,16633688,Ryo,"2026-09-26 16:53:53",2434.7,2,ryosukekurakami
335,16835029,先过我的Gemini,"2026-09-27 01:55:50",2434.2,2,"gutssss,hangzheng1,ppsshh123"
336,16687901,Khalid,"2026-09-27 00:01:29",2434.2,2,khalid000000
337,16749071,snc5656,"2026-09-27 04:58:39",2433.3,2,jamm1412
338,16722487,Zotar,"2026-09-27 00:07:52",2432.9,2,chunhinma
339,16910680,colum2131,"2026-09-27 04:04:26",2431.8,2,columbia2131
340,16840447,"Suliman Tadros","2026-09-27 05:09:24",2430.8,2,sulimantadros
341,16751061,L1a0JH,"2026-09-25 07:59:09",2429.9,2,coolkid14122
342,16638781,itsuki-data,"2026-09-26 17:05:06",2428.5,2,itsuki89
343,16701768,darasty,"2026-09-27 02:21:38",2427.3,2,darasty
344,16745006,UjjwalPardeshi,"2026-09-26 23:03:59",2426.9,2,ujjwalpardeshi
345,16625220,thisray,"2026-09-26 09:40:37",2426.7,2,thisray
346,16923122,RangerSnow,"2026-09-27 00:04:54",2426.2,2,rangersnow
347,16730719,Xiaowenhao404,"2026-09-27 07:16:09",2425.0,2,xiaowenhao404
348,16632612,Farmville,"2026-09-26 13:41:55",2424.7,2,rafaelfigueiredo13
349,16741131,"Adarsh Balanolla","2026-09-27 02:17:44",2422.5,2,adarshreddyb
350,16640683,Jason-Oh,"2026-09-26 19:28:21",2422.4,2,dossantoss
351,16698999,Odyssey,"2026-09-27 06:20:19",2422.3,2,a1spirit
352,16811313,Ta_____ko,"2026-09-25 23:36:35",2422.1,2,tako1249
353,16766128,"Oleksandr Parfionov","2026-09-26 06:28:28",2419.7,2,parfyon
354,16707383,"codex is all you need","2026-09-27 05:51:07",2419.5,2,chizhu2018
355,16769595,Rudra,"2026-09-27 04:28:43",2418.8,2,rudrabhaskar
356,16743218,RYUSHI,"2026-09-26 22:45:13",2417.8,2,ryushisa
357,16710464,ns0329,"2026-09-25 08:55:47",2417.5,2,ns0329
358,16860813,hirayuki,"2026-09-27 05:47:31",2416.1,2,hirayukis
359,16752740,BorisV,"2026-09-27 06:55:38",2415.6,2,bvoskresenskii
360,16732507,怒破餓鬼,"2026-09-27 02:30:18",2414.6,2,"alcoholcat,makishis,ryutokeshi,yuinokogawa"
361,16914006,Stefano,"2026-09-27 00:12:33",2413.9,2,stefanojp
362,16878119,Aryan.Ahl,"2026-09-25 08:14:19",2413.7,2,aryanahl
363,16925604,"Fritz Cremer","2026-09-26 12:49:55",2413.4,2,fritzcremer
364,16806141,rode1234,"2026-09-27 02:20:35",2412.3,2,rode1234
365,16822071,"aisormo P.H","2026-09-24 00:38:23",2412.0,2,aisormoph
366,16763897,BackFiring,"2026-09-26 23:54:25",2412.0,2,backfiring
367,16857676,"Justin Yang","2026-09-27 01:11:44",2411.5,2,zake7749
368,16668564,"Rikito Kanda","2026-09-26 12:32:21",2411.3,2,rikitokanda
369,16944480,"Peihao Chen Caesar","2026-09-27 05:11:51",2410.8,2,peihaochencaesar
370,16829053,BigAngel,"2026-09-26 19:08:21",2410.2,2,kevin8093
371,16663229,kakuteki,"2026-09-27 03:51:38",2410.2,2,kakuteki
372,16634704,M.,"2026-09-27 04:55:05",2409.5,2,mahamhc
373,16876344,Hyunwoo_Park,"2026-09-26 03:05:53",2409.3,2,uts3125014010829
374,16762735,"Zenith Ye","2026-09-26 22:27:37",2409.0,2,zenithye
375,16665829,Shadowfishes,"2026-09-27 03:50:37",2408.7,2,"boandme,ronitagarwal1,shauryasahdev2"
376,16811224,yuya,"2026-09-27 05:19:43",2408.7,2,yuomori
377,16839986,"XIAO MA","2026-09-27 03:14:01",2408.3,2,linusm020311
378,16931781,"shreyash kumar","2026-09-25 04:52:01",2407.9,2,shrreku
379,16929873,offhand,"2026-09-27 06:41:57",2407.6,2,offhand
380,16920251,otouhu,"2026-09-25 06:11:26",2407.1,2,"minera,toroochi"
381,16623616,nasubiman,"2026-09-27 04:59:24",2406.4,2,yousukenakamura
382,16908425,"Tagir Eminov","2026-09-27 00:28:47",2406.3,2,"tagireminov,timmass2"
383,16655505,Debmalya,"2026-09-27 07:39:13",2406.1,2,debmalya84
384,16799428,hatata,"2026-09-25 04:14:32",2406.1,2,hatata3737
385,16622121,xz,"2026-09-27 01:50:05",2406.0,2,xiaoz259
386,16762302,别ban我claude,"2026-09-26 14:28:04",2405.9,2,oxfffs
387,16761593,Azathoth,"2026-09-27 05:27:19",2405.4,2,stsaasts
388,16652710,Pilea55,"2026-09-26 16:03:18",2404.3,2,ryutogrrr
389,16769990,delai50,"2026-09-27 06:33:08",2404.1,2,delai50
390,16749342,crasal,"2026-09-27 03:21:42",2404.1,2,crasal
391,16888885,"Rômulo Drumond","2026-09-27 01:40:04",2404.0,2,romulodrumond
392,16622567,"Georgy Mamarin","2026-09-25 01:25:51",2403.9,2,georgymamarin
393,16666442,"SHALWIN SANJU","2026-09-27 06:53:19",2403.8,2,shalwinsanju
394,16748476,sam_the_rice_cake,"2026-09-27 04:48:17",2403.5,2,"hash548,wliilamsam"
395,16732496,kanno,"2026-09-25 09:40:25",2403.1,2,kannomasaki
396,16675863,"Habib ullah","2026-09-27 06:41:34",2403.1,2,habibullah123456789
397,16949661,Shs123,"2026-09-26 20:14:37",2403.1,2,shs123
398,16730301,wonder777,"2026-09-27 05:30:46",2402.9,2,wonder777
399,16764089,UtaAzu,"2026-09-27 04:49:52",2402.5,2,utaazu
400,16702590,"Aashka Kapadia","2026-09-26 12:11:40",2402.3,2,aashka
401,16827290,"Dhruvik Chauhan","2026-09-24 15:01:22",2401.6,2,dangptdawg
402,16797045,"Carl Pang","2026-09-24 20:38:19",2401.0,2,carlpang
403,16810111,"Saket Singh","2026-09-24 18:51:13",2400.0,2,saketsingh9728
404,16843315,Talvenn,"2026-09-25 21:57:20",2399.9,2,talvenn
405,16773125,kuroko1t,"2026-09-25 16:49:59",2399.9,2,kuroko1t
406,16658474,you,"2026-09-25 17:55:53",2399.6,2,"huyimin517517,touyouzhaji,wumingshi2006,zxinzzzz"
407,16742362,"AMANI DD","2026-09-26 13:37:07",2399.2,2,dkonan
408,16757635,"Sridip Basu","2026-09-26 07:38:38",2398.4,2,sridipbasu
409,16821542,"Hıdır BozkurtT","2026-09-26 19:59:41",2398.2,2,hdrbozkurtt
410,16666365,yiyu0716,"2026-09-26 09:20:06",2398.2,2,"lugent,yiyu0716"
411,16716335,JamesJJJJJ,"2026-09-26 15:39:54",2396.6,2,jamesjjjjj
412,16660251,Yagawa,"2026-09-24 01:14:30",2396.5,2,yagawa
413,16920891,codex是我的鲸鱼,"2026-09-26 08:24:26",2395.5,2,renfei123456
414,16732055,DASH村,"2026-09-25 20:27:54",2395.3,2,sobameshi
415,16737650,sime_saba,"2026-09-25 23:50:00",2395.3,2,watarukawashima
416,16709967,Matsu,"2026-09-24 18:19:56",2394.8,2,matsuzawahayato
417,16718745,"Vishwamitra Mishra","2026-09-26 17:36:16",2394.7,2,vishwa007
418,16776793,"Guilherme Raiuga","2026-09-26 11:54:11",2394.7,2,guilhermeraiuga
419,16859757,"Nathan Jacob","2026-09-26 08:39:36",2394.5,2,nathanjacob
420,16819431,kkkk,"2026-09-26 13:50:17",2394.1,2,kkkk4649
421,16783642,base_camp_2002,"2026-09-27 03:44:07",2393.6,2,basecamp2002
422,16705523,"Brian Chua","2026-09-26 14:16:23",2393.5,2,chuazhengweibrian
423,16945973,e3k,"2026-09-26 07:13:34",2393.4,2,ekleezhya
424,16756764,"Alperen Aydın","2026-09-26 21:50:56",2393.0,2,alperen5252525
425,16930394,"civil 11","2026-09-27 04:24:20",2391.9,2,civil11
426,16918263,Ascent,"2026-09-26 21:36:55",2389.3,2,ishaangangwani
427,16857766,OmerZalman,"2026-09-25 23:43:27",2389.3,2,omerzalman
428,16749520,"Andrey Tikhomirov","2026-09-26 23:59:02",2388.4,2,andreytikhomirov
429,16664266,"Ian Chung","2026-09-26 16:55:21",2388.2,2,iannnnn012345
430,16934864,"Li Li","2026-09-27 00:00:12",2388.0,2,aikinogard
431,16795070,"HKUST Random","2026-09-25 04:04:01",2388.0,2,siulungfan
432,16768236,Baligh,"2026-09-27 03:05:32",2387.7,2,balighmehrez
433,16848396,ColorGram,"2026-09-25 12:41:54",2387.1,2,"colorgram,hagiwarashigechika,himihimi,s1300200"
434,16936876,ZeroGrain,"2026-09-25 05:00:29",2386.9,2,"fengwenxu,liuhongyi2026,liyayay,ruihuang999"
435,16712714,MiMi,"2026-09-23 03:19:07",2386.4,2,"frank0921,rickytsou"
436,16748511,HarshPandey-yt-auto,"2026-09-26 16:06:57",2386.3,2,harshpandeyytauto
437,16632593,skomuro,"2026-09-26 12:03:25",2385.7,2,skomuro
438,16848479,nilochan,"2026-09-27 04:34:02",2384.4,2,nilochan
439,16784217,MMN0222,"2026-09-25 17:04:03",2383.5,2,mmn0222
440,16896998,YehHua001,"2026-09-26 11:33:24",2383.4,2,yehhua001
441,16640807,TS,"2026-09-27 06:48:39",2383.2,2,"macomacoo,milkcoffeen,takumi0220"
442,16638386,"Md Boktiar Mahbub Murad","2026-09-26 09:05:10",2383.1,2,mbmmurad
443,16654158,Hack2Publish,"2026-09-27 06:52:44",2382.5,2,"esfersami50,foysalemonshanto,hosen42,rokaiyasomapti"
444,16660678,"Chaitanya Sonaje","2026-09-27 03:23:47",2381.7,2,chaitanya205
445,16946519,ShimonHori,"2026-09-27 04:00:00",2381.7,2,shimonhori
446,16693050,Shoko,"2026-09-26 19:22:17",2381.2,2,abreyton
447,16860129,sonny_01,"2026-09-26 23:09:06",2380.1,2,sonnymupfuni01
448,16845833,おかゆん,"2026-09-27 03:33:42",2378.9,2,okayun
449,16690019,Around30,"2026-09-27 00:24:38",2378.6,2,"cyanspring,masahiromatsuda,sutesute000012"
450,16942014,"Raymond Parker","2026-09-26 11:58:26",2378.5,2,raymondparker
451,16872275,"Maciek Kiryla","2026-09-24 06:07:38",2378.2,2,doktorkelp
452,16936121,herens,"2026-09-26 09:17:17",2377.7,2,herens
453,16735094,RngRng,"2026-09-27 04:47:35",2377.6,2,rngrng
454,16664788,rian,"2026-09-27 02:58:27",2377.3,2,rian55
455,16849053,z7777,"2026-09-26 12:51:57",2376.8,2,songqizhou
456,16666784,"Michał Łapiński","2026-09-24 13:49:01",2376.3,2,michaapiski
457,16867601,tadashikato,"2026-09-27 02:52:28",2375.3,2,tadashikato
458,16872754,kitano0104,"2026-09-26 12:04:35",2374.8,2,"kitano0104,ryyymy"
459,16732879,daulettoibazar,"2026-09-26 01:16:01",2374.6,2,daulettoibazar
460,16666434,"JOSHNA ACSHA S 21CS","2026-09-27 06:51:44",2374.6,2,joshnaacshas21cs
461,16927409,ReD_MooN_rise,"2026-09-26 12:12:03",2373.8,2,"redmoonrise,yug0616"
462,16783265,"Xiangjiang Zhou","2026-09-27 07:30:03",2373.5,2,"lilysmi,llccqq624,qqqqwqq,xiangjiangzhou"
463,16822602,haru0707,"2026-09-20 10:06:04",2373.4,2,"haru0707,kiduna"
464,16639871,"Aura Farming","2026-09-26 13:39:04",2372.3,2,"aghbalouanass,gauthieravite"
465,16741516,"Anh Tu","2026-09-26 19:51:49",2371.2,2,natcs98
466,16730223,Ojaswy,"2026-09-25 12:58:36",2371.1,2,ojaswy
467,16689748,cheesytoasts,"2026-09-26 16:13:36",2371.0,2,cheesinnn
468,16860293,kobq,"2026-09-27 05:44:38",2368.5,2,kooobq
469,16638918,"Nawap Bastola","2026-09-26 00:26:31",2368.3,2,nawapbastola
470,16778178,kyosan,"2026-09-26 13:10:11",2367.5,2,"azizbekxasanov,dilyorbek"
471,16630779,Jimmer,"2026-09-26 09:43:57",2367.4,2,przemysawonr
472,16799934,auhulu,"2026-09-26 16:05:25",2366.4,2,auhulu
473,16756510,tongmian1314,"2026-09-26 09:39:26",2366.3,2,tongmian1314
474,16870621,BobtheBot369,"2026-09-25 17:02:13",2365.8,2,bobthebot369
475,16865070,carlos-tagosaku,"2026-09-25 12:55:42",2364.8,2,sousugiyama
476,16816196,"Bianco Chiu","2026-09-27 03:04:36",2363.9,2,biancochiu
477,16639705,"Yuta Tomimasu","2026-09-27 00:07:22",2362.9,2,yutatomimasu
478,16681927,"Dariush Afshar","2026-09-26 04:21:34",2362.8,2,dariushafshar
479,16681405,"Yusuke Hayashi","2026-09-26 16:23:21",2361.4,2,yhay81
480,16927831,Baimakanov,"2026-09-26 20:42:15",2361.1,2,baimakanov
481,16679393,"Anvith Pothula","2026-09-26 00:16:33",2360.4,2,anvithpothula
482,16792681,"MISIS loss volos","2026-09-26 15:41:02",2360.0,2,"bryxosmmm,mors1337"
483,16811036,"farmin time","2026-09-26 22:06:03",2359.7,2,jaydenszeto123
484,16796241,"pavan rajr","2026-09-26 20:52:18",2359.6,2,pavanrajr
485,16891283,tofu1002,"2026-09-27 04:07:09",2358.6,2,tofu1002
486,16745959,_demo,"2026-09-25 15:41:30",2358.5,2,fortunaterookie
487,16780455,wadigongren,"2026-09-24 16:23:24",2358.5,2,wadigongren
488,16632240,Deepseek的恩情还不完,"2026-09-27 06:57:43",2358.3,2,"iwanys,pedianeko,realybin,theunforgiven7"
489,16775378,TK256,"2026-09-26 19:21:07",2358.3,2,tk256ailab
490,16656941,"Winter Lamb","2026-09-27 06:15:58",2356.8,2,fabiansyahcahyo
491,16804863,JezzLynn,"2026-09-27 00:19:59",2356.2,2,"fresnellll,jezzlin,zemengzero"
492,16852728,"Ryuto Yoda","2026-09-27 02:24:28",2356.2,2,ryutoyoda
493,16945684,watanabe_sengyo,"2026-09-25 09:37:37",2356.1,2,watanabesengyo
494,16841108,"Sean Peppers","2026-09-26 22:31:58",2355.2,2,gagepeppers
495,16630804,4418,"2026-09-26 17:05:10",2355.0,2,"biohack44,merkiraz"
496,16629624,"Sayandeep Ghosh","2026-09-27 07:21:20",2354.7,2,sayandeepghosh
497,16653085,"haoran huang430","2026-09-27 02:10:35",2354.6,2,haoranhuang430
498,16716431,m&m,"2026-09-27 02:05:25",2354.2,2,ntrlmt
499,16651157,StupidXie,"2026-09-26 14:13:19",2353.3,2,stupidxie
500,16811605,"Ryu Sonoda","2026-09-27 01:30:08",2353.0,2,ryusonoda
501,16668167,sottnik,"2026-09-26 16:22:19",2352.7,2,sottnik
502,16757621,Kurokawa,"2026-09-27 05:26:23",2352.5,2,hiroshikurokawa
503,16684620,kobayasi,"2026-09-27 03:09:52",2352.5,2,"boomvector,tatsuokoshida"
504,16803103,hugghngkai,"2026-09-27 06:26:15",2351.8,2,hugghngkai
505,16769411,Beyond,"2026-09-26 19:00:56",2351.2,2,themanysh
506,16635663,"Pascal Pfeiffer","2026-09-24 15:16:47",2351.0,2,ilu000
507,16671659,Jiang,"2026-09-25 10:48:42",2350.8,2,jncq2006
508,16865424,"clove instalocker","2026-09-26 07:12:17",2349.9,2,fluorescencexe
509,16664969,subsubsubagent,"2026-09-26 11:38:52",2349.4,2,"estrellasss,kingsley31,smithshine,wuliaoluis,xuteli"
510,16622459,"Munal Singh","2026-09-26 16:11:14",2349.0,2,munalsingh
511,16736265,"Marko Rupnik","2026-09-26 15:39:02",2348.6,2,markorupnik
512,16811868,luyinn,"2026-09-26 16:27:04",2347.3,2,luyinn
513,16689844,IchikaHoshino,"2026-09-26 12:20:19",2347.1,2,htunkhi
514,16765884,洛希边际,"2026-09-27 05:59:47",2346.1,2,"bxz2003,mingyue12318,thethirdsight"
515,16653385,"Vasilii Buzmakov","2026-09-25 11:36:28",2345.0,2,vasiliibuzmakov
516,16743988,"Akhilesh Vinnakota","2026-09-26 04:20:38",2344.9,2,akhileshvinnakota
517,16663614,Nevska,"2026-09-27 03:20:26",2344.9,2,nevska
518,16674831,"nk for work","2026-09-26 16:04:27",2344.5,2,nkforwork
519,16793083,"🐚seek inspiration🐚","2026-09-27 06:00:46",2343.9,2,kurupical
520,16898049,"Alua Аkhmetkali","2026-09-26 07:46:37",2343.2,2,alua01
521,16763274,vinceybb,"2026-09-27 06:08:22",2343.2,2,vinceybb
522,16706892,Ko,"2026-09-25 20:14:22",2342.2,2,syurenuko
523,16681369,GanadorPlusUltra,"2026-09-26 14:30:03",2341.9,2,ganadorplusultra
524,16832316,"Tatu Helander","2026-09-26 20:24:23",2341.7,2,tatuhelander
525,16674948,habe.sq,"2026-09-26 03:08:56",2341.5,2,habesq
526,16799045,qq牧场,"2026-09-26 10:55:34",2340.7,2,"goodchen145,sir2026,zhaosir2026"
527,16715235,l1aF,"2026-09-26 14:42:54",2340.5,2,hhhoang
528,16666566,"Rairo Mukamuri","2026-09-26 09:22:15",2340.2,2,thetraveller
529,16624309,jjamppongmandu,"2026-09-27 05:54:30",2339.7,2,"beckspeca,hihiimj,jjamppongmandu"
530,16947730,"青葉 涼風","2026-09-26 10:17:54",2339.6,2,suzukaze
531,16751828,"E. Honda","2026-09-27 00:01:05",2339.4,2,toseihatori
532,16770089,ouga,"2026-09-24 19:16:52",2339.4,2,ouga1shizawa
533,16796238,"Zhongyi Dai","2026-09-27 06:02:33",2338.7,2,zhongyidai
534,16744573,"Oleksandr Kovalchuk","2026-09-25 08:29:24",2338.1,2,oleksandrkovalchuk
535,16662914,"Apollo's cattles","2026-09-26 19:31:20",2337.8,2,"icr007,kennethlie16,romanrozen"
536,16928701,gt50,"2026-09-27 07:13:23",2337.8,2,shawnqjackson
537,16691038,"animal crossing","2026-09-27 00:25:14",2337.4,2,hoonchoonc
538,16740996,ikevayansky,"2026-09-27 04:14:55",2337.4,2,ikevayansky
539,16756411,"Maximo Uribarri","2026-09-26 09:27:13",2336.9,2,maximouribarri
540,16689183,Hawksartelier,"2026-09-26 22:16:53",2335.8,2,satyapb2002
541,16945162,"Farm Hullabaloo","2026-09-26 07:00:09",2334.2,2,nids21s
542,16795844,Azamaro,"2026-09-26 08:37:12",2334.1,2,azamaro
543,16794536,HirokiTaniai,"2026-09-26 10:37:05",2333.1,2,nyokinyoki
544,16847189,"porosyonok Beib","2026-09-26 19:14:35",2331.8,2,rocinantt
545,16639550,data_gardening_club,"2026-09-26 22:55:39",2331.6,2,"hideyochiba,mitsuaccessjam"
546,16848952,tubotu,"2026-09-26 12:44:35",2331.5,2,tubotu
547,16641751,Hikari_30,"2026-09-25 12:02:41",2330.6,2,hikari30
548,16941779,"Michael Jordan","2026-09-27 05:58:56",2329.6,2,m1chaeljordan
549,16738626,李BCDEFGA,"2026-09-26 00:50:41",2328.9,2,"bcdefga,fengzhaofan,quzehao12"
550,16630829,Ivan1625,"2026-09-27 05:25:31",2328.9,1,ivan1625
551,16833013,"Tariq Alyami","2026-09-27 05:19:14",2328.0,2,tariqalyami
552,16773144,"Mohamed Salah","2026-09-27 00:39:09",2327.5,2,mosalah7
553,16707467,kay.liechtenstein,"2026-09-26 20:30:59",2327.4,2,kayliechtenstein
554,16688787,Fih,"2026-09-26 19:23:59",2327.1,2,vencerlanz09
555,16905243,ka4869,"2026-09-26 19:42:54",2326.7,2,ka4869
556,16731803,JYShane,"2026-09-26 12:52:58",2326.4,2,jyshane
557,16732292,takaygiiiiiiii,"2026-09-26 09:22:42",2326.3,2,takaygiiiiiiii
558,16790660,suk1yak1,"2026-09-26 14:23:37",2325.5,2,suk1yak1
559,16764459,在高速上逆行是危险的,"2026-09-25 17:32:14",2325.4,2,"chaojiwudiwujie,qianxiang123"
560,16655277,GUAM,"2026-09-27 07:19:10",2324.3,2,"analyticaobscura,jeongminlee92,kmmmvs,wnmgrn"
561,16683936,Cyrus,"2026-09-26 21:29:18",2323.5,2,jamalsaeedi
562,16864016,"Setu Chokshi","2026-09-24 15:06:01",2323.2,2,setuch
563,16731186,Naru041104,"2026-09-26 05:06:35",2323.1,2,naru041104
564,16698366,Fateyongheng,"2026-09-27 02:11:39",2322.4,2,fateyongheng
565,16839530,"que la cuenten como quieran","2026-09-24 00:12:42",2322.1,2,germanjurado1
566,16793340,bee_lx_xl,"2026-09-26 14:06:12",2322.0,2,beelxxl
567,16921800,tmcoder,"2026-09-27 02:51:02",2321.1,2,tm0428
568,16693962,"Changyuan Chen","2026-09-26 22:37:47",2321.0,2,changyuanchenmit
569,16924271,kitton,"2026-09-26 16:52:30",2320.7,2,kitton20250606
570,16832209,enduejdu,"2026-09-27 04:58:16",2320.6,2,"cliff376,enduejdu,vvennie,yuwenyue"
571,16622376,fmind,"2026-09-26 07:45:34",2320.2,2,freaxmind
572,16784401,east,"2026-09-27 07:02:58",2320.1,2,eastxe
573,16668737,"Abish Pius","2026-09-26 14:39:38",2319.8,2,abishpius
574,16639155,"Arturo Gutiérrez Aguilar","2026-09-27 00:06:15",2319.7,2,jarturo
575,16759037,Yuyannnn,"2026-09-25 01:28:39",2318.7,2,yuyannnn
576,16652659,Eos,"2026-09-27 05:42:46",2318.6,2,vvickeyy
577,16938111,barbosi,"2026-09-26 20:58:27",2318.4,2,"despairdr,tupperq"
578,16877834,playboicarti,"2026-09-26 23:03:57",2318.2,2,playb0icarti
579,16769059,Gabriel,"2026-09-21 22:52:34",2318.1,2,"shawsebastian,tvtdddd"
580,16747306,"Yasasvi Josyula","2026-09-25 22:33:57",2317.8,2,yasasvijosyula
581,16690353,b13902103_yuhung94,"2026-09-22 02:00:14",2317.6,2,yuhung94
582,16854059,"Gökmen KÜÇÜKAYDIN","2026-09-26 16:57:20",2317.0,2,gkmenkkaydin
583,16728084,iwance,"2026-09-26 18:12:13",2316.9,2,iwance
584,16878533,HayatoFujihara,"2026-09-26 12:38:06",2316.7,2,hayatofujihara
585,16664760,SN,"2026-09-25 22:07:29",2316.6,2,spirosnianiaras
586,16853894,"Ilya Usmanov","2026-09-24 21:00:05",2316.6,2,"ilyausmanov,kolesnikovia,makskhan"
587,16707144,Kirderf,"2026-09-26 19:14:43",2313.6,2,kirderf
588,16735539,"Joe Muller","2026-09-27 05:04:25",2313.0,2,joemuller
589,16639418,"Oleksii Zhukov","2026-09-27 00:03:02",2312.9,2,zhukovoleksiy
590,16628897,"Kyoungwon Jeong","2026-09-27 07:10:16",2312.3,2,kyoungwonjeong
591,16644303,"kevin zhou","2026-09-26 03:34:27",2312.1,2,kevinzhou66
592,16641884,Blacklions.,"2026-09-27 05:44:37",2311.8,2,"blacklions,llllllc666"
593,16699165,lime0001,"2026-09-27 02:19:16",2311.6,2,lime0001
594,16848956,"HadBoumoussa's Farm 🌾","2026-09-26 14:24:28",2311.1,2,hkassimi
595,16808905,"Yusaku Muroya","2026-09-27 06:16:47",2311.1,2,ymuroya47
596,16677810,"Maksim Borisov","2026-09-27 00:58:34",2310.9,2,ma4ypic4y
597,16629033,"Igor V","2026-09-26 09:42:58",2310.7,2,rostigor
598,16786382,hylexi,"2026-09-26 16:06:50",2310.6,2,hylexi
599,16652079,Infill,"2026-09-26 15:53:15",2308.9,2,infill
600,16623877,Chikuwabu,"2026-09-27 06:28:20",2308.3,2,prgckwb
601,16923238,Jaga,"2026-09-27 02:58:17",2307.2,2,skntbass
602,16632743,"Krizsó Gergely","2026-09-26 15:51:49",2307.2,2,lucifer19
603,16672315,CemBas,"2026-09-27 03:55:09",2306.6,2,cembas
604,16926921,"Ruslan Kovychev","2026-09-24 10:48:23",2306.3,2,ruslankovychev
605,16937871,"Rashid Khazeiynasab","2026-09-26 22:23:44",2305.3,2,rashidel1988
606,16654076,"Son Pham","2026-09-26 12:51:24",2305.0,2,sonphamorg
607,16779564,oycr,"2026-09-26 10:07:35",2305.0,2,"oyxiaobai159,wdt124"
608,16721980,pend_ts19,"2026-09-25 07:22:33",2304.8,2,pendts19
609,16734580,shyjin,"2026-09-27 04:22:51",2304.1,2,shyjin
610,16784561,"Rodrigo Ramón","2026-09-24 07:59:35",2303.1,2,rodrigoramn
611,16639263,Yam,"2026-09-27 05:56:08",2303.0,2,minyam
612,16711398,"Claude Fable 5.1","2026-09-27 00:27:58",2302.4,2,chenxizhao21
613,16659081,"JALKARNA GAUTAM","2026-09-27 00:58:06",2302.2,2,jalkarnagautam
614,16683288,HuaLQin,"2026-09-26 22:10:06",2301.3,2,hualqin
615,16946558,Kamilek,"2026-09-27 04:19:45",2301.0,2,kamillek
616,16670967,"Ne ML Clan","2026-09-26 22:46:36",2300.7,2,"al55522me,egoregors,sirgauda,vladmazeev"
617,16732578,nao.kwmr,"2026-09-26 15:03:38",2299.4,2,naokwmr
618,16811467,Raster0x2a,"2026-09-27 07:02:07",2298.5,2,raster0x2a
619,16706185,"Bab Kek","2026-09-25 07:34:58",2298.3,2,babkek
620,16660988,"AI After Hours","2026-09-26 20:34:07",2297.9,2,"akshaythammana,mmehersaipreetam"
621,16746025,Hamachi,"2026-09-27 03:12:42",2297.8,2,hamatz
622,16677938,"Hajime Tamura","2026-09-27 02:54:53",2296.9,2,thajime
623,16622898,"sbol ball","2026-09-25 13:32:20",2296.5,2,"linearbasis,maksimkostritsya"
624,16622338,github/shepsci/kaggle-skill,"2026-09-27 03:32:35",2296.4,2,shepscientific
625,16661702,"Chattso-GPT (Yasuhito Yanagisawa)","2026-09-27 05:19:17",2295.4,2,yasuhitoyanagisawa
626,16731270,"Arthurs Torres24","2026-09-26 04:16:52",2294.7,2,arthurstorres24
627,16885561,goodpjw2008,"2026-09-27 03:51:44",2294.0,2,goodpjw2008
628,16791943,tamref,"2026-09-27 04:51:44",2294.0,2,tamreff3290
629,16623488,"Kevin E R MILLE","2026-09-26 19:28:21",2293.7,2,kevinermille
630,16867132,"Dilara Adıgüzel","2026-09-24 21:41:35",2293.4,2,dilaraadgzel
631,16754112,"rhythm master","2026-09-27 04:28:25",2292.6,2,"lukaswong,nairurga,vincent19543,zaynedong"
632,16642139,"Arnav Goel","2026-09-24 17:08:31",2292.5,2,arnavgoel17
633,16889791,JinboWang,"2026-09-24 06:26:31",2292.0,2,jinbowang1
634,16890669,"Fuchun Wang","2026-09-24 09:10:01",2291.8,2,wangfuchunag
635,16904440,"Orion on earth","2026-09-27 05:41:20",2291.4,2,oriononearth
636,16910137,imissher,"2026-09-26 23:41:29",2291.0,2,tule12345
637,16935434,chumajin,"2026-09-27 05:04:23",2290.4,2,chumajin
638,16740361,"Suba S","2026-09-24 19:18:42",2290.3,2,jupiter79
639,16777710,"Clement Lau","2026-09-27 06:31:14",2289.1,2,clementlau
640,16832185,"MILANA STARR","2026-09-26 05:08:32",2288.9,2,andrewchist
641,16730675,"🦊Farm Fox🦊","2026-09-27 05:58:55",2287.8,2,soutasakurai
642,16750314,Captainuknow,"2026-09-26 08:24:07",2287.7,2,captainuknow
643,16859815,alcanta,"2026-09-27 07:38:38",2287.4,2,ccotiuga
644,16664232,"Eddy Despradel","2026-09-27 04:48:40",2286.8,2,eddydespradel
645,16813655,c_fxy,"2026-09-26 02:20:09",2286.7,2,cfxyai
646,16885498,farmhouse,"2026-09-27 06:23:02",2286.6,2,tomoyayanagi
647,16926787,"Владислав Ковкін","2026-09-25 14:26:15",2285.8,2,vladyslavkovkin
648,16781445,"𝕯𝖊𝖔𝖉𝖎𝖒𝖘 & 𝕮𝖔","2026-09-26 14:31:23",2285.5,2,odimdavidchukwuemeka
649,16659870,"Tien N.","2026-09-27 04:21:33",2285.4,2,tientrum
650,16756891,T.Uehira,"2026-09-27 07:05:10",2285.3,2,tuehira
651,16806882,"Friedhelm Winter","2026-09-26 18:27:47",2285.3,2,friedhelmwinter
652,16938473,bansalis,"2026-09-26 21:57:00",2285.3,2,ishanbansal1
653,16730706,flaty,"2026-09-26 21:35:08",2285.2,2,flat831
654,16881250,"Enes Altunbaş","2026-09-25 21:02:53",2284.9,2,enesaltunba
655,16740419,IamDiganta.7,"2026-09-27 05:15:39",2284.6,2,iamdiganta7
656,16854869,Ibar-Aki,"2026-09-25 17:59:19",2284.0,2,akicolor
657,16655199,"Alexander Ulrich","2026-09-24 05:32:03",2281.7,2,alexanderulrich01
658,16793080,"Lonan Syayf","2026-09-26 14:17:55",2281.4,2,lonansyayf
659,16944396,Monruho,"2026-09-27 03:38:05",2280.4,2,monruho
660,16657316,只因队,"2026-09-26 14:21:50",2280.3,2,"jasonxusk,mingkangyan,no13ody,renmin517"
661,16926937,"Romuald Delene","2026-09-24 13:41:36",2279.7,2,romualddelene
662,16778012,俺是耕田哩,"2026-09-27 05:13:51",2279.2,2,tianzhenggao
663,16745761,mitomeat823,"2026-09-26 18:49:26",2278.9,2,mitomeat823
664,16841026,"Max Power","2026-09-26 02:20:30",2278.7,2,markbarney
665,16697266,"Top 1 🏆","2026-09-27 05:22:26",2278.2,2,"fahankaudeer,solirus,syntaxprnv,udhaykumarsujeebun"
666,16908263,Paing,"2026-09-26 15:07:02",2277.8,2,painghtetsw
667,16678693,"Maher el Ouahabi","2026-09-26 22:54:14",2277.4,2,maherelouahabi
668,16632157,"福原 大知","2026-09-26 11:55:50",2277.3,2,fxxyfox
669,16837491,takaito,"2026-09-27 06:33:18",2277.0,2,takaito
670,16659627,"Lam Dang","2026-09-26 14:55:39",2276.9,2,lamdang
671,16805244,nari,"2026-09-26 13:51:20",2276.9,2,shoheiyoshinari
672,16847412,SuzukiKazuma,"2026-09-26 03:59:46",2276.2,2,suzukikazuma
673,16621481,"zero waste","2026-09-26 11:51:16",2275.9,2,chinnaphatkhun
674,16760241,"Collin Christensen","2026-09-25 18:20:48",2275.7,2,cchristens
675,16775076,hiros,"2026-09-27 07:18:54",2275.1,2,hiroshige1
676,16730673,"John Doge","2026-09-26 19:35:45",2274.3,2,spacedoge
677,16757253,ZEE,"2026-09-26 16:07:24",2274.0,2,randyzhang666
678,16942819,Mositaku,"2026-09-27 06:27:26",2273.8,2,versavice
679,16624276,MKGA,"2026-09-27 00:52:55",2272.4,2,"horizen12,zejunfool"
680,16670032,Kenjo1209,"2026-09-26 20:13:11",2272.4,2,kenjo1209
681,16894895,Talented_Eggs,"2026-09-27 03:28:40",2272.2,2,"kangmingpeng,kinghuang123,qiandongxie666,yyhm666"
682,16626732,islet,"2026-09-27 02:51:20",2272.0,2,kojimar
683,16732774,edchax,"2026-09-25 19:05:56",2271.8,2,"edchax,kevinkoza,slirche"
684,16798602,uns.t,"2026-09-27 05:55:30",2270.1,2,franksunp
685,16733766,Paarthpowa,"2026-09-25 11:47:49",2269.2,2,paarthpowa
686,16664132,kojingbo,"2026-09-27 03:53:29",2268.9,2,kojingbo
687,16645596,Kosakunin,"2026-09-27 02:40:30",2268.7,2,yugoawawa
688,16656500,奶龙宝宝爱种田吖,"2026-09-27 06:15:49",2268.1,2,"a982295350,bertmacutata,blencanierice,dangzhiyuan,imoxzm"
689,16726287,BBaRRel.,"2026-09-26 13:26:34",2267.1,2,yujinkk0609
690,16662833,"umair zia","2026-09-27 04:07:52",2266.4,2,aimerscoding
691,16789745,LoveLetter,"2026-09-27 03:53:00",2266.4,2,arthasmenethil
692,16908829,Terremoto,"2026-09-25 00:16:14",2266.2,2,alfredoachondo
693,16858228,doubao,"2026-09-26 05:48:07",2266.2,2,"erhankangyan,yuanlili123321"
694,16663818,"Mike Mordetsky","2026-09-27 04:27:50",2265.9,2,mikemordetsky
695,16723955,chunsuri,"2026-09-26 07:13:55",2265.1,2,chunsuri
696,16663867,"Stephen Schott","2026-09-25 12:09:34",2264.2,2,steve421471
697,16709905,Rospel,"2026-09-27 03:11:23",2263.5,2,rospel
698,16740815,Remielle,"2026-09-27 05:59:48",2263.5,2,remielle
699,16669650,motono0223,"2026-09-21 15:42:07",2263.4,2,motono0223
700,16670229,Munshi-PremChand,"2026-09-26 04:34:03",2263.1,2,munshipremchand
701,16663264,Adarsh,"2026-09-27 06:09:37",2262.9,2,madarshbb
702,16662041,"Sarah Ng","2026-09-23 10:18:01",2262.5,2,thunguyen1510
703,16663783,WBF_USA_NYC,"2026-09-26 22:55:05",2262.2,2,wbfranci
704,16769836,weense,"2026-09-27 02:47:32",2261.1,2,weense
705,16666805,Kaggs,"2026-09-25 17:07:11",2260.6,2,ayush21042004
706,16903852,maoxin123,"2026-09-27 03:33:28",2257.9,2,maoxin123
707,16870986,Taeyang,"2026-09-27 06:54:12",2257.3,2,"lucas040,taeyangg4,xox787,yw8837"
708,16864919,ujimaa,"2026-09-26 20:22:22",2256.8,2,ujimaa
709,16671092,"tomohito shimura","2026-09-27 03:48:56",2256.8,2,tomohitoshimura
710,16713262,"Seyit kaan Gunes","2026-09-26 19:01:22",2256.4,2,seyitkaangunes
711,16655922,kusui26,"2026-09-24 21:55:52",2255.7,2,kusui26
712,16933535,Binbin022,"2026-09-25 08:27:58",2255.2,2,binbin022
713,16633341,Hak,"2026-09-27 05:50:06",2254.7,2,hakdevelopment
714,16687294,"Madiyar Khamzanov","2026-09-24 20:01:23",2254.2,2,mkhamzanov
715,16867671,Abhinav0370,"2026-09-26 16:03:44",2253.2,2,abhinav0370
716,16634765,democatXamer,"2026-09-25 19:18:50",2252.8,2,w1326627677
717,16697767,"Teddy Tennant","2026-09-27 04:28:58",2252.5,2,thtennant
718,16889906,kerlgd,"2026-09-26 13:36:35",2251.6,2,"kerlgd,kernlst92,laatentia,plasmoryx"
719,16923012,"jiggly buns","2026-09-25 13:02:29",2250.7,2,sellside
720,16892257,ShadowMist01,"2026-09-27 05:36:30",2250.4,2,shadowmist01
721,16623974,Canon,"2026-09-27 06:21:06",2249.4,2,sotakurihara1
722,16872204,"Nguyễn Trần Thanh Bình","2026-09-25 15:05:16",2247.7,2,nguyntrnthanhbnh
723,16669256,Shivam_2212,"2026-09-27 06:02:00",2247.7,2,shivam2212
724,16689154,CrossEngineered,"2026-09-26 18:23:07",2247.6,2,"danyalsahin1,gkenurk"
725,16944151,kkogai,"2026-09-27 04:52:50",2246.8,2,kkogai
726,16806206,"Yuan Yongth","2026-09-26 21:08:09",2246.8,2,"sunnylzheng,yuanyongth"
727,16802535,"To be happy","2026-09-26 03:46:58",2246.5,2,yaokaixinya123
728,16723301,mayukistarry,"2026-09-25 15:41:28",2246.5,2,mayukistarry
729,16655383,MtN,"2026-09-27 03:29:46",2245.9,2,mariotrsn
730,16949818,MachineLearner,"2026-09-27 00:42:31",2245.9,2,anesabbad
731,16932323,Matt,"2026-09-27 04:40:20",2245.4,2,mclouter
732,16623524,"Marcus Vinicius","2026-09-27 01:58:05",2244.8,2,marcux777
733,16705659,"srijan k.r keshri","2026-09-25 22:45:59",2244.8,2,srijankrkeshri
734,16717440,"farm pt","2026-09-26 22:11:51",2244.2,2,"gunianxue,marisyn,muran169633"
735,16848633,umizora,"2026-09-27 00:07:08",2244.0,2,yoiisohira
736,16879199,Back,"2026-09-26 01:56:39",2243.3,2,back2525
737,16753567,wangkxu,"2026-09-23 06:26:47",2242.8,2,davics
738,16661570,"sissoko cheick","2026-09-27 04:08:22",2242.6,2,sissokocheick
739,16941479,karttikjangid05,"2026-09-26 19:50:09",2242.5,2,karttikjangid05
740,16917270,kaibaur,"2026-09-26 20:04:22",2242.4,2,kaibaur
741,16630380,JM,"2026-09-27 00:24:18",2242.4,2,julianmukaj
742,16632291,"alex chilton","2026-09-24 08:14:35",2242.1,2,alexchilton
743,16664360,"Rohan L","2026-09-24 13:38:10",2241.4,2,rohanlopes
744,16668168,"Desh ke Mitron","2026-09-26 13:47:30",2239.8,2,"asce09,attiraina,hashlord"
745,16700919,Anubisyy,"2026-09-27 07:27:13",2239.2,2,anubisyy
746,16885261,sdy623,"2026-09-27 06:21:23",2239.1,2,jaxa623
747,16936328,JerryChen,"2026-09-27 03:26:04",2239.0,2,horse602
748,16655610,GPTatoes,"2026-09-27 05:54:00",2238.9,2,"angran,kaixuanosmas"
749,16639969,"Sheep Are All You need","2026-09-26 03:23:24",2238.4,2,aliyelbekov
750,16637546,Forrest,"2026-09-25 04:14:01",2238.3,2,yinxiaogang
751,16891965,artem3605,"2026-09-24 10:44:46",2238.1,2,artem3605
752,16670948,wally0593,"2026-09-27 05:54:34",2238.0,2,wally0593
753,16922419,"Md Abu Saif","2026-09-25 18:58:38",2238.0,2,mdabusaif48
754,16942240,M78星云,"2026-09-27 02:49:22",2237.9,2,"cheng2246,tangyangpu284,upczbw,xinyinghu7123"
755,16756492,satokato,"2026-09-26 23:32:26",2237.8,2,satokato
756,16641536,"Michael Timbs","2026-09-26 13:59:52",2237.4,2,michaeltimbs
757,16896572,latentm,"2026-09-26 12:30:30",2237.3,2,"latentm,quannt9,xanvior,xeloria"
758,16694016,"Prajwal M","2026-09-26 12:57:21",2236.8,2,estrick
759,16726461,mocatti,"2026-09-26 11:08:33",2235.8,2,mocatti
760,16750779,"Mao Nishino (mao1756)","2026-09-27 02:12:01",2235.6,2,maonishinomao1756
761,16770229,"shivam kanojia","2026-09-26 15:36:46",2235.3,2,shivamkanojia1
762,16768603,Kinance,"2026-09-26 02:56:09",2235.3,2,kinance
763,16731605,datatuu,"2026-09-26 12:31:53",2235.3,2,yaoguang516
764,16663271,"Malyshev Danil","2026-09-26 16:06:03",2235.2,2,"corgisamoyed,malyshevdanil"
765,16633212,goosehaaan,"2026-09-25 03:51:02",2234.8,2,goosehaaan
766,16667774,"Ziad EL ARARI","2026-09-26 16:18:21",2234.3,2,ziadelarari
767,16644160,"Saravana Rajan B","2026-09-26 15:27:15",2233.8,2,saravanarajanb
768,16758316,"Roy Lo TW","2026-09-26 08:21:59",2233.7,2,roylotw
769,16841335,abondrn,"2026-09-26 19:51:47",2233.6,2,abondrn
770,16935560,南山3G战神,"2026-09-25 03:48:53",2233.4,2,"dongxinwan,jyo5200,linkenfaqiu8290,vincent8491,wxh20031103"
771,16881395,nikotin55,"2026-09-27 06:57:37",2232.8,2,"isaevsemyon,nikotin55,remihrf"
772,16669926,Jince,"2026-09-27 07:28:14",2232.5,2,jincesaju
773,16834038,"Akio Furutsuka","2026-09-26 13:32:02",2232.4,2,akiofurutsuka
774,16761293,cha7ura,"2026-09-26 19:13:26",2232.4,2,cha7ura
775,16654091,webmaking,"2026-09-22 04:36:19",2231.2,2,webmaking
776,16810587,"Avineesh Arora","2026-09-25 20:44:44",2231.1,2,avndope
777,16842828,"Smiley Flour","2026-09-26 17:55:27",2230.7,2,"ddlinh212,nguyenvlm"
778,16732210,tanadai,"2026-09-27 04:12:05",2230.5,2,da0516
779,16794542,ysd1110,"2026-09-26 15:46:01",2229.7,2,ysd1110
780,16738503,dddmd,"2026-09-27 04:11:13",2228.9,2,dddmdd
781,16748412,"Nimish Shinde","2026-09-26 16:47:59",2228.6,2,nimishshinde
782,16764394,haseryooooo,"2026-09-25 08:30:09",2227.6,2,haseryooooo
783,16771623,kekuru,"2026-09-26 05:19:40",2227.6,2,soyaishihara
784,16642662,CdeTilly,"2026-09-26 13:41:35",2227.0,2,cdetilly
785,16674353,"Lakshmanan R","2026-09-27 07:25:37",2226.4,2,lakshmanankumar02
786,16768239,Oshbocker,"2026-09-27 04:04:04",2226.4,2,oshbocker
787,16941047,"RUSHMANTH NALLURI","2026-09-24 00:07:09",2226.3,2,rushmanthnalluri
788,16671306,Yeswanthperni,"2026-09-26 20:57:16",2225.9,2,"tanvicaaa,yeswanthperni"
789,16822519,Lunospital,"2026-09-27 01:59:51",2225.2,2,lunospital
790,16670453,141,"2026-09-26 08:50:19",2225.2,2,"muhammadmustafaxo,siddiqshah"
791,16809820,"Pramit Das","2026-09-26 18:14:01",2225.0,2,pramitdas
792,16674949,"Lev Neganov","2026-09-27 00:07:06",2224.7,2,levoel
793,16783721,lc今天刷了吗,"2026-09-23 03:24:33",2224.6,2,"alkaidchen,limufeng"
794,16935391,"cs duals","2026-09-26 11:47:48",2224.4,2,kostopr4v
795,16714162,MarvinTMB,"2026-09-26 21:54:36",2224.3,2,marvintmb
796,16716263,"Ugnė Miklovaitė","2026-09-25 12:34:58",2224.2,2,ugnmiklovait
797,16894196,"Qiank Chen","2026-09-25 18:03:16",2223.5,2,qiankchen
798,16623466,len8487,"2026-09-27 01:02:51",2223.1,2,len8487
799,16654027,shiv,"2026-09-26 03:39:41",2222.2,2,shivaurora
800,16688217,"The Grower","2026-09-26 11:30:15",2222.2,2,vigneshsankar1962
801,16865470,J.Moriuchi,"2026-09-26 12:18:14",2221.4,2,hesoponyo
802,16927774,shuto,"2026-09-27 07:36:20",2221.4,2,shutohorie
803,16665134,edteoh,"2026-09-27 01:29:55",2220.8,2,edteoh
804,16677423,songling,"2026-09-27 02:21:05",2220.2,2,"lvbingrong,oralia"
805,16924916,Teraya,"2026-09-26 07:04:40",2220.2,2,yuyaterasawa
806,16631752,"Junichiro Morita","2026-09-27 00:59:19",2219.8,2,junichiromorita
807,16891740,quwon_000,"2026-09-25 19:54:11",2218.7,2,quwon000
808,16700068,"My Little Pony","2026-09-26 12:04:02",2218.5,2,"buxiangzaoqi66,juliezhang131,yaoyilv"
809,16699741,Tom3,"2026-09-25 01:24:56",2217.8,2,tomohiroaz
810,16717787,Bull,"2026-09-27 06:40:29",2217.1,2,welshonionman
811,16751152,"Andrew Reed","2026-09-27 02:53:26",2217.1,2,andrewreed
812,16675671,Marlubie,"2026-09-26 10:58:52",2216.8,2,kchuang
813,16939679,tokawa2997,"2026-09-27 06:59:51",2215.7,2,tokawa2997
814,16790432,"Field General","2026-09-25 15:26:10",2215.5,2,kevinarvai
815,16843860,LH-and-FPGA,"2026-09-26 16:58:24",2215.4,2,lhandfpga
816,16771785,"Mencius silverio MENSAH","2026-09-26 17:39:31",2214.6,2,menciussilverio
817,16805671,"Yuxiang LIANG","2026-09-26 13:39:55",2214.3,2,yuxiangliang
818,16762289,NineThree,"2026-09-27 07:05:08",2213.6,2,xiaoazuzong
819,16919139,SynthReaper,"2026-09-26 19:53:59",2213.4,2,synthreaper
820,16641169,boatlee,"2026-09-26 14:06:19",2212.9,2,boatlee
821,16736079,Maxy5illion,"2026-09-26 04:24:36",2211.3,2,maxy5illion
822,16840509,"Iskander Yusupov","2026-09-25 14:48:31",2210.9,2,iskanderyusupov
823,16906666,"selam ya","2026-09-27 01:00:45",2210.7,2,selamya
824,16762208,CrazyML,"2026-09-27 07:12:50",2210.5,2,"janhvikhattri,sorcererbi,vedanshipathak"
825,16803032,"varshitha kolupuri","2026-09-26 17:04:12",2210.4,2,varshithakolupuri
826,16623691,KevlarZanderChi,"2026-09-27 04:23:57",2209.3,2,kevlarzanderchi
827,16805370,"Gaiar Baimuratov","2026-09-26 07:27:52",2207.7,2,baimuratov
828,16633226,test_money,"2026-09-26 17:38:36",2207.2,2,michaelsemenoff
829,16790527,Yuta,"2026-09-27 02:52:59",2207.1,2,yutaecon
830,16738852,ZJUwlm,"2026-09-27 01:45:42",2206.2,2,"oonumberone,zjuwlm"
831,16846857,"Tomohiro Nagai","2026-09-26 14:01:44",2205.3,2,tomohironagai
832,16892318,"fumiya utsuno","2026-09-27 03:38:22",2204.1,2,"fumiya326,kuboken,rikutokuwayama"
833,16828050,stephenlau,"2026-09-26 15:04:14",2203.8,2,stephenlu0422
834,16927521,wadia,"2026-09-27 02:28:49",2203.4,2,"sihuanian777,yeshawang"
835,16623669,goonew,"2026-09-26 16:16:02",2202.5,2,goonew
836,16714401,"Ivo Georgiev","2026-09-27 01:57:45",2202.4,2,ivogeorg
837,16671515,ziheng,"2026-09-27 03:58:16",2202.2,2,zihengedie
838,16771456,"Tianrun Liao","2026-09-26 23:40:01",2202.1,2,tianrunliao1
839,16621165,"xisheng feng","2026-09-26 00:10:17",2201.8,2,xishengfeng
840,16707453,"Kaan Dınız","2026-09-27 04:45:34",2201.2,2,kaandnz
841,16654511,"Syed Shayan Ali Shah","2026-09-25 06:31:36",2200.8,2,dsshayan
842,16630548,"YJ Wee 2807","2026-09-25 08:06:21",2199.8,2,yjwee2807
843,16809874,抹茶屋,"2026-09-27 01:15:38",2199.6,2,havenox
844,16641171,"Sadettin Şamil Verdil","2026-09-26 06:02:52",2199.5,2,sadettinamilverdil
845,16726687,"Rohin Kethipally","2026-09-26 00:04:36",2198.9,2,rohinkethipally
846,16743165,"Chiachii Liang","2026-09-26 00:01:13",2197.3,2,chiachiiliang
847,16895472,codeWS,"2026-09-27 07:22:01",2196.9,2,codews
848,16896203,Qx_qingxi,"2026-09-27 06:29:25",2196.7,2,yongqiangtian
849,16870033,"wbcrypto abrams","2026-09-27 06:17:31",2194.9,2,wbcryptoabrams
850,16793039,"Carson Rodrigues","2026-09-27 07:38:55",2194.7,2,carsonrodrigues
851,16929642,"lyre lin","2026-09-25 14:54:56",2194.2,2,lyrelingg
852,16623034,"Vlad Kochetov","2026-09-26 18:30:13",2193.5,2,vladkochetov07
853,16623128,AdamJonesJohnson,"2026-09-26 00:07:50",2192.9,2,adamjonesjohnson
854,16861302,YieldCurve,"2026-09-26 02:45:55",2192.7,2,"gendaijin,haruna015"
855,16696743,"wennan cao","2026-09-27 02:45:11",2192.5,2,wennancao
856,16786341,"Farmula One","2026-09-27 05:14:00",2192.2,2,"joesland,mer4yyy,ricaaaovo,zhangxingzhe"
857,16784416,tatt:)ch,"2026-09-27 06:13:16",2192.1,2,"awewrasdffetfe,jay051012,tattch,yjy10086"
858,16737482,Lindicaphxag,"2026-09-27 05:43:42",2190.9,2,oblivicore
859,16885764,shuinno,"2026-09-26 05:06:11",2190.8,2,"astralisa,hemlock1,metaforge,shuinno"
860,16762019,yukino,"2026-09-27 06:15:42",2190.2,2,"jifengjianhao666,mqingcs"
861,16886640,holyholy,"2026-09-27 02:04:37",2189.5,2,holy5contents
862,16725899,Zhenghongshuang,"2026-09-26 16:15:48",2188.9,2,zhenghongshuang
863,16918430,"Huifeng Li","2026-09-27 05:17:15",2188.8,2,stevenli1
864,16839389,lizs,"2026-09-26 16:20:46",2187.2,2,chiila
865,16814417,"Jane Street Farmers","2026-09-27 02:49:48",2186.9,2,"akamasterpiece,gianghiango,paramizodicrominique,phnhnnguyn,sebastiancooper116"
866,16886298,amosokello451,"2026-09-26 17:03:10",2186.9,2,amosokello451
867,16743647,bono,"2026-09-26 09:11:11",2186.8,2,kjoonha
868,16727893,mmwstudy,"2026-09-26 07:43:03",2186.3,2,mmwstudy
869,16786108,Pakhan873,"2026-09-27 00:01:19",2186.0,2,paveldidin
870,16749272,giraffeneck,"2026-09-26 14:59:07",2185.8,2,yamajin
871,16701051,"Komi ShouKo","2026-09-26 11:48:19",2184.7,2,asdwswdxd
872,16735066,"Saber #2","2026-09-26 16:21:03",2184.3,2,yzheng21
873,16889224,"Ishan Karnick","2026-09-27 01:42:11",2184.1,2,"ishankarnick,trinitynusca31"
874,16737944,ToastUz,"2026-09-24 22:18:59",2184.0,2,tatsuzoosawa
875,16785321,HaoChi,"2026-09-27 00:42:20",2183.8,2,"lishi321,moxi21"
876,16780097,"wei chang","2026-09-26 11:06:46",2183.8,2,wayne0404
877,16942314,"Seva Gusev","2026-09-26 10:41:20",2183.4,2,seva1232
878,16785523,Doranap,"2026-09-25 04:27:55",2183.1,2,doranap
879,16696593,bplyc15,"2026-09-26 15:04:45",2182.8,2,bplyc15
880,16653260,"Kadouci Abdelhak","2026-09-26 11:10:55",2182.7,2,kadouciabdelhak
881,16826465,linmumu009,"2026-09-24 07:11:11",2182.5,2,"linmumu009,renjunxiang"
882,16668610,Sian,"2026-09-26 10:57:18",2182.2,2,arki13
883,16658909,"evolve faster!","2026-09-26 20:37:21",2181.9,2,junesdata
884,16875986,"k hori ","2026-09-27 04:20:45",2181.8,2,khori7
885,16858464,Taisei_Tsuneki,"2026-09-27 07:03:36",2180.6,2,"ryoyaotsuki,taiseitsuneki"
886,16755328,"yang zhang","2026-09-27 06:02:53",2178.9,2,zhang1221ai
887,16670537,Silhouette,"2026-09-27 06:08:04",2178.5,2,jamessargsyan
888,16697898,"Yin Li","2026-09-25 13:31:13",2178.1,2,kevin250304
889,16713457,"Poor farmer","2026-09-24 09:05:27",2177.6,2,trnhip
890,16711752,"Atakan Aldemir","2026-09-26 06:20:20",2177.4,2,atakanaldemir
891,16793461,"Muhammad Hokimiyon","2026-09-26 23:24:00",2176.7,2,muhammadhokimiyon
892,16793474,"Liu Classmate","2026-09-27 01:28:45",2175.8,2,"lilya98,liuclassmate,yuxuanzhao1203"
893,16743033,Nagahama,"2026-09-25 15:07:10",2175.8,2,kazukinagahama
894,16624571,"Baidalin Adilzhan [dsml.kz]","2026-09-27 05:31:07",2175.6,2,"baidalinadilzhan,qasminumber,zelza0"
895,16831965,"Ray Roberts","2026-09-24 01:04:13",2174.6,2,rayroberts
896,16709712,iwa_hueai,"2026-09-27 02:11:09",2173.9,2,"sdcarson,yetanothercoder"
897,16875659,あかつき,"2026-09-27 05:13:04",2173.1,2,akatuki25
898,16853054,saberzky,"2026-09-26 11:53:44",2172.6,2,saberzky
899,16837554,Quickpanda,"2026-09-26 19:40:14",2172.6,2,quickpanda
900,16746317,xingyun_byto,"2026-09-25 03:58:21",2172.3,2,xingyunbyto
901,16760158,"apple farmer","2026-09-26 12:28:30",2172.3,2,gustavoknudsen
902,16793600,mogura2.0,"2026-09-26 17:06:49",2172.0,2,mogura20
903,16803658,"Timmy ""Kermit"" Turner's Team","2026-09-26 21:41:38",2171.5,1,"timsurreal,zombiespecz"
904,16700767,tkpmnlms,"2026-09-27 03:17:51",2171.4,2,"emorgunov,mikhailkachalin,roniuhle"
905,16805704,ShuHaya,"2026-09-25 10:19:35",2171.3,2,yfqqq088
906,16688732,"sAIzeria Harness","2026-09-27 03:41:56",2171.2,2,"gnux1408,tanakaai24"
907,16843082,"Mohmed Hafez","2026-09-27 05:25:00",2170.6,2,mohmedatya
908,16926111,"Somya Patra","2026-09-26 15:29:11",2169.1,2,somyapatra
909,16632423,goh,"2026-09-27 00:23:56",2166.6,2,bungohatayama
910,16663632,Seho.Connect,"2026-09-26 21:40:39",2166.0,2,sehoconnect
911,16690923,"Maqsoud Tawaliou","2026-09-27 04:45:03",2164.6,2,maqsoudtawaliou
912,16749435,SGY2512,"2026-09-26 21:32:32",2164.4,2,sgy2512
913,16684250,"Alexander Sokolov","2026-09-27 06:57:58",2164.1,2,cheeec0
914,16732445,ГИМНАЗИЯ14ЙОШКАРОЛА,"2026-09-27 00:53:14",2163.0,2,"domager72,fylgde,kolyaflexcu"
915,16635744,XDang13,"2026-09-24 16:52:57",2162.9,2,xdang13
916,16792568,李秉叡（ntumlnoob）,"2026-09-26 10:58:39",2162.6,2,ntumlnoob
917,16919866,"Harvey Zhang","2026-09-24 16:07:56",2162.3,2,harveyel
918,16642128,"MAC SAHO","2026-09-27 02:36:33",2162.2,2,macsaho
919,16730344,lvisdd,"2026-09-27 04:15:04",2162.1,2,lvisdd
920,16656399,CROW,"2026-09-25 14:42:57",2161.7,2,"aaayangxh,hanifnoerrofiq"
921,16623371,MoZayed,"2026-09-26 01:54:11",2161.6,2,mohamedzayedahmed
922,16627600,"NiA Farms","2026-09-27 06:20:21",2161.4,2,"adriaft,natliablascoandreo"
923,16930535,wind,"2026-09-27 07:22:18",2161.4,2,"sfkmzy,windbyluck"
924,16668227,Yusuraume,"2026-09-27 05:06:49",2161.1,2,sugitatomohiko
925,16804022,monsaraida,"2026-09-27 03:01:34",2160.7,2,monsaraida
926,16847543,"Sankalp Wanjari","2026-09-26 22:18:04",2160.5,2,sankalpwanjari25
927,16944851,Asuka0131_LFG,"2026-09-27 04:08:40",2160.0,2,whisperss
928,16743858,kawauso9n,"2026-09-27 05:45:27",2159.6,2,kawauso9n
929,16694138,Alex,"2026-09-24 17:32:04",2159.1,2,alex789
930,16655826,KKY,"2026-09-27 00:28:20",2158.9,2,evilpsycho42
931,16679214,alban,"2026-09-27 01:11:57",2158.5,2,albantiacoh
932,16911681,nena,"2026-09-25 06:42:53",2157.0,2,nena0undefined
933,16671088,jasonstillchasin,"2026-09-27 00:31:25",2156.7,2,jasonstillchasin
934,16865564,Manat,"2026-09-27 05:38:57",2156.6,2,manatoshoji03
935,16631460,Kosuke.T,"2026-09-25 09:40:42",2156.4,2,kosuke1992
936,16792109,rogerrogerroger3r,"2026-09-26 11:59:35",2156.2,2,rogerrogerroger3r
937,16885832,"Soshi Uejima","2026-09-24 14:09:29",2155.5,2,assdafa1223
938,16789950,"Zachary Zhang","2026-09-26 07:11:17",2155.1,2,zacharyzhang16
939,16759632,"Rifqi Haikal","2026-09-24 15:12:11",2154.8,2,rifqihaikal
940,16884858,HojunLee,"2026-09-27 06:26:13",2154.4,2,hojuna
941,16632715,cmasch,"2026-09-26 18:01:08",2154.3,2,cmasch
942,16778640,Kilupy,"2026-09-25 20:34:27",2154.0,2,kilupy
943,16911212,zby_4240,"2026-09-24 12:45:39",2153.7,2,"panhiuting,zby4240"
944,16728262,wakawakayu,"2026-09-26 13:55:58",2152.4,2,wakawakayu
945,16624893,"GURU Prasaatha S","2026-09-27 03:47:19",2152.1,2,guruprasaathas111
946,16623390,KodamaSec,"2026-09-25 14:06:20",2151.0,2,dfhgfdghfdhg
947,16714057,"T0m0t0m0 W","2026-09-26 15:00:50",2150.6,2,t0m0t0m0w
948,16891115,tkm7510,"2026-09-26 02:22:37",2150.4,2,tkm7510
949,16803448,jiatu.l,"2026-09-26 03:14:31",2149.9,2,jiatul
950,16654585,"David Pedersen","2026-09-27 04:31:58",2149.7,2,semalytics
951,16880393,flower_s,"2026-09-26 00:45:26",2149.3,2,flower244140625
952,16634149,"Hozuma ITOBAYASHI","2026-09-26 14:51:22",2149.2,2,hozumaitobayashi
953,16933836,arumajiro,"2026-09-27 07:38:08",2149.0,2,excellentarumajiro
954,16759578,Randy,"2026-09-25 23:21:32",2148.7,2,rvndyerwin
955,16936827,"Weixuan Liu","2026-09-27 03:30:22",2147.4,2,flyfish666
956,16865168,"Maksym Bilychenko","2026-09-25 20:38:06",2147.0,2,mbilichenko
957,16748462,"Jiwon Lee","2026-09-26 14:16:45",2146.8,2,jibong7600
958,16667872,"Pralay Ghosh","2026-09-27 02:39:28",2146.5,2,pralayghosh83
959,16926032,robikscube,"2026-09-26 14:31:47",2146.1,2,ujjwalnewd
960,16907326,"julien gaza","2026-09-27 03:53:07",2145.8,2,juliengaza
961,16948745,"Nero Nrx","2026-09-25 15:38:06",2145.5,2,neronrx
962,16662051,"Salem Ali","2026-09-27 07:23:29",2145.5,2,salemali7
963,16673109,"Surya Bhattiprol","2026-09-27 03:56:10",2145.4,2,suryabhattiprol01
964,16663963,M0h4m3d-Byte,"2026-09-26 11:22:12",2145.1,2,dev3mohamed
965,16757809,dasfds,"2026-09-27 05:59:38",2144.9,2,dasfds
966,16879027,XMHHHH,"2026-09-25 12:36:50",2144.9,2,jkkhhoo
967,16813899,blueshine,"2026-09-27 03:22:38",2143.7,2,minagawateru
968,16740644,Terence0914,"2026-09-26 23:54:21",2143.5,2,terence0914
969,16749034,digitalChaos,"2026-09-26 12:02:01",2142.6,2,digitalchaos666
970,16655582,"Yang Jinneng","2026-09-27 07:28:44",2142.2,2,adurey
971,16628951,"Hiro Nomo","2026-09-25 07:31:45",2142.0,2,morinokuma3
972,16719884,ykhnkf,"2026-09-24 22:36:04",2141.7,2,ykhnkf
973,16670371,rkd,"2026-09-27 04:24:15",2141.6,2,ryookd
974,16631215,私立ホルスタイン学園,"2026-09-27 01:00:42",2141.6,2,hiranorm
975,16755650,"kazuki morikawa","2026-09-27 04:06:59",2141.4,2,kazukimorikawa
976,16693549,別班,"2026-09-26 23:30:24",2140.5,2,"kusurizuke,pepushi,tomokiaki"
977,16763706,断罪の孤高の神・大宇宙草莓覇皇,"2026-09-26 21:02:20",2140.5,2,"lordofichigo,qilejiang76"
978,16671376,Lebxgue.,"2026-09-25 16:19:01",2140.0,2,yukieja
979,16894110,寒月千逸,"2026-09-25 12:45:32",2139.7,2,"hanyueqianyi,leeyang1,sakurahg"
980,16881928,"Saad Khan","2026-09-24 18:56:07",2139.4,2,saadlohani
981,16668789,qaq7864,"2026-09-25 06:23:51",2138.9,2,qaq7864
982,16843838,"Alapati Ramakrishna","2026-09-26 15:37:58",2137.9,2,alapatiramakrishna
983,16630331,"Mohamed El-Nageeb","2026-09-26 23:17:06",2137.9,2,thelastsmilodon
984,16659920,vkhydras,"2026-09-26 12:12:02",2137.4,2,vickimar
985,16947057,jfhjfgjhfj,"2026-09-25 07:29:39",2137.1,2,jigsawpuzzle
986,16624484,"Tomoki Hirose","2026-09-24 15:50:38",2137.0,2,tomokihirose
987,16730334,"Have a nice trip in USST","2026-09-25 18:15:16",2136.6,2,"eugeneyeung,grace7523,sztszt0726,tuskig,wzh20050212"
988,16636079,"Pawan Rama Mali","2026-09-26 23:20:29",2136.1,2,pawanmali
989,16644643,today,"2026-09-25 04:07:32",2135.9,2,today55
990,16802322,HongchenDai,"2026-09-24 16:47:42",2135.8,2,hongchendai
991,16660313,Ctrl+Code,"2026-09-25 09:52:41",2135.8,2,"jayashankar369085,parnikasm"
992,16657091,raw2clean,"2026-09-26 06:44:49",2135.5,2,raw2clean
993,16759250,"Harsh Jain","2026-09-24 18:39:23",2134.9,2,harshjain123
994,16662176,"jorge fabian avila","2026-09-24 17:35:51",2134.0,2,jorgefabianavila
995,16742439,"Shangshang Zhang","2026-09-27 02:32:57",2134.0,2,msvzss
996,16789946,"Oriol Pi Morell","2026-09-27 07:17:29",2133.5,2,oriolpi
997,16717289,JackChenghao,"2026-09-26 07:15:04",2133.1,2,jackchenghao
998,16729280,"Ryoya Tsuruoka","2026-09-27 00:22:37",2133.1,2,"irohasorange,mrooto,rahaia"
999,16641230,"An V1","2026-09-27 04:26:57",2133.0,2,barakuga
1000,16738492,"Follow Me Gradient","2026-09-24 11:15:05",2133.0,2,farukece
1001,16811799,"Yuanchen Huang","2026-09-26 14:19:55",2132.9,2,geokocha
1002,16660255,"Revanth Tambisetty","2026-09-26 21:06:01",2132.4,2,revanthtambisetty
1003,16659295,snaykey,"2026-09-25 12:20:59",2131.8,2,snaykey
1004,16736670,"Mark Astrid","2026-09-24 18:53:08",2131.6,2,markastrid
1005,16679098,"KIRTAN RUPESHBHAI BHOJANI","2026-09-24 06:02:25",2131.5,2,kitran17
1006,16895106,linchuhan,"2026-09-26 06:00:29",2130.9,2,linchuhan
1007,16673870,"Yuxiao Wang","2026-09-26 06:40:05",2130.7,2,yuxiaowangx
1008,16948694,"Bob Jeff","2026-09-27 04:55:57",2130.7,2,bobrg123
1009,16927555,yaya__k,"2026-09-24 09:27:12",2130.5,2,yaya88k
1010,16794630,"Yuchuan Ding","2026-09-25 13:39:31",2129.3,2,yuchuanding
1011,16861362,我小栗帽要娶藤正进行曲！！！💍,"2026-09-27 05:22:48",2129.3,2,"praveensahukari,rubiakaslana"
1012,16626191,"kevin park","2026-09-25 12:19:27",2129.2,2,k3v1npark
1013,16749079,mraz1006,"2026-09-26 15:40:58",2128.8,2,mraz1006
1014,16918411,"Gautier Marti","2026-09-24 11:39:32",2128.6,2,gautiermarti
1015,16673336,honjousetuna,"2026-09-26 08:45:55",2128.3,2,honjousetuna
1016,16808396,Dr_F,"2026-09-24 14:04:10",2128.2,2,algebraictopology
1017,16667080,King-damon,"2026-09-27 04:20:03",2127.8,2,kingdamon
1018,16890988,"Aleksandrov Andrey Alekseevich","2026-09-26 12:06:19",2127.7,2,abbeleve
1019,16889597," Master Bob111","2026-09-26 09:26:05",2127.4,2,masterbob111
1020,16668215,renta.k,"2026-09-24 17:12:13",2127.2,2,renta0426
1021,16817518,Dresden,"2026-09-25 02:29:39",2127.1,2,dresdeng
1022,16946853,"BAHUMANYA R G","2026-09-25 11:58:12",2126.9,2,bahumanyarg
1023,16633173,"Saulo Quiñones Góngora","2026-09-27 03:25:31",2126.8,2,sauloquionesgngora
1024,16722705,我的AI是豆包,"2026-09-25 13:52:54",2126.6,2,"carrotliang,haoxuanjng,kaoqiangzhang,rainhuang0220"
1025,16762101,"Kazama Yusuke","2026-09-27 00:19:39",2126.4,2,kazamayusuke
1026,16639971,"qi yun","2026-09-27 05:13:18",2126.2,2,qiyun280
1027,16769967,"Bill Fan","2026-09-25 01:44:56",2126.1,2,billfan88
1028,16739925,nofreewill42,"2026-09-25 12:50:46",2126.0,2,nofreewill
1029,16689430,"Terry Luo","2026-09-24 16:19:47",2125.6,2,eimhluo1764
1030,16730015,suzu10,"2026-09-27 05:04:56",2125.2,2,suzu10
1031,16876869,MAGGR,"2026-09-24 17:47:21",2125.1,2,manojmandal
1032,16791924,magu1234,"2026-09-25 05:08:48",2124.9,2,magu1234
1033,16657877,zigiella,"2026-09-26 05:22:00",2124.7,2,zigiella
1034,16763829,"Shane Thivaharraja","2026-09-27 06:35:37",2124.7,2,shanethivaharraja
1035,16693215,"Izzoudine Mohamed KANTA","2026-09-27 05:35:26",2124.5,2,izzoudeenkanta
1036,16622032,"Raunak Dey","2026-09-24 14:30:55",2124.3,2,raunakdey07
1037,16727103,sword3522,"2026-09-26 17:12:52",2124.3,2,"qinyanqiu,sword3522"
1038,16630752,motemen,"2026-09-27 05:26:17",2124.1,2,motemen
1039,16640067,"minghao mei","2026-09-25 04:03:05",2124.0,2,minghaomei
1040,16663213,"Takahiro Someya","2026-09-26 04:50:33",2123.7,2,takahirosomeya
1041,16665402,PrasadChopade213,"2026-09-24 08:50:47",2123.1,2,prasadchopade213
1042,16848060,juliencst,"2026-09-26 15:11:13",2123.0,2,juliencst
1043,16708315,beeyan,"2026-09-24 23:55:17",2122.9,2,beeyan0821
1044,16904867,wahaka,"2026-09-25 07:15:12",2122.9,2,wahaka
1045,16884121,Radiant,"2026-09-26 16:33:31",2122.7,2,"dnpkkk,xxxxxx6x,y4matt"
1046,16942000,tyson,"2026-09-25 17:24:15",2122.6,2,tysonwashere
1047,16706897,"Akshay Mathur","2026-09-24 12:52:47",2122.1,2,akshaymathur777
1048,16644578,"Team Name","2026-09-27 02:24:33",2121.6,2,baytree1238
1049,16760523,"Joseph Ayanda","2026-09-26 23:41:36",2121.0,2,josephayanda
1050,16661708,"Stanley Honkpehedji","2026-09-26 18:28:10",2120.9,2,stanleyhonkpehedji
1051,16891008,"Golubev Alexander","2026-09-25 12:34:28",2120.4,2,"golubevalexander,nikitadgolubev"
1052,16807108,dongdongunique2,"2026-09-25 20:07:27",2119.6,2,yinzhaoren
1053,16627888,atl132,"2026-09-27 00:51:27",2119.5,2,atl132
1054,16651695,"Fried Chicken Lovers","2026-09-27 06:35:50",2119.4,2,"gwey1025,koushikrudra,kragglenote2forwork"
1055,16729413,KharinTymofii,"2026-09-24 15:54:07",2119.3,2,kharintymofii
1056,16735252,LagrangianLocomotive,"2026-09-24 20:22:02",2119.0,2,lagrangianlocomotive
1057,16724847,辽大之光,"2026-09-27 07:19:56",2118.5,2,guangchenlu
1058,16638557,"Araik Tamazian","2026-09-25 06:41:49",2118.4,2,atamazian
1059,16823626,Korokke3,"2026-09-26 21:24:03",2118.3,2,korokke3
1060,16728492,ほのぼの牧場,"2026-09-27 05:28:35",2118.2,2,masatoshitaniguchi
1061,16942573,Almaz,"2026-09-24 14:50:22",2117.8,2,almazsakhapov
1062,16730810,mgoto51004,"2026-09-27 01:24:10",2117.5,2,mgoto51004
1063,16855857,tchufers,"2026-09-25 19:41:27",2117.3,2,viniciusraupp
1064,16758905,"Iwa Iwa","2026-09-26 16:16:27",2117.0,2,iwaiwa
1065,16781166,Ant,"2026-09-26 14:21:47",2116.9,2,anthonytrevino
1066,16634179,daoviet,"2026-09-27 02:42:27",2116.1,2,daoviet
1067,16717901,"Ahmed Hazem Abdeltawab","2026-09-25 21:38:57",2116.0,2,ahmedhazem23
1068,16655128,"Somasundar V","2026-09-24 21:04:44",2115.9,2,somasundarv
1069,16732690,なーでぃー牧場,"2026-09-27 05:00:09",2115.3,2,nadyresearcher
1070,16766640,watana,"2026-09-24 13:39:25",2115.3,2,yukiwat
1071,16763669,cm391,"2026-09-24 22:20:58",2115.0,2,mccocoful
1072,16631967,vecxoz,"2026-09-24 17:42:44",2114.9,2,vecxoz
1073,16851133,"Bryan Pauze","2026-09-25 00:01:14",2114.8,2,bryanpauze
1074,16675866,DanilChil,"2026-09-25 14:06:52",2114.4,2,danilchil
1075,16641372,ShoaibSSM,"2026-09-24 17:10:08",2114.4,2,"naveenlx111249971939,shoaibssm"
1076,16676455,"Sarthak Sharma ","2026-09-27 06:06:46",2113.5,2,sarthaksharma14
1077,16674102,没落者,"2026-09-27 04:04:28",2113.3,2,needless090
1078,16861768,koala_bear,"2026-09-26 18:02:12",2113.1,2,jpkoalabear
1079,16889296,"Takauchi Suguru","2026-09-26 01:06:02",2112.8,2,gurusut
1080,16880648,"Akash Pattani","2026-09-26 13:03:10",2112.6,2,akashpattani
1081,16942378,"Cheese Burgers","2026-09-25 03:46:35",2112.3,2,"gaippi,mrkoolguy"
1082,16922094,Shiv28,"2026-09-26 03:38:57",2111.8,2,shiv28
1083,16774475,LoveB4Sunrise,"2026-09-26 16:07:05",2111.6,2,demacia1314
1084,16632294,"Rajan Nagarajan","2026-09-25 16:30:03",2110.8,2,narajan
1085,16758381,"Yang Kuang Ou","2026-09-25 09:23:02",2110.7,2,yangkuangou
1086,16663247,Ak,"2026-09-25 10:44:10",2110.6,2,abisheksrivastav
1087,16624969,tf,"2026-09-26 07:02:33",2110.2,2,tfukuhara
1088,16693227,"Aniket Sharma","2026-09-24 09:31:04",2109.7,2,aniketsharma00411
1089,16632097,PavelLiashkov,"2026-09-26 18:15:25",2108.3,2,bigbag1983
1090,16730720,broccoli,"2026-09-24 16:46:18",2108.1,2,norihori0917
1091,16644565,Suda,"2026-09-27 05:21:56",2105.5,2,"chaneyma,deryawang"
1092,16867120,"DaoHe Liu","2026-09-27 02:16:29",2105.2,2,daoheliu
1093,16745138,yok,"2026-09-26 17:44:10",2104.8,2,yokoinaba
1094,16642570,"Mathurin Ache","2026-09-24 18:42:07",2104.7,2,mathurinache
1095,16872203,"Mikael Kerimov","2026-09-25 07:13:18",2104.2,2,"mikaelkerimov,mperminiov"
1096,16685358,"Nuno Ferreira","2026-09-25 06:13:15",2104.0,2,ngcferreira
1097,16842242,"Scott Kirila","2026-09-27 04:02:23",2104.0,2,scottkirila
1098,16738759,YJR,"2026-09-26 02:21:04",2103.2,2,misakamikoto66
1099,16843042,"Frost Cerberus","2026-09-25 05:55:10",2102.6,2,frostcerberus
1100,16623875,"Pavlo Ivanin","2026-09-25 06:21:37",2102.2,2,pavloivanin
1101,16657547,"Pranav Thota","2026-09-27 04:07:50",2102.1,2,pranavthota
1102,16719733,CleoCantCompete,"2026-09-25 05:52:04",2101.9,2,cleocantcompete
1103,16931907,"Nokubonga Ngema","2026-09-22 20:13:20",2101.7,2,nokubongangema
1104,16930633,micro,"2026-09-25 19:10:09",2101.6,2,brucewu1200
1105,16793396,...,"2026-09-26 05:02:45",2101.2,2,shackles6966
1106,16623381,cocoaAI,"2026-09-26 20:53:26",2101.0,2,cocoaai
1107,16658962,"Fabian Friedland","2026-09-27 04:05:47",2101.0,2,fabotelli
1108,16762769,"Jacques Buis","2026-09-26 21:41:26",2100.8,2,jacquesbuis
1109,16651331,"Mohamed Saeed","2026-09-24 17:00:06",2100.7,2,m0sm71
1110,16823319,eviltsundera,"2026-09-26 18:08:04",2100.2,2,eviltsundera
1111,16858303,马嘉蛋爱玩跳棋,"2026-09-22 05:52:02",2099.7,2,"jamalzzj,jlw123456"
1112,16641524,AkiraIshikawa,"2026-09-26 09:06:36",2099.4,2,akiraishikawa
1113,16741819,"Paritosh Kumar Tripathi","2026-09-26 16:26:45",2099.2,2,paritoshtripathi5
1114,16827571,"BNBU Astra","2026-09-27 02:59:44",2099.1,2,"andycooper747,austindengkaggle,BNBUDINGSHANLee21,yuxiang328"
1115,16659412,yesterdays_rebel,"2026-09-26 11:14:06",2098.3,2,irfanparaniya
1116,16755414,Danzzzl,"2026-09-26 18:53:14",2098.1,2,okunevda
1117,16674312,yuxuan,"2026-09-25 03:04:25",2098.1,2,yuxuan1221
1118,16659328,"Muhammed Ashiq Abdul Khader","2026-09-25 15:00:27",2097.8,2,ashiqabdulkhader
1119,16899200,MauoXX,"2026-09-26 14:31:48",2097.3,2,mclster
1120,16799235,K.Piro,"2026-09-27 00:50:50",2097.2,2,agares02
1121,16698206,"Bark at the Barnyard","2026-09-26 03:16:42",2097.1,2,mming0430
1122,16732666,"Stefano Blando","2026-09-26 20:46:45",2096.1,2,stefanoblando
1123,16727998,hidsaito,"2026-09-27 02:47:00",2096.0,2,hidsaito
1124,16664096,"Charles Coonce","2026-09-26 22:12:40",2095.8,2,charlescoonce
1125,16838370,aqua,"2026-09-26 10:59:36",2095.0,2,aquaaqua11
1126,16887476,"Memory Engineer","2026-09-26 04:25:47",2094.9,2,salazarslytherin
1127,16671361,"Hangyu Yu","2026-09-27 04:56:19",2094.9,2,"cqupthangyuyu,leoethan,wxgisspider"
1128,16738700,"Bugra Cinar","2026-09-25 15:38:42",2094.7,2,bugracnr
1129,16846525,Dwaslaop,"2026-09-27 06:35:42",2094.4,2,"dwaslaop,haorunjia"
1130,16779304,"Ari Nakos","2026-09-24 19:17:07",2094.3,2,aristides
1131,16815841,"Sunshine through fog","2026-09-26 14:50:55",2094.0,2,sunshinethroughfog
1132,16624919,"Juste Me (●'◡'●)","2026-09-24 18:18:30",2093.8,2,degnonguidi
1133,16775686,"Max Podd","2026-09-26 06:35:41",2093.4,2,maxpodd
1134,16730688,zy,"2026-09-26 17:59:04",2093.2,2,justforwin
1135,16931354,snappi,"2026-09-26 00:33:20",2092.7,2,snappi
1136,16621671,Chellick,"2026-09-26 08:47:01",2092.6,2,matweyisupov
1137,16786102,"Anay Garodia","2026-09-24 03:58:21",2092.3,2,anaygarodia
1138,16654841,"ABHIRUP DAS","2026-09-24 18:17:06",2092.2,2,abhirupdas10
1139,16778744,"Shunsuke Hayashi","2026-09-26 14:43:36",2092.0,2,shunsukehayashi1993
1140,16719758,pangzi233,"2026-09-27 05:27:53",2091.7,2,pangzi233
1141,16672136,chupaletas,"2026-09-25 03:46:19",2091.4,2,urvesh
1142,16863974,suteno,"2026-09-26 10:28:04",2090.9,2,sutekikano
1143,16823467,"Riki Uchida","2026-09-27 06:56:00",2090.6,2,rikiuchida
1144,16634128,ZechHuang,"2026-09-26 14:36:25",2090.1,2,zechhuang
1145,16921557,"Terry Duan","2026-09-24 21:21:44",2090.0,2,xueyueicu
1146,16637099,tobhull,"2026-09-26 05:42:45",2089.4,2,tobhull
1147,16702547,Dean0016,"2026-09-27 06:42:23",2089.1,2,"ddcchh,dean0016,zureaaa"
1148,16663387,Ju,"2026-09-26 16:47:47",2088.3,2,juziddd
1149,16934931,erica,"2026-09-24 22:35:11",2088.1,2,duanyong049
1150,16731971,s_a_ai_engineer,"2026-09-27 07:08:35",2087.4,2,saaienginner
1151,16868759,Pand,"2026-09-26 10:11:02",2087.3,2,pand999
1152,16684128,NIklitaCheporev,"2026-09-24 15:51:38",2087.1,2,niklitacheporev
1153,16624040,kumk,"2026-09-26 13:15:14",2087.0,2,kknagoya
1154,16828705,"liama liama","2026-09-26 21:08:22",2086.8,2,liamaliama
1155,16778835,kiyoc,"2026-09-25 10:58:11",2086.2,2,kiyoshiohno
1156,16937607,wuyan-nox,"2026-09-27 01:07:50",2086.2,2,wuyannox
1157,16623520,asteriam,"2026-09-27 00:13:49",2086.1,2,masatakashiwagi
1158,16693557,"Ifeoluwa Adewumi","2026-09-25 09:48:37",2085.3,2,ifeadewumi
1159,16870342,"CHEN Xiang","2026-09-27 02:54:12",2085.2,2,intoxicatinglips
1160,16844148,Ethereal49,"2026-09-26 07:49:26",2085.1,2,ethereal49
1161,16699947,HKmgikao,"2026-09-24 19:03:41",2084.6,2,hitoshikmgai
1162,16661994,"Suvrat Rai","2026-09-26 06:47:52",2084.2,2,suvrat11rai
1163,16641077,lucaskna,"2026-09-25 11:11:31",2083.9,2,lucaskna
1164,16657100,"Jacky Chan","2026-09-24 23:27:04",2083.0,2,jhkchan
1165,16668071,"Ali Eren Oğuztaş","2026-09-26 22:06:16",2082.7,2,alierenouzta
1166,16659464,"Héctor Valverde","2026-09-27 00:05:40",2082.6,2,hvpareja
1167,16686918,JustinLee,"2026-09-24 20:18:16",2082.5,2,justin2061
1168,16713048,"liqin fei 2005","2026-09-27 04:29:00",2082.2,2,liqinfei2005
1169,16784725,prairieee,"2026-09-26 13:56:57",2081.9,2,"haideptry,prairieee"
1170,16775125,weimean,"2026-09-26 13:35:57",2081.9,2,gtwm98
1171,16948957,KIT0,"2026-09-26 17:24:47",2081.8,2,kit024
1172,16867370,jasonyoung,"2026-09-25 21:22:54",2081.3,2,jasonyoung66
1173,16759699,"Mason Cao","2026-09-24 04:23:48",2080.8,2,mzcao7
1174,16936749,statma,"2026-09-27 05:22:54",2080.3,2,"fractalbyte,marshjff,statma,valqeth"
1175,16734498,kazuhiro3381,"2026-09-27 06:42:03",2080.2,2,kazuhiro3381
1176,16663999,"Colton Martin","2026-09-25 00:14:19",2080.1,2,coltonmartinnn
1177,16848208,"Takuto Inoue","2026-09-27 02:41:30",2079.6,2,takutoinoue
1178,16898204,"MAHESH ISHRAN","2026-09-26 15:11:47",2079.5,2,iitm21f1003346
1179,16705431,"Thuận Đoàn Vũ","2026-09-27 01:43:44",2079.2,2,thunonv
1180,16775242,"Timothee Henry","2026-09-27 05:29:10",2079.1,2,timhenry
1181,16655423,"Roland Luethy","2026-09-26 21:17:09",2079.0,2,rluethy
1182,16945364,胜你不须第二剑,"2026-09-25 07:28:08",2078.8,2,abinyzl123
1183,16689881,"yuki #2","2026-09-26 13:18:32",2078.7,2,hosikusa
1184,16792661,итмоняяя,"2026-09-24 09:48:23",2078.5,2,"naladwepo,tickflag"
1185,16845258,Squirrel,"2026-09-27 01:43:42",2078.3,2,bunnykeeper
1186,16898090,"Zbigniew Kirchner","2026-09-26 21:00:17",2078.2,2,zbigniewkirchner
1187,16658895,kunihiro,"2026-09-25 04:45:26",2078.1,2,kunihiro
1188,16634026,"Mike Kim","2026-09-26 15:44:55",2077.4,2,mikeskim
1189,16851853,tryagain123,"2026-09-26 19:17:18",2077.1,2,lanqingsong123
1190,16731839,mamematcha,"2026-09-27 00:50:59",2077.0,2,mamematcha
1191,16730881,hank0123,"2026-09-27 05:23:28",2076.4,2,hank0123
1192,16833141,yomogii,"2026-09-27 04:09:52",2076.3,2,yomogii
1193,16804757,MAT,"2026-09-25 09:11:05",2075.7,2,mehmetanltays
1194,16740892,"yuki matsumori","2026-09-24 14:37:27",2075.7,2,yukimatsumori
1195,16926301,"Максим Бортник","2026-09-25 16:25:18",2075.6,2,maxim2512
1196,16836633,Yukino487,"2026-09-27 01:57:03",2074.9,2,"xingyulll,yukino487"
1197,16623836,awarse,"2026-09-24 16:07:45",2074.2,2,awarse
1198,16888794,NonCaffeine,"2026-09-25 11:30:06",2074.1,2,noncaffeine
1199,16790005,"Rohit Kumar Sahoo","2026-09-26 17:04:45",2073.8,2,rohit4118
1200,16736685,kentaro_kato,"2026-09-27 03:05:49",2073.0,2,kentarokato
1201,16660209,"Whyme Labs","2026-09-26 02:31:05",2072.7,2,whymelabs
1202,16942567,MatveyVarfolomeev,"2026-09-26 19:14:55",2072.6,2,matveyvarfolomeev
1203,16765807,"Win Suthar","2026-09-26 21:56:46",2072.5,2,ashwanidhukra
1204,16827224,"[HSE Lyceum ML] zaepupno","2026-09-26 09:32:33",2072.4,2,daniilgoryushin
1205,16664577,a14iiiii,"2026-09-26 02:55:58",2072.3,2,a14iiiii
1206,16698308,"Gemini IS ALL YOU NEED","2026-09-25 08:36:45",2071.7,2,"jacqueszhelinzhang,yuan800"
1207,16698136,"David Estevez","2026-09-26 15:00:04",2071.3,2,destbreso
1208,16687363,"elegantangel (628700)","2026-09-26 08:56:15",2071.1,2,elegantangel
1209,16654707,ManasviSharma,"2026-09-25 11:03:40",2070.1,2,manasvi821
1210,16804768,Chaos,"2026-09-27 06:54:52",2070.1,2,hcfighting
1211,16918941,"E-Max AI","2026-09-26 16:47:25",2069.4,2,royalacecat
1212,16865335,"Hire me! 🤗 [Viktor Cikojevic]","2026-09-20 13:38:52",2069.4,2,viktorcikojevic
1213,16632172,Ayodeji,"2026-09-26 10:41:44",2069.0,2,ayodejiibrahimlateef
1214,16882868,"Yash Mohan","2026-09-26 01:23:33",2068.6,2,yashm917
1215,16677149,"Umataro Tenma","2026-09-27 03:51:51",2068.3,2,umatarotenma
1216,16849801,tq1d,"2026-09-26 11:31:21",2068.1,2,haya03010
1217,16692845,"Yassine Ben Zekri","2026-09-24 21:18:48",2066.8,2,yassinebenzekri
1218,16671412,Xman,"2026-09-26 04:35:23",2066.3,2,xuanzhang001
1219,16920069,"arar tawil","2026-09-21 20:07:38",2065.7,2,araraltawil
1220,16862044,"Toshiki Narushima","2026-09-27 05:22:33",2065.6,2,toshikinarushima
1221,16847706,takumina,"2026-09-26 10:19:02",2065.5,2,takuminakamatsu
1222,16632201,neurlog,"2026-09-25 20:42:08",2064.9,2,neurlog
1223,16790585,wzyxp_123,"2026-09-27 02:41:23",2064.3,2,cloudssdut
1224,16634952,"Igor Zharov","2026-09-26 15:10:47",2064.0,2,flexonafft
1225,16679812,"Xiang Li","2026-09-26 18:20:37",2064.0,2,xianglipee
1226,16810408,"Bohdan Boklah","2026-09-26 09:58:23",2063.2,2,bohdanbb2000
1227,16893006,"Duvor Richard","2026-09-25 14:43:58",2062.8,2,duvorrichard
1228,16769116,qiuqiu,"2026-09-26 03:48:07",2062.0,2,qiuqiuh
1229,16643319,Jules,"2026-09-26 18:27:18",2061.9,2,julesvanligtenberg
1230,16844233,y3uanm,"2026-09-27 03:45:48",2061.8,2,"delta47x,lunpaixo,y3uanm"
1231,16635406,ykuroka,"2026-09-26 22:35:41",2061.4,2,ykuroka
1232,16939044,pioneerqaz,"2026-09-25 16:26:40",2061.3,2,pioneerqaz
1233,16777767,"Miyanogawa Yuya","2026-09-27 03:49:10",2061.2,2,veritalogos
1234,16685982,Snorf,"2026-09-26 14:37:56",2060.7,2,snorfyang
1235,16763505,"Sai Reddy Pothireddy","2026-09-27 06:25:32",2060.5,2,saireddypothireddy
1236,16891718,"Me & myself","2026-09-25 07:51:23",2059.7,2,fannasankh
1237,16691512,"Hongxin Su","2026-09-27 06:37:27",2059.3,2,hongxinsu
1238,16807411,tamura_aicon,"2026-09-23 00:03:54",2058.4,2,hayatetaf
1239,16655688,"Ryan Shan","2026-09-25 22:27:11",2058.3,2,codegold
1240,16655478,Bruce,"2026-09-25 05:32:56",2058.0,2,bruceqdu
1241,16697229,"Masashi Nishimoto","2026-09-26 20:35:10",2057.8,2,masashinishimoto
1242,16945301,QQQXXX123,"2026-09-26 11:47:02",2057.6,2,qqqxxx123
1243,16687649,track,"2026-09-26 20:46:20",2057.1,2,"a2nt1as2n,ahmedberatozer,omerlleez"
1244,16802867,matcha110,"2026-09-26 14:11:55",2056.9,2,matcha110
1245,16668761,"Lorenzo Regalado","2026-09-26 15:58:52",2056.7,2,lregaladohdez
1246,16625060,"Subin An","2026-09-25 13:21:55",2056.4,2,subinium
1247,16800076,xinwang,"2026-09-26 14:30:12",2056.3,2,xxxtetantion
1248,16852141,"Zhou Hengyu","2026-09-26 07:13:02",2056.0,2,zhouhengyuu
1249,16792410,"Taewoong Kim","2026-09-27 03:09:19",2055.0,2,aleaiest
1250,16623897,satoooh,"2026-09-27 04:22:13",2054.8,2,satoooh
1251,16806862,JudyWatermelon,"2026-09-24 23:56:16",2054.4,2,judywatermelon
1252,16623530,khursani,"2026-09-26 02:43:48",2054.4,2,khursani8
1253,16723096,Shabuuu,"2026-09-25 13:55:51",2054.0,2,shabuuu
1254,16814409,YuyaSuzuki,"2026-09-26 00:25:55",2053.7,2,yututapp
1255,16624339,"Дворкин Евгений Владимирович","2026-09-26 11:12:33",2053.5,2,evgendvorkin
1256,16663668,"Tahsin Arafat","2026-09-26 10:41:50",2053.2,2,tahsinarafat
1257,16665233,"Akash Deep","2026-09-26 10:48:42",2053.1,2,akashdeepo
1258,16623533,xthixsl_ml,"2026-09-26 09:10:27",2053.1,2,xthistle999
1259,16701685,shawloong,"2026-09-25 01:14:31",2052.8,2,shawloong
1260,16633507,"Happy Farm","2026-09-27 06:32:39",2052.8,2,"alexesn,c0ldzy,ivanvorfolomeev,semyonepanov"
1261,16675873,"Zhu Liang","2026-09-27 05:14:15",2052.4,2,paradite
1262,16806328,"The Fly🪰","2026-09-25 11:44:13",2051.7,2,takamichitoda
1263,16865317,"sunil kumar","2026-09-26 05:08:12",2050.8,2,sunil123kumar
1264,16924480,Manasa.ai,"2026-09-25 03:06:50",2050.8,2,manasaai
1265,16668152,ksew364,"2026-09-24 09:24:05",2050.7,2,ksew364
1266,16712121,"Hai Dang","2026-09-26 11:31:26",2050.2,2,haidang2405
1267,16854428,"Marwan Ashref","2026-09-26 18:25:06",2050.0,2,"abobakerabobaker,karimhamada,marwanashref"
1268,16720056,"Heads or Tails","2026-09-27 03:52:04",2049.9,2,headsortails
1269,16836787,KSKBL,"2026-09-25 13:43:46",2049.6,2,"length1001,trafalgar1234"
1270,16913081,"Danil Bashkirov","2026-09-26 16:55:59",2049.3,2,chieph
1271,16793656,王子铖,"2026-09-26 21:00:40",2048.0,2,aurantium
1272,16661050,Master_S1ave,"2026-09-26 11:31:08",2047.3,2,masters1ave
1273,16751140,onick_man,"2026-09-26 21:35:30",2047.0,2,ftakahas
1274,16921670,giyogoioが相手の農地を燃やします,"2026-09-26 05:16:38",2045.5,2,"giyogoiohlrlqll,k256net"
1275,16668532,"Nir Aberman","2026-09-25 04:13:41",2045.4,2,niraberman
1276,16682210,Boiled-Sweet-Potato,"2026-09-27 01:55:23",2045.4,2,boiledsweetpotato
1277,16663175,Anaconda,"2026-09-26 00:09:51",2045.2,2,anaconda
1278,16938244,"Yeashu Semwal","2026-09-26 20:22:42",2044.4,2,yeashusemwal
1279,16840617,RyotaroAbe,"2026-09-24 15:17:52",2044.1,2,ryotaro45123
1280,16637987,Xander,"2026-09-27 02:22:00",2043.6,2,"badboiriri,canqiang,xiuyang88"
1281,16704818,probably6767,"2026-09-27 00:31:14",2043.4,2,probably6767
1282,16845907,yt0914,"2026-09-24 04:25:15",2043.0,2,yt0914
1283,16732857,Rojiomote,"2026-09-27 06:44:39",2042.5,2,rojiomote
1284,16924283,GeHaohua,"2026-09-27 06:30:16",2042.2,2,gehaohua
1285,16735628,RB25det,"2026-09-26 08:41:28",2042.1,2,"perrodawn,rb25det,shinzotakayama,toranosukenoda"
1286,16943709,ser5kovskiy,"2026-09-26 22:38:36",2041.6,2,sergeypyatkovskiy
1287,16761652,"Dhruv #2","2026-09-26 08:05:02",2041.3,2,dhruvrama
1288,16718480,PLReddy23,"2026-09-26 17:08:47",2040.7,2,plreddy23
1289,16702754,"Запрети мне брать H100","2026-09-26 20:16:18",2039.3,2,"amocualg,borismatsakov,kirya1,vladimirlovtsov18"
1290,16693045,"Huseyin Battal","2026-09-25 00:07:14",2039.2,2,huseyinbattal
1291,16716317,yzyhello,"2026-09-27 03:54:24",2038.2,2,"dalll77,yzyhello"
1292,16949185,"Akil Al-Sharafi","2026-09-26 21:21:34",2038.0,2,akilalsharafi
1293,16707915,MGöksu,"2026-09-25 19:43:47",2038.0,2,mgoksu
1294,16786517,"Kagdew Valley_HeNU","2026-09-26 21:17:49",2037.7,2,"hongtongyi,hoshiiabc,lizhe125,ypeng1234"
1295,16748765,"A. R. SEKKAT","2026-09-27 05:54:44",2037.6,2,arsekkat
1296,16665237,"Ad Space Available","2026-09-27 00:48:51",2037.3,2,"liyouran0820,rainchen0411,richardsilence,tongyuexiao"
1297,16741113,kaitle,"2026-09-26 04:58:15",2037.1,2,kaitle
1298,16662910,"shoryakumar mishra","2026-09-27 05:16:33",2036.8,2,shoryakumarmishra
1299,16644808,"Rotation Theory","2026-09-26 06:07:00",2036.7,2,mikhsank
1300,16775473,LuanHengYu,"2026-09-26 05:29:50",2036.6,2,apexml
1301,16740263,4H,"2026-09-26 05:39:38",2036.5,2,scottweeden
1302,16730761,ElephtAI,"2026-09-26 07:23:45",2035.8,2,yuchengj
1303,16848929,"Nikoo Yu","2026-09-25 18:13:05",2035.3,2,nikooyu
1304,16631640,7day-enough,"2026-09-26 19:43:38",2035.2,2,"caoyupeng,diandianzi,lingyu07,lixin73,xiaoxiaohuazong"
1305,16933848,"Lawrence Katongole","2026-09-23 12:47:55",2035.0,2,lawrencekatongole
1306,16661665,"Leonardo Viola10","2026-09-24 15:10:36",2035.0,2,leonardoviola10
1307,16731834,Kamma,"2026-09-26 23:35:48",2034.9,2,"cheliu0307,makerfly,vonlanvonlan233"
1308,16823938,InSociEUP,"2026-09-24 14:38:59",2034.9,2,santanubanerjee9
1309,16928466,"Diogenes's cask","2026-09-26 10:37:55",2034.1,2,diogenesscask
1310,16627148,"HUNGRED XYIS","2026-09-25 09:45:58",2034.1,2,"gleny48,makarrogovik,wooler1"
1311,16702975,RicardoLópez,"2026-09-26 03:50:46",2033.5,2,richi2489
1312,16810308,Congy,"2026-09-27 05:32:05",2033.1,2,congyingma
1313,16811571,"Daniel Guo","2026-09-27 04:27:07",2032.1,2,denialguo
1314,16697893,"YWehbe / ADIA Lab","2026-09-27 05:29:53",2031.6,2,youssefwehbe
1315,16675493,"Ryotaro Minato","2026-09-27 01:15:32",2029.1,2,ryotarominato
1316,16858418,"Nguyễn Công Tuấn","2026-09-27 02:50:46",2028.5,2,nctuan
1317,16758895,daphne,"2026-09-27 03:35:49",2028.5,2,daphne4sg
1318,16621625,YBEJlKA,"2026-09-25 19:52:33",2028.3,2,alexanderchesnokov
1319,16821967,"Nakul Maurya","2026-09-23 22:04:40",2027.1,2,nakulmaurya
1320,16829239,tomfng,"2026-09-26 07:16:52",2026.2,2,tomfng
1321,16934238,"Yujin Cha","2026-09-25 11:28:57",2026.2,2,ckdbwlsdlfkdn
1322,16741500,weichy7,"2026-09-26 12:27:42",2025.9,2,weichy7
1323,16795853,GaoKui,"2026-09-25 03:39:45",2025.8,2,gaokui
1324,16750268,"Harris Bashir","2026-09-25 20:52:15",2025.7,2,harrisbashir
1325,16669269,"yash bhaskar","2026-09-27 05:50:46",2025.2,2,yash9439
1326,16654196,"Aryaman Chokhani","2026-09-24 08:41:08",2024.9,2,"aryamanchokhani,pranrocky"
1327,16703045,ReCurSiON,"2026-09-27 07:14:40",2024.7,2,ashok205
1328,16761693,nhatvo,"2026-09-23 01:07:47",2024.6,2,nhatvo
1329,16903770,UYHHHHYu,"2026-09-23 13:20:49",2023.7,2,yhhhhyu
1330,16790943,"Tashfik Salehin","2026-09-26 18:28:58",2023.7,2,tashfiksalehin
1331,16758556,bpbpbpbpb,"2026-09-27 01:16:17",2023.6,2,bpbpbpbpb
1332,16699722,Dicere,"2026-09-23 09:23:48",2022.9,2,thedark735
1333,16727404,Yichi,"2026-09-24 12:15:42",2022.7,2,"liyulin666,yichi02"
1334,16656143,"Debanshu Mallick","2026-09-26 21:28:36",2022.6,2,debanshumallickiisc
1335,16710140,Lynxx,"2026-09-26 06:51:13",2022.5,2,lynnsakurai
1336,16700634,"Alperen Söylen","2026-09-27 07:27:27",2022.3,2,alperensylen
1337,16895464,WilsonPzx,"2026-09-27 05:14:02",2022.3,2,"lirongkun,wilsonpzx"
1338,16654752,Agrofitting,"2026-09-26 19:10:05",2021.9,2,"evvfebruary,vinch97"
1339,16621515,"Alexander Gremyakov","2026-09-26 00:07:01",2021.6,2,alexandergremyakov
1340,16886627,caintly,"2026-09-26 12:37:27",2020.0,2,eyesad
1341,16675684,washamba_bots,"2026-09-27 07:07:24",2019.3,2,"billygmwangi,futurecentaur,peterkibetspidey,stephanenjoki"
1342,16904984,"Andrej Angelovski","2026-09-22 17:23:18",2018.7,2,cybertiger7
1343,16630524,"Omprakash Patra","2026-09-26 23:14:34",2018.1,2,omprakashpy
1344,16809194,Ajanraj,"2026-09-23 17:48:10",2017.6,2,ajanraj25
1345,16696231,"Oleg Smirnov","2026-09-27 02:41:31",2017.3,2,smirnolegov
1346,16801171,"Asterios Terzis","2026-09-26 13:07:41",2016.9,2,asteriosterzis
1347,16925699,"YOUNG CHOW","2026-09-27 05:18:54",2016.2,2,youngchow
1348,16926473,"Illia Dolenko","2026-09-22 00:32:26",2014.7,2,illiadolenko
1349,16754567,"Ashraf 1232","2026-09-26 19:18:39",2014.2,2,ashraf1232
1350,16826561,"ANJAN B","2026-09-27 04:50:17",2012.6,2,anjan4646
1351,16759058,Miz,"2026-09-25 16:01:02",2012.4,2,ryota040
1352,16660483,TIM,"2026-09-26 02:57:59",2011.6,2,daynoryamil
1353,16747161,wqlun06,"2026-09-27 06:34:23",2011.2,2,wqlun06
1354,16859496,KTAcosmo,"2026-09-27 04:12:55",2011.2,2,ktacosmo2kag
1355,16655520,"kaggle Osaka","2026-09-27 03:11:37",2010.7,2,toshiyukitanaka
1356,16682183,lihaha.36,"2026-09-26 19:15:50",2010.6,2,lihaha36
1357,16626814,"Vu Tran Hoang","2026-09-25 06:42:29",2010.2,2,hoangvux
1358,16730045,渡邊征央,"2026-09-25 05:47:50",2010.0,2,undertaker3409
1359,16798694,물,"2026-09-26 18:11:57",2009.3,2,nintendojoa
1360,16682867,sneaky6767,"2026-09-27 00:31:19",2009.3,2,sneaky6767
1361,16777961,qiwaki,"2026-09-26 09:28:54",2009.2,2,resonayu
1362,16792586,dodoshark,"2026-09-27 03:21:52",2008.9,2,dodoshark
1363,16654881,Freddy,"2026-09-27 03:54:14",2008.5,2,twoxding
1364,16732763,"Raihan Ramadistra","2026-09-26 04:44:16",2007.7,2,raihanramadistra
1365,16895147,"DL Julius","2026-09-25 08:41:15",2006.7,2,dljulius
1366,16842194,threnox,"2026-09-26 18:33:21",2006.2,2,threnox
1367,16938872,ゴロ・イ,"2026-09-27 00:17:40",2005.4,2,gorubachohu
1368,16696997,coolin666,"2026-09-27 04:30:06",2005.3,2,coolin666
1369,16866549,"Roman Nesterov","2026-09-25 11:21:34",2005.3,2,romanest
1370,16838538,"rz cao","2026-09-25 02:31:27",2005.2,2,"caoruizhe,luckybara"
1371,16881235,"Konstantin Zorin","2026-09-26 19:46:50",2005.2,2,zokost
1372,16640873,"Takumu Hata","2026-09-27 03:18:32",2005.2,2,takumuhata
1373,16657775,"Raagav & Pieter","2026-09-27 01:46:04",2004.7,2,"peetapit,raagavanand"
1374,16945907,"yuki ogata","2026-09-26 14:28:52",2004.6,2,yyogata
1375,16665416,"zeyu lau","2026-09-22 12:23:19",2004.6,2,zeyulau
1376,16633100,"Emile Andrieu","2026-09-19 23:36:43",2001.5,2,emileandrieu
1377,16846856,BladeRunner,"2026-09-26 11:59:57",2001.2,2,bladerunner2022
1378,16894714,"PadroChill Farm","2026-09-23 14:37:39",2000.4,2,"gerbertradmirovich,kastv90"
1379,16823957,"kiki yi2","2026-09-27 07:07:30",2000.4,2,kikiyi2
1380,16635872,"Evgeniya Dmitrieva","2026-09-23 18:05:27",2000.0,2,evgeniyadm
1381,16724298,Orig_lab,"2026-09-24 10:30:26",1999.5,2,chengxixixi
1382,16811900,"Brejesh Balakrishnan","2026-09-23 06:38:14",1999.5,2,brejeshbalakrishnan
1383,16697395,darktetradgod,"2026-09-25 15:11:22",1999.2,2,darktetradgod
1384,16655190,"Will Rice","2026-09-26 21:20:18",1999.1,2,willrice
1385,16703315,"Ryan Triplett","2026-09-26 05:37:26",1998.3,2,ryantriplett
1386,16727745,auouer,"2026-09-27 05:28:58",1998.2,2,"auouer,guriken,hkamna,insightfulthinking"
1387,16853805,yefenfei,"2026-09-27 00:22:31",1998.2,2,"stargazer7c,yefenfei,yuchenzhanlulu,zhengweibin1026"
1388,16677518,"Khor Yin Loon","2026-09-26 01:21:52",1998.1,2,khoryinloon
1389,16947583,Koranil,"2026-09-26 08:19:53",1997.5,2,koranil
1390,16884244,UCAS_fish_wang,"2026-09-27 06:15:52",1997.5,2,yiliu15
1391,16709463,MKhlystun,"2026-09-26 15:26:51",1996.5,2,mkhlystun
1392,16621153,"Addison Howard (ineligible)","2026-09-25 18:41:34",1996.4,2,addisonhoward
1393,16931054,"Asakusa Agricultural Co., Ltd","2026-09-27 05:29:36",1996.4,2,daeyoungahn
1394,16633179,infamemconculcemus,"2026-09-26 20:45:21",1995.6,2,jcgweb
1395,16859034,wayg9odysseus,"2026-09-24 18:56:46",1994.9,2,wayg9odysseus
1396,16883168,jojo,"2026-09-26 23:54:13",1994.3,2,jojojablon
1397,16638551,"GOAT   Mathieu ""ZywOo"" Herbaut","2026-09-27 05:03:58",1994.1,2,ryosketchbook2007
1398,16744979,"Ahmed Alhassan","2026-09-13 21:51:58",1992.8,2,ahmed55
1399,16687159,Max64738CB,"2026-09-26 17:58:04",1992.6,2,max64738cb
1400,16645703,madmax0404,"2026-09-27 05:47:19",1992.4,2,max6296
1401,16671738,Exposed,"2026-09-26 07:24:40",1991.7,2,erickeller2
1402,16679688,"Sathwik Chinthakayala","2026-09-27 05:02:41",1991.6,2,sathwikchinthakayala
1403,16746191,たがやす,"2026-09-24 11:34:09",1991.5,2,drktti
1404,16742149,"Ankith Savio","2026-09-25 22:13:45",1991.5,2,weedoo
1405,16767052,KaitoKusumoto,"2026-09-26 14:34:13",1990.7,2,kaitokusumoto
1406,16665746,Chiranjieev,"2026-09-26 05:10:41",1990.4,2,"abhirajhiwale,amitambhore27,himanshu2605"
1407,16631978,"batuhan kalem","2026-09-22 19:02:41",1989.5,2,batuhankalem
1408,16632138,kaggle_bbgg,"2026-09-27 04:37:36",1989.4,2,kagglebbgg
1409,16632262,Milkomeda,"2026-09-25 08:42:16",1989.3,2,milkomeda74583
1410,16785753,"Mizero Lucky Gall","2026-09-26 21:04:34",1988.3,2,mizeroluckygall
1411,16778946,yuki0731,"2026-09-27 06:28:38",1988.3,2,yuki0731
1412,16904732,Weifenhuan,"2026-09-26 15:51:58",1988.2,2,schwa6
1413,16772460,"Дмитрий Онин","2026-09-27 02:00:16",1987.6,2,rejo1ce
1414,16732478,Ken_Ken_Pa,"2026-09-27 02:21:13",1986.7,2,kenkenpa
1415,16913949,"Tejash Prakash","2026-09-26 11:28:22",1985.9,2,tejashxprakash
1416,16657931,t-enstar,"2026-09-26 09:36:59",1984.4,2,tstustatama
1417,16779067,fishwg,"2026-09-27 06:19:46",1983.3,2,fishwg
1418,16652631,"Panagiotis Anagnostou","2026-09-25 10:06:02",1982.6,2,panosanag
1419,16722378,waticson,"2026-09-23 14:55:18",1982.1,2,yutodennou
1420,16854552,ShionMatsuoka,"2026-09-27 07:08:05",1981.5,2,shionmatsuoka
1421,16948826,"Viswesh Suri","2026-09-26 20:41:29",1981.5,2,visweshsuri
1422,16742139,ALLAI,"2026-09-27 04:35:24",1981.4,2,glorysing
1423,16771200,DeeSaa,"2026-09-27 06:43:52",1981.3,2,deesaa
1424,16776738,"Kundan Bhaskar","2026-09-26 19:06:11",1980.3,2,kundan007
1425,16754882,vvs,"2026-09-27 04:57:29",1978.8,2,marvelworld
1426,16635504,"Datta Dhebe","2026-09-26 13:29:14",1978.7,2,dattadhebe
1427,16896774,EPHEMORIA,"2026-09-25 09:29:13",1978.6,2,ephemoria
1428,16909097,"Yaoxiang Li","2026-09-27 04:37:11",1978.3,2,lzyacht
1429,16741527,meiyoun,"2026-09-23 14:51:46",1977.8,2,"guetsg,meiyoun,miraclehat"
1430,16686583,techtech69,"2026-09-26 14:49:27",1977.7,2,techtech69
1431,16734409,"Yuta Yamazaki","2026-09-27 00:01:45",1976.9,2,yamayuu18
1432,16670210,"Ali Alghaithi","2026-09-25 08:53:11",1975.6,2,alioman
1433,16740161,r2singh,"2026-09-25 22:48:40",1975.4,2,ratnaraj
1434,16850198,"Daiki Yasui","2026-09-26 09:22:39",1974.4,2,daikiyasui
1435,16841708,toku,"2026-09-23 15:31:55",1974.3,2,tokurr
1436,16879185,"xuhang ren","2026-09-27 05:25:05",1973.7,2,xuhangren
1437,16935521,闰土和‌猹‌,"2026-09-26 17:18:59",1973.5,2,"fenghanxiang,zzh13332470923"
1438,16806160,"Hamza Atique ","2026-09-26 15:34:27",1973.5,2,hamzaatique
1439,16734914,bharat,"2026-09-25 18:08:02",1973.3,2,bharatmohan
1440,16695685,"kwon yong deuk","2026-09-27 06:03:02",1973.0,2,kwonyongdeuk
1441,16693342,takemo,"2026-09-26 13:21:03",1972.7,2,takemoriyuto
1442,16932757,yucho147,"2026-09-23 03:35:48",1972.3,2,yucho147
1443,16653093,"willam wu","2026-09-25 08:17:47",1972.0,2,biaaib
1444,16892313,zszdl0530,"2026-09-26 03:12:47",1972.0,2,zszdl0530
1445,16735794,宗宗没有英文名,"2026-09-27 00:29:39",1970.9,2,iver666
1446,16882140,"jiang luo1021","2026-09-27 07:19:17",1970.4,2,"jiangluo1021,shangzhongxia"
1447,16938980,24110231_pyongjoo,"2026-09-25 15:30:07",1969.2,2,assistonia
1448,16756153,"🪏Harvest Moon","2026-09-26 14:53:59",1969.0,2,"bbrage,bobmyersthesecond,wguesdon,yutomuroshima"
1449,16660046,"Ikki Katsuyama","2026-09-27 06:27:09",1968.6,2,kacchanwriting
1450,16693431,"Yi Wang","2026-09-24 11:43:20",1968.4,2,jone520
1451,16674174,"Ramesh Arvind","2026-09-26 20:14:13",1967.6,2,rameshln
1452,16632245,u,"2026-09-27 00:10:45",1967.2,2,"apostoloskontarinis,curbotron13,halzweiman,josephmcgonaglebrown,shreyanshpoddar"
1453,16692956,VanKoha,"2026-09-27 01:04:12",1966.7,2,kohasama
1454,16936688,"avinash singh","2026-09-26 16:12:04",1966.6,2,avszoom
1455,16741639,kirito83,"2026-09-25 06:18:26",1966.5,2,lishsh83
1456,16843221,refine123,"2026-09-27 05:08:37",1966.5,2,refine123
1457,16692185,"Xu Suyi","2026-09-25 17:19:32",1966.3,2,xuyuhaosuyi
1458,16709435,"Artyom Lyan","2026-09-24 09:36:10",1964.8,2,arli2016
1459,16655316,Nader,"2026-09-26 18:31:04",1964.8,2,naderamin
1460,16936225,Holeon,"2026-09-26 17:05:58",1964.6,2,holeon
1461,16939190,Ichika,"2026-09-27 07:00:10",1964.1,2,natsue
1462,16723379,local,"2026-09-23 07:32:48",1963.8,2,matteo123383iend
1463,16897501,"I'm Fine.","2026-09-26 03:10:36",1963.3,2,zkheart
1464,16632735,"No Free Lunch, Only Melons","2026-09-24 14:02:17",1963.1,2,kawaharataishi
1465,16755654,oQo,"2026-09-23 20:02:51",1962.7,2,oqoxodk6
1466,16655686,Kyle,"2026-09-24 04:31:20",1962.2,2,kylezhouzhou
1467,16801351,デワンシュ,"2026-09-27 07:35:05",1962.2,2,shade012
1468,16806541,hidenov,"2026-09-27 05:29:22",1962.1,2,hidenov
1469,16633853,"funny farm","2026-09-27 03:24:45",1961.9,2,"alannasibullin,alexandrutkov"
1470,16647438,"Aderian Setiawan","2026-09-26 07:37:57",1961.7,2,aderiannovito
1471,16761875,"Eugen Nekhai","2026-09-26 12:05:42",1961.2,2,eugennekhai
1472,16927351,"Bryan Yahir Hernandez","2026-09-26 20:33:22",1960.5,2,bryanhernandez
1473,16856778,"Johnathan King","2026-09-26 23:27:35",1960.1,2,johnathanking1278
1474,16725996,MatheusPSorancoDeCarvalho,"2026-09-26 13:34:34",1959.9,2,matheussoranco
1475,16862096,"Saksham Gupta","2026-09-26 19:01:26",1959.8,2,mashug
1476,16769491,"Ivan Ternovskiy","2026-09-26 10:25:53",1959.2,2,aristophanivan
1477,16698294,"John Doe","2026-09-25 01:10:36",1958.8,2,johndoe90843
1478,16744842,juisajdiasd,"2026-09-24 13:54:36",1958.5,2,juisajdiasd
1479,16789990,SA,"2026-09-27 04:10:19",1958.0,2,soheiarisaka
1480,16864113,YYC3,"2026-09-23 10:47:51",1957.0,2,icongovo
1481,16661607,choqui62,"2026-09-27 04:51:05",1956.8,2,choqui62
1482,16906651,Izumi_LP,"2026-09-24 08:17:44",1956.5,2,amememe
1483,16684748,"nailong alpha","2026-09-27 06:32:20",1955.9,2,"dejavucry,weiyun22021,yizhewong,yoruet,zekenos"
1484,16842747,314?,"2026-09-24 08:51:31",1954.9,2,elshahed
1485,16751820,yy,"2026-09-27 05:22:37",1954.0,2,hirokiyamazaki
1486,16773026,アルモンド,"2026-09-27 06:25:55",1953.4,2,almondman0707
1487,16751999,"Poorna Sai Dumpa","2026-09-25 02:32:17",1952.6,2,poornasaidumpa
1488,16630251,"Handry Novianto","2026-09-24 08:49:02",1952.3,2,handrynovianto
1489,16757064,"coke lu","2026-09-24 08:51:05",1952.2,2,cokelu
1490,16880830,Piyorin,"2026-09-26 05:02:30",1952.0,2,mystakhs
1491,16658499,Grifun,"2026-09-25 09:06:13",1951.0,2,msingatullin
1492,16852383,"Ahmed Mostafa #2","2026-09-26 16:56:00",1950.9,2,republic966
1493,16669123,"Alex #2","2026-09-24 12:40:04",1950.6,2,alxdfy
1494,16671454,Shadow,"2026-09-23 16:27:35",1950.6,2,uziahmd
1495,16666571,"Zhengxu Yu","2026-09-24 09:26:27",1950.6,2,zhengxuyu
1496,16653068,"Shuichi Fushimi","2026-09-27 07:35:56",1950.0,2,shuichifushimi
1497,16715933,Scomics,"2026-09-24 05:25:58",1949.6,2,"bruceche7797,dongyiqun,jyxxxx"
1498,16667767,t3l3kin3sis,"2026-09-27 00:04:20",1949.6,2,"daffafariq,hashmatzamaryali,malsabbagh05"
1499,16850522,WayneCheng,"2026-09-26 07:45:24",1949.4,2,taffy1883
1500,16904289,"farmer zefeng","2026-09-24 10:48:49",1947.9,2,zefengai
1501,16911078,Tolgii,"2026-09-26 06:56:06",1947.6,2,tolgakiremit
1502,16795798,"Refrain 1","2026-09-22 15:35:00",1947.3,2,"chisatoy,refrain1"
1503,16762248,KongKongDe,"2026-09-27 07:10:08",1946.7,2,kongkongde
1504,16784608,shawenher,"2026-09-23 17:45:03",1946.6,2,shawenher
1505,16897489,"East Kowloon","2026-09-23 16:16:34",1944.5,2,"haydenmlh,veron0611"
1506,16632867,"Rayk Kretzschmar","2026-09-24 23:30:25",1944.0,2,raykkretzschmar
1507,16888303,Satuker,"2026-09-26 22:44:20",1943.9,2,filipgaliski
1508,16948146,tsuka3a_soc,"2026-09-26 15:15:51",1943.6,2,tsuka3asoc
1509,16665357,XW,"2026-09-26 07:21:49",1943.3,2,xuewei
1510,16905685,小娃娃是娃娃里较小的娃娃,"2026-09-23 17:54:00",1942.1,2,xiewenwei29
1511,16624056,Raggriculture,"2026-09-26 10:42:52",1941.9,2,ravi123a321at
1512,16746010,"Khoi Tuan Nguyen","2026-09-23 15:06:41",1940.7,2,khoingt
1513,16692923,"Pavel Kazlou","2026-09-27 06:40:51",1940.7,2,paulik
1514,16773098,Apa,"2026-09-27 05:14:19",1940.3,2,yasso1
1515,16765668,shun_johnny,"2026-09-27 01:17:01",1939.9,2,shunjohnny
1516,16755203,TY0912,"2026-09-24 14:18:59",1939.6,2,samejimatink0
1517,16683529,"Yanis Belami","2026-09-26 20:22:05",1939.5,2,yanisbelami
1518,16726915,"인공저능연구소( Artificial Idiocy Lab )","2026-09-27 00:05:58",1939.2,2,megayak
1519,16693092,"Sell wheat everyday💨","2026-09-26 13:14:30",1939.2,2,"dzisandy,e0xextazy,liderpartiii"
1520,16920678,qinsuikang,"2026-09-27 06:03:50",1939.0,2,"qinsuikang,tudousisi"
1521,16798317,"Baran Akyıldız","2026-09-24 16:17:09",1938.9,2,baranakyldz
1522,16932996,"Francisco Angulo de Lafuente","2026-09-25 22:30:06",1937.6,2,franciscoangulo
1523,16639625,"Dr Chandrasen Pandey","2026-09-27 02:51:40",1937.6,2,devchandra
1524,16661325,"Max Fofanov","2026-09-25 12:31:58",1937.3,2,maxfofanov
1525,16752104,WYSSR1225,"2026-09-27 00:34:25",1936.6,2,wyssr1225
1526,16772678,SuppliLion,"2026-09-26 10:18:39",1936.5,2,supplilion
1527,16794167,"Daniel Mineev","2026-09-26 22:11:04",1936.4,2,nilpotent1
1528,16942011,"Öylesine Yarışıyoruz","2026-09-25 14:43:54",1936.2,2,"burakemrepolat,muhammedfurkanata"
1529,16765601,"Dinesh Makireddy 7389","2026-09-26 20:15:26",1935.6,2,dineshmakireddy7389
1530,16811920,"MINGXI LIU","2026-09-18 04:59:30",1935.3,2,wang5630900
1531,16633069,"Nur Srijan","2026-09-25 15:27:30",1935.2,2,nursrijan
1532,16638994,wpl,"2026-09-26 14:13:08",1934.6,2,peilwang
1533,16659467,AlexMoura2026,"2026-09-27 00:00:47",1934.4,2,alexmoura2023
1534,16694110,"Team Amboss","2026-09-23 16:09:25",1934.2,2,alexphilippi
1535,16767360,"Sinh Nguyễn Đức","2026-09-23 17:39:10",1933.8,2,sinhnguync
1536,16892118,DsLiner,"2026-09-25 15:12:41",1933.4,2,dsliner
1537,16938955,何时成为宗师,"2026-09-23 16:09:32",1933.2,2,wowandanle
1538,16937599,"Tanampa Ampun","2026-09-24 16:17:30",1932.5,2,fathurachmadhanafi
1539,16761434,t07_noma,"2026-09-25 14:26:28",1931.9,2,t07noma
1540,16656337,"Prashant Kikani","2026-09-27 05:39:58",1931.3,2,prashantkikani
1541,16738424,Yunioshi,"2026-09-27 07:22:50",1931.2,2,yunioshi
1542,16728571,hasibirok0,"2026-09-25 12:25:55",1930.5,2,hasibirok0
1543,16732714,Mforg,"2026-09-25 03:26:51",1930.0,2,mforg74911
1544,16743836,"Auto Fermers","2026-09-27 02:36:59",1929.8,2,"arsgorynich,artemboltaev,dmitriigluzdov"
1545,16634462,"Yash Marathe","2026-09-23 13:27:14",1929.4,2,maratheyash
1546,16748941,"We Forgot To Water","2026-09-27 05:36:26",1928.5,2,"dearkarl,shuangxue"
1547,16664217,Shushantw,"2026-09-23 14:34:39",1928.3,2,shushantw
1548,16884467,jiangnanxn,"2026-09-23 18:43:49",1928.2,2,jiangnanxn
1549,16671017,"Pablo César Ruíz","2026-09-24 18:21:58",1926.8,2,pcruiher08
1550,16848970,massi0411,"2026-09-25 04:07:23",1926.7,2,massi0411
1551,16823942,"jiajun chi","2026-09-25 05:33:48",1926.2,2,jiajunchi
1552,16843582,isk54_34,"2026-09-26 05:25:07",1926.2,2,isk5434
1553,16661754,edwinis,"2026-09-26 19:08:11",1926.2,2,edwinis
1554,16779977,sue124,"2026-09-26 19:55:47",1925.9,2,ryotasueyoshi
1555,16671292,Yuyajk,"2026-09-24 05:39:41",1925.8,2,yuyajk
1556,16927550,User1114,"2026-09-26 15:05:15",1924.2,2,lyboihh
1557,16658830,"Farhat Pachisa","2026-09-25 11:39:11",1923.6,2,farhatpachisa
1558,16662492,"Lester Leong","2026-09-27 05:48:03",1923.5,2,lesterleong
1559,16626093,"Pilkwang Kim","2026-09-27 01:31:52",1923.3,2,pilkwang
1560,16623799,"Akhilesh godugu","2026-09-24 06:37:23",1922.8,2,"akhileshgodugu,ashokgodugu"
1561,16810306,"Asy Mortenson","2026-09-25 19:53:34",1922.8,2,asymortenson
1562,16701728,"katya barzova","2026-09-26 09:49:29",1922.6,2,"harlenka,nipah1,sigmaborov"
1563,16663513,DLTLM,"2026-09-23 13:12:06",1922.3,2,"debayank2024,laveshjadon,laxmikantaroy,moumitaaaaaa,tarunraii"
1564,16651402,"Mille Initiate","2026-09-24 09:07:29",1922.3,2,milleinitiate
1565,16863350,"Horatio Eversfield","2026-09-25 11:13:28",1922.1,2,horatioeversfield
1566,16921300,tamakawa,"2026-09-26 16:16:22",1922.0,2,tantantama1192
1567,16674932,kokinnwakashuu,"2026-09-24 22:11:22",1919.8,2,kokinnwakashuu
1568,16723272,"Rimsha Kanwal","2026-09-23 18:18:16",1919.1,2,rimsha234
1569,16728071,AI是我的豆包,"2026-09-27 06:34:24",1918.8,2,"blht2026,wocenmma,zzxhee"
1570,16736985,Colt,"2026-09-26 16:59:14",1918.7,2,nht1990
1571,16772391,"Jinhan Gao","2026-09-26 21:39:49",1918.6,2,jinhangao
1572,16890503,KevinYongxin,"2026-09-25 08:29:37",1918.5,2,yongxinkwan
1573,16689599,Ryvven,"2026-09-26 20:13:01",1917.9,2,unethicalmk
1574,16819030,sunyuxiang136,"2026-09-27 02:55:42",1916.8,2,"hqy0619,orangetailfish,sunyuxiang136,tshen12"
1575,16892682,"Yasuhiro Manai","2026-09-27 07:35:46",1915.8,2,yasu01
1576,16810078,Sam-wiz,"2026-09-25 21:18:43",1915.2,2,samwiz
1577,16634312,"Linh Le","2026-09-25 01:49:09",1915.1,2,linhlethuy
1578,16752082,"Tian hao Qing Nano7ko","2026-09-24 08:44:08",1914.5,2,tianhaoqingnano7ko
1579,16747069,l'rug,"2026-09-25 16:10:12",1914.4,2,sdfsfsfsdf
1580,16734715,史永刚,"2026-09-24 01:58:08",1913.9,2,shizehao
1581,16782203,"rui xiong","2026-09-24 02:53:17",1913.9,2,xiongruihumingyu
1582,16659550,"Sai Syam","2026-09-24 09:02:08",1913.2,2,saisyam
1583,16931893,IUT_BakeNekos【化け猫】,"2026-09-25 19:38:48",1913.0,2,"didhitinahid,farhanishraqq"
1584,16859963,LINXI,"2026-09-27 05:57:29",1913.0,2,linxii012
1585,16730728,"Le Trong Hieu","2026-09-27 00:24:59",1912.9,2,backtracking
1586,16718649,"Zakaria Aala","2026-09-26 19:12:04",1912.6,2,zlordgrim
1587,16655631,"Djamila Benchikh","2026-09-25 16:02:10",1912.5,2,djamilabenchikh
1588,16883907,lll,"2026-09-27 07:38:28",1912.5,2,lghlgh001
1589,16783740,ZiYiMing,"2026-09-24 11:53:34",1912.3,2,"kaibozhou,ziyiming"
1590,16912988,"Roy Zhu","2026-09-22 03:55:22",1912.1,2,roy0zhu0
1591,16672456,hangglider5,"2026-09-24 07:49:26",1911.9,2,hangglider5
1592,16689741,shinamonmon,"2026-09-24 07:38:25",1910.8,2,shinamonmon
1593,16847478,tokitamago,"2026-09-25 11:35:25",1909.7,2,tokitamago
1594,16941364,anto,"2026-09-26 15:03:27",1909.6,2,"yeohzhonghanervin,yueyaozzz"
1595,16676114,Gekkotron,"2026-09-24 13:32:38",1909.2,2,gekkotron
1596,16634088,Jet,"2026-09-25 09:54:52",1909.0,2,drkongvis
1597,16745995,"Guido Tapia","2026-09-24 08:41:21",1908.8,2,guidotapia
1598,16768143,KingDellaFarm,"2026-09-23 17:55:42",1908.0,2,"alessandrodestasi,disteroas"
1599,16866579,"Fighting Gold","2026-09-27 06:33:44",1907.6,2,sawada
1600,16936396,olHwHlo,"2026-09-26 07:44:32",1907.5,2,olhwhlo
1601,16760990,naren_v,"2026-09-26 06:29:49",1907.5,2,varuthakari
1602,16663214,"Mathieu W","2026-09-26 18:50:12",1907.4,2,mathieuw
1603,16936082,"H IMedit","2026-09-24 21:37:36",1907.4,2,himedit
1604,16938431,"ADRIANO ALMEIDA","2026-09-24 00:03:40",1907.0,2,adrianoalmeidaa
1605,16639565,yasu,"2026-09-27 07:01:33",1906.9,2,yasutakababa
1606,16896224,"Rajveer Singh Rajput","2026-09-26 15:58:34",1906.7,1,rajveersrajput080
1607,16919088,M.Y.C.E.L.I.S,"2026-09-27 07:35:20",1906.3,2,johnmoncel
1608,16741178,guruguru000,"2026-09-26 13:13:42",1906.0,2,guruguru000
1609,16809211,"Aleix López","2026-09-24 21:25:39",1906.0,2,aleixlopez
1610,16904651,chenpengyu603,"2026-09-26 08:17:07",1906.0,2,chenpengyu603
1611,16655758,patience,"2026-09-26 13:36:26",1905.5,2,"weirdocurry,wenjunkai124"
1612,16738349,Suna-D,"2026-09-27 02:55:47",1905.4,2,sunad0630
1613,16637031,"and more","2026-09-25 07:28:43",1905.2,2,kym2022
1614,16842300,fanmili,"2026-09-27 06:17:16",1904.4,2,fanmili
1615,16728160,Ozi,"2026-09-27 00:34:36",1904.4,2,muhammaduzair21
1616,16744837,JuliaGastellu,"2026-09-26 15:17:23",1904.3,2,juliagastellu
1617,16852910,omoch1,"2026-09-25 09:35:30",1904.2,2,agecom
1618,16830390,"Hajime Kumami","2026-09-27 06:09:58",1903.7,2,hajimekumami
1619,16806053,hisatarosu,"2026-09-25 13:10:10",1903.6,2,tomako4390
1620,16707057,tamo,"2026-09-26 11:43:13",1903.4,2,ryotakasuya
1621,16647192,"Sailor Ren","2026-09-25 09:21:57",1902.9,2,"dongdongjiaqi,sailorren"
1622,16930858,LIUDIZHU,"2026-09-27 00:15:32",1901.6,2,liudizhu
1623,16710428,"Mansi Aggarwal","2026-09-26 09:03:28",1901.4,2,mansiaggarwal88
1624,16922832,"Zhang Feifan","2026-09-25 08:34:36",1901.0,2,zhangfeifan
1625,16657796,"parv goyal2","2026-09-27 05:33:51",1900.8,2,parvgoyal2
1626,16815017,Humanitis,"2026-09-26 23:34:38",1900.1,2,humanitis
1627,16683755,"Meng Di","2026-09-26 22:32:34",1899.5,2,hughshaoqz
1628,16746632,tingyu516,"2026-09-26 11:23:11",1899.2,2,tingyu516
1629,16771394,"ZHIRUI ZHAO","2026-09-23 14:17:48",1899.2,2,"harr23,zhiruizhao"
1630,16832555,"Yanxi Teng","2026-09-24 00:17:25",1898.7,2,yanxiteng
1631,16944820,Nikouo,"2026-09-25 06:20:36",1898.3,2,nikouo
1632,16623400,Less,"2026-09-23 04:33:03",1898.3,2,jiaoyouzhang
1633,16760244,"Alex Paul","2026-09-27 00:02:26",1898.2,2,alexazander
1634,16936519,Found,"2026-09-26 15:21:54",1898.2,2,seventeennine
1635,16660735,"Bassel Elbahnasy","2026-09-26 20:24:18",1898.1,2,basselashraf
1636,16664359,Nightingale,"2026-09-25 08:33:17",1896.4,2,apilkhadka
1637,16658343,aisamhottman,"2026-09-26 22:37:17",1896.4,2,heuingttiang
1638,16942720,"Shadow Es","2026-09-26 15:54:49",1896.3,2,shadowes
1639,16841434,soraemon,"2026-09-27 07:26:42",1896.0,2,soraemon
1640,16662121,One-For-All,"2026-09-26 01:56:52",1895.8,2,"akankshatiwari2803,indarkarhana"
1641,16736474,"Håkon Kjelseth","2026-09-23 09:18:48",1895.8,2,hkon2k
1642,16930374,扣扣农场,"2026-09-27 07:23:19",1895.7,2,tsjzkzyzz
1643,16941777,"Ziming Wu","2026-09-23 08:55:56",1895.3,2,zimingwu
1644,16688979,"Dhayaney Vijayan","2026-09-21 18:04:43",1895.0,2,dhayaneyvijayan
1645,16852766,MCZK,"2026-09-25 04:27:58",1894.9,2,hitoshimochizuki
1646,16660601,"Rabbiya affan","2026-09-25 07:46:27",1894.5,2,rabbiyaaffan
1647,16746395,Levin,"2026-09-25 15:56:11",1894.4,2,"sophiexs,zhengliwen"
1648,16725403,tabetai28,"2026-09-27 05:29:05",1893.8,2,taichiabewaseda
1649,16815132,"Duc-Anh Nguyen","2026-09-26 14:10:50",1893.5,2,valentinonguyen
1650,16935594,"wenya hao","2026-09-26 09:12:53",1893.3,2,wenyahao
1651,16674385,"qr farm","2026-09-26 19:18:00",1892.7,2,qrz1201
1652,16728863,Irabala,"2026-09-26 10:17:15",1892.2,2,irabala1
1653,16706410,lixiaoxin25,"2026-09-25 07:20:08",1892.0,2,lixiaoxin25
1654,16641348,wata,"2026-09-27 04:55:51",1891.8,2,iwatahiroki
1655,16767709,"Mike Anderson","2026-09-27 00:54:38",1891.7,2,manderson240
1656,16655477,Aurora,"2026-09-27 06:03:04",1891.4,2,"niteshranjansingh,themeghajoshi"
1657,16914801,milkdragon,"2026-09-26 13:28:48",1891.2,2,hhhhhhyc
1658,16657152,"K S VIJAYARAAGHAVAN","2026-09-24 07:30:18",1891.0,2,"blackscythe123,ksvijayaraaghavan"
1659,16713797,CrazyDave111,"2026-09-25 15:43:49",1890.6,2,crazydave111
1660,16874388,"Shuqi Zhang","2026-09-24 06:55:25",1890.6,2,"giadungho,sasalisa"
1661,16802486,SHICHIES,"2026-09-27 06:22:06",1890.4,2,shichies
1662,16661743,"Sergey Kutepov","2026-09-26 04:25:34",1889.8,2,natsyst
1663,16838312,macaron,"2026-09-24 05:32:31",1889.7,2,hayatotech
1664,16730578,BostonKaggle,"2026-09-26 23:03:39",1889.1,2,"isthereanycode,lynnkim0"
1665,16933123,dynatrixa,"2026-09-26 05:37:38",1888.9,2,"datacinder7,dynatrixa,veltronic"
1666,16891334,"Ruslan Akhmetov","2026-09-27 00:20:22",1888.8,2,ecolla999
1667,16907393,Logus,"2026-09-24 08:15:27",1888.7,2,logus4704
1668,16665331,winstonton,"2026-09-26 06:49:40",1888.5,2,winstonton
1669,16939767,"Elias William","2026-09-25 06:29:39",1888.1,2,eliaswilliam
1670,16810171,kta_jpn,"2026-09-24 12:10:13",1887.2,2,ktajpn
1671,16906012,GarbageOoze,"2026-09-27 07:33:44",1886.1,2,"garbageooze,luoruihan12"
1672,16937798,"Semih Temiz","2026-09-27 07:14:08",1886.1,2,semhtemiz
1673,16930688,"Solo Leveling","2026-09-26 14:05:00",1886.0,2,lingyuzhi
1674,16888752,"edward john washins","2026-09-26 18:43:24",1886.0,2,edwardjohnwashins
1675,16624645,"Closed Loop","2026-09-24 01:42:33",1885.0,2,hobbisttech
1676,16925892,野獸先輩,"2026-09-22 17:10:48",1884.7,2,rayyen216
1677,16923373,"kouhei mori","2026-09-23 13:22:14",1883.9,2,kouheimori
1678,16786595,"dbvz sbsbs","2026-09-27 05:05:44",1883.5,2,dbvzsbsbs
1679,16641138,"Bharath Varma","2026-09-27 06:42:54",1883.0,2,bharath111l
1680,16731940,xxxxyt,"2026-09-24 04:29:54",1882.8,2,"shengqinxi,xmxgxcs,xxxxyt"
1681,16838479,"Sufi Afifi","2026-09-24 07:41:01",1882.6,2,emrys21
1682,16680172,TTANE,"2026-09-27 07:20:22",1882.4,2,otmaneelmahdaouy
1683,16888260,"Ndabenhle Ngema","2026-09-25 02:15:27",1881.6,2,ndabenhlengema
1684,16911850,Farmerjay,"2026-09-26 02:44:29",1881.6,2,officeghost
1685,16732129,"payne yam","2026-09-23 01:46:06",1881.1,2,payneyam
1686,16872211,"Artem Bakalinskiy","2026-09-25 09:15:35",1880.9,2,artembakalinskiy
1687,16623812,"SeshuRaju 🧘‍♂️","2026-09-27 07:28:40",1880.5,2,seshurajup
1688,16799132,"Marlon Vasquez","2026-09-27 03:38:33",1880.1,2,vexmeavf
1689,16743136,unhappy,"2026-09-26 15:29:43",1880.1,2,chenyahui123
1690,16733851,tangaii,"2026-09-26 21:01:43",1879.0,2,tangai1
1691,16628765,"Kota Iizuka","2026-09-25 00:04:42",1878.6,2,kotaiizuka
1692,16724806,rin2401,"2026-09-26 06:15:02",1876.8,2,rin2401
1693,16918063,"Dante Lok","2026-09-24 15:34:06",1876.2,2,dantelok
1694,16876853,PUN,"2026-09-26 17:24:20",1875.9,2,pshikk
1695,16660220,tomo11111,"2026-09-23 17:04:13",1875.7,2,tomo11111
1696,16811251,poijio,"2026-09-26 17:32:59",1875.6,2,poijio
1697,16673881,"Sebastian Johansson","2026-09-24 15:36:56",1875.1,2,sebbejohansson
1698,16647607,pumpkin,"2026-09-25 09:22:32",1873.4,2,gealachpumpkin
1699,16709339,"Mohammad Javad Dianat","2026-09-27 06:49:27",1872.1,2,dianatofficial
1700,16906728,"Konstantin Zhar","2026-09-26 22:47:48",1872.1,2,zharkd
1701,16709126,"Jamie Nojek","2026-09-27 01:19:54",1871.5,2,jamienojek
1702,16823251,"Khaled Yousef","2026-09-25 05:52:51",1871.4,2,recochet96
1703,16643453,Haumea,"2026-09-24 12:21:06",1871.3,2,chaitanyagullapalli
1704,16809294,Cherie01,"2026-09-27 06:53:06",1870.6,2,cherie01
1705,16659715,masb,"2026-09-26 07:30:44",1870.4,2,affansaied
1706,16622509,Ali,"2026-09-26 17:34:55",1869.9,2,asalhi
1707,16732051,Jeryos,"2026-09-26 22:02:37",1869.5,2,joulskaf
1708,16622245,"Vlas Veles","2026-09-27 04:17:56",1869.2,2,vlasveles
1709,16795698,ml_gg,"2026-09-25 17:59:14",1869.2,2,ramnarayanchoudhary
1710,16665129,Doom,"2026-09-26 22:12:36",1868.9,2,"mr6436,sanskaarundale"
1711,16698688,JeremiahMannings,"2026-09-24 04:03:51",1868.8,2,jmannings
1712,16948431,t.me/anpilovetg,"2026-09-27 07:38:44",1867.4,2,anpilovkirill
1713,16785483,xiongrui666,"2026-09-23 01:45:19",1866.4,2,xiongrui666
1714,16802505,daviondk,"2026-09-26 15:04:36",1866.0,2,daviondk
1715,16806346,"Mike chen666","2026-09-26 04:54:57",1864.7,2,"mikechen666,tiffanyjade"
1716,16798724,"junfan shen","2026-09-23 08:25:25",1864.5,2,junfanshen
1717,16661558,안녕하세요이세입니다잘부탁드립니다,"2026-09-27 07:13:22",1863.9,2,"moonswalk,municef1"
1718,16627032,"Kaito Fukami","2026-09-27 00:14:47",1862.8,2,kaitofukami
1719,16768104,"Ivan Aleksandrov","2026-09-26 11:46:18",1862.0,2,ivanblch
1720,16718033,TheMightiestMan,"2026-09-26 06:17:33",1862.0,2,themightiestman
1721,16794207,AlekseiProvorov,"2026-09-26 14:27:59",1861.9,2,leoprovorov
1722,16731911,"liu bo","2026-09-25 14:05:21",1860.9,2,liuboo45586
1723,16791977,JeremyLIU858,"2026-09-27 06:00:57",1860.9,2,jeremyliu1997
1724,16621243,"Jesse Bullard","2026-09-27 05:00:36",1860.3,2,jessebullard
1725,16631115,prvsiyan,"2026-09-24 10:51:35",1859.9,2,prvsiyan
1726,16634873,shin0000,"2026-09-24 03:07:22",1859.8,2,shin0000
1727,16640388,SANNNNN,"2026-09-27 06:42:49",1858.8,2,zuhairsan
1728,16659351,"Hamna Kaleem","2026-09-27 02:21:05",1858.0,2,hk3296
1729,16905517,Marti,"2026-09-24 01:00:51",1857.6,2,marticn
1730,16745059,mekduy,"2026-09-25 06:52:33",1857.1,2,mekduy
1731,16909485,SatoGo,"2026-09-26 06:14:53",1856.8,2,satogo
1732,16665864,kavipavi19,"2026-09-22 10:37:14",1856.5,2,kavipavi19
1733,16716533,wiffany,"2026-09-26 13:18:29",1856.2,2,wiffany
1734,16854477,"Marc Maldonado Lorca","2026-09-23 08:04:16",1855.7,2,marcmaldonado
1735,16662380,"Brandon Calderon-Morales","2026-09-27 01:45:32",1855.7,2,bmoe640
1736,16893046,ClaudiCulture,"2026-09-27 04:15:00",1855.5,2,ortimusprime
1737,16635108,"cabbage corp","2026-09-27 07:30:57",1855.0,2,"kagglercs,phoenix0501"
1738,16717255,Ryuuga89,"2026-09-25 15:08:51",1854.8,2,ryuuga89
1739,16863329,"Alvaro Mendizabal","2026-09-27 05:10:32",1854.7,2,alvaromendizabal
1740,16640467,Catalyst,"2026-09-23 09:25:57",1854.4,2,vibekaggler
1741,16699082,Sakthei,"2026-09-20 13:41:34",1854.1,2,sakthei
1742,16765135,neuro168,"2026-09-23 11:11:29",1853.2,2,lordmc
1743,16776505,"Duck Typing","2026-09-26 19:45:40",1852.7,2,ahmadamindw
1744,16634432,KARGI,"2026-09-26 17:37:06",1852.5,2,learningkin
1745,16799832,"Maman Salto","2026-09-25 03:57:41",1851.8,2,saddamaditya
1746,16656432,"CornHub Premium","2026-09-26 17:35:38",1851.2,2,nihilisticneuralnet
1747,16751411,"lamb Liu","2026-09-25 13:57:23",1851.1,2,liuxiaohua72
1748,16660485,tablecables,"2026-09-25 20:07:51",1850.4,2,colingaffney1
1749,16923115,"Takamasa Ueno","2026-09-27 05:42:20",1848.5,2,uentsz
1750,16899084,"Asan Ashirov","2026-09-22 16:32:11",1847.7,2,asanashirov
1751,16658300,"Thành Toàn Vương","2026-09-23 11:25:19",1847.0,2,thnhtonvng
1752,16772204,"Hamam Ahmed","2026-09-27 02:44:56",1847.0,2,hamamelsanousi
1753,16654669,"Jordi Corbilla","2026-09-27 04:07:49",1846.5,2,jordicorbilla
1754,16716566,"Junliang Ye","2026-09-27 07:06:41",1846.4,2,junliangye
1755,16875984,cccyou,"2026-09-23 07:34:18",1845.9,2,cccyou
1756,16709809,RiyaSoni20,"2026-09-26 23:13:47",1845.5,2,"riyasoni20,rudraamin06"
1757,16667018,ZekeAlx,"2026-09-27 03:27:33",1845.4,2,alexthomas12345
1758,16657277,"Dude and Destroy","2026-09-24 03:39:44",1845.3,2,raymondbrookman
1759,16655796,"dijia zhang735","2026-09-26 16:04:26",1844.7,2,dijiazhang735
1760,16841663,"Ryosei Hara","2026-09-26 23:45:14",1844.6,2,ryhara
1761,16728114,yu9824,"2026-09-24 16:47:05",1844.6,2,yu9824
1762,16714474,"Glenn Dalbey","2026-09-23 00:15:27",1842.5,2,glenndalbey
1763,16907246,VROPEXT,"2026-09-26 21:16:02",1842.2,2,vropext
1764,16805918,"kaito ide 31","2026-09-27 07:23:52",1842.1,2,kaitoide31
1765,16938859,Adequate_Echo,"2026-09-25 05:09:30",1839.6,2,adequateecho
1766,16840439,"God Se7en","2026-09-26 16:09:14",1839.3,2,godseven7
1767,16658038,Khanh,"2026-09-25 15:24:53",1839.1,2,khanhp142
1768,16888093,"Alejandro Izaguirre","2026-09-24 20:35:33",1839.1,2,alejandroizag
1769,16632599,HyperARC,"2026-09-27 05:28:12",1839.1,2,shadowell888
1770,16880664,"Nodir Xamdamov","2026-09-24 16:18:54",1838.7,2,nodirxamdamov
1771,16946367,dwinging,"2026-09-23 14:07:09",1838.2,2,dwinging
1772,16847247,月之光面,"2026-09-24 02:35:20",1836.9,2,cxcxcxcx
1773,16765834,Oakzen,"2026-09-24 11:49:54",1836.8,2,gyx517120273
1774,16752277,YKuma,"2026-09-26 12:42:32",1835.8,2,ykumazaki
1775,16919030,"wenzhi liu","2026-09-23 03:25:11",1835.4,2,liuwenzhi
1776,16853540,WUZB,"2026-09-23 03:14:03",1834.2,2,wzhengbiao
1777,16677847,ShiviWhivi,"2026-09-22 02:15:51",1833.4,2,blackpearls1
1778,16891703,"Rasmus Hulthe","2026-09-27 00:32:59",1833.2,2,zazmuz
1779,16763767,"Carson Zhang","2026-09-22 22:21:32",1832.9,2,zmcddn
1780,16734803,guoziyi123456,"2026-09-23 00:17:46",1832.4,2,"ax1lec,guoziyi123456,linhexlu,xuanzhechen"
1781,16655150,"Benjamin H Pepper","2026-09-24 11:34:27",1831.4,2,bhpepper
1782,16854074,yudai_000111,"2026-09-24 12:02:57",1831.2,2,yudai000111
1783,16671767,Kaileh57,"2026-09-27 06:42:50",1830.8,2,kaileh57
1784,16758982,Boredom,"2026-09-22 17:34:35",1830.7,2,"baodewen,cudacoding,elektromagnetizm,j12345673,mikeyu2026"
1785,16936848,spy007,"2026-09-24 11:46:46",1830.5,2,"py1603300133,syhsyh123"
1786,16658665,ChandramouliNagasundaram,"2026-09-26 07:28:12",1830.2,2,"enginegeneral,mouliindian"
1787,16657093,"sixer srinath","2026-09-27 03:36:26",1829.6,2,srinath2495
1788,16756972,"Đức Hải Hà","2026-09-26 15:12:59",1829.5,2,tankinguyen
1789,16858207,"David Wang","2026-09-23 02:44:56",1828.6,2,renew66
1790,16843203,"Liyi xin jie","2026-09-25 04:29:21",1828.5,2,liyixinjie
1791,16622420,RuiFSPinto,"2026-09-26 18:36:18",1828.5,2,ruifspinto
1792,16762935,"ibr mo sal","2026-09-25 08:20:45",1828.4,2,ibrmosal
1793,16667951,KoRo2_JP,"2026-09-26 05:12:10",1828.2,2,koro2jp
1794,16656011,"Jiashun Tan","2026-09-24 01:40:53",1827.6,2,jiashuntan
1795,16842093,aether74,"2026-09-24 02:23:54",1827.6,2,aether74
1796,16848063,"Yuan Weijun","2026-09-23 14:26:32",1826.7,2,yuanweijun
1797,16879166,NoDash,"2026-09-26 23:15:11",1826.5,2,nodash
1798,16635745,DataRockstar,"2026-09-23 18:33:49",1826.4,2,"amaropeter,jvlegend"
1799,16746599,Borrun,"2026-09-22 05:23:12",1825.7,2,borrun
1800,16742183,alessandrozonta,"2026-09-23 07:46:51",1824.9,2,azonta
1801,16880694,yuxian6666,"2026-09-23 13:00:16",1824.4,2,yuxian6666
1802,16931975,loki005,"2026-09-26 15:51:58",1824.3,2,loki005
1803,16659419,"Chahat Mehra","2026-09-26 17:53:15",1823.8,2,chahatmehra
1804,16664573,AdhithyaRokhith,"2026-09-25 17:29:38",1823.8,2,adhithyarokhith
1805,16818313,"haonan zhengh","2026-09-27 01:57:16",1823.7,2,haonanzhengh
1806,16741096,"Yohanes Lengkong","2026-09-26 02:38:11",1823.4,2,yohanesfc
1807,16625921,JinchengZhang1,"2026-09-27 01:29:31",1823.2,2,jinchengzhang1
1808,16940453,"HIbiki Awai","2026-09-22 13:57:50",1823.1,2,hibikiawai
1809,16678534,"Filip Strzałka","2026-09-27 06:27:57",1821.4,2,snufkin77
1810,16845713,"qweq asd","2026-09-24 08:12:48",1821.4,2,qweqasd
1811,16924407,"Laxmi Khilnani","2026-09-26 17:32:18",1820.6,2,laxmikhilnani2004
1812,16944065,"Wael El Ghazzawi","2026-09-22 23:05:10",1820.3,1,waelelghazzawi
1813,16687824,"André Dkw","2026-09-24 21:05:42",1820.0,2,andrdkw
1814,16845965,Oldplaykid,"2026-09-24 12:37:52",1819.9,2,"tonf3195,zerethon"
1815,16855295,zhudong1949,"2026-09-24 15:21:27",1819.5,2,zhudong1949
1816,16719451,"Syed Toubur","2026-09-23 07:12:40",1819.3,2,syedtoubur
1817,16855214,"Kazumi Sakamaki","2026-09-24 00:26:27",1819.2,2,hatimitusiropp
1818,16904371,Makhmudov_1602,"2026-09-22 10:40:41",1818.6,2,makhmudov1602
1819,16879253,Bldr2,"2026-09-25 08:16:37",1816.5,2,alphalin2010
1820,16736632,Leo,"2026-09-25 11:20:07",1815.8,2,huangkx666
1821,16857491,cherish_zhang,"2026-09-23 07:18:03",1815.7,2,cherishzhang
1822,16806000,wyz0210,"2026-09-26 13:35:47",1814.8,2,weiyouzhen
1823,16838956,"Michael Brown","2026-09-26 19:51:50",1813.9,2,michaelbrown4343
1824,16647324,GG-bond,"2026-09-24 09:36:10",1813.2,2,wyhwyh123
1825,16932335,"Dom Bavuso","2026-09-27 05:44:33",1812.9,2,dombavuso
1826,16930996,"ROGER REN","2026-09-23 08:01:24",1812.8,2,rogerrenruben
1827,16681116,Kagamihara,"2026-09-26 01:45:41",1812.4,2,kagamihara
1828,16762926,"Ricky RTG","2026-09-24 02:48:42",1812.0,2,rickyrtg
1829,16869614,"Szymon Miłosz","2026-09-27 03:01:10",1812.0,2,szymonmiosz
1830,16944349,m_meles,"2026-09-23 16:04:45",1811.6,2,mmeles
1831,16774075,"Mohammad Yaser Hussain","2026-09-24 11:10:55",1811.3,2,mohammadyaserhussain
1832,16738487,"Andrey Shpigar","2026-09-23 18:18:09",1811.2,2,andreyshpigar
1833,16723893,iring58,"2026-09-27 02:18:39",1811.0,2,iring58
1834,16884753,God111,"2026-09-27 05:57:49",1810.8,2,god111
1835,16712863,ominteam,"2026-09-26 18:32:12",1810.7,2,"luantony,suruikk"
1836,16742684,Inzilbêth,"2026-09-24 06:24:15",1809.8,2,inzilbth
1837,16784420,renyxin,"2026-09-26 13:45:53",1809.6,2,renyxin
1838,16661737,"Márcio Santos","2026-09-26 21:56:31",1809.1,2,mos3santos
1839,16655379,Ikeda0516,"2026-09-27 00:05:14",1808.6,2,ikeda0516
1840,16635351,AAAMIKASA,"2026-09-22 15:04:54",1808.6,2,aaamikasa
1841,16778627,LXZ538,"2026-09-26 05:04:47",1808.2,2,lxz538
1842,16632304,"Masataka Suzuki","2026-09-25 17:14:34",1808.1,2,masatakasuzuki
1843,16736124,GIN,"2026-09-23 06:57:33",1807.7,2,runjinzhang
1844,16886856,爱上帝的小熊猫,"2026-09-23 04:30:55",1807.7,2,xuefengxie
1845,16657728,"T Soo","2026-09-24 07:43:09",1807.6,2,ttgrcgrc
1846,16678061,"Sushanth Tiruvaipati","2026-09-25 06:33:19",1807.5,2,sushanthtiruvaipati
1847,16905426,futabato,"2026-09-27 01:32:28",1807.5,2,futabato
1848,16657941,"Nick Styles","2026-09-27 04:57:51",1806.7,2,styles
1849,16622422,ss,"2026-09-23 06:37:19",1806.6,2,forest2026
1850,16741932,"Michael Chen","2026-09-23 01:27:57",1805.5,2,fuqiangchen
1851,16947886,"Rufeng Toxins","2026-09-23 14:01:48",1805.2,2,rufengtoxins
1852,16921163,"Sam StSt","2026-09-22 06:30:05",1804.3,2,samstst
1853,16858208,linhaiy,"2026-09-27 00:21:14",1804.0,2,linhaiy
1854,16843864,IkeKodd,"2026-09-22 12:16:03",1804.0,2,"ikekodd,pinluk"
1855,16684954,Rogues,"2026-09-26 17:37:53",1802.9,2,"saikushal185,suneethreddy"
1856,16794753,"Yan #2","2026-09-26 19:29:49",1802.3,2,diskya
1857,16685743,"Alex Oranov","2026-09-25 09:46:36",1802.2,2,aoranov
1858,16946537,"Roustoum Abdel Moula","2026-09-23 09:34:04",1802.1,1,roustoumabdelmoula
1859,16627906,"Tergel Munkhbat","2026-09-26 09:27:08",1801.8,2,tergelmunkhbat
1860,16644229,"Amy Yuan","2026-09-25 08:08:13",1801.7,2,cozytato
1861,16935983,"Anas Zewail","2026-09-22 16:30:50",1801.5,2,anashanyzewail
1862,16696720,"JAZ COLD HORN","2026-09-27 05:15:34",1801.2,2,"evanmaksud,jazivxt,maulikgajera,niazmohaimanabtahi,victorhorn"
1863,16767929,Timbydude,"2026-09-24 15:30:58",1801.2,2,timbydude
1864,16727350,"T Hansda","2026-09-22 13:49:10",1800.8,2,hansda
1865,16669686,"Mert Bayraktar","2026-09-27 01:22:49",1800.7,2,mertbayraktar
1866,16750448,"Ansh Agarwal","2026-09-25 16:03:14",1798.4,2,anshagarwal2616
1867,16704466,"QQ Farming","2026-09-27 05:22:30",1798.2,2,"dzjiann,hdhsjdjd,keithtyser,mitubant,ngyzly"
1868,16674526,"Imdadul hasan hamim","2026-09-22 08:06:03",1798.1,2,imdadulhasanhamim
1869,16770832,"Harish Yadav","2026-09-24 11:57:04",1796.9,2,harishyadav0506
1870,16662684,"Harshini Reddy","2026-09-25 13:56:07",1796.9,2,luffyh04
1871,16682843,underline12311,"2026-09-23 04:27:15",1796.8,2,underline12311
1872,16671424,cicen1139,"2026-09-27 04:22:11",1796.5,2,cicen1139
1873,16644877,lu_fish,"2026-09-26 08:00:10",1795.3,2,thefish114514
1874,16676336,lemon13418,"2026-09-23 00:05:09",1795.3,2,lemon13418
1875,16629308,Sutee,"2026-09-26 07:54:20",1794.9,2,lszlst
1876,16775350,"Sourabh Nirwanevht","2026-09-27 07:08:02",1794.8,2,"sourabhnirwanevht,yanggod"
1877,16914676,"Luon may Man","2026-09-26 00:02:52",1794.8,2,luonmayman
1878,16759626,"Ghazaros Barseghyan","2026-09-26 05:45:16",1793.7,2,ghazarosbarseghyan91
1879,16774712,icelemon2004,"2026-09-27 07:00:40",1793.5,2,"guanghuchen,icelemon2004,mustard64"
1880,16775803,Robson,"2026-09-26 23:42:19",1792.5,2,robsonsan
1881,16676193,"Akira Hirohashi","2026-09-27 06:30:22",1792.3,2,akirahirohashi
1882,16712134,cf696666,"2026-09-26 18:07:18",1791.8,2,cf33333
1883,16688893,CCG,"2026-09-26 14:16:10",1791.8,2,"hirokenn,nagomenk"
1884,16748866,masayoshi,"2026-09-26 19:51:38",1791.6,2,masayoshi64
1885,16818194,sugiharahara,"2026-09-24 15:33:48",1791.5,1,sugiharahara
1886,16707547,Lin,"2026-09-24 07:52:17",1791.4,2,linjianrong
1887,16681848,Haraguchi-T,"2026-09-23 15:07:53",1791.0,2,haraguchit
1888,16634803,hongzhouzhou,"2026-09-26 09:24:12",1791.0,2,afterrain42
1889,16848217,"Yang Bai","2026-09-23 11:23:39",1790.8,2,jackelysia
1890,16725177,misaka12435,"2026-09-26 23:56:47",1790.1,2,misaka12435
1891,16769234,"Akshar #2","2026-09-23 17:16:50",1789.9,2,"aksharzala,therishitaggarwal"
1892,16876706,"zijun zhang","2026-09-26 16:27:15",1789.7,2,kongmu0503
1893,16798974,huangbin,"2026-09-26 23:38:16",1789.6,2,huangbin1
1894,16696762,SOSyuki,"2026-09-22 01:32:23",1789.0,2,sosyuki
1895,16730462,XTang,"2026-09-23 04:47:53",1788.8,2,flyonthewater
1896,16861903,iwa,"2026-09-23 09:53:06",1788.8,2,ichiko
1897,16925367,codezzzsleep,"2026-09-27 03:00:55",1788.3,2,codezzzsleep
1898,16639507,Homii_N,"2026-09-23 00:41:19",1788.0,2,homeshwarrao
1899,16705139,gogogo,"2026-09-25 23:59:40",1787.8,2,huzech
1900,16827859,"Ishraq Tanvir","2026-09-25 14:54:39",1787.7,2,ishraqtanvir
1901,16623515,"Apple Joy","2026-09-23 05:27:00",1787.5,2,"cqput640,fishcat37,sdq2237"
1902,16692895,Manuf,"2026-09-25 13:01:40",1787.5,2,manuelferromorales
1903,16693942,"Lisan al-Gaib","2026-09-27 02:54:46",1787.3,2,azrihasin
1904,16807538,Asterope,"2026-09-23 08:04:06",1786.5,2,jianlee0
1905,16671012,"Sean Zhang","2026-09-24 01:00:58",1785.1,2,seanzhang2445
1906,16778707,momohuhu_kkkkkarrot,"2026-09-24 01:25:18",1784.2,2,kjy666
1907,16701024,pig7selene,"2026-09-27 06:00:53",1784.1,2,"ejlthomas,gaoeeee"
1908,16662946,uzair,"2026-09-26 20:18:12",1783.1,2,quantumcurator
1909,16796901,hanhan761,"2026-09-24 03:05:34",1782.2,2,"hanhan761,kiivii,noice12138,xiaobai0417"
1910,16661039,Abracadabra,"2026-09-27 02:42:17",1782.0,2,giovannicr
1911,16936346,"Han Zhou","2026-09-22 00:51:30",1781.4,2,hanzhou445
1912,16855885,"Shinonome Seiga","2026-09-27 07:23:07",1781.0,2,shinonomeseiga
1913,16917149,beastars,"2026-09-25 22:49:43",1780.9,2,"doorknob881,ohyabuddy,vickylinvicky"
1914,16943126,"Aaditya Verma","2026-09-27 03:23:57",1780.8,2,tensura911
1915,16641893,"Kashyapsinh gohil","2026-09-26 15:44:03",1779.9,2,kashyapsinhgohil
1916,16679245,"Krzysztof Gonia","2026-09-27 06:14:54",1779.8,2,krzysztofgonia
1917,16665637,Luvsh81,"2026-09-27 02:50:43",1779.6,2,luvsh81
1918,16894950,csly666,"2026-09-21 15:34:28",1779.4,2,csly666
1919,16914287,"Vinzi Leo","2026-09-23 02:31:46",1779.1,2,vinzileo
1920,16623378,"nvidia fan","2026-09-26 04:49:45",1778.4,2,outwrest
1921,16919615,AcidicBlaster,"2026-09-21 10:37:49",1777.9,2,adityamurugesh
1922,16672251,"Kavinkumar M","2026-09-27 05:44:20",1777.6,2,kavinkumarrkm
1923,16680690,MYOUCER,"2026-09-24 01:40:19",1776.8,2,myoucer
1924,16915571,"jay tsang","2026-09-26 07:57:39",1776.8,2,jaytsang
1925,16765233,Shun,"2026-09-24 04:56:58",1775.7,2,shunchan0677
1926,16768650,ifarm,"2026-09-23 08:48:33",1775.4,2,sericsheon
1927,16931127,taipen,"2026-09-26 12:47:36",1774.7,2,pankhuri001
1928,16737237,"Ayodeji Adesegun","2026-09-27 07:17:34",1773.5,2,ayodejiadesegun
1929,16726547,"Ezra Kho","2026-09-26 11:07:55",1773.1,2,ezrakho
1930,16793427,wuwuwu,"2026-09-23 10:35:31",1772.7,2,wu1570
1931,16674649,寿!,"2026-09-27 06:42:59",1772.3,2,taka3776toshi
1932,16671607,"Chanhyuk Han","2026-09-23 08:38:04",1772.0,2,chanhyukhan
1933,16859473,wakaka,"2026-09-27 05:01:20",1771.8,2,bernicerobinson
1934,16638804,"Anhad Mahajan","2026-09-25 11:05:20",1771.5,2,anhadmahajan06
1935,16675344,PP_Azalearn,"2026-09-26 04:44:14",1771.4,2,"androidss,keitookamoto,pptakehirokawada"
1936,16825002,RAVEN,"2026-09-27 06:46:57",1770.9,2,silverlxt
1937,16677855,Mehrdad_LU,"2026-09-22 20:50:28",1770.2,2,mehrdadal2023
1938,16824931,Magniverko,"2026-09-27 02:34:19",1770.1,2,huangyingkun
1939,16801457,"Anthropic Banned My Account","2026-09-23 06:52:31",1769.1,2,subaru486
1940,16871584,xder,"2026-09-26 11:09:18",1768.8,2,xderyeke393
1941,16746689,"Harm Buisman","2026-09-26 09:19:53",1768.5,2,harmbuisman
1942,16664487,houlidai-jiekiulai,"2026-09-27 05:04:59",1767.4,2,houlidaijiekiulai
1943,16783870,malaxg,"2026-09-23 08:04:19",1765.9,2,guoyixian2
1944,16848588,"vibe coders","2026-09-26 07:10:12",1765.4,2,"caando,sheryllynntan"
1945,16761744,"Daiki Takahashi","2026-09-23 08:45:23",1765.2,2,daikitakahashi
1946,16861805,farmer-kuni,"2026-09-23 07:28:14",1765.2,2,kuni05
1947,16931056,zhangsan1224789,"2026-09-23 14:05:54",1764.2,2,zhangsan1224789
1948,16861198,Eggplanck,"2026-09-26 12:26:38",1764.1,2,gyozzza
1949,16878968,"Dale Zhong","2026-09-27 05:45:50",1763.5,2,dalezhong
1950,16923217,kou,"2026-09-20 20:09:04",1763.5,2,yuu111111111
1951,16623071,"Santiago Maniches","2026-09-22 13:44:33",1762.9,2,santmani
1952,16690500,Mr.NoT_GaMeR,"2026-09-27 03:47:24",1762.8,2,joshdilipkumarpatel
1953,16682514,"Pavel Pavlov","2026-09-25 13:16:01",1762.7,2,akakii
1954,16749257,rsraki,"2026-09-26 05:41:43",1762.4,2,rsraki
1955,16932850,"Amir Ghazi","2026-09-26 20:05:27",1761.4,2,amirghazi
1956,16891911,N_noa21,"2026-09-24 11:49:18",1760.4,2,nnoa21
1957,16779388,"Mohammad Alnajdawi","2026-09-23 11:40:29",1760.2,2,mohammadalnajdawi
1958,16646318,TeamNexus,"2026-09-26 18:21:52",1760.2,2,chrisopherjoshy
1959,16908403,"Stepan Ivanov","2026-09-25 14:31:15",1760.1,2,stepanivanov233
1960,16622330,"hiroshi murakami","2026-09-26 06:48:51",1760.0,2,zabojeb
1961,16796937,Alan,"2026-09-24 00:44:47",1759.6,2,amunsentom
1962,16849330,"Ian Wang","2026-09-23 12:15:26",1759.5,2,ianwang1204
1963,16936542,"Lee Velon","2026-09-23 05:30:12",1759.5,2,leevelon
1964,16898651,Kitsune0o,"2026-09-25 12:33:32",1758.5,2,theodaimones888
1965,16809323,"Naoki Yamada","2026-09-23 14:17:01",1758.0,1,naokiyamada1106
1966,16731966,ねねね,"2026-09-24 22:49:32",1757.8,2,napier1550
1967,16852049,Tremble,"2026-09-22 02:07:51",1757.6,2,"aimeechen1,haoxuanwang12366,junsongzhang,qiyaoxu,yifuandonlyyifu"
1968,16880792,dre,"2026-09-22 17:25:08",1757.6,2,ahmedelfazouan
1969,16845736,Gio,"2026-09-23 20:23:43",1757.5,2,giovanizanfra
1970,16918460,cotton0025,"2026-09-27 06:42:33",1757.2,2,cotton0025
1971,16860071,TOSS,"2026-09-22 20:52:48",1756.7,2,toshikawa80
1972,16928213,橋本真旺,"2026-09-22 16:37:33",1756.4,2,mao925
1973,16728708,"Rishi Jain","2026-09-25 19:29:04",1755.9,2,rishijain07
1974,16658365,OnlyFarms,"2026-09-26 09:23:24",1755.0,2,hoowoo
1975,16678370,Wangles,"2026-09-22 11:10:59",1754.7,2,wangles
1976,16669935,"Roman Svet","2026-09-27 06:48:12",1754.5,2,romansvet
1977,16809842,"zg l1218","2026-09-27 03:29:08",1754.2,2,"dkttttt,zgl1218"
1978,16880558,"Georgi Kanev","2026-09-26 11:05:46",1754.1,2,georgikanev
1979,16723318,グレイラットルーデウス,"2026-09-22 07:27:17",1753.8,2,rudeus666
1980,16857505,"joy of harvest","2026-09-22 01:46:50",1753.4,2,"dllogic,hanleileo,lawjkj,mragentrrr"
1981,16882746,yuiop!,"2026-09-24 22:09:05",1753.4,2,yuiopy
1982,16839427,kooooozh,"2026-09-22 19:04:19",1751.8,2,grigoriykozhemyakin
1983,16949503,"Nikita Makarov","2026-09-27 04:40:05",1751.4,2,nikimakarov
1984,16768449,"Dmitry Volovikov","2026-09-26 20:05:59",1751.4,2,dmitryvolovikov
1985,16738822,shakedamo0w0,"2026-09-27 06:33:30",1750.4,2,shakedamo0w0
1986,16848297,chacha260,"2026-09-23 02:18:18",1750.4,2,chacha260
1987,16631421,cg,"2026-09-22 14:31:09",1750.4,2,chaitanyagarg2
1988,16855992,"Vanshika #2","2026-09-22 05:15:19",1750.0,2,crystalbaby
1989,16786357,guoyihui,"2026-09-23 06:12:19",1749.5,2,guoyihui
1990,16858986,kam,"2026-09-24 07:21:27",1749.4,2,kotakambayashi
1991,16749061,"Wang H2O","2026-09-23 03:58:50",1749.3,2,wangh2o
1992,16844132,Tamasaki217,"2026-09-27 03:03:01",1749.2,2,tamadesu217
1993,16930569,MarqueeMoon19770208,"2026-09-26 04:44:32",1749.1,2,marqueemoon19770208
1994,16762195,eliasruntime,"2026-09-24 20:15:23",1748.7,2,eliasruntime
1995,16794527,linyifangzhenshuai,"2026-09-27 05:14:54",1746.2,2,linyifangzhenshuai
1996,16842183,"Sumukh M G","2026-09-25 03:33:11",1746.1,2,sumukhmg35
1997,16655912,sssskilo,"2026-09-27 03:26:29",1744.9,2,wellkilo
1998,16729130,KoshinM,"2026-09-26 10:06:25",1744.3,2,koshinm
1999,16885735,keith,"2026-09-26 10:32:10",1744.1,2,kamatt
2000,16870247,mxt1022,"2026-09-22 04:37:53",1743.9,2,unlome
2001,16796574,cununn,"2026-09-27 04:09:41",1743.7,2,w007425y
2002,16935319,"Adrian Phillips","2026-09-23 06:52:14",1743.4,2,adrianphillips00
2003,16768385,neibyr,"2026-09-21 17:37:47",1742.5,2,neibyr
2004,16890118,chiikavyshy,"2026-09-22 08:05:07",1742.5,2,"marynaborovska,yuriygreben"
2005,16738298,tomo0608,"2026-09-25 14:46:56",1742.0,2,tomo0608
2006,16657094,irynavs,"2026-09-23 14:18:45",1741.9,2,irynavs
2007,16728897,kaba777,"2026-09-27 04:08:18",1741.8,2,kaba777
2008,16924529,dacheah,"2026-09-24 12:40:10",1741.3,2,dacheah
2009,16887631,"Wills Cui","2026-09-22 05:47:39",1741.2,2,willscui
2010,16838362,"Yixuan Yang","2026-09-21 18:31:24",1740.9,2,easoney
2011,16654332,"Borys Tymchenko","2026-09-25 07:10:49",1740.5,2,spsancti
2012,16621294,dpquoc,"2026-09-24 04:40:59",1740.2,2,dpquoc
2013,16808526,iheng88,"2026-09-26 05:47:31",1739.2,2,iheng88
2014,16658203,Lan_Sky,"2026-09-26 11:50:23",1739.2,2,lansky6
2015,16774141,Radiance,"2026-09-21 14:11:32",1738.3,2,"evelyn3976,wangyi01"
2016,16881512,"Asem Adnan","2026-09-24 10:30:05",1737.9,2,asemadnan
2017,16875653,xuzenkun,"2026-09-22 03:42:07",1737.8,2,xuzenkun
2018,16809332,"ansheng jhang","2026-09-23 08:52:27",1737.7,2,anshengjhang
2019,16886400,Nisshi888880,"2026-09-23 02:45:13",1737.1,2,nisshi888880
2020,16632113,"Any Things","2026-09-26 20:43:32",1736.9,2,anythingsj3fare767
2021,16915663,Wlemalin,"2026-09-23 15:16:20",1736.7,2,wlemalin
2022,16867067,jiazepin,"2026-09-22 07:25:00",1736.7,2,jiazepin
2023,16940950,"Camarillo Kull","2026-09-24 14:09:04",1736.6,2,camarillokull
2024,16696421,"Koyashiki Mao","2026-09-22 11:55:10",1736.5,2,koyashikimao
2025,16688568,Sophie555,"2026-09-27 04:10:25",1736.2,2,sophie555
2026,16943033,BobChuckyJoe,"2026-09-24 05:07:19",1736.2,2,bobchuckyjoe
2027,16917715,Jacker_Du,"2026-09-26 17:29:39",1735.8,2,"jackerdu,pinjiewang,sunjiadong12,sunruiwang"
2028,16732156,"Ца-ри-ца по-лей, ку-ку-ру-за!","2026-09-23 18:23:49",1735.6,2,samvelkoch
2029,16657032,"Ayaan Ghosh","2026-09-27 06:23:06",1735.2,2,ayan9001
2030,16653728,"Iswar Patra","2026-09-25 15:05:38",1735.0,2,iswarpatra
2031,16655567,Heisnotanimposter,"2026-09-22 04:52:39",1734.5,2,test013
2032,16655704,heinado,"2026-09-26 19:48:20",1734.4,2,heinado
2033,16789546,"lsm jii","2026-09-25 04:46:00",1734.2,2,lsmjii
2034,16660395,ljx59141421,"2026-09-22 13:47:32",1733.0,2,ljx59141421
2035,16640394,"MOHAMMADJAFAR ZAMANI","2026-09-27 04:19:36",1732.0,2,mohammadjafarzamani
2036,16734551,"junseok lee","2026-09-21 21:25:20",1732.0,2,jaslee2
2037,16763375,Makus,"2026-09-22 13:33:25",1731.8,2,alexmartinez75
2038,16633552,Unkn0wn,"2026-09-27 06:05:12",1731.3,2,"harnadshilpa,nagendraadisesha"
2039,16741672,张菠,"2026-09-22 03:23:37",1731.1,2,ysqdababa
2040,16765327,master_ssx,"2026-09-22 03:19:56",1731.0,2,masterssx
2041,16644480,"Umut Keltek","2026-09-23 19:23:59",1730.2,2,umutkeltek
2042,16841826,抵扣豆浆,"2026-09-27 04:49:07",1729.9,2,tootough
2043,16681986,"Chirantan Bhardwaj","2026-09-25 04:22:03",1729.8,2,chirantanbhardwaj
2044,16674919,yukiZ,"2026-09-27 04:51:31",1729.7,2,hideyukizushi
2045,16912574,好运连连,"2026-09-26 11:36:28",1729.7,2,"jiangxinyuan616,xiaoranx,xigemalyk"
2046,16883863,qhapaq49,"2026-09-24 05:46:37",1729.1,2,qhapaq49
2047,16655632,"Dmitry Kozlov","2026-09-22 05:26:12",1729.1,2,dkozlov
2048,16683808,RuggedBones,"2026-09-22 17:38:06",1728.0,2,ruggedbones
2049,16806219,"Yiwei Pu","2026-09-22 01:59:54",1727.7,2,"lvyihan1210,raven20010261,yiweipu"
2050,16682885,风沙星辰,"2026-09-21 20:40:04",1727.7,2,"duoliya,linyeping,sereinovov,wangying2026"
2051,16623805,"Howon Kang","2026-09-27 06:39:10",1727.1,2,howonkang
2052,16653828,Boltuzamaki,"2026-09-21 09:13:57",1726.8,2,boltuzamaki
2053,16804827,"Bala Baskar","2026-09-25 08:46:44",1726.4,2,balabaskar
2054,16623399,Kendamarron,"2026-09-21 07:06:28",1726.0,2,kazuhirokuriyama
2055,16924604,"Dzmitry Pihulski","2026-09-26 23:12:29",1725.9,2,dzmitrypihulski
2056,16708296,LUCKY2,"2026-09-25 19:45:03",1725.7,2,carolezountangni
2057,16721248,"Raef Guizani","2026-09-22 08:25:43",1725.1,2,raefguizani
2058,16650181,victorvv,"2026-09-26 13:13:38",1724.8,1,whs66666666666
2059,16642036,enddl22,"2026-09-22 00:21:17",1724.2,2,enddl22
2060,16664392,AdamHsieh,"2026-09-26 03:06:41",1724.2,2,adamhsieh
2061,16715828,samg,"2026-09-24 11:25:06",1724.0,2,samgreen2046
2062,16674451,NycteacoBa,"2026-09-27 03:31:05",1723.8,2,nycteaowl
2063,16932743,"Chris Chia","2026-09-22 02:24:46",1723.4,2,cchia3
2064,16659103,Arin,"2026-09-24 14:33:50",1723.2,2,skarin
2065,16704924,jdx,"2026-09-25 02:15:10",1721.5,2,jdsemrau
2066,16824664,wozijishuode,"2026-09-27 05:11:18",1721.2,2,jamsubmarines
2067,16667020,SCLim2022080004,"2026-09-22 03:18:23",1721.2,2,sclim2022080004
2068,16657576,"SUBHASH B","2026-09-26 10:30:54",1721.0,2,"rishikrish1,subhashb21022"
2069,16859316,LP,"2026-09-25 12:13:14",1720.6,2,lihu6666
2070,16927137,"Hibachi Fried Rice","2026-09-27 04:45:08",1720.5,2,samvalladares
2071,16674839,"hongqian miao","2026-09-20 14:22:50",1720.4,2,hongqianmiao
2072,16799304,"Rlug mb","2026-09-26 06:43:07",1720.4,2,"hongxinzhang111,minhtrph,rlugmb"
2073,16661073,PyJa,"2026-09-21 22:26:27",1720.2,2,pixiux
2074,16682753,"Cam-Luan Truong","2026-09-22 11:11:54",1720.0,2,luantruong
2075,16779598,RiverStead,"2026-09-24 14:28:38",1720.0,2,riverstead
2076,16660152,LIH.YUN,"2026-09-27 07:39:01",1719.7,2,fxlcee
2077,16658677,大山,"2026-09-24 02:51:50",1719.1,2,mapodoufu
2078,16810299,spencersi123,"2026-09-27 06:36:00",1717.8,2,spencersi123
2079,16886344,魏杨康,"2026-09-27 04:46:14",1717.1,2,weiiyangkang
2080,16862614,"Andrew Bunn","2026-09-22 00:14:18",1716.7,2,andrewbunn
2081,16664239,VK_Kaggriculture..StartCompet,"2026-09-24 13:28:59",1715.7,2,venkatkumar001
2082,16662191,Danieler,"2026-09-22 18:46:56",1715.6,2,danielerufo
2083,16644690,Dubnium,"2026-09-26 21:50:37",1715.4,2,ahmetyasin1
2084,16735232,"Johnson Chishimba","2026-09-22 05:41:07",1715.0,2,johnsonchishimba
2085,16747982,"Affriza Wildan Fauzan","2026-09-27 03:30:57",1714.6,2,affrizawildanfauzan
2086,16644530,"Busya PRIME","2026-09-21 11:20:07",1714.1,2,busyaprime
2087,16673013,TTT,"2026-09-23 08:59:54",1713.5,2,tadahiroasami
2088,16726769,"Ci Zhu","2026-09-27 03:39:13",1713.4,2,zhuci1993
2089,16818060,bnfan,"2026-09-27 00:01:53",1712.7,2,simonfan7
2090,16725856,"Abhi Datta","2026-09-27 04:43:44",1712.3,2,abhidatta87
2091,16840550,henriquejsza,"2026-09-21 05:07:28",1711.5,2,henriquejsza
2092,16789561,"Rohan Kishibe","2026-09-22 14:43:18",1710.6,2,anbianluban1
2093,16838560,Aphrodite,"2026-09-24 05:04:21",1710.6,2,aphrodite874
2094,16745419,elren,"2026-09-21 15:48:47",1710.3,2,elrensmin
2095,16655789,"wen chong yu","2026-09-27 07:05:06",1709.4,2,wenchongyu
2096,16634716,Eusebius,"2026-09-26 13:29:43",1709.0,2,protuberanzen2000
2097,16727110,yemaoye,"2026-09-27 07:41:38",1708.9,2,"luckyappley,yemaoye"
2098,16786109,"Thomas Deng","2026-09-27 00:58:09",1708.8,2,tdeng24
2099,16675960,"Audric LOKO","2026-09-24 20:40:08",1708.5,2,audricloko
2100,16755229,theearthcheng,"2026-09-22 02:20:25",1708.1,2,theearthcheng
2101,16764386,Troy_xx,"2026-09-27 07:41:14",1708.0,2,troyxx
2102,16900489,Machine_e1,"2026-09-25 12:52:38",1707.4,2,"arcanee1,machinee1,mymilk"
2103,16629787,FlameZywoo,"2026-09-24 01:55:15",1707.3,2,zgdllt
2104,16657229,"Adam Plow","2026-09-22 09:40:21",1707.0,2,lizhiiii
2105,16681893,morality0707,"2026-09-27 01:15:34",1706.5,2,morality0707
2106,16860559,"Sara Lark","2026-09-22 02:44:20",1706.4,2,saralark
2107,16934170,"Krish Shah","2026-09-23 05:49:34",1705.9,2,krshs90
2108,16713743,oliver,"2026-09-23 17:57:56",1705.8,2,ollibolli
2109,16721501,αίνιγμα,"2026-09-26 17:17:50",1705.8,2,"muditnagori09,shahidnadaf001"
2110,16845531,"Suzuki Yuto - W","2026-09-24 06:15:04",1704.7,2,hoshinoyumemi
2111,16664459,gngnher,"2026-09-27 03:00:52",1704.0,2,ryanshunsuke
2112,16622937,"Sheep 🐑","2026-09-25 20:46:49",1703.4,2,kabilrh
2113,16888254,CaliforniaDog,"2026-09-24 04:55:58",1703.4,2,californiadog
2114,16663603,xsong2020,"2026-09-25 16:05:34",1703.3,2,xstargate
2115,16757034,"Hanxiang Li","2026-09-21 03:43:45",1702.8,2,hanxiangjames
2116,16683435,CoorDi,"2026-09-27 06:39:07",1702.6,2,bxy0125
2117,16768047,アメリカ農業研究会,"2026-09-21 20:12:15",1701.2,2,flnkhome
2118,16942875,Vikram,"2026-09-24 03:42:14",1700.8,2,vikramreddy2001
2119,16623450,S.Aoki,"2026-09-21 04:27:13",1699.9,2,soyaoki
2120,16662749,Jordan,"2026-09-27 06:17:34",1699.5,2,extergeist
2121,16841940,"Hakkı Besim Bardakçı","2026-09-25 13:53:39",1699.1,2,xdebron
2122,16736931,"Sergei Fironov","2026-09-25 14:06:23",1697.9,2,sergeifironov
2123,16921085,Keerthana,"2026-09-23 16:30:06",1697.6,2,k33rthanaa
2124,16848622,"KUO JEN WEI","2026-09-24 19:20:54",1696.7,2,"kuojenwei,kuyiting"
2125,16848992,"Lee Shit Hoo","2026-09-25 16:13:41",1695.9,2,leeshithoo
2126,16773185,"Alwin Djuliansah","2026-09-26 01:40:34",1695.2,1,alwdj07
2127,16732530,可抽奖的冰棒,"2026-09-27 05:02:23",1695.1,2,daniel1547
2128,16749605,SoedaHaruto,"2026-09-27 06:52:56",1695.1,2,soedaharuto
2129,16862155,"Kydyrbek Kozykorpesh","2026-09-25 20:42:20",1694.0,2,kozykappa
2130,16806014,"weihao huang2004","2026-09-26 03:05:17",1693.9,2,weihaohuang2004
2131,16732878,modelcollapse,"2026-09-21 10:09:15",1693.8,2,modelcollapse
2132,16659730,"Zhang Yingluo","2026-09-22 14:08:04",1693.7,2,zhangyingluo
2133,16851399,"Ali Eren Konak","2026-09-25 14:43:37",1693.0,2,alierenkonak
2134,16754823,"tiki tiki tiki","2026-09-23 22:48:33",1692.0,2,slangitup
2135,16668056,"Quantum Farm","2026-09-21 16:05:52",1691.2,2,"anselem7,divineokwueze,nnanyereuzoma"
2136,16916938,MC1127,"2026-09-24 13:08:50",1690.9,2,mc1127
2137,16772723,"Zhou Haonan","2026-09-21 13:37:50",1690.1,2,hatsuseizuna
2138,16806475,sohma,"2026-09-25 16:29:25",1689.9,2,hi210278
2139,16665077,"Mohit Babel","2026-09-24 20:55:36",1689.8,2,mohitbabel
2140,16673230,saitamad,"2026-09-27 05:43:06",1689.4,2,saitamad
2141,16623463,porply,"2026-09-21 13:32:47",1689.1,2,porply
2142,16817077,"Dinesh kumar Thiyagarajan","2026-09-20 21:01:23",1688.5,2,dineshkumar0705
2143,16670883,G*Sim,"2026-09-26 14:43:12",1688.3,2,guillaumesimiand
2144,16931481,"Дмитрий Томилов","2026-09-22 02:12:22",1687.7,2,floyed
2145,16817923,"Adhiraj Jagtap","2026-09-23 19:44:00",1687.4,2,adhirajjagtap
2146,16935420,"zicong pan","2026-09-24 09:34:45",1686.8,2,zicongpan
2147,16858087,"Mohd Aasim Ansari","2026-09-21 07:35:49",1686.4,2,aasim2003
2148,16622482,"Veniamin Nelin","2026-09-21 10:44:20",1685.8,2,veniaminnelin
2149,16841190,dp23334,"2026-09-22 10:42:21",1683.9,2,dp23334
2150,16732746,MSG_Encrypted,"2026-09-27 00:07:59",1683.9,2,msghais
2151,16806840,"Tavuk Master","2026-09-21 09:52:18",1683.5,2,mkrimenurgm
2152,16644452,Durlabh_Jha,"2026-09-24 01:41:55",1683.3,2,durlabhjha
2153,16791862,"Emmanuel Mireku","2026-09-26 21:25:17",1682.8,2,eldermireku
2154,16645203,easonyanyan,"2026-09-27 05:10:36",1682.7,2,easonyanyan
2155,16730634,Priestess,"2026-09-21 05:34:51",1681.9,2,kalypheus
2156,16795134,"jiawei li","2026-09-21 13:10:30",1681.8,2,jiaweiaaa
2157,16750317,"ELhamdaoui AM","2026-09-27 02:06:59",1681.8,2,elhamdaouiabdelmajid
2158,16932991,"Gabriel Stoms","2026-09-22 15:15:38",1681.2,2,gabrielstoms
2159,16847609,"Aura Farmers","2026-09-23 21:03:10",1681.0,2,"adriana0022,ayrnpn,shengkaizhu"
2160,16864870,JR,"2026-09-22 14:20:57",1680.8,2,jurijsruko
2161,16797543,Tarang222,"2026-09-21 03:38:32",1680.4,2,tarang222
2162,16930280,greyhound,"2026-09-23 07:24:56",1679.9,2,tapaskd123
2163,16806376,pardival,"2026-09-26 11:26:40",1679.8,2,pardival
2164,16749576,heralces,"2026-09-21 15:38:45",1679.8,2,heralces
2165,16851147,Saifuddin,"2026-09-26 21:51:24",1679.7,2,syehsyoh
2166,16712751,haruo_tensai,"2026-09-26 01:58:17",1679.7,2,haruotensai
2167,16770282,colt,"2026-09-21 17:56:20",1679.3,2,"logicalgenius1,mindmaniac,mindpioneer,thinkinglogic2,xiaomaguo"
2168,16857607,inny,"2026-09-23 04:12:13",1678.3,2,innycc
2169,16709101,"Djaafar Lecheheb DL","2026-09-27 06:59:30",1678.2,2,djaafarlechehebdl
2170,16924825,"Steven Feng","2026-09-24 09:46:32",1678.1,2,stevenkaiyi
2171,16901894,"Michael Reid","2026-09-23 17:10:41",1677.7,2,michaelreid2025
2172,16718660,"Ramona Flowers","2026-09-26 07:54:36",1677.0,2,forsmthnoithingtosay
2173,16851186,kaerururu,"2026-09-27 03:10:18",1676.1,2,kaerunantoka
2174,16863501,ATC,"2026-09-20 09:24:46",1675.6,2,t6ccc2
2175,16849780,"Juan Leiva","2026-09-20 14:08:59",1675.0,2,juank333
2176,16740659,haodou092,"2026-09-26 12:28:42",1674.8,2,haodou092
2177,16668406,"VAP RF5","2026-09-26 08:11:48",1674.6,2,vaprf5
2178,16658109,edward1503,"2026-09-21 09:31:07",1674.2,2,nguynnc
2179,16822002,shiokoh,"2026-09-27 02:09:16",1674.1,2,shiokoh
2180,16682879,"Ace Team","2026-09-27 01:57:07",1674.0,2,drpatrickchan
2181,16625214,Malla,"2026-09-21 14:31:15",1673.2,2,mallaphalguni
2182,16770715,"Vicens Gaitan","2026-09-20 17:06:04",1673.1,2,vicensgaitan
2183,16880773,最强扫地僧,"2026-09-21 05:14:26",1672.1,2,yyx466005036
2184,16920189,"Son Hoang","2026-09-23 12:57:59",1672.0,2,sonhoang82
2185,16764850,"cy zhang","2026-09-26 03:21:38",1671.9,2,zcy20051117
2186,16693488,HarvestZero,"2026-09-25 03:34:38",1671.7,2,bernardboatey
2187,16670524,"Nat Bel ML Fun","2026-09-20 18:16:27",1671.4,2,natbel4ml
2188,16718937,62326368,"2026-09-26 11:50:31",1671.0,2,mooniim
2189,16672033,"Mohan Prasath P","2026-09-21 13:48:43",1670.9,2,mohanprasath21
2190,16659540,"Goua Henri","2026-09-24 07:27:58",1670.8,2,gouahenri
2191,16878026,yamazaking,"2026-09-27 00:44:28",1670.8,2,zacky21
2192,16779110,markastra,"2026-09-27 01:14:23",1670.6,2,markastra
2193,16653982,"Arul Prasad S P","2026-09-27 06:51:48",1669.5,2,arulprasadsp
2194,16929850,"XINGYUAN  ZHOU","2026-09-22 14:12:26",1669.5,2,n05199
2195,16728549,Karatelb,"2026-09-26 11:53:23",1669.4,2,karatelb
2196,16935893,lixusb,"2026-09-21 11:31:19",1668.5,2,lixusb
2197,16935499,"Smarter Decision🏆","2026-09-26 13:05:44",1668.2,2,yunkuns
2198,16844004,"Takahiro Saito","2026-09-26 23:02:46",1667.6,2,takahiro3110
2199,16645431,Amin,"2026-09-25 15:27:01",1667.3,2,aminvafaei
2200,16752444,zama,"2026-09-21 06:56:28",1667.2,2,zamami
2201,16632006,"Adwait Tagalpallewar","2026-09-20 11:40:04",1666.8,2,adwaittagalpallewar
2202,16840857,Meteor,"2026-09-26 15:51:24",1666.3,2,meteorkid
2203,16849282,ancientLuck,"2026-09-20 13:04:14",1666.2,2,ancientluck
2204,16624047,GUOHAOYANG,"2026-09-21 06:13:29",1665.9,2,pkuszboi
2205,16744983,Gappy,"2026-09-21 12:02:19",1665.2,2,takahirohigasa
2206,16898500,"M Noxon","2026-09-18 21:46:34",1664.8,2,mnoxon
2207,16663403,matthewwh,"2026-09-20 03:47:30",1664.5,2,matthewwh
2208,16730142,static,"2026-09-20 11:56:45",1664.4,2,huangshunhao
2209,16658221,"Roshan Roy","2026-09-25 18:08:07",1664.3,2,"adhilvt,mohamedarifj,roshanroy333"
2210,16755495,"Leo Udah","2026-09-24 06:03:33",1664.2,2,leoudah
2211,16899004,Antonoof,"2026-09-20 08:51:31",1662.8,2,antonoof
2212,16641183,"Team Name Pending","2026-09-20 14:32:46",1662.1,2,"abdaathaillahhadyan,oliverspiby"
2213,16897821,bjthomas,"2026-09-20 17:39:05",1662.0,2,bjthomas
2214,16851343,"Ritwika Kancharla","2026-09-27 01:43:09",1661.2,2,ritwikakancharla
2215,16709068,Vib,"2026-09-25 04:41:27",1661.0,2,viblal
2216,16699586,"Linda Liu","2026-09-22 03:43:59",1661.0,2,lpoint
2217,16839638,keeplooking,"2026-09-23 19:17:02",1661.0,2,keeplooking
2218,16857977,namopanda,"2026-09-27 06:28:53",1660.8,2,namopanda
2219,16669632,"Kenneth Alonso","2026-09-26 19:24:14",1659.8,2,kennethalonso
2220,16669594,euorrl,"2026-09-26 14:02:56",1659.5,2,euorrl
2221,16779519,"Xiangsong Tian","2026-09-27 05:18:09",1659.4,2,xiangsongtian25
2222,16701074,"One Policy to Rule Them All","2026-09-20 17:04:35",1659.1,2,qujiahui
2223,16924433,stochar,"2026-09-26 14:28:44",1659.0,2,"bayerfe,quantforge12,spectior,stochar"
2224,16884028,"Jayden Y","2026-09-25 01:39:28",1657.4,2,jy0810
2225,16750575,Gronk,"2026-09-26 07:47:06",1657.1,2,jianyicai
2226,16887858,"Oleg Zholobov","2026-09-21 14:06:59",1656.8,2,olegzholobov
2227,16660215,"YoungDSML [dsml.kz]","2026-09-21 05:22:59",1656.5,2,"mazgas,nurikw3"
2228,16766401,"Gobi Elangovan","2026-09-20 11:00:23",1656.5,2,gobielangovan
2229,16654710,"Ray Brothers","2026-09-27 03:57:29",1655.8,2,"madhurjyaray,vibekodr"
2230,16924499,Matterhorn3838,"2026-09-26 01:53:36",1655.3,2,matterhorn3838
2231,16630545,"GAURAV PARKHEDKAR","2026-09-25 13:18:41",1655.1,2,gauravparkhedkar
2232,16640264,DhanaLakshmiMalla,"2026-09-22 20:29:36",1654.8,2,dhanalakshmimalla
2233,16930459,Ela,"2026-09-20 12:04:21",1654.3,1,pentol
2234,16865693,Eda,"2026-09-20 11:51:41",1653.7,2,edagram
2235,16771558,"Vitalie Cervinschi","2026-09-27 00:52:07",1653.4,2,vitaliecervinschi
2236,16808111,"Oliver #2","2026-09-21 10:29:39",1653.1,2,wangzn0410
2237,16659961,faahh,"2026-09-25 18:30:51",1653.0,2,shivam98saini
2238,16907973,Mainafly,"2026-09-23 06:07:12",1652.9,2,ishakuyusufmaina
2239,16623440,"JB Bryant","2026-09-22 19:26:37",1652.2,2,jbbryant
2240,16927660,abraxas417,"2026-09-20 13:44:26",1652.2,2,abraxas417
2241,16891902,Farmcore,"2026-09-27 03:33:06",1652.1,2,"betmyex,doifgoox,garifullintimur,naviniklag"
2242,16889522,nyayassist,"2026-09-26 19:01:46",1652.1,2,"gauravnagotanekar,raneyash"
2243,16922907,萤火2018,"2026-09-20 09:48:37",1650.5,2,aiwody
2244,16937269,"Egg D. Kernel","2026-09-22 01:53:27",1650.0,2,eggdkernel
2245,16924344,trigo,"2026-09-21 07:41:11",1649.9,2,trigoani
2246,16797699,"Dylan Moraes","2026-09-20 10:38:18",1649.2,2,dylanmoraes
2247,16669148,"Syed Muhammad Gillani","2026-09-20 23:33:36",1649.1,2,syedmuhammadgillani
2248,16747408,すずき,"2026-09-27 06:55:01",1648.5,2,shumpeace
2249,16632476,"Назар Коваль","2026-09-26 21:58:56",1648.3,2,miickey
2250,16943490,"green algeria","2026-09-22 19:12:48",1647.7,2,greenalgeria
2251,16657657,ArnabKarmakar,"2026-09-27 05:30:51",1647.6,2,arnabkarmakar
2252,16795086,Leroll,"2026-09-20 15:54:30",1647.4,2,leroll
2253,16768100,Nathael,"2026-09-21 00:41:59",1646.7,2,nathaeldias
2254,16676904,researchstudio.site,"2026-09-26 23:23:44",1646.4,2,fistyee
2255,16832192,"No Name #2","2026-09-25 16:33:33",1645.8,2,ivanj0
2256,16871409,"Aleksandr Isakov","2026-09-27 00:41:21",1645.4,2,aleksandrisakov
2257,16716531,tebenia,"2026-09-20 08:51:40",1644.6,2,tebenia
2258,16651804,"Bocen Li","2026-09-21 07:31:53",1644.2,2,bocenli
2259,16706227,"Wise Fancy","2026-09-20 10:09:34",1644.1,2,wisefancy
2260,16925409,GEHAOHUA,"2026-09-20 09:31:42",1644.0,2,gshy2028
2261,16640472,"Vsevolod Rakita","2026-09-27 06:21:08",1643.5,2,vsevolodrakita
2262,16805952,hatakazu93,"2026-09-20 23:00:27",1643.1,2,hatakazu93
2263,16732727,brightest66,"2026-09-27 07:14:39",1642.2,2,"brightest66,laplacenvmv"
2264,16627799,"navazsh fathi","2026-09-22 15:31:34",1642.1,2,navazshfathi
2265,16860164,Ry_Sa,"2026-09-22 13:02:38",1641.8,2,ryqsaq
2266,16865949,bhaskar9221,"2026-09-26 17:24:42",1641.8,2,bhaskarkumar11
2267,16807038,mitsuki,"2026-09-24 10:16:05",1640.8,2,mk00000
2268,16949981,"Yi Yu","2026-09-26 19:49:14",1640.6,2,yy5652
2269,16749251,HawkOsm,"2026-09-23 05:17:19",1640.5,2,hawkosm
2270,16743528,shfyyds12138,"2026-09-20 02:46:07",1640.3,2,"chrisshi123,junwenzhu1314"
2271,16853132,masa0219,"2026-09-26 21:46:08",1639.2,2,masa0219
2272,16678080,"Timothy Adeyemi","2026-09-19 16:58:52",1638.9,2,timothyadeyemi
2273,16724242,"Romash Koirala","2026-09-25 12:35:17",1638.3,2,romashkoirala
2274,16928640,Kenj,"2026-09-20 08:01:59",1637.7,1,kiritoooooooo
2275,16939292,Cunriman,"2026-09-24 12:59:54",1637.6,2,cunriman
2276,16668260,"Yangle Ma","2026-09-22 21:00:01",1637.5,2,yanglema
2277,16868304,"Aaron amacadu","2026-09-19 20:18:38",1636.5,2,aaronamacadu
2278,16846010,muelsyse111,"2026-09-27 07:32:10",1636.5,2,"muelsyse111,zltrqn"
2279,16870800,Myasui,"2026-09-27 06:01:32",1636.4,2,zaki38
2280,16632493,"oni chan arigato","2026-09-20 10:55:22",1636.0,2,"kindasomethin,nabidnur"
2281,16850683,cooked,"2026-09-27 05:48:08",1635.9,2,"jentopia,toasty3302,xenonminer"
2282,16664836,"Adnan Zaman","2026-09-27 07:33:26",1634.3,2,adnanzamanniloy
2283,16658777,"Jiarui (Jerry) Cao","2026-09-20 06:23:25",1633.7,2,jiaruicao7
2284,16785884,TX,"2026-09-26 20:08:27",1633.4,2,realrudraa
2285,16801855,KooDol,"2026-09-22 19:32:13",1632.8,2,koodol
2286,16673604,"Jiman Kwon","2026-09-27 03:49:55",1632.5,2,jimankwon
2287,16906626,JY,"2026-09-20 13:07:00",1632.3,2,junyihjy
2288,16717572,kiyomiya-k,"2026-09-20 11:37:44",1632.2,2,kiyomiyak
2289,16863383,HanFish,"2026-09-26 11:04:51",1631.1,2,hananfish
2290,16751358,Cristiano,"2026-09-26 14:41:59",1630.8,2,zhuangbility
2291,16917535,"Edric Zhou","2026-09-21 08:05:07",1630.2,2,edriczhou
2292,16848394,Polaris,"2026-09-19 12:40:07",1630.1,2,zhanglei226
2293,16838914,kikikukikii,"2026-09-20 11:03:49",1630.0,2,kikikukikii
2294,16742267,chandora,"2026-09-27 05:32:58",1630.0,2,chandora
2295,16881005,"Donald Trump","2026-09-22 01:00:34",1629.4,2,"seanmtk,sinfonia8838"
2296,16623990,senkin13,"2026-09-27 06:57:39",1629.2,2,senkin13
2297,16773244,"Yudai Ueno","2026-09-20 01:13:36",1628.8,2,yudaiueno
2298,16714159,Lonnie,"2026-09-22 16:13:10",1627.7,2,lonnieqin
2299,16885137,"Manjunadh Padarthi","2026-09-25 05:27:43",1626.6,2,manjunadhpadarthi
2300,16635600,"Divyansh Kumar","2026-09-27 06:03:26",1626.2,2,"divyanshkumar3,vivekjeetpatel"
2301,16881681,失忆的海_,"2026-09-27 03:38:08",1625.9,2,shiyidehai
2302,16937817,Yuki_ARL,"2026-09-21 17:58:56",1625.8,1,yukiarl
2303,16855111,PixelPuff,"2026-09-26 14:16:59",1625.6,2,krishpatel290895
2304,16713543,"Rustam Bazarbayev","2026-09-26 03:50:46",1625.4,2,rustambazarbayev
2305,16665084,"Wei Han","2026-09-20 06:30:13",1624.9,2,weihan87
2306,16719123,"Thomas Tschinkel","2026-09-23 02:43:20",1624.3,2,thomastschinkel
2307,16891396,易思言ysy,"2026-09-17 15:02:45",1624.2,2,ysykevin
2308,16719869,"Swamy Gadila","2026-09-25 14:32:08",1623.9,2,testfridaycore2
2309,16898309,"Mohammad Albaddawi","2026-09-19 14:27:45",1623.0,2,m7mdalbaddawi
2310,16712560,"Max vrstpan1","2026-09-25 15:57:43",1622.4,2,wdjy123456
2311,16722619,vlavlalva,"2026-09-20 13:44:47",1622.1,2,cppcph
2312,16916418,Lukas,"2026-09-23 13:02:38",1622.0,2,lukasbuck
2313,16866996,"Marina Afanas'eva","2026-09-20 22:23:21",1621.9,2,proamari
2314,16654681,htech5,"2026-09-25 13:19:38",1621.8,2,htech5
2315,16623988,"Charismatic Pizza Party🍕","2026-09-19 12:22:20",1621.4,2,debugendless
2316,16675063,"King Tian","2026-09-27 03:04:11",1620.9,2,"serven1,tianwang1210"
2317,16926297,brave-心勇-heart,"2026-09-22 10:33:15",1620.9,2,braveheart
2318,16811072,Rafael,"2026-09-19 17:19:25",1620.5,2,rafaeldsjhkas
2319,16849814,"Mr. Architect","2026-09-20 08:06:03",1620.4,2,vietnguyen130593
2320,16673328,"Preetham Prasanna","2026-09-27 03:36:16",1620.3,2,preethamprasanna
2321,16661575,skw1990,"2026-09-20 23:43:37",1620.2,2,skw1990
2322,16774701,@Suzumaru_1666,"2026-09-27 07:14:04",1620.0,2,suzumaru1666
2323,16635067,"Berat Egemen Gök","2026-09-23 19:09:42",1619.3,2,berategemengk
2324,16630315,janson,"2026-09-22 15:28:31",1619.3,2,johnjanson
2325,16746380,JKong,"2026-09-24 00:00:30",1618.8,2,kmt2001
2326,16762957,邪悪な暁山瑞希、ジャガイモを量産してフライドポテト市場を独占,"2026-09-26 09:13:26",1618.3,2,yinzimike
2327,16941720,Abdellatif,"2026-09-22 13:35:50",1617.9,2,moussaid
2328,16782520,Durian,"2026-09-20 08:09:06",1617.4,2,rainyjin
2329,16755911,"Paarth Patel","2026-09-20 04:34:50",1617.2,2,martis10
2330,16736874,mhiro2,"2026-09-27 00:04:47",1616.6,2,mhiro2
2331,16757727,"Sohshi Nakamura","2026-09-27 07:18:18",1616.6,2,sohshinakamura
2332,16634426,ertu,"2026-09-20 16:42:44",1616.2,2,ozertuu
2333,16668798,"Ayush Shukla","2026-09-26 18:08:36",1615.3,2,ayushivy
2334,16920843,"Hou JH-71","2026-09-20 13:09:46",1615.2,2,houjihao
2335,16926712,lostargon,"2026-09-21 21:44:55",1615.0,2,vadimpryakhin
2336,16763437,"⸻AgentZZ ⸻","2026-09-26 16:27:48",1614.0,2,agentzz
2337,16731415,BOB,"2026-09-26 15:56:57",1614.0,2,hotpotbro
2338,16777394,antadam127,"2026-09-19 23:03:20",1613.8,2,antadam127
2339,16915820,CjzmFeng,"2026-09-27 06:12:33",1611.7,2,cjzmfeng
2340,16898760,"Berat Erol ÇELİK","2026-09-25 17:54:55",1611.5,2,beraterolelk
2341,16623920,"Kazuta MIZUTA","2026-09-21 00:27:46",1610.7,2,kazutamizuta
2342,16663759,Aggro,"2026-09-21 17:30:40",1610.3,2,datafad
2343,16724366,"YASH JAIN","2026-09-27 07:01:42",1610.3,2,yashjain911
2344,16926016,"[KGZ] Aruke Sulaimanova","2026-09-19 15:15:47",1610.2,2,arukesulaimanova1
2345,16866458,lalal2006,"2026-09-23 14:26:28",1609.4,2,lalal2006
2346,16942821,PabloKim,"2026-09-25 11:26:53",1609.1,2,pablodevkim
2347,16947082,"Alex  Redna","2026-09-25 12:46:49",1608.9,2,alexredna
2348,16847096,Jackylw,"2026-09-20 15:53:08",1608.9,2,jackylw
2349,16790652,救赎之道，就在其中,"2026-09-20 01:08:29",1608.5,2,"mengyihu,pengchaozheng"
2350,16757392,Winter01,"2026-09-26 12:27:22",1608.3,2,wei111111
2351,16696960,pi-500.phys,"2026-09-22 19:46:47",1608.0,2,pi500phys
2352,16697461,Agricroporation,"2026-09-19 09:25:16",1607.0,2,"algionightly,kroissant7,officialabhinavsingh"
2353,16691451,Nakano,"2026-09-20 00:33:55",1606.4,2,spicatom0914
2354,16621075,"Octavi Grau","2026-09-22 16:25:47",1606.0,2,octaviograu
2355,16854939,nusrati,"2026-09-20 04:10:54",1605.8,2,nusrati
2356,16743546,"Simon Dorcas","2026-09-24 16:36:17",1605.2,2,simondorcas
2357,16914950,"Alessio Mezzina","2026-09-22 07:11:58",1605.2,2,alessiomezzinaaa
2358,16929902,Daijun_zju,"2026-09-21 07:23:03",1604.5,2,daijunzju
2359,16848850,Lazyman,"2026-09-21 18:42:12",1604.4,2,lazyman
2360,16726545,whm8016,"2026-09-23 16:17:05",1604.3,2,whm8016
2361,16668123,B0RN2BL0W0UT,"2026-09-19 19:30:24",1604.2,2,kadenmansur
2362,16701697,Pelican,"2026-09-24 14:11:36",1604.1,2,chetanagrawall
2363,16860288,"VIKASH YADAV","2026-09-25 08:53:44",1603.5,2,vikashyadav05
2364,16946322,"hb and ys","2026-09-26 08:09:47",1603.1,2,hbandys
2365,16732126,iwashi,"2026-09-19 21:31:56",1603.0,2,iwashi
2366,16732670,minoneru,"2026-09-27 04:31:04",1602.7,2,kotaminoshima
2367,16791248,"Ioannis Tzachristas","2026-09-19 06:15:43",1602.5,2,"ioannistzachristas,lilishyxf"
2368,16926545,"Rintaro Washio","2026-09-19 19:02:47",1602.4,1,rintarowashio
2369,16880296,"CT in CS","2026-09-24 15:07:38",1601.7,2,"anhphamtranminh,nguyenvietdat,nnvietha,toanleducanh"
2370,16663827,magoemu,"2026-09-24 13:06:26",1601.2,2,magoemu
2371,16875601,forwardidear,"2026-09-19 08:49:41",1601.0,2,forwardidear
2372,16919647,moo_&yuu1,"2026-09-23 02:21:58",1600.7,2,"a91zjy,mooyuu"
2373,16805906,FENGYESHAN,"2026-09-26 04:07:51",1599.7,2,fengyeshan
2374,16735741,"Фермеры чист","2026-09-22 17:23:30",1598.6,2,"gdreallygoodman,maksonch1k"
2375,16866689,snehitha,"2026-09-23 13:47:34",1598.3,2,andapallysnehitha
2376,16688907,青烟,"2026-09-26 15:01:44",1597.5,2,"imagine4391,mortal4416"
2377,16656340,MAGMA,"2026-09-26 01:49:48",1597.3,2,infiheart
2378,16654914,Nozprod,"2026-09-20 18:40:20",1596.3,2,nozprod
2379,16665596,chunhu666,"2026-09-26 08:12:26",1595.6,2,chunhu666
2380,16764499,"Edwards Neuron","2026-09-27 07:20:19",1594.7,2,edwardsneuron
2381,16677565,"Avish Sinha","2026-09-26 13:33:11",1594.3,2,avish006
2382,16654379,"Sebastian Mateus","2026-09-20 00:48:16",1594.0,2,"brenorb,sebastianmateus"
2383,16831179,"Andrey Baranov","2026-09-23 16:19:45",1592.8,2,baranov
2384,16920912,wxxbest,"2026-09-23 13:36:08",1592.7,2,w20260801
2385,16927087,"Arun #2","2026-09-19 21:10:10",1592.2,1,arun8ovfjfdr6
2386,16761267,"Pranav Arvind","2026-09-19 13:28:32",1591.8,2,pranavarvind
2387,16757987,maverick_ss_26,"2026-09-22 13:19:24",1591.5,2,maverickss26
2388,16790765,Aristotle.Chen,"2026-09-26 17:38:45",1591.0,2,aristotlechen
2389,16844518,"Haroon Rasheed","2026-09-24 04:47:28",1590.9,2,haroonnsgb
2390,16622034,"Aryan Yadav","2026-09-19 05:51:25",1590.8,2,simplexcomplex
2391,16900902,"Younes Chafi","2026-09-23 12:36:44",1590.2,2,youneschafi
2392,16842384,"Muhammad Mirza Darma Putra","2026-09-26 12:55:24",1589.0,2,mirzadarma
2393,16656213,"Mehdi Boumiza","2026-09-24 03:56:40",1588.8,2,mehdiboumiza
2394,16916611,Infinity,"2026-09-27 07:40:18",1588.1,2,"maaz101,syedtahahassan"
2395,16635421,"Lennart Haupts","2026-09-27 05:02:52",1587.8,2,lennarthaupts
2396,16778417,"TANG BUDU 19SD195","2026-09-27 06:25:50",1587.7,2,tangbudu19sd195
2397,16763761,mkai1981,"2026-09-22 05:43:59",1587.6,2,mkai1981
2398,16921850,"Leon Sakakibara","2026-09-21 02:05:50",1587.4,2,leonsakakibara
2399,16866014,htsbrer,"2026-09-20 00:09:51",1587.1,2,ht5brer
2400,16621315,"Reyhan Ksatria","2026-09-19 11:26:15",1586.5,2,reyhanksatria
2401,16652214,Zhenrui.Weng,"2026-09-20 04:23:41",1586.0,2,zhenruiweng
2402,16806568,"Mumtaz Ahmad Maitla","2026-09-21 07:45:28",1585.9,2,mumtazahmadmaitla
2403,16704580,"Yunho Hwang","2026-09-27 05:52:20",1585.7,2,yunhohwang
2404,16682254,"Jeffery Jerome Harris","2026-09-27 01:53:26",1585.4,2,jefferyjeromeharris
2405,16719563,"GPT-5.6 Sol🏆","2026-09-27 06:54:05",1585.3,2,"ctfxiao,gaoruihua,otherworldly777,wennaliu2007,xgentle"
2406,16699856,yukio,"2026-09-27 04:13:43",1584.8,2,yukioseki
2407,16879636,aaaaLiu123,"2026-09-27 05:33:57",1584.2,2,aaaaliu123
2408,16944157,"Aly Dhedhi","2026-09-23 00:53:42",1584.1,2,alydhedhi
2409,16854216,Rita-1021,"2026-09-27 04:23:43",1584.0,2,rita1021
2410,16854072,r13721,"2026-09-19 15:19:42",1583.7,2,r13721
2411,16924069,levshaazz,"2026-09-26 10:09:19",1583.6,2,levshaazz
2412,16659942,"Abdoulaye DIAW","2026-09-22 09:46:49",1583.5,2,abdoulayediaw25
2413,16775474,ERS,"2026-09-19 06:16:01",1583.3,2,shingo257
2414,16772808,lucataco,"2026-09-27 07:28:15",1582.6,2,lucataco
2415,16691572,"Lord Momo","2026-09-19 14:12:55",1582.3,2,stevenleehans
2416,16910041,"Gorgulu Fried Chicken Wings","2026-09-19 22:00:21",1582.1,2,"jingshixu,ooorangecatt"
2417,16885933,"Nadeem Kilani","2026-09-23 03:32:45",1581.7,2,fifthway
2418,16739537,"Bina Salama","2026-09-24 10:00:16",1581.4,2,binasalama
2419,16731751,"Nikita Pudovkin","2026-09-27 07:26:39",1581.1,2,nickpudovkin
2420,16630274,yutoAb,"2026-09-25 08:13:44",1581.1,2,yutoab
2421,16862461,"Guilherme Volpe","2026-09-23 00:38:39",1580.3,2,guivolpe
2422,16736198,JetJetGo,"2026-09-19 14:10:00",1579.9,2,psykrishna
2423,16764901,"Han Chen","2026-09-22 09:05:16",1578.8,2,puffohan
2424,16689926,3MnRho,"2026-09-19 06:59:04",1578.6,2,yongxiangzhao
2425,16731776,ASH,"2026-09-24 09:17:40",1578.5,2,pentannnn
2426,16734435,Economist,"2026-09-26 11:54:48",1578.3,2,jtheyogi
2427,16692432,"Les 2 oies","2026-09-26 13:34:41",1578.1,2,"sanarceate,youyoucrf"
2428,16636756,"K.THARUN KUMAR","2026-09-25 00:17:28",1577.7,2,tharunkumar369
2429,16944358,Kobamiyannnn,"2026-09-23 02:50:24",1577.4,2,kobamiyannnn
2430,16661533,wangyuou,"2026-09-25 11:22:49",1577.3,2,wangyuou
2431,16684093,"fog flower","2026-09-27 03:36:58",1577.3,2,"fogflower,gdz007,kitchs,xuesongyin"
2432,16728996,autowin,"2026-09-20 06:57:56",1576.1,2,atharvjairath
2433,16890772,tcipin-egor,"2026-09-19 01:12:37",1576.0,2,egorich51
2434,16885090,higuuu,"2026-09-27 05:40:50",1575.7,2,higuuu
2435,16743055,栗ご飯,"2026-09-26 22:23:06",1575.7,2,criticalpath1903
2436,16690065,JiangWenfeng1,"2026-09-20 05:21:03",1575.0,2,jiangwenfeng1
2437,16924209,AmirabbasBF2027,"2026-09-24 19:10:14",1573.9,2,amirabbasbf2027
2438,16822706,"YUE WU","2026-09-21 00:34:02",1573.6,2,yuewuacademic
2439,16744503,"Jun AKita","2026-09-26 11:50:00",1572.9,2,junakita
2440,16658946,theredbluepill,"2026-09-27 03:03:48",1572.9,2,poonszesen
2441,16641130,LitvinKA,"2026-09-26 11:07:00",1572.3,2,litvinka
2442,16885430,zoujustkidding,"2026-09-18 08:42:04",1572.1,2,chenxianshen123
2443,16919736,elda27,"2026-09-22 01:32:59",1570.6,2,elda27
2444,16802752,hako22,"2026-09-22 01:31:31",1570.2,2,hako22
2445,16773064,GoPreCure,"2026-09-27 01:13:31",1570.1,2,sonuyadav710
2446,16747273,红烧肉,"2026-09-18 09:24:59",1570.0,2,ra1nac1d
2447,16723967,dk2lone,"2026-09-26 01:25:11",1569.9,2,dk2lone
2448,16852208,"LONG NT123","2026-09-19 08:30:22",1569.3,2,longnt123
2449,16769849,"Shuwen(Shawn) Ge","2026-09-19 19:21:10",1568.8,2,shuwenshawnge
2450,16700207,"S. Mujtaba Hussain","2026-09-23 08:49:23",1568.5,2,smujtabahussain
2451,16640552,"rupsa roy","2026-09-19 06:11:54",1568.4,2,rupsarroy
2452,16793385,"Rishav Utkarsh","2026-09-19 18:07:24",1568.4,2,rishavutkarsh
2453,16685014,"Vishal Kishore","2026-09-20 11:55:12",1568.3,2,kishorevishal
2454,16621616,insuperabilehart,"2026-09-24 15:18:01",1567.9,2,insuperabile
2455,16939130,BenRed1,"2026-09-27 00:58:59",1567.8,2,benred1
2456,16742369,"Ömer Faruk Yüce","2026-09-26 20:06:43",1567.6,2,merfarukyce
2457,16871053,Ni123456&,"2026-09-25 05:05:05",1567.6,2,bingdongni
2458,16623263,ASHML,"2026-09-19 20:19:53",1567.5,2,ashml
2459,16746275,LittleScottyy,"2026-09-19 11:11:39",1567.3,2,fongwaiyong
2460,16875763,"芳村 愛支","2026-09-20 03:21:14",1567.0,2,shin1012
2461,16838589,iCO,"2026-09-26 17:00:02",1566.3,2,takashimaeda
2462,16743639,Hanserong,"2026-09-18 06:20:56",1566.1,2,"ronghedragon,rufus666"
2463,16623643,LiXingtao,"2026-09-27 04:27:57",1566.0,2,lixingtao123
2464,16927279,santa9150,"2026-09-26 13:14:15",1565.6,2,santa9150
2465,16630740,"Ramazan Turan","2026-09-19 08:51:11",1565.6,2,ramazanturann
2466,16632377,"Legend Brothers","2026-09-26 02:47:10",1565.4,2,"holeguma,shunhirota"
2467,16723241,TrinhDung16,"2026-09-19 04:29:59",1565.3,2,trinhdung16
2468,16913591,fly,"2026-09-18 07:06:04",1565.2,2,"azh1sdad,linjingmax,rong414,w1ll1am10,yuhanleo"
2469,16657623,Restart:),"2026-09-19 16:26:31",1564.5,2,wayne127
2470,16843522,clouds111,"2026-09-24 13:40:53",1564.2,2,clouds111
2471,16879879,wulawulacong,"2026-09-18 03:56:01",1563.9,2,wulawulacong
2472,16672371,Loren-wen,"2026-09-27 04:40:08",1563.7,2,wofusituerte
2473,16660090,"Kaggriculture @ Farmageddon","2026-09-26 18:38:31",1563.6,2,gary08phillios
2474,16935669,"Timon Wendland","2026-09-23 19:58:41",1563.4,2,timonwendland
2475,16759501,BaconT,"2026-09-22 15:56:11",1563.2,2,bacont
2476,16656382,Aevion-Labs,"2026-09-23 14:23:35",1562.6,2,aevionlabs
2477,16871967,"Md Arafat #2","2026-09-26 16:14:28",1561.9,2,arafat362
2478,16922609,rofa2,"2026-09-18 23:05:58",1561.0,2,"gaoyuanjun,zhdmath"
2479,16630964,LEEKANG,"2026-09-19 08:43:02",1561.0,2,poby7722
2480,16896240,mexlora,"2026-09-23 08:23:06",1560.1,2,"mexlora,nolzixo,qizlona"
2481,16884417,"malcolm tan","2026-09-18 18:24:39",1559.9,2,malcolmtan
2482,16667880,DOPEなNOUFU耕すHOPE👨‍🌾,"2026-09-25 00:02:40",1558.4,2,"shin9915,syamoji141chan"
2483,16790091,"[Deleted] 0c90d8c7-6287-45e2-a53d-b800213ae7c3","2026-09-23 14:47:14",1558.3,2,del=09910093914da146
2484,16775010,"Alexey Kuznetsov","2026-09-19 14:26:40",1557.6,2,legtarrr
2485,16755808,"Van-Phuc Huynh","2026-09-22 07:21:40",1557.1,2,hvanphucs112
2486,16796223,"Bohan Shao","2026-09-18 11:27:52",1556.1,2,bohanshao
2487,16635280,"Narendra Sirvi","2026-09-24 04:12:37",1556.0,2,narendras78
2488,16863212,"Jayanth Koppala","2026-09-21 19:38:51",1555.9,2,jayanthkoppala
2489,16863551,"Fady Mohammed","2026-09-26 04:39:25",1554.9,2,fadymagdy
2490,16882280,K_daisuke,"2026-09-18 16:07:55",1554.2,2,kawakamidaisuke
2491,16876180,kk.sky.9k,"2026-09-27 06:50:10",1553.8,2,kksky9k
2492,16668688,"Nezihe Sözen","2026-09-26 17:42:04",1553.0,2,nezihesozen
2493,16663851,"Harshith revuru","2026-09-19 19:18:24",1552.8,2,harshithrevuru
2494,16941958,"Justin Anderson","2026-09-25 10:20:24",1552.3,2,justanderson
2495,16843436,ktaery,"2026-09-27 06:54:18",1552.2,2,ktaery
2496,16709468,"Andrey Chankin","2026-09-26 16:51:48",1551.2,2,bluepill
2497,16624080,yuuuki1111,"2026-09-27 07:00:07",1551.0,2,yuuuki1111
2498,16911021,spark328,"2026-09-19 10:30:15",1550.5,2,spark328
2499,16658840,sanju25,"2026-09-18 14:32:41",1550.3,2,sanju25
2500,16921161,"earl naranja","2026-09-18 14:29:46",1549.3,1,earlnaranja
2501,16888648,"MAOSEN ","2026-09-21 10:40:03",1549.0,2,maosen
2502,16939076,"Solo runner","2026-09-26 23:10:19",1548.9,2,camronsanders
2503,16653078,pk210495,"2026-09-21 12:11:20",1548.7,2,pk210495
2504,16664506,"Jonatan Asketorp","2026-09-25 15:30:45",1548.5,2,weft169aston
2505,16870780,"John Gates","2026-09-21 11:59:23",1548.4,2,johngates
2506,16781279,zhyphirus,"2026-09-16 11:08:51",1548.3,2,zhyphirus
2507,16817750,"Baiqing Wang","2026-09-18 08:46:19",1548.3,2,wangbqbqbq
2508,16898165,"Mahmoud Nasser","2026-09-21 20:18:26",1547.9,2,lomnafsk
2509,16635314,"Aurora wy","2026-09-18 15:14:20",1547.1,2,aurorawy
2510,16743852,"Giovanni Giorgio","2026-09-18 14:57:23",1546.1,2,"alexandermlad,erikpymay"
2511,16826555,AioRaito,"2026-09-18 16:49:58",1545.6,2,aioraito
2512,16810954,BayramAnnakov,"2026-09-19 11:14:29",1544.9,2,bayramannakov
2513,16635910,K3V1NM,"2026-09-18 13:33:33",1544.4,2,k3v1nm
2514,16730446,photunix,"2026-09-24 23:29:29",1544.4,2,photunix
2515,16669089,YujieXing10,"2026-09-22 18:01:14",1543.1,2,yujiexing10
2516,16764868,y129besan,"2026-09-19 02:30:37",1542.6,2,y129besan
2517,16637919,NoOneAhead,"2026-09-19 03:24:29",1542.1,2,jerrlu
2518,16668370,"Matthew Labrador","2026-09-17 14:07:15",1541.8,2,m4tyuuu
2519,16915888,"Steve T","2026-09-20 05:28:41",1541.7,2,jamesfitxroi
2520,16823981,"mou mou","2026-09-21 13:30:48",1541.6,2,moumou6322
2521,16659160,"Dmitry Bardonov","2026-09-18 18:20:26",1541.5,2,bdesim
2522,16740010,"[Deleted] 3d43f904-9731-4807-b835-0ae07351a8c7","2026-09-20 18:57:10",1541.4,2,del=230950f98ee5f235
2523,16667604,L7n,"2026-09-17 08:29:55",1541.3,2,znwe342
2524,16903912,樱花冷月,"2026-09-18 06:28:43",1541.3,2,yinghualengyue
2525,16777138,"Anna Pakhaliuk","2026-09-26 20:57:25",1541.0,2,annapakhaliuk
2526,16907699,"zhirong ye","2026-09-18 16:25:01",1541.0,2,zhirongye
2527,16663485,"Jacob Alstrup","2026-09-18 17:30:37",1540.9,2,jacobalstrup
2528,16729488,"Bala vighnesh Reddy","2026-09-20 11:38:40",1540.4,2,balavighneshreddy
2529,16888261,"Andreas meling","2026-09-19 22:03:28",1539.7,2,andreasmeling
2530,16733839,"Fabian Ruiz","2026-09-19 21:47:07",1539.6,2,fabianruiz3
2531,16870596,juicyorange,"2026-09-27 01:18:18",1539.0,2,billychau1
2532,16926797,aurnik,"2026-09-24 19:26:39",1538.7,2,aurnik
2533,16904028,BraydenPikachu,"2026-09-27 06:37:58",1538.7,2,braydenpikachu
2534,16772109,Yashvs56,"2026-09-19 11:04:41",1538.3,2,"vivaancyber,yashvs56"
2535,16897519,SShota-box,"2026-09-18 05:12:20",1538.3,2,sshotabox
2536,16897955,Diganta,"2026-09-18 15:58:46",1537.9,2,digantabhattacharya
2537,16780062,Kousuke55,"2026-09-25 15:01:04",1537.3,2,kousuke555
2538,16657785,"Himanshu Kumar","2026-09-27 05:57:06",1537.3,2,himanshujha2812
2539,16676063,"Kembang Melon","2026-09-22 01:54:48",1536.8,2,wajawaja
2540,16655766,前衛,"2026-09-18 16:22:25",1536.0,2,"atharvranjan,shreyasgandhe,siddharth9077"
2541,16880975,"Shenyu Ma","2026-09-18 15:19:11",1535.6,2,shenyuma
2542,16807373,"junxing peng","2026-09-17 07:28:50",1535.5,2,junxingpeng
2543,16621628,pupen_o,"2026-09-23 17:16:53",1534.1,2,pupeno
2544,16721259,Qsj,"2026-09-24 01:31:34",1533.4,2,qiaoshiji
2545,16798989,"Harvest Sun","2026-09-17 06:18:22",1533.0,2,zaoooo29
2546,16664751,"Cindy Meng90","2026-09-21 08:37:53",1532.8,2,cindymeng90
2547,16846963,成吉思汗,"2026-09-27 06:55:22",1532.0,2,jddhhdh
2548,16880856,jinxingweilai,"2026-09-17 03:05:31",1531.7,2,jinxingweilai
2549,16856629,Methematics,"2026-09-17 15:14:04",1531.2,1,pavelvasilevskiy
2550,16652451,JackGong,"2026-09-25 13:32:45",1531.1,2,jackgong
2551,16623708,"Chekhlov Dmitrii","2026-09-18 13:45:33",1531.0,2,zoli800
2552,16653044,"Claudex - An","2026-09-18 09:35:31",1530.2,2,"binhdth,buphmquc,hainguyenthien,pntan17"
2553,16631592,ktr,"2026-09-26 15:20:21",1529.6,2,kcotton21
2554,16866933,tech-Mira,"2026-09-18 14:19:35",1529.5,2,itsukiito
2555,16667346,Artwenty-six,"2026-09-27 04:57:22",1529.5,2,rezakautsarinsani
2556,16698560,"Seungjun Lee","2026-09-18 17:11:22",1528.2,2,seungjunleeofficial
2557,16654373,thwaitsusa2,"2026-09-27 00:02:16",1527.8,2,thwaitsusa2
2558,16940722,"Jalen ShiAo","2026-09-22 08:39:38",1527.7,1,jalenshi
2559,16799769,manyuA,"2026-09-22 04:52:29",1527.7,2,"forheuristiclifeksh,manyua,realhonest"
2560,16662318,"Bardia Bahadori","2026-09-18 15:21:53",1527.6,2,bardiabahadori
2561,16826999,donaldxu,"2026-09-25 15:15:45",1527.4,2,abc1705
2562,16806635,digimagi,"2026-09-22 08:18:35",1526.2,2,digimagi
2563,16915895,Shaylynn,"2026-09-17 15:58:29",1525.2,1,shittttttt
2564,16677774,"Abdulatif Mahgoub","2026-09-26 16:27:13",1525.0,2,abdulatifmahgoub
2565,16749466,"The Wolf of Wheat Street","2026-09-16 23:35:18",1524.6,2,"lijuantang19,yuemengzheng01"
2566,16907595,"Eric Zhang63","2026-09-18 18:15:50",1523.6,1,"ericzhang63,szqg666"
2567,16644481,Liquidus,"2026-09-16 02:57:18",1523.0,2,liquidus
2568,16655654,Cacinie,"2026-09-27 04:32:55",1521.7,2,cacinie
2569,16946666,"Pengfei Yan ","2026-09-26 18:15:04",1521.5,2,pengfeiyan
2570,16927981,narihz,"2026-09-22 12:25:06",1521.1,2,xiaochaizhen
2571,16839580,"Søren Ravn Andersen","2026-09-16 13:57:31",1520.2,2,sorenravn
2572,16912371,Dorararra,"2026-09-23 03:37:28",1520.2,2,dorafairy661
2573,16820607,PeriwinkleBlueOvO,"2026-09-23 12:08:16",1519.7,2,"PeriwinkleBlueOvO,wenqiangao1"
2574,16917982,"Haitao56 ","2026-09-19 14:38:52",1519.2,2,haotao56
2575,16886174,还没想好冥,"2026-09-18 14:45:39",1519.2,2,"fufustory,hashak,linjunren1016,mushroom1763,yamaer"
2576,16899240,"Abel Mendez","2026-09-25 04:42:43",1518.4,2,abelmendez
2577,16623749,Tejas,"2026-09-17 09:53:36",1518.2,2,tejuuss
2578,16743427,Under遊具,"2026-09-18 06:00:32",1518.1,2,andayougui
2579,16894457,kento2002,"2026-09-17 16:44:18",1517.1,2,kento2002
2580,16859157,"David Mensah-Gbekor","2026-09-17 22:03:56",1516.6,2,ravdave
2581,16669711,"Anton Shaniuk","2026-09-18 18:08:55",1516.6,2,antonshaniuk
2582,16692038,CodeHacker,"2026-09-26 04:42:34",1516.2,2,junhanzangai
2583,16888126,Iminabo,"2026-09-17 16:21:33",1516.1,2,iminabo
2584,16681100,Chiranjith,"2026-09-17 11:37:34",1515.3,2,chiranjithdharma
2585,16802575,saeNeko,"2026-09-17 07:47:44",1514.3,2,sae20gorilla
2586,16622788,Fitzcarraldo,"2026-09-27 06:42:36",1514.3,2,ivankuc
2587,16875968,"Dias Bakhtiyarov","2026-09-16 19:41:15",1513.9,2,diasbakhtiyarov
2588,16773170,"yy li","2026-09-24 03:40:48",1513.8,2,yangyili11
2589,16839902,"Sōsuke Aizen","2026-09-16 19:50:03",1512.8,2,"soukeaizenz,souvikdbiswas"
2590,16635969,"Omkar Kadam","2026-09-26 18:54:41",1512.2,2,"itzzomkar,khanayanayub,princypaonam"
2591,16897870,妮选择遗忘的,"2026-09-17 13:59:51",1511.3,2,yk120951
2592,16849125,"OBSTACLE DEVELOPER","2026-09-26 09:46:19",1511.2,2,obstacledeveloper
2593,16861616,"Gagan Deep","2026-09-20 14:50:30",1510.7,2,gagandeep1
2594,16843555,sol12378,"2026-09-22 05:46:50",1510.4,2,sol12378
2595,16898547,"[Deleted] 56e880dc-015c-4899-9c1b-85d9958ef4af","2026-09-15 18:25:34",1509.5,2,del=84798c2d77df7d9d
2596,16739019,quzhihang,"2026-09-23 08:28:40",1509.5,2,quzhihang
2597,16661362,BEETRiX🦋,"2026-09-25 21:08:13",1509.2,2,johannaleighdeley
2598,16899300,"Yassine Chritt","2026-09-17 06:31:14",1509.1,2,yassinechritt
2599,16709930,llRX,"2026-09-23 07:11:17",1507.7,2,"bankkobe,leojeel,ruikaihong"
2600,16891562,"Weverton Guedes","2026-09-25 12:29:45",1507.4,2,owevertonguedes
2601,16697249,"Sudharsana Rajasekaran","2026-09-24 01:19:07",1506.8,2,sudhan03
2602,16936777,tagokoro,"2026-09-24 05:14:27",1506.8,2,tagokoro
2603,16621610,NMarkS,"2026-09-21 12:03:36",1506.3,2,nmarks
2604,16655263,rishavsaigal,"2026-09-25 08:49:02",1505.6,2,rishavsaigal
2605,16854776,aruuu,"2026-09-24 03:30:09",1505.2,2,arruuu
2606,16680144,AM,"2026-09-17 15:52:11",1504.9,2,adammekky
2607,16676762,"Tomas Escobar Rivera","2026-09-16 01:46:24",1503.9,2,tomasescobarrivera
2608,16706395,"Kunal Desale","2026-09-18 04:08:03",1503.8,2,kunaldesale2408
2609,16671150,Mc10nys0n,"2026-09-27 07:02:48",1502.9,2,rattanunt
2610,16796484,"Ryutaro Tsujii","2026-09-24 22:48:14",1501.6,2,ryutarotsujii
2611,16866968,HXS-CF13,"2026-09-20 00:49:11",1501.0,2,hxscf13
2612,16891588,Krtecek,"2026-09-20 11:16:13",1500.9,2,krtecek
2613,16652630,stars_w,"2026-09-18 06:57:00",1500.6,2,starsw
2614,16743656,Deskbo,"2026-09-16 13:45:12",1500.2,2,deskbo
2615,16825340,xiaoBOSS97,"2026-09-21 15:18:33",1500.1,2,xiaoboss97
2616,16687479,kowalskii,"2026-09-17 08:52:42",1499.3,2,anirudhkumaraheer
2617,16664111,"John Park","2026-09-21 14:31:23",1498.7,2,sigint
2618,16641548,"Indium AI Labs","2026-09-17 08:19:29",1498.4,2,"devaanshpa,wolframbopp"
2619,16623370,kenmatsu4,"2026-09-27 04:15:20",1498.0,2,kenmatsu4
2620,16830678,Voodoo_m88,"2026-09-26 05:18:05",1498.0,2,voodoom88
2621,16770842,yatakeuc,"2026-09-26 13:34:10",1497.5,2,yatakeuc
2622,16738408,kujitama,"2026-09-17 12:13:20",1496.9,2,tyamujin
2623,16910590,Hubillionaire,"2026-09-17 06:56:01",1496.6,2,hubillionaire
2624,16860811,XiaoXiaoJ,"2026-09-17 19:38:39",1496.6,2,xiaoxiaoj
2625,16707994,"Ayush Gupta #2","2026-09-17 22:21:54",1496.3,2,desmond6101
2626,16774250,"C R Suthikshn Kumar","2026-09-26 16:32:59",1496.1,2,crsuthikshnkumar
2627,16621683,Shivangoudaa,"2026-09-16 16:04:07",1495.9,2,ishivapatil
2628,16624651,"Zihao Zeng","2026-09-27 06:15:40",1495.3,2,zihaozeng0021
2629,16897094,Ryota-Di,"2026-09-23 01:49:48",1495.1,2,ryota6230
2630,16673131,"Arfin Mustofa","2026-09-17 01:40:55",1494.9,2,arfinmustofa
2631,16721384,Hackoholics,"2026-09-16 05:57:18",1494.1,2,"limyenhui,richierx"
2632,16806249,CLJY,"2026-09-24 03:05:08",1493.1,2,cljy2026
2633,16731630,SatoshiN04,"2026-09-26 08:00:46",1493.1,2,satoshinakamura04
2634,16751899,peggy,"2026-09-27 01:10:20",1492.4,2,refrigerator21
2635,16681464,Amyel21,"2026-09-17 18:28:33",1492.3,2,amyel21
2636,16806018,トゲアリトゲナシトゲトゲ,"2026-09-26 14:22:36",1491.4,2,togearitogenasi
2637,16814375,"Yuta Eiki","2026-09-18 02:27:16",1491.0,2,wildauk
2638,16651257,PursueML,"2026-09-22 16:24:27",1490.7,2,"cuijohn,pursueml"
2639,16714134,"Raul Tinajero","2026-09-17 19:57:39",1490.5,2,raultinajeroo
2640,16830526,"Raghav Agrawal","2026-09-23 17:42:54",1490.4,2,raghagra
2641,16793452,"Ghazaros Ghazaros","2026-09-26 18:49:00",1490.4,2,ghazarosghazaros
2642,16791828,Ling,"2026-09-14 21:50:30",1490.3,2,lingbia
2643,16912052,"Nana Bast","2026-09-18 16:29:38",1489.2,2,"fontainedefurina,nanabast"
2644,16805778,"Dương Đức Anh","2026-09-17 14:52:22",1489.1,2,"dda2k6,trungdttik55"
2645,16908326,"Cristiano M Martins","2026-09-25 18:47:00",1488.9,2,cristianommartins
2646,16857404,gachichan,"2026-09-16 23:58:47",1488.7,2,gachichan
2647,16908116,"Kabir Potdar","2026-09-16 18:40:56",1488.6,2,kabir01010
2648,16897719,"Muhammad Aashir Irshad","2026-09-21 14:44:03",1488.4,2,muhammadaashirirshad
2649,16676034,"Songyot P","2026-09-18 06:33:06",1488.0,2,songyotpi
2650,16891851,kamranahmmed,"2026-09-23 12:49:22",1488.0,2,kamranahmmed
2651,16791873,Eldritch,"2026-09-25 05:54:39",1486.9,2,"sanjay6727,thefool00"
2652,16752019,"Kaipeng Zheng","2026-09-20 08:37:16",1486.9,2,kaipengzheng
2653,16886193,"Xiaoyong Zhu","2026-09-15 01:23:47",1486.1,2,xiaoyzhu
2654,16631536,kglctf,"2026-09-27 07:21:30",1485.9,2,kglctf
2655,16729102,"Bruce Zheng","2026-09-16 06:58:02",1485.3,2,brucezheng666
2656,16845382,Alpha_Ashwin007,"2026-09-23 20:31:55",1483.8,2,alphaashwin007
2657,16885548,"Anand Kumar 369o","2026-09-16 15:24:25",1483.7,2,anandkumar369o
2658,16716012,LaiCxm,"2026-09-24 11:50:02",1482.4,2,laicxm
2659,16682667,"zeel vavliya","2026-09-26 10:43:07",1480.4,2,zeelvavliya
2660,16670659,saumyagupta12,"2026-09-26 18:07:30",1479.4,2,saumyagupta12
2661,16853125,"BEIKE YAN","2026-09-21 02:10:30",1478.4,2,craigsid
2662,16640600,"Giord Frank","2026-09-27 02:36:30",1478.3,2,"fggggg12345,tangerinedog"
2663,16626203,"Manish Kumar Maurya","2026-09-19 19:39:02",1478.3,2,manishkumarmaurya11
2664,16915300,wanhty,"2026-09-18 13:43:54",1478.3,1,wanhty
2665,16907222,"Harshith Kumar","2026-09-16 17:13:57",1478.2,2,harshith1212a
2666,16655682,"Azamat Sadikov","2026-09-16 23:07:23",1477.9,2,azamatsadikov
2667,16726816,"Games Jadley","2026-09-24 22:02:50",1477.3,2,gamesjadley
2668,16738534,"Sakito Horie","2026-09-16 14:14:19",1477.0,2,sakitohorie
2669,16743172,moonzfxs,"2026-09-23 15:34:29",1476.6,2,moonzfxs
2670,16732735,MMMMMMMMMMMM,"2026-09-16 14:57:27",1476.1,2,hyh273279
2671,16623577,"Jiayi Tang","2026-09-24 11:24:41",1475.7,2,mannguo
2672,16643693,"Kerem çelik","2026-09-26 14:43:29",1475.6,2,keremelik
2673,16827097,"Bình Trần Thanh","2026-09-16 03:47:00",1475.5,2,dsdadasda
2674,16768543,caas_sicca,"2026-09-19 07:56:21",1475.0,2,caassicca
2675,16892796,FunLegendGaming,"2026-09-17 16:27:04",1475.0,2,funlegendgaming
2676,16725947,SamarthRawat18,"2026-09-24 16:29:45",1474.1,2,samarthrawat18
2677,16639844,MaxChen303,"2026-09-20 03:12:58",1474.1,2,maxchen303
2678,16876520,OpenModelMap,"2026-09-18 15:05:55",1473.7,2,openmodelmap
2679,16915374,"Muaz Husaini","2026-09-21 06:18:49",1473.6,2,muazhus
2680,16685342,"Kanth Da","2026-09-21 04:15:12",1473.0,2,"kanthda,riteeshreddybysani"
2681,16881600,"Yoshihiro Hatakeyama","2026-09-21 03:41:49",1472.8,2,yoshihiro1909
2682,16758954,shenjj02,"2026-09-17 02:30:08",1472.7,2,shenjj26
2683,16878308,Pjchauhan,"2026-09-25 04:59:56",1472.4,2,pjchauhan
2684,16731678,ShadowT_T,"2026-09-26 22:37:43",1472.3,2,shadowtt
2685,16697185,"Prince Special","2026-09-26 22:26:42",1471.5,2,temitayogbolahan
2686,16793553,hoon0303,"2026-09-16 12:38:01",1470.7,2,hoon0303
2687,16692711,Deniz,"2026-09-16 14:51:14",1470.4,2,denizeryilmaz
2688,16855477,SiriusStarRally,"2026-09-16 09:32:59",1470.2,2,siriusstarrally
2689,16763551,"PRASHANT SHUKLA91","2026-09-26 17:29:01",1470.0,2,prashantshukla91
2690,16908832,"ranya marwan","2026-09-18 20:46:58",1469.0,2,ranymarwan286
2691,16669490,hinemos,"2026-09-26 18:42:03",1468.0,2,hinemos
2692,16679827,Juanky_too,"2026-09-26 19:22:18",1467.7,2,juankytoo
2693,16796544,"Xiaonan FU","2026-09-16 01:44:11",1467.2,2,xiaonanfu999
2694,16661622,"Ergin Akın","2026-09-21 17:19:04",1467.1,2,erginakin
2695,16850078,"Safwan Amin","2026-09-16 16:53:04",1466.9,2,bracu23101281
2696,16914244,Poemcourt,"2026-09-17 11:14:15",1466.7,1,poemcourt
2697,16904006,vorlian,"2026-09-16 03:18:09",1466.7,2,vorlian
2698,16849328,"Gaurav #2","2026-09-17 13:14:38",1466.5,2,genesis96839
2699,16865570,"Kedar Kale","2026-09-22 14:32:10",1466.2,2,kedarkale
2700,16761324,WLYYYo,"2026-09-22 14:15:28",1466.0,2,wlyyyo
2701,16688460,lllleeeo,"2026-09-16 17:38:13",1465.9,2,lllleeeo
2702,16925842,Naoya,"2026-09-27 06:19:37",1465.4,2,takashimanaoya
2703,16701948,"Shaokai Zhang","2026-09-19 10:58:04",1465.1,1,shaokaizhang
2704,16630713,"Grzegorz Sionkowski","2026-09-16 11:44:56",1465.0,2,sionek
2705,16671504,Agentmaster,"2026-09-16 15:21:27",1463.8,2,"kinjaza,shawnno"
2706,16824010,yuxingyizhou,"2026-09-18 03:29:21",1463.8,2,yuxingyizhou
2707,16847311,WangYilin_henuAI,"2026-09-21 03:46:35",1463.7,2,"hyhyyh,violin1,xiaoming1238952"
2708,16841061,"Artin yzn","2026-09-27 06:58:44",1463.1,2,artinyzn
2709,16854472,Taimo,"2026-09-16 14:56:55",1462.4,2,taikimori
2710,16905157,Moonyk,"2026-09-16 08:16:37",1460.7,1,moonyk
2711,16909973,"Tri Tuc Cao","2026-09-17 09:59:28",1460.0,1,tricao
2712,16697139,Stocks152,"2026-09-20 04:10:05",1459.2,2,stocks152
2713,16702275,Joyal,"2026-09-16 09:41:16",1459.0,2,joyalseejo
2714,16889004,SkOnTheRocks,"2026-09-15 11:43:43",1458.5,2,skontherocks
2715,16764546,Thirst,"2026-09-15 13:07:32",1458.4,2,wahidakram
2716,16670933,Pat,"2026-09-15 05:34:10",1457.1,2,junseia
2717,16877685,"Felipe Figueiredo","2026-09-24 02:47:56",1456.9,2,felipefigueiredo02
2718,16679004,"Kevin Zhao","2026-09-22 07:36:22",1456.7,2,kevinzhao666
2719,16881248,Veerakrishna,"2026-09-17 16:30:12",1456.3,2,veerukhannan
2720,16855268,"Jiayi Du","2026-09-26 21:17:21",1456.3,2,jahyee
2721,16640540,QYQ1693,"2026-09-16 03:29:19",1456.2,2,qyq1693
2722,16728135,sukirman,"2026-09-16 03:25:01",1456.1,2,rakbidb
2723,16849778,"Kim Minh","2026-09-22 03:21:00",1455.2,2,hanming14
2724,16693439,"Ankit Hemant Lade","2026-09-24 23:26:13",1454.6,2,"ankitlade12,jsaikrishna"
2725,16651806,shawnYiB,"2026-09-24 14:34:14",1454.1,2,"mike17cui,shawnyib"
2726,16662314,"Hanh Tran","2026-09-16 09:57:42",1454.1,2,honghanhhh
2727,16905643,yngd99,"2026-09-16 12:32:42",1453.3,1,yngd99
2728,16864125,culture,"2026-09-15 12:50:09",1452.8,2,shkurak
2729,16634493,xixi,"2026-09-15 16:40:52",1452.3,2,huangcarry26
2730,16751603,xxxzzz123312123321,"2026-09-24 02:40:01",1452.2,2,xxxzzz123312123321
2731,16646970,juewang1p,"2026-09-21 13:00:11",1451.7,2,juewang1p
2732,16907576,"Dat Nguyen Viet","2026-09-16 16:39:59",1451.4,2,datnguyenviet
2733,16673370,JeovaAnderson,"2026-09-24 15:45:12",1451.3,2,jeovaanderson
2734,16690401,Skyspace,"2026-09-16 11:02:11",1451.3,2,empireblue
2735,16724801,Noir,"2026-09-27 05:04:55",1450.5,2,nuitnoir
2736,16744342,"glupez ","2026-09-23 16:52:06",1450.2,2,glupez
2737,16896886,"hemloock ","2026-09-15 12:35:43",1449.7,2,hemloock
2738,16622531,"musya lyusya team","2026-09-15 17:44:15",1449.6,2,vswz2nqp
2739,16750931,"Antonio Rotundo","2026-09-19 12:04:18",1447.4,2,antoniorotundo2
2740,16662681,"Vernon Campbell","2026-09-18 01:51:57",1447.1,2,vernoncampbell
2741,16777137,Bernardus,"2026-09-25 08:18:07",1447.1,2,bernubritz
2742,16669441,"Chirag Desai","2026-09-18 15:03:16",1447.0,2,cid007
2743,16847620,york1to,"2026-09-15 19:10:35",1446.2,2,yorkkang
2744,16933118,wkdbskwsm,"2026-09-27 03:02:55",1445.9,2,wkdbskwsm
2745,16623199,"Jesse Ferguson","2026-09-25 22:32:37",1445.8,2,jesseferguson
2746,16710466,"Charles Backman on LinkedIn","2026-09-14 14:14:42",1445.7,2,charlesbackman
2747,16904305,"YICHEN PAN","2026-09-16 18:39:53",1445.7,2,sakanamango
2748,16807380,"D × MirAI","2026-09-25 07:43:33",1445.0,2,kmnkmn
2749,16903970,qorlin,"2026-09-16 03:12:00",1444.9,2,qorlin
2750,16632119,nickyl,"2026-09-27 07:08:09",1443.7,2,nickyjliang
2751,16845020,AGI,"2026-09-17 18:19:05",1443.1,2,"guusadema,tgroen3"
2752,16731832,jackee777,"2026-09-26 14:51:58",1443.1,2,jackee777
2753,16774699,"Rio Nakamura","2026-09-16 09:25:16",1442.3,2,rionakamura10
2754,16895014,trying_out,"2026-09-15 20:03:10",1442.3,2,"samiatisha,vickysynapsev"
2755,16878353,"Hongbin Gu","2026-09-16 02:18:10",1441.9,2,guhongbin
2756,16840576,kfsky,"2026-09-19 11:16:48",1441.5,2,kengofujii
2757,16838625,kyohei2106,"2026-09-17 22:37:42",1441.2,2,kyohei2106
2758,16676278,"Om Sangwan","2026-09-23 15:04:01",1441.2,2,omsangwan
2759,16862967,Unicorns,"2026-09-15 17:50:14",1441.2,2,"isaacjiang,ryokitano"
2760,16903902,wanghaozhi,"2026-09-20 02:00:08",1441.1,2,wanghaozhi
2761,16893291,"We Want... A Shrubbery!","2026-09-17 21:55:10",1440.7,2,timlongii
2762,16791999,"Dashi Tsybikzhapov","2026-09-22 09:40:23",1440.7,2,dashitsybikzhapov
2763,16768702,"Crop It Like It's Hot","2026-09-26 19:28:20",1440.7,2,"davidben10,rachel79"
2764,16867924,PeaBrain,"2026-09-16 01:22:29",1440.5,2,abiruekanayaka1
2765,16759849,kkanayj,"2026-09-25 12:56:58",1440.4,2,kkanayj
2766,16854521,koumiyata,"2026-09-25 22:20:51",1439.7,2,koumiyata
2767,16662628,AbhiniveshSharma5354,"2026-09-15 06:38:39",1439.1,2,abhiniveshsharma5354
2768,16739181,yamu_duck,"2026-09-18 12:14:10",1438.0,2,crazyleg11
2769,16709504,U023,"2026-09-14 16:44:14",1437.9,2,ryutek
2770,16924959,"Shun Liou","2026-09-24 03:35:42",1437.4,2,shunliou
2771,16748738,Shymohn,"2026-09-17 07:01:37",1436.3,2,shymohn
2772,16758817,Ruwawa,"2026-09-15 14:26:15",1436.0,2,ruwawa
2773,16640780,"drezna ultra","2026-09-18 14:14:35",1435.9,2,notakes
2774,16934847,yuuri,"2026-09-27 07:08:22",1435.6,2,yuuuuuuuuri
2775,16670504,Shirabe,"2026-09-17 03:00:23",1435.2,2,carlmakt
2776,16931121,Caocao,"2026-09-24 12:27:11",1435.1,2,caocaoIvy
2777,16896267,HendraDanuSaputraChauwito,"2026-09-16 12:37:41",1434.5,2,usilisme
2778,16682306,岸本湧士郎,"2026-09-15 05:27:08",1434.5,2,yushiro20021111
2779,16677399,lyts,"2026-09-26 08:54:14",1434.4,2,lytsyyds
2780,16826719,"Dennis HT","2026-09-18 09:43:32",1434.3,2,dennisht
2781,16887661,magic101,"2026-09-14 22:48:26",1433.8,2,magicbuttons
2782,16746372,"Meerub Atiq","2026-09-18 13:00:49",1433.2,2,meerubatiq
2783,16879578,"kabir Merakeb","2026-09-26 20:02:31",1433.2,2,kmerakeb
2784,16896854,photonova,"2026-09-15 12:29:25",1433.2,2,photonova
2785,16767960,"Yuvraj Bhati","2026-09-14 23:24:32",1433.1,2,avioon
2786,16864346,"Yanwei Lu","2026-09-15 19:27:35",1432.8,2,yanweilu
2787,16891432,porzlck,"2026-09-17 10:07:44",1432.8,2,orzlck
2788,16709950,"Ryan Myers","2026-09-25 05:52:17",1431.1,2,ryanmyers03
2789,16720316,"Hưng Trần","2026-09-16 10:27:05",1430.0,2,hungtrabiz
2790,16862582,StephaneB7899,"2026-09-14 02:34:17",1429.9,2,stephaneb7899
2791,16896033,omnifluxor,"2026-09-15 09:40:03",1429.7,2,omnifluxor
2792,16709236,rick11224,"2026-09-13 16:37:58",1429.4,2,rick11224
2793,16742159,mimi！,"2026-09-16 05:57:58",1429.1,2,"morongzhu,we111135"
2794,16716078,H&E,"2026-09-24 02:00:13",1429.0,2,"jenzenhuang,luwyeb,wafflebear,wenjiewangdev"
2795,16728321,Rohitt_94,"2026-09-14 11:49:40",1428.5,1,rohitt94
2796,16684704,LIQUIDHORSE,"2026-09-14 17:57:58",1428.4,1,liquidhorse
2797,16659771,DieByTheSword,"2026-09-16 08:53:03",1427.4,2,przemysawstroiws
2798,16783459,LKQ669,"2026-09-26 15:34:52",1427.2,2,lkq669
2799,16671133,Kazeneko,"2026-09-14 22:39:30",1426.4,2,kazeneko77
2800,16763457,"Mohammad Essam","2026-09-26 16:13:34",1426.2,2,mohammedessam97
2801,16895926,Zengr1,"2026-09-17 09:58:50",1426.2,2,zengr1
2802,16924679,"Vandan Sharma","2026-09-20 09:50:10",1426.0,2,vanam56
2803,16765151,htnhtn,"2026-09-26 13:00:38",1425.9,2,htnhtn
2804,16730713,"Michael Mueller","2026-09-20 19:57:03",1425.6,2,michaelmueller26
2805,16884892,AQiDA19,"2026-09-14 02:32:26",1425.5,2,aqida19
2806,16872207,"Tèo Búng","2026-09-18 08:06:06",1424.2,2,teobung
2807,16893208,hongan,"2026-09-15 21:49:30",1423.9,2,honganzhu
2808,16637973,StephenNedumpally,"2026-09-15 07:50:55",1423.8,2,stephennedumpally
2809,16891791,judy12345.0316,"2026-09-15 05:38:38",1423.4,2,judy123450316
2810,16895927,logicorix,"2026-09-15 09:30:21",1422.9,2,logicorix
2811,16842246,montplusa,"2026-09-17 00:59:05",1421.1,2,montplusa
2812,16847725,SOLUCIENCE,"2026-09-27 02:31:00",1421.1,2,solucience
2813,16635418,ocean240812,"2026-09-23 10:27:41",1420.7,2,ocean240812
2814,16694346,ywwywww,"2026-09-14 07:52:56",1420.4,2,ywywww
2815,16625082,真的懒,"2026-09-19 06:14:56",1419.8,2,gtccc9
2816,16918151,"Hidenori Sasaki","2026-09-25 16:49:57",1419.6,2,hidenorisasaki
2817,16806728,"Neural Knight","2026-09-24 16:39:55",1419.5,2,"chinmaymnaik,sivasainath06"
2818,16754838,"Berkay Özkan","2026-09-25 12:57:20",1419.3,2,berkayzkan
2819,16653927,"Fernando GH H","2026-09-27 02:40:20",1418.3,2,fernandoghh2
2820,16845023,zhtmgxr,"2026-09-17 04:53:03",1418.1,2,zhtmgxr
2821,16723427,"Nikita Biryukov","2026-09-14 07:00:48",1418.1,2,bnikita
2822,16674586,"Stanislav Ilin","2026-09-15 13:33:30",1417.7,2,stanislavilin2026ai
2823,16696716,MatiasMG,"2026-09-25 06:10:49",1417.7,2,matiasmgonzalez
2824,16783021,"TAN TIANYE","2026-09-13 03:04:35",1417.7,2,tantianye
2825,16875618,"Joel P. Joseph","2026-09-25 13:57:41",1417.5,2,joelpjoseph
2826,16936434,joshuag99,"2026-09-21 22:33:29",1417.3,2,joshuag99
2827,16866971,imriad,"2026-09-23 04:26:59",1417.2,2,riadhhossain
2828,16845165,Tanuki_boosting,"2026-09-13 12:41:51",1416.1,2,miyamotodaiya
2829,16744914,"El Mehdi EL JAIR","2026-09-21 07:56:02",1415.9,2,elmehdieljair
2830,16843303,inori315,"2026-09-14 13:31:27",1415.8,2,inori315
2831,16835851,ruizhichen,"2026-09-22 16:59:50",1414.2,2,ruizhichen
2832,16653127,"Talim Aushakhman","2026-09-15 17:29:46",1413.3,2,talimaushakhman
2833,16887142,backsider,"2026-09-16 09:34:44",1413.2,2,backsider
2834,16706576,王一凡,"2026-09-23 01:33:57",1413.1,2,"liuziyang1016,mikakohinata68"
2835,16731799,"Ansh The Farmer 👩‍🌾","2026-09-15 19:05:59",1412.4,2,affection
2836,16667766,vasujain7,"2026-09-14 17:44:19",1412.3,2,vasujain7
2837,16655844,MAFIN,"2026-09-14 12:37:15",1411.2,2,moneyman91
2838,16624109,"Nguyễn Thế Minh Đức","2026-09-15 01:01:29",1410.9,2,nguynthminhc
2839,16845695,"Nam Lê Phương","2026-09-14 06:56:08",1410.7,2,pearpn25
2840,16753925,"Tyler Durden","2026-09-15 08:06:49",1410.5,2,jeedimetlacharan213
2841,16730495,joinus,"2026-09-15 08:34:22",1410.1,2,joinus2003
2842,16630129,"Yi Lu","2026-09-16 01:54:33",1409.9,2,liqiu0224
2843,16630312,beijijun,"2026-09-14 12:04:11",1409.5,2,beijijun
2844,16732945,"Aru Ohta","2026-09-22 14:21:41",1409.0,2,aruohta
2845,16657276,"Пётр П","2026-09-25 22:36:49",1408.9,2,petrinvest
2846,16760515,"Kazuo Watanabe","2026-09-14 12:06:35",1408.5,2,watanabekazuo
2847,16691001,"Mahmoud Abdelshafy","2026-09-14 20:08:03",1408.2,2,mahmoudabdshafy
2848,16828191,wanghongwei111,"2026-09-14 13:07:32",1407.6,2,wanghongwei111
2849,16773448,"Qamar usman","2026-09-26 16:51:58",1407.0,2,qamarmath
2850,16661539,"Ilia Mironov","2026-09-23 22:03:44",1407.0,2,millcool
2851,16797029,phospholipid,"2026-09-20 23:17:05",1407.0,2,phospholipid0614
2852,16731577,RYnerv,"2026-09-14 11:33:32",1406.6,2,rynerv
2853,16755099,"Aleksandr Ulianin","2026-09-14 12:05:33",1406.4,2,aleksandrulianin
2854,16756698,savoelh,"2026-09-25 19:05:51",1406.0,2,savoelh
2855,16695664,Bantam,"2026-09-24 21:35:52",1405.1,2,bantam
2856,16841440,CornFormer,"2026-09-17 03:03:35",1404.0,2,linyangtian
2857,16741551,"Vedant Tiwari","2026-09-26 17:22:42",1403.8,2,vedant7312
2858,16682032,"Satkar sarvankar","2026-09-25 14:17:58",1403.7,2,satkar003
2859,16799024,Becegatto,"2026-09-26 23:58:24",1403.3,2,viniciussignorelli
2860,16863335,"Bright Choice AI","2026-09-27 04:02:07",1402.8,2,brightchoiceai
2861,16893402,tedo,"2026-09-15 00:05:46",1402.8,2,takuroedo
2862,16722295,"Yuya Shintani","2026-09-20 16:06:02",1402.3,2,uplus26e7
2863,16674295,"Nguyễn Minh Hiếu","2026-09-19 07:44:18",1401.7,2,endermage
2864,16710499,sukeke,"2026-09-15 04:28:10",1400.6,2,sukeke
2865,16832231,lst1923,"2026-09-26 22:06:29",1400.1,2,lst1923
2866,16757320,Jingxiang,"2026-09-12 22:11:32",1399.6,2,jingxiango
2867,16892272,"Leo #3","2026-09-14 15:44:18",1399.4,1,leo123321
2868,16881350,xwl_tree,"2026-09-18 10:40:29",1399.4,2,xwltree
2869,16868001,"Young MacDonald","2026-09-18 15:16:22",1399.3,2,natert
2870,16810141,"Sijie Ma","2026-09-13 14:22:49",1399.2,2,"dimashitong112,sijiema"
2871,16655098,"Brotron Carbide","2026-09-27 03:34:44",1399.1,2,brotroncarbide
2872,16861256,lizh2025,"2026-09-16 15:02:06",1398.9,2,lizh2025
2873,16810030,fukumayo,"2026-09-23 05:07:59",1398.8,2,fukumayouta
2874,16777836,キムチ納豆,"2026-09-13 07:07:18",1398.5,1,ccchikuwa
2875,16669604,"Abhijit Pise","2026-09-13 21:25:57",1398.1,2,abhijitpise
2876,16764301,"Quýt đây đừng sợ","2026-09-20 15:19:28",1397.9,2,ponschannel
2877,16654742,"Aastik Rajan15","2026-09-14 11:58:25",1397.1,2,aastikrajan15
2878,16881631,"Arjun Sharma","2026-09-12 14:47:32",1397.0,2,arjundsharma
2879,16884861,Sky,"2026-09-13 07:20:40",1396.9,2,dhaksheshwarm
2880,16621355,Raiden.B,"2026-09-22 16:08:44",1396.7,2,raidenb
2881,16713335,"Muhammad Imran","2026-09-14 09:42:21",1396.4,2,muhammadimranchitral
2882,16668157,"vineet dairashri","2026-09-24 21:14:39",1396.4,2,vineetdairashri
2883,16914530,ZKH-Harness,"2026-09-27 06:06:53",1396.2,2,"hanyazhang,kanny912,zhaoruichen"
2884,16857723,"Mask Learning","2026-09-27 06:04:35",1395.4,2,"clipcode,daskrank,maskgen,nnmerge,opscfg"
2885,16726616,9Hash,"2026-09-26 10:46:04",1395.3,2,hashimrazi
2886,16918568,"Penn Lam","2026-09-24 09:56:43",1395.1,2,pennlam
2887,16780279,"N Divij","2026-09-12 18:30:06",1395.0,2,divijio
2888,16797457,Aamod06,"2026-09-27 06:34:09",1394.3,2,aamod06
2889,16697411,VynoDePal,"2026-09-20 23:47:47",1393.9,2,kvynodjo
2890,16861637,薄荷喵呜,"2026-09-12 09:39:16",1393.1,2,bohemiao
2891,16686155,梁圣的恩情还不完,"2026-09-14 14:08:46",1393.0,2,yyyyhhhhwww
2892,16779171,Xunden,"2026-09-27 07:16:27",1393.0,2,xunden
2893,16735353,我是刘大聪,"2026-09-14 16:55:50",1392.7,2,smartorz
2894,16678618,"Manu Nicholas Jacob","2026-09-26 16:04:53",1392.5,2,manunicholasjacob
2895,16802442,"Rabia Eda Yılmaz","2026-09-15 19:10:02",1392.4,2,truthisneverlinear
2896,16845112,"Robert Baburin","2026-09-20 18:23:29",1391.6,2,robertbaburin
2897,16947863,"Minato Namikaze","2026-09-25 15:19:20",1390.8,2,arunklenin
2898,16659395,HyperX,"2026-09-15 11:53:22",1390.2,2,"diversedharun,harishinkaggle"
2899,16623326,"Tatiana Malygina","2026-09-26 22:31:17",1390.1,2,latticetower
2900,16658426,RIVEN23,"2026-09-15 04:02:51",1390.1,2,riven5
2901,16862912,"Nicolas Krusche","2026-09-15 00:03:10",1390.1,2,nicolaskrusche
2902,16783537,JustinybGao,"2026-09-20 15:51:23",1388.8,2,justinybgao
2903,16639642,c-number,"2026-09-13 03:29:40",1388.6,2,cnumber
2904,16796133,NoMoreThan20Words,"2026-09-15 00:19:25",1388.5,2,nomorethan20words
2905,16886979,"Ivan Toropin","2026-09-13 21:21:17",1388.3,2,ivantoropin
2906,16769435,"Nguyễn Mạnh","2026-09-21 04:23:56",1388.3,2,nguyenmanh97
2907,16630784,"🚜 Sub-Par Seedlings","2026-09-15 16:54:05",1388.2,2,"dwellement0baser,michaellist,oneupkiwi,wilhelmberghammer"
2908,16672448,"Crisis Liu","2026-09-23 05:47:19",1388.1,2,crisisliu
2909,16672121,"Tiger bonbon","2026-09-14 03:41:59",1387.8,2,fujiwarayuto
2910,16674878,KirillKlem,"2026-09-13 18:19:27",1387.6,2,kirillklem
2911,16684402,vn1111,"2026-09-27 07:10:10",1387.5,2,vn1111
2912,16875464,tllswelp,"2026-09-13 11:07:16",1387.4,2,tllswelp
2913,16791254,player123,"2026-09-21 15:21:23",1387.1,2,prashantbhattarai093
2914,16846069,"Bryce Muhlnickel","2026-09-14 03:27:19",1386.5,2,tokenjunkielabs
2915,16707865,"bb aa","2026-09-20 09:47:41",1386.5,2,bbaa233
2916,16649314,"Yuka,Ota","2026-09-14 08:17:18",1386.1,2,yukaika
2917,16780995,"Silver Surfer","2026-09-25 09:29:46",1386.0,2,hausch11
2918,16679987,"Said Mohamed Omary","2026-09-21 11:31:47",1386.0,2,saidmohamedomary
2919,16707303,meTeam,"2026-09-24 18:14:20",1384.4,2,aaronzribi
2920,16877958,"Igor Buinyi","2026-09-27 06:33:31",1383.9,2,buinyi
2921,16652272,"nadhir hasan","2026-09-13 14:07:09",1383.7,2,nadhirhasan
2922,16858523,"Taivanbat Bayarsaikhan","2026-09-24 08:03:28",1383.2,2,taivnaaiwnl
2923,16698726,加油,"2026-09-14 12:25:38",1382.6,2,honeeyl
2924,16641816,"Toshiki Honda","2026-09-16 15:03:37",1382.3,2,toshikihonda
2925,16793755,"Juank Suarez","2026-09-20 02:45:18",1381.0,2,juanksuarez
2926,16835641,baojidehuangmao,"2026-09-17 10:38:44",1381.0,2,"brittneylewis2,innocentdzzz"
2927,16840921,evolved,"2026-09-15 05:03:46",1380.8,2,algunion
2928,16840588,Q.Ai,"2026-09-13 19:36:27",1380.6,2,"alperennbaran,hseyinemre134"
2929,16722399,"Meta learners","2026-09-27 05:05:01",1380.4,2,aditya2909rb
2930,16847370,"Suleyman Yollyyev","2026-09-25 05:54:55",1380.3,2,suleyman71
2931,16725287,NoahRyan,"2026-09-13 10:37:32",1379.8,2,beginner080
2932,16683865,Shin7jp,"2026-09-27 06:26:37",1378.5,2,shin7jp
2933,16802410,"Aleksandr  Larko","2026-09-14 02:42:42",1378.2,2,alexxanderlarko
2934,16738653,"Julien Trocmé","2026-09-25 12:47:01",1378.0,2,julientrocm
2935,16633773,copasta,"2026-09-13 06:16:43",1377.9,2,copasta
2936,16939133,wang,"2026-09-26 13:59:57",1377.7,2,tombryant
2937,16802843,Dream,"2026-09-16 02:45:24",1377.4,2,"jamesl8,tzeweilim"
2938,16875849,"Yaotong Niu","2026-09-15 13:37:34",1377.4,2,yaotongniu
2939,16867375,YUXUCH,"2026-09-18 13:21:43",1376.3,1,yuxuch
2940,16884368,LaManbo,"2026-09-13 10:51:44",1375.7,2,encizhang
2941,16625219,MJVinay,"2026-09-25 15:57:09",1375.6,2,mallajayanthvinay
2942,16905027,"xiaomeng lin","2026-09-26 15:10:44",1375.5,2,xiaomenglin
2943,16658382,vladee,"2026-09-26 22:09:08",1375.5,2,vladee
2944,16881755,MudassarPAPI,"2026-09-14 08:59:06",1375.4,2,mudassarpapi
2945,16728774,あなまか,"2026-09-25 23:42:10",1375.3,2,arakish
2946,16885455,"Ali Azizi","2026-09-19 12:36:06",1375.2,2,aliazizi1
2947,16941692,twotodevnull,"2026-09-26 06:13:57",1375.1,2,twotodevnull
2948,16854439,"Yosef Zoabi","2026-09-13 21:05:15",1374.9,2,yosefzoabi
2949,16942588,Isabe11aM00re,"2026-09-25 19:37:41",1374.8,2,"dan1e1c1ark,henryy0ung,isabe11am00re,s0ph1amart1n"
2950,16623603,"Renji Starfall","2026-09-13 14:14:01",1374.7,2,renjistarfall
2951,16697540,"Jared Floersch","2026-09-24 12:24:14",1374.5,2,jaredfloersch
2952,16761418,"Piggy Piggy","2026-09-14 23:37:49",1374.5,2,txgg123
2953,16863498,Jackmama-nolfwin,"2026-09-13 04:36:37",1374.2,2,nolfwin
2954,16731501,"Shiv Satyam","2026-09-13 22:14:15",1372.2,2,shivsatyam
2955,16855071,Janvi_ch,"2026-09-13 18:22:18",1371.9,2,janvich
2956,16796235,"Keside Onyeocha","2026-09-20 01:25:05",1370.3,2,kesideonyeocha
2957,16841799,珍珠,"2026-09-14 16:49:56",1370.1,2,luochen6
2958,16684641,t.me/aetheranime,"2026-09-13 10:22:28",1369.7,2,yfrite
2959,16766796,panda__MB__maximus,"2026-09-27 05:24:45",1369.0,2,tanishmohokar09
2960,16871327,"Anh Bui","2026-09-18 04:29:28",1368.8,2,bibanh
2961,16879614,"Razvan Stancioiu","2026-09-22 20:24:54",1368.7,2,razvanstancioiu
2962,16855665,"Yash Yadav","2026-09-27 07:10:51",1368.2,2,yash2072005
2963,16920623,yeqinxin,"2026-09-25 04:12:54",1368.0,2,yqx123456
2964,16656312,"retiring to farm","2026-09-25 14:55:10",1367.7,2,"avnermlim,belati,hilariusjeremy,matthewpramana,nicholasarditirta"
2965,16870577,"Kenan Zhang9","2026-09-21 02:18:25",1366.2,2,kenanzhang9
2966,16807802,嘴爷,"2026-09-14 02:14:43",1366.2,2,zui0711
2967,16809200,v0m0v,"2026-09-13 12:09:18",1365.3,2,maguchiya
2968,16715216,Colin,"2026-09-15 12:36:41",1365.3,2,umcolin
2969,16654322,"Debatreya Biswas","2026-09-24 14:55:19",1365.3,2,debatreyabiswas
2970,16884932,torvile,"2026-09-13 05:54:14",1365.0,2,torvile
2971,16792799,Kohecchi,"2026-09-15 16:17:53",1364.8,1,kohecchi
2972,16865554,"parker tan","2026-09-18 10:42:33",1364.6,2,parkertan
2973,16635340,"zhuo wamg","2026-09-27 07:07:41",1364.4,2,zhuowamg
2974,16743342,"Артём Свинобоев","2026-09-13 11:38:29",1364.4,2,ssstelmah
2975,16731983,Gracie,"2026-09-27 05:10:06",1364.3,2,gracie428
2976,16715066,akahane,"2026-09-16 21:06:58",1364.3,2,shuheiakahane
2977,16847763,MartinZiserman,"2026-09-11 23:53:37",1362.7,2,zarmii
2978,16622820,"Sergey Nefedov","2026-09-13 18:00:39",1362.4,2,sergionefedov
2979,16761657,Picu,"2026-09-25 15:44:04",1361.8,2,rumoschilling
2980,16682892,"Alvaro Llamojha","2026-09-24 06:44:17",1361.5,2,alvarollamojha
2981,16688808,"Niranjan Nakkala","2026-09-25 11:28:27",1361.4,2,niranjanmudhiraj
2982,16885734,zylvento,"2026-09-13 10:02:37",1361.4,2,"lorvexa,zylvento"
2983,16885599,Suiban,"2026-09-22 12:19:22",1360.3,2,suiban410219
2984,16659286,shane18,"2026-09-27 06:00:54",1360.0,2,shane18
2985,16662984,"Mark Schatza","2026-09-17 18:27:19",1359.9,2,markschatza
2986,16881882,Fl,"2026-09-14 21:42:24",1359.7,2,flagon
2987,16942429,"yangjian zhu","2026-09-26 01:53:40",1359.6,2,yangjianzhu
2988,16806146,"Factual Explorer","2026-09-12 20:05:48",1359.6,2,factualexplorer
2989,16861885,"Олег Бабков","2026-09-26 22:00:13",1359.2,2,jabberwock78
2990,16949344,M1R0OFFICIAL,"2026-09-24 00:09:03",1358.9,1,m1r0official
2991,16706004,Divyansh,"2026-09-23 19:47:12",1358.8,2,sehgaldivyansh
2992,16865854,lancerhim,"2026-09-14 04:18:21",1358.6,2,lancerhim
2993,16866868,mr_children_0617,"2026-09-14 13:01:56",1358.5,2,mrchildren0617
2994,16885807,S3unburst,"2026-09-13 10:25:40",1357.3,2,s3unburst
2995,16877997,Mirlan,"2026-09-13 07:44:53",1357.2,2,zmtrxq
2996,16653311,"Stanislav Tsepa","2026-09-25 17:34:22",1356.7,2,mrtsepa
2997,16691670,wangbin.dev,"2026-09-17 16:58:12",1356.3,2,wangbindev
2998,16729192,1m0ke,"2026-09-27 07:12:36",1356.2,2,smokelate
2999,16749352,"Ian Virchenko","2026-09-14 10:23:15",1355.9,2,yvainr
3000,16905838,lin_,"2026-09-24 12:41:31",1355.6,2,linabohachuk
3001,16855088,Re:dorf,"2026-09-15 12:44:10",1355.4,2,reydorf
3002,16862390,huytngo,"2026-09-13 02:44:09",1355.3,2,huytngo
3003,16875733,Fronta,"2026-09-13 06:47:59",1355.2,2,mirichima
3004,16886066,latentb,"2026-09-13 11:55:55",1355.1,2,latentb
3005,16878707,"Shiva Somasundaram Balaji","2026-09-13 05:58:09",1354.7,2,shivasomasundaramb
3006,16948046,"Jeroen Cottaar","2026-09-23 14:38:47",1353.8,2,jeroencottaar
3007,16632708,__Taichicchi__,"2026-09-25 23:31:41",1353.7,2,hutch1221
3008,16710459,Nironiro,"2026-09-27 07:13:02",1353.5,2,nironiro
3009,16716867,"Kevin Gemilang","2026-09-19 04:52:17",1352.8,2,kevingemilang
3010,16882077,telep,"2026-09-22 15:21:34",1352.6,2,vitaliypyvovar1
3011,16639168,Sergey,"2026-09-13 08:22:45",1352.0,2,sergeymikhailovn
3012,16741321,"S. B.","2026-09-25 06:01:56",1351.8,2,aughra
3013,16809721,siren2345,"2026-09-22 14:35:50",1350.4,2,siren2345
3014,16630418,butterchicken,"2026-09-25 08:17:33",1350.0,2,"ritanshuprasad,sriramlingavel01"
3015,16855156,"Lior Toledano","2026-09-15 18:15:51",1350.0,2,liortoledano
3016,16847578,"Tim Chernov","2026-09-27 02:34:15",1349.8,2,saffff
3017,16654109,"Mohamed Amine Aichaoui","2026-09-22 21:38:11",1349.0,2,mohamedamineaichaoui
3018,16945180,"Anton Nikonov","2026-09-25 12:16:58",1349.0,2,antonnikonov
3019,16629873,UncleWKTK,"2026-09-13 05:24:28",1348.9,2,unclewktk
3020,16696099,moss,"2026-09-13 09:31:52",1347.7,2,kenyashimizu
3021,16881613,refluxor,"2026-09-12 14:44:46",1346.2,2,refluxor
3022,16657587,PxlPau,"2026-09-13 00:34:27",1346.0,2,studybeetutoring
3023,16896299,Bungalow0,"2026-09-27 07:11:11",1345.4,2,"achatoyant,bungalow0,demuure"
3024,16731194,"Neglected Turtle","2026-09-27 07:18:28",1344.5,2,pleaselike
3025,16665841,"Mohit Rao","2026-09-14 05:22:15",1344.1,2,vmohitrao
3026,16748559,GodofThunder2407,"2026-09-13 06:18:15",1344.1,2,godofthunder2407
3027,16761167,"Tejasteju M P","2026-09-24 04:29:56",1343.8,2,tejastejump
3028,16642846,"Leonid Zaporozhets","2026-09-26 09:30:34",1343.7,2,leonidzaporozhets
3029,16870485,agentic,"2026-09-16 19:21:30",1343.3,2,"audiuphile,mark5221,sidchevvan"
3030,16842293,"WANG HONGXIANG","2026-09-20 15:33:21",1343.0,2,wanghongxiang
3031,16885704,tavrico,"2026-09-13 09:52:55",1342.7,2,tavrico
3032,16715912,"Hiroshi Sakiyama","2026-09-25 15:56:51",1342.5,2,hiroshisakiyama
3033,16884902,yovrini,"2026-09-13 05:49:06",1342.0,2,yovrini
3034,16859745,111,"2026-09-25 16:54:39",1342.0,2,guoz112
3035,16671596,Sibato,"2026-09-22 00:41:44",1341.8,2,sibato
3036,16733016,Quillbolt,"2026-09-26 11:14:01",1341.5,2,tunminhhunh
3037,16832226,"DI27 RF","2026-09-13 02:34:01",1341.1,2,di27rf
3038,16881237,"Chunlai Li","2026-09-26 12:30:35",1340.2,2,lichunlai123
3039,16681049,"SiLin “Can SiLin” Can","2026-09-13 05:44:26",1340.1,2,"k3rn3l,silincansilincan"
3040,16852377,"Zhong Lyu","2026-09-25 08:57:10",1340.1,2,zhonglyu
3041,16635973,"Code by Nadiia","2026-09-24 11:05:35",1339.8,2,codebynadiia
3042,16942273,"Sravanthi Kovvuri","2026-09-23 12:14:18",1339.5,2,sravanthikovvuri
3043,16797154,"Elvern Neylmav Tanny","2026-09-13 23:37:07",1338.1,2,elvernneylmavtanny
3044,16839489,Q1du,"2026-09-12 10:12:02",1338.0,2,zjecust
3045,16859409,wia'ma,"2026-09-26 00:45:31",1337.4,2,wangyiqicy
3046,16730854,src,"2026-09-26 07:50:08",1336.5,2,skthtu
3047,16643554,"Arnie Jimenez","2026-09-16 16:50:18",1335.0,2,arniejimenez
3048,16798152,"A secretive person","2026-09-18 14:09:57",1334.9,2,asecretiveperson
3049,16881818,gradfield21,"2026-09-12 15:44:29",1334.8,2,gradfield21
3050,16885770,"Rahul Jangra","2026-09-13 10:13:19",1334.7,1,leonado10000
3051,16946333,KIT,"2026-09-23 09:13:30",1334.2,2,ray6767
3052,16892458,orangeaugust,"2026-09-26 11:13:30",1334.2,2,orangeaugust
3053,16818508,"Napster Y","2026-09-27 03:40:55",1334.1,2,napstery
3054,16884822,reziavon,"2026-09-13 05:38:11",1332.8,2,reziavon
3055,16845314,ryvhii,"2026-09-21 06:51:36",1332.1,2,ryvhii
3056,16928266,"Arun Khatua","2026-09-24 05:25:15",1331.5,2,arunkhatua
3057,16916104,"Dayi Zhang","2026-09-22 15:27:26",1331.2,2,dayizhang
3058,16830984,lizhengui,"2026-09-13 06:34:44",1330.4,2,lizhengui
3059,16630803,"Mirza Milan Farabi","2026-09-13 21:59:25",1330.4,2,mirzamilanfarabi
3060,16668262,spbforce,"2026-09-27 04:42:32",1329.2,2,spbforce
3061,16864988,"jiangling wang","2026-09-13 10:59:00",1328.5,1,jianglingwang
3062,16669843,"hikaru kitagawa","2026-09-21 04:20:12",1328.2,2,hikarukitagawa
3063,16737041,presucc,"2026-09-13 04:13:37",1326.3,2,presucc
3064,16854815,marching_zzz,"2026-09-27 02:33:13",1325.9,2,marchingzzz
3065,16728076,uuu,"2026-09-13 09:12:31",1325.5,2,vovafinogenov
3066,16660041,"Hoàng Quốc Việt ","2026-09-13 04:56:59",1325.5,2,viethwang3i
3067,16731926,"Pardheev Krishna","2026-09-12 12:08:13",1325.2,2,"anandkumar0901,ayushjiwatramani,nidhibsh,nitindatanylatics,pardheev"
3068,16740034,BSCode,"2026-09-14 02:27:32",1325.2,2,bscode
3069,16684401,WQAAAA,"2026-09-12 03:28:35",1325.0,2,wqaaaa
3070,16663929,"Erman Man","2026-09-12 02:05:39",1324.9,2,ermanman
3071,16870440,GOSS,"2026-09-27 07:10:06",1324.8,2,gossan
3072,16723988,yuyinghuang,"2026-09-13 07:00:33",1324.2,2,yuyinghuang
3073,16859269,BAILW,"2026-09-25 16:46:48",1323.9,2,baimatubama
3074,16881121,Annsatz,"2026-09-14 14:59:00",1323.7,2,ansatzkong
3075,16862084,weiooocnnnnnn,"2026-09-15 11:52:22",1323.4,2,weiooocn
3076,16639731,williamrawling,"2026-09-27 03:11:34",1323.2,2,williamrawling
3077,16822395,"Vladimir Galatenko","2026-09-24 02:41:17",1323.1,2,vladimirgalatenko
3078,16632527,"GIVE ME A JOB","2026-09-10 09:35:11",1322.8,2,tarokogawa
3079,16699045,"Abu Kayyisah Basyid","2026-09-24 17:36:05",1322.6,2,abukayyisahbasyid
3080,16654848,DovyDigital,"2026-09-25 00:28:21",1321.6,1,dovydigital
3081,16888282,Sheeesh---,"2026-09-21 18:08:35",1321.4,1,hamzaaitmohamed
3082,16662618,"Soledad Santiago","2026-09-27 05:56:14",1321.2,2,soledadsantiago
3083,16839754,"Lauresowe 3D","2026-09-12 10:00:06",1321.0,2,lauresowe3d
3084,16729765,"Caio Ruiz","2026-09-27 06:39:26",1320.9,2,chvruiz
3085,16858414,wantOchange,"2026-09-13 01:00:32",1320.7,2,wantochange
3086,16881783,novasync88,"2026-09-12 15:27:48",1319.8,2,novasync88
3087,16677568,yarneo,"2026-09-16 10:07:53",1319.6,2,yarneo
3088,16755049,gamesu7107,"2026-09-12 18:24:15",1319.2,2,gamesu7107
3089,16784516,pejipej,"2026-09-26 22:07:46",1319.1,2,pejmaneghbali
3090,16705318,arminhej96,"2026-09-22 05:17:55",1318.3,2,arminhej96
3091,16880960,Kiriesh,"2026-09-16 18:45:37",1317.5,2,kiriesh
3092,16859690,Molood,"2026-09-10 20:30:43",1317.4,2,molooda
3093,16881521,Juniperss,"2026-09-12 14:16:09",1317.2,2,juniperss
3094,16790931,100rabh,"2026-09-12 16:42:27",1316.6,2,saurabhkumar234
3095,16771703,"Moomin and his farm","2026-09-12 07:03:58",1316.1,2,ataraxyyeah
3096,16657887,"Yermak Petro","2026-09-26 23:23:16",1316.0,2,yermakpetro
3097,16756965,gchauhan,"2026-09-15 06:57:02",1315.4,2,gchauhan
3098,16665641,"Alexander Shahramanyan","2026-09-24 18:02:47",1315.4,2,alexshah
3099,16881585,Venqira,"2026-09-12 14:31:19",1314.7,2,venqira
3100,16641309,klog,"2026-09-12 04:48:32",1314.6,2,mhrzmmhrzm
3101,16657265,"Hemant Kumar","2026-09-18 13:53:47",1314.5,2,hemantrajputt
3102,16722818,"Mukesh R","2026-09-14 09:13:30",1314.0,2,mukeshr06
3103,16862806,kitsada,"2026-09-19 09:59:59",1313.8,2,wangwaen
3104,16689863,yukichi0403,"2026-09-15 12:39:45",1313.6,2,yukitake93
3105,16629699,radiant-allomancer,"2026-09-11 00:50:02",1313.3,2,radiantallomancer
3106,16621063,Broskis,"2026-09-11 03:19:55",1313.0,2,"aikyatansinha,r1cksync,vamshikrishnaemmadi"
3107,16775571,Gaurav06520,"2026-09-15 12:38:42",1312.4,2,gaurav06520
3108,16879360,"Neural Subscribed Operator","2026-09-12 06:55:46",1311.8,1,nacl3084
3109,16783173,"Michael Shihong Zhang","2026-09-13 05:39:27",1311.0,2,"excelexx,festyve"
3110,16857987,fujia,"2026-09-19 05:16:43",1310.8,2,fujiasama
3111,16734447,"Ali Bauyrzhan","2026-09-25 20:12:33",1309.5,2,alibauyrzhan
3112,16692725,"Zhen Li","2026-09-12 10:05:10",1309.2,2,zhenlisak
3113,16808020,"Pulkit Arora 🇮🇳","2026-09-11 09:15:58",1309.1,2,pulkittarora
3114,16635233,"Szymon Kłapiński","2026-09-12 10:11:30",1308.8,2,szymonkapiski
3115,16630142,zawawannko,"2026-09-11 08:03:32",1308.4,2,zawawannko
3116,16662735,"Kurian George","2026-09-11 17:16:25",1308.3,2,kuriangeorge
3117,16867641,YK,"2026-09-10 17:17:04",1307.5,2,yukitashiro
3118,16885509,HAL,"2026-09-14 07:58:55",1307.2,1,"asunalin,ljimmy2005007"
3119,16664761,"Udit Jain #2","2026-09-12 00:14:14",1307.1,2,iamudit
3120,16630984,TakamaruEX,"2026-09-14 08:20:46",1307.1,2,takamaruex
3121,16644818,chudddc,"2026-09-24 14:43:09",1307.0,2,chudddc
3122,16623385,yurunougyou!,"2026-09-10 12:25:26",1306.7,2,isakatsuyoshi
3123,16869555,"Karthik Nambiar","2026-09-15 07:13:16",1306.7,2,karthiknambiar387239
3124,16858157,osteo,"2026-09-11 01:33:23",1306.5,2,logstwo
3125,16730323,fufufukakaka,"2026-09-26 00:23:34",1304.9,2,fufufukakaka
3126,16701612,Kiki,"2026-09-11 06:43:31",1304.8,2,rouiou
3127,16799598,RameshG888,"2026-09-11 08:42:57",1304.7,2,ramesh888
3128,16699455,vijaikm,"2026-09-22 11:56:07",1303.9,2,vijaikm
3129,16685047,Yvonne.,"2026-09-21 08:34:31",1303.5,2,zdawer250
3130,16843892,luxinyayaya,"2026-09-15 03:23:21",1302.8,2,luxinyayaya
3131,16630797,"Seok, Jeongeum","2026-09-27 00:58:13",1302.1,2,seokjeongeum
3132,16862944,Luchsus,"2026-09-14 23:29:16",1302.1,2,jansteindlstarlinger
3133,16678609,quantcrypto3,"2026-09-19 01:51:13",1302.1,2,quantcrypto3
3134,16688587,yamashu,"2026-09-21 01:17:33",1301.7,2,yamashuuu
3135,16682318,Bibek,"2026-09-13 20:49:12",1300.8,2,bibek777
3136,16689186,NCK,"2026-09-12 04:31:04",1300.7,2,drnchaitanyakumar
3137,16864072,"Matvey Skovordin","2026-09-10 04:24:07",1300.5,1,kickassnumberone
3138,16825815,linchenge,"2026-09-25 14:36:14",1299.2,2,linchenge
3139,16772119,Workybara.ai,"2026-09-12 03:16:14",1298.2,2,workybaraai
3140,16669038,"Nabeel Shar","2026-09-13 09:17:32",1298.0,2,nabeelshar
3141,16661462,"Dania Amer","2026-09-24 01:19:39",1297.7,2,dania35
3142,16741243,"Yasin Mert Şahin","2026-09-26 10:59:21",1297.3,2,ymertsahin
3143,16678930,"Just a moroccan","2026-09-26 12:14:44",1296.8,2,zbidaamine
3144,16802578,Yuuki4543,"2026-09-11 06:18:16",1296.3,2,yuuki4543
3145,16832971,"Scott Willis","2026-09-27 05:44:09",1296.3,2,scottgwillis
3146,16712329,"Andrej Carpenter","2026-09-22 07:36:56",1296.2,2,andrejcarpenter
3147,16719364,Yeh!AIGame,"2026-09-26 07:23:01",1295.4,2,"luluyeh,yehshibang"
3148,16857624,flatton,"2026-09-16 23:02:27",1294.7,2,tomokifujihara
3149,16671520,sci-shi,"2026-09-22 14:17:14",1293.7,2,scishi
3150,16860566,黄旭伟aaaabbs,"2026-09-25 14:49:18",1293.5,2,aaaabbs
3151,16624073,SoftRL,"2026-09-22 13:34:39",1292.1,2,"maruichi01,ppocharl,puws06,tatsukisato,unikina"
3152,16708546,"Blue Rain","2026-09-12 04:15:32",1291.8,2,bluefeather386
3153,16850105,Pantheon,"2026-09-14 07:40:15",1291.8,2,skyenxt
3154,16772090,"SHIVAJI SHAIK","2026-09-20 07:13:54",1291.5,2,shivajishaik
3155,16713281,SirShifu,"2026-09-10 22:19:52",1291.3,2,sirshifu
3156,16661276,Middle,"2026-09-26 13:32:14",1290.7,2,aydagul
3157,16848765,XJHya233,"2026-09-13 11:56:26",1290.5,2,xjhya233
3158,16849377,try,"2026-09-26 13:13:47",1290.4,2,weishanshan033
3159,16797847,"levski shampion","2026-09-12 23:19:08",1290.1,2,mariomalev
3160,16702674,"Varun S G","2026-09-18 05:49:16",1289.5,2,warun7
3161,16688313,"Gnosys Labs","2026-09-18 00:56:10",1289.5,2,gnosyslabs
3162,16875671,"Nikolay Shaulsky","2026-09-26 09:15:39",1288.6,2,nikolayshaulsky
3163,16784992,Prasad.tgs,"2026-09-25 15:00:49",1288.4,2,sivaprasadnaidu
3164,16881857,Pheonix,"2026-09-17 11:51:43",1288.4,2,vikasg1711
3165,16700510,"Shadow Recon","2026-09-25 08:33:13",1287.9,2,gaurav065
3166,16735837,yaki-imo,"2026-09-11 04:35:42",1287.3,2,taichiakiyama
3167,16881267,"juu meng","2026-09-13 07:07:40",1287.2,2,juumeng
3168,16781506,un0o7,"2026-09-11 13:10:36",1287.2,2,hjhsdsdww
3169,16898290,"Ryan Jonathan Valencia","2026-09-17 17:33:18",1287.1,2,ryanjonathanvalencia
3170,16655411,フナコシ,"2026-09-22 18:24:58",1287.0,2,kokifunakoshi
3171,16659957,LeFarmers,"2026-09-24 19:10:00",1286.9,2,"jaydonjp,kuantumknight"
3172,16658185,"Juwon Kweon","2026-09-22 01:35:01",1286.2,2,juwonkwon
3173,16696738,rekhasri,"2026-09-18 17:25:22",1285.8,2,rekhasri
3174,16658801,"Thuc Nguyen Dang 111","2026-09-13 05:21:36",1285.2,2,thucnguyendang111
3175,16623298,Mikhail_Komkin,"2026-09-26 22:58:30",1285.1,2,mikhailkomkin
3176,16862840,"Ammar Aziz","2026-09-12 11:11:53",1284.7,2,cabtainamamr
3177,16882304,"Lokesh Prajapat","2026-09-12 18:20:47",1283.3,1,lokesh0252
3178,16641956,SixGODD,"2026-09-20 01:06:51",1283.1,2,sixgodd
3179,16628875,TakahiroHon,"2026-09-17 02:59:51",1282.7,2,takahirohon
3180,16669461,"suzy su","2026-09-12 12:38:38",1282.7,2,suzysu997
3181,16866424,"gmmm mmod2","2026-09-11 07:38:54",1282.1,2,gmmmmmod2
3182,16814701,e0970145,"2026-09-10 11:43:21",1281.8,2,maxxtucker
3183,16760509,"gnanadeepika karanam","2026-09-26 17:57:13",1280.9,2,gnanadeepikakaranam
3184,16865261,"Kamal Kadakara","2026-09-27 02:44:44",1280.7,2,kamalkadakara
3185,16881694,Novardion,"2026-09-13 11:28:43",1279.9,2,novardion
3186,16918530,lingsio,"2026-09-22 06:17:59",1279.1,2,shinshengchiou
3187,16756477,Ender,"2026-09-24 23:40:32",1279.0,2,eamonnkashyap
3188,16661667,"Wufang Hong","2026-09-10 07:14:27",1278.5,2,wufanghong
3189,16710469,Qimra1729,"2026-09-11 08:09:04",1278.4,2,qimra1729
3190,16670715,i3,"2026-09-24 08:33:45",1277.8,2,ishijima
3191,16660250,Moshel,"2026-09-12 23:06:43",1277.4,2,moshel
3192,16663808,"Fae Gaze","2026-09-10 20:30:29",1277.4,2,achievement
3193,16781550,Lumberjacks,"2026-09-19 16:21:59",1277.3,2,jamesmcgarryiv
3194,16880407,kimuraaa,"2026-09-21 07:58:10",1276.9,2,kimuraaa
3195,16691084,"Ke Ma Ke","2026-09-13 09:01:36",1276.0,2,kemake
3196,16711317,"yf D","2026-09-26 13:35:58",1275.6,2,dengvitruviano
3197,16717794,souldrive,"2026-09-13 13:18:14",1275.2,2,souldrive
3198,16849766,"Uncle Scooge","2026-09-11 13:27:24",1275.0,2,"guzzbr,pascalcoimbra"
3199,16843617,Jenny124685,"2026-09-24 05:14:36",1273.8,2,jenny124685
3200,16672128,Cliffton,"2026-09-27 04:29:20",1273.3,2,rieltzx
3201,16854573,"这是 AI 的胜利","2026-09-10 09:15:16",1273.2,2,iaptainmy
3202,16652764,hikahika,"2026-09-11 13:31:34",1273.0,2,naganohikaru
3203,16768016,JohnBlake,"2026-09-26 06:49:17",1272.9,2,jaybeeja
3204,16867005,cryptvector2,"2026-09-11 13:22:09",1272.5,2,cryptvector2
3205,16832866,bgaoi2,"2026-09-09 15:09:29",1271.9,2,bgaoi2
3206,16867327,Zorvella,"2026-09-11 03:16:36",1271.7,2,zorvella
3207,16868685,"Kotaro Simizu","2026-09-11 20:39:54",1271.1,2,"kotarosimizu,mahiro1214"
3208,16756765,DharmParmar,"2026-09-23 01:19:56",1270.9,2,dharmparmar
3209,16896283,"WENBO ZHANG","2026-09-24 00:48:40",1270.6,2,wenbozhang2026
3210,16758232,mech_39,"2026-09-10 21:20:57",1270.5,2,mech39
3211,16668622,"Michael McGrain","2026-09-10 10:38:27",1270.3,2,michaelmcgrain
3212,16847304,"eryue shisi","2026-09-14 02:41:20",1270.2,2,eryueshisi
3213,16722849,"Dhruv Bansal","2026-09-10 22:03:08",1270.0,2,dhruvb2028
3214,16623980,Nikita,"2026-09-14 10:05:57",1269.7,2,ivanovnikitawork
3215,16811496,Marie,"2026-09-23 05:17:53",1268.7,2,mariashatrova
3216,16861723,"Landon Hershberger","2026-09-15 22:04:40",1268.6,2,landonhershberger
3217,16907406,herok0809,"2026-09-16 16:49:09",1268.1,2,herok0809
3218,16715205,GCarnovale,"2026-09-24 01:40:57",1267.8,2,gcarno
3219,16670879,"old macdonald","2026-09-07 16:11:15",1267.4,2,djschmit
3220,16735238,DHKim0324,"2026-09-26 19:32:40",1267.3,2,dhkim0324
3221,16865917,"Yihao Wei","2026-09-13 10:07:46",1267.1,2,yihaowei
3222,16664609,Re2lawd,"2026-09-24 09:51:49",1266.9,2,re2lawd
3223,16748487,Hiters,"2026-09-11 00:54:16",1266.5,2,mikehongsz
3224,16630015,星之海,"2026-09-26 07:48:07",1266.2,2,web3cainiao
3225,16660020,"Gaddam Shiva Teja","2026-09-24 20:55:02",1265.6,2,shivateja005
3226,16870461,Fumi,"2026-09-26 06:02:01",1265.4,2,cheersbeer
3227,16791163,woldy,"2026-09-27 05:13:09",1265.1,2,woldywei
3228,16841595,Jaso1024,"2026-09-10 01:44:10",1264.7,2,jaso1024
3229,16698287,"Reinforcement Forgetting","2026-09-24 23:34:50",1264.5,2,ethanjschauder
3230,16814378,"Jay Prrajapati","2026-09-09 13:53:13",1262.6,2,jayprrajapati
3231,16708791,atsu0905,"2026-09-27 01:16:01",1262.6,2,atsu0905
3232,16627194,GzmCR632,"2026-09-11 07:01:14",1261.7,2,gzmcr632
3233,16871483,carnivore,"2026-09-25 16:57:19",1261.4,2,prapproved
3234,16635209,4eta,"2026-09-23 16:25:06",1260.7,2,bio4eta
3235,16691270,"Piyal Chowdhury","2026-09-21 18:53:53",1260.5,2,piyalchowdhury
3236,16720797,"Vibe Farmer","2026-09-11 02:14:27",1260.3,2,pulakkantibhowmick
3237,16844456,Touk00,"2026-09-13 04:20:04",1260.2,2,touk00
3238,16808822,-lingluo-,"2026-09-22 04:22:20",1260.1,2,lingluoo
3239,16730735,YUK,"2026-09-14 18:00:10",1260.0,2,yu0307
3240,16801797,Tv,"2026-09-13 03:11:19",1259.7,2,linyeah
3241,16883478,Aggri_goon,"2026-09-16 10:48:29",1259.4,2,ryonagakubo
3242,16759508,george-nigmatulin,"2026-09-26 20:20:53",1259.3,2,georgenigmatulin
3243,16766498,HNUST,"2026-09-27 07:30:39",1259.2,2,"aloemoon,castianhans"
3244,16857932,"Ahmed Ansari","2026-09-16 11:57:46",1259.0,2,ahmed1ansari
3245,16811414,Y-Kitaro,"2026-09-26 14:43:05",1258.6,2,yhataktaro
3246,16623309,zyvren,"2026-09-11 15:14:31",1258.5,2,"nusratahmmedmaisha,sharif485"
3247,16876040,hgh404,"2026-09-22 20:49:08",1257.1,2,"gamejoker,hgh1024"
3248,16622835,"Max Manushin","2026-09-11 01:04:29",1256.8,2,innerf1re
3249,16770055,"san yin26","2026-09-15 08:14:39",1256.7,2,"amadeusan,sanyin26"
3250,16676085,"Giordano Dolenz","2026-09-11 17:20:50",1256.2,2,giordanodolenz
3251,16717549,"Adejumo Boluwatife","2026-09-11 19:09:23",1255.9,2,adejumoboluwatife
3252,16736838,アナコンダ,"2026-09-09 13:48:32",1255.8,2,"ei1333,unosss"
3253,16709872,"Tim McGarvey","2026-09-27 06:58:44",1255.5,2,timmcgarvey
3254,16634519,"Darshan Makwana","2026-09-10 10:17:03",1254.8,2,ellipticaloranges
3255,16890052,Code4life,"2026-09-15 16:46:33",1254.1,2,"huylngcgia,taovietducofficial"
3256,16657671,CyberRacoon,"2026-09-15 10:38:45",1254.1,2,racoontw
3257,16746796,kaguramena,"2026-09-10 07:13:17",1253.8,2,kaguramena
3258,16634104,FarmGoose,"2026-09-10 09:10:47",1253.8,2,yizhanglou
3259,16857939,"Le Duy Dong","2026-09-10 16:11:23",1253.8,1,lduynglduyng
3260,16670020,nanare,"2026-09-16 16:43:03",1252.3,2,nanaresudo
3261,16633793,adakoda,"2026-09-09 11:55:49",1252.2,2,adakoda
3262,16635062,DL,"2026-09-10 04:16:38",1251.5,2,distiller
3263,16792013,"Alec Polansky","2026-09-10 01:58:49",1251.3,2,alecpolansky
3264,16764349,Solo,"2026-09-12 22:58:37",1251.2,2,solosolo
3265,16635055,chch,"2026-09-25 09:21:47",1250.5,2,chchentw
3266,16769885,kurushun,"2026-09-10 02:10:21",1250.5,2,kurushun
3267,16676739,"Jonathan Zheng Jiahao","2026-09-10 02:53:21",1250.2,2,jonathanzhengjiahao
3268,16839821,"Stepan Pankratov","2026-09-09 14:47:50",1249.3,2,infam62
3269,16870600,"Huayu Wen","2026-09-11 14:17:55",1248.0,2,huayuwen
3270,16663252,"MD Concepcion","2026-09-25 20:13:51",1247.9,2,mikedconcepcion
3271,16778334,"Onkar Belure","2026-09-09 16:22:19",1247.8,2,onkarbelure
3272,16640991,sometimeafter,"2026-09-09 17:35:05",1247.8,2,xinyeee
3273,16786092,Shiru2,"2026-09-09 19:34:32",1247.7,2,shiru2
3274,16677596,Sere1n,"2026-09-11 15:08:02",1247.2,2,chacc0
3275,16758893,"Sercan Yeşilöz","2026-09-09 12:34:34",1247.2,2,sercanyesiloz
3276,16728238,ubcict232,"2026-09-27 01:25:36",1247.0,2,ubcict232
3277,16672997,"Francesco Montone","2026-09-11 10:56:31",1247.0,2,francescomontone
3278,16843384,"Anatoly Lyutov","2026-09-11 11:54:44",1246.9,2,anatolylyutov
3279,16859804,seele,"2026-09-09 10:20:41",1246.8,1,seele1917
3280,16867407,Lanqira,"2026-09-11 03:08:56",1246.6,2,lanqira
3281,16811247,"Luca Mussino","2026-09-10 20:53:58",1246.4,2,lucamussino
3282,16789509,"Yang Wei Hao","2026-09-09 13:02:55",1246.2,2,aichangeworld
3283,16861998,bobodict,"2026-09-09 17:26:50",1245.8,2,bobodict
3284,16782564,"Chris Tu","2026-09-26 06:43:35",1244.8,2,christu831004
3285,16810275,Adam,"2026-09-27 03:25:47",1244.6,2,potonglantie93
3286,16860118,Hironobukawaguchi,"2026-09-09 11:53:30",1244.3,2,hironobukawaguchi
3287,16627581,AidenSong123,"2026-09-12 14:15:30",1244.0,2,aidensong123
3288,16771337,titako0000,"2026-09-10 09:00:19",1244.0,2,titako0000
3289,16866567,Variiiiiii,"2026-09-11 10:09:24",1243.3,2,variiiiiii
3290,16712796,"Kumar Saurabh","2026-09-17 08:13:59",1242.5,2,bakakaka
3291,16833052,"we lose some 🏆","2026-09-26 14:40:54",1242.4,2,sayangoswami
3292,16949339,Kuriboh,"2026-09-27 06:59:23",1242.4,2,cauchyeix
3293,16851444,"Vũ Tuấn","2026-09-25 15:13:25",1242.1,2,vtunksdlvnj6
3294,16729186,Virtute,"2026-09-16 06:25:56",1241.7,2,nameless001
3295,16886357,"Sun Jaden","2026-09-13 21:34:56",1241.3,2,sunjaden
3296,16658290,rrishavrraj,"2026-09-25 18:07:56",1240.0,2,"rrishavrraj,shubhamkumar9812"
3297,16739578,"Pietro Valocchi","2026-09-15 06:34:30",1240.0,2,pietrovalocchi
3298,16714457,"Crop Dustas","2026-09-27 07:08:35",1239.1,2,"peikopon,rishigottumukkala"
3299,16779957,养了一群扫福瑞,"2026-09-09 12:13:36",1239.1,2,whq0q7
3300,16854541,yangyiqing6,"2026-09-15 06:14:21",1239.0,2,yangyiqing6
3301,16859585,momo,"2026-09-10 03:06:37",1238.4,2,fyenneyenn
3302,16683488,"Ripudaman Parmar","2026-09-19 12:56:14",1238.3,2,"ktkgpt,ripudamanparmar"
3303,16712007,"Dipin Kothavoor","2026-09-14 13:54:52",1237.9,2,dipinkothavoor
3304,16839834,nouvya,"2026-09-10 15:48:43",1237.6,2,nouvya
3305,16692678,Nerozud,"2026-09-23 18:24:54",1237.5,2,"lorerubiano22,nerozud"
3306,16722888,GarrieD,"2026-09-12 14:53:50",1237.2,2,garried
3307,16866946,truxivan,"2026-09-10 13:46:58",1237.1,1,truxivan
3308,16641713,"ronsen sun","2026-09-11 08:01:06",1236.9,2,ronsensun
3309,16786496,"Lê Quang Cảnh","2026-09-12 05:44:25",1236.9,2,zhincez
3310,16857861,Satua,"2026-09-11 06:36:26",1236.7,2,satyasrinivasanandh
3311,16854090,"Kaichi Morimoto","2026-09-09 11:22:01",1236.7,2,kaichimorimoto
3312,16843047,liyuting,"2026-09-10 07:27:21",1236.0,2,lytqwq
3313,16734667,sadanamaru,"2026-09-10 12:22:11",1235.3,2,sadanamaru
3314,16660987,AdrianWang2003,"2026-09-09 09:32:53",1235.3,2,"adrianwang2003,benlou04"
3315,16677217,Panos,"2026-09-15 12:44:36",1235.2,2,panosc
3316,16720696,Ankit0017,"2026-09-09 14:57:00",1235.1,2,ankit0017
3317,16841960,WessonZ,"2026-09-10 02:11:20",1234.8,2,wessonz
3318,16870350,praneethb7,"2026-09-26 22:01:09",1234.8,2,praneethbudati
3319,16731836,"Theo Venturian","2026-09-11 18:03:45",1234.5,2,theodorraulventurian
3320,16634082,"Mikey Marszewski","2026-09-11 02:26:39",1234.2,2,mikeymarszewski
3321,16858196,"Cường Dược Sĩ","2026-09-22 19:12:00",1234.0,2,cngdcs
3322,16623608,"Dmitry Larko","2026-09-08 23:05:52",1233.9,2,dmitrylarko
3323,16670276,"Egor Trushin","2026-09-10 08:19:32",1233.6,2,egortrushin
3324,16624303,seven,"2026-09-09 09:18:12",1233.6,2,morikawatakeshi
3325,16698134,Hossein,"2026-09-11 02:29:53",1232.9,2,tomi85
3326,16814716,edder0798,"2026-09-12 07:57:25",1232.4,2,"edder0798,wangxi608"
3327,16741542,"let cats farm","2026-09-19 22:33:26",1232.1,2,amonkizawa
3328,16656806,"Arshad Shemil k","2026-09-09 08:33:09",1231.6,2,arshadshemilk
3329,16669826,Jesse,"2026-09-12 07:51:27",1231.1,2,jesneuman
3330,16855868,PapaSoda,"2026-09-10 17:45:16",1230.8,2,papasoda
3331,16661701,premjampuram,"2026-09-09 11:13:52",1228.8,2,"aasthasinha9,anji2705,premjampuram,sheetallodhi"
3332,16871705,Bertholdt,"2026-09-24 11:10:06",1228.1,2,bertholdt
3333,16805144,heliosli,"2026-09-21 13:29:51",1228.0,1,heliosli
3334,16773964,trung,"2026-09-24 13:47:55",1227.9,2,trung2006
3335,16663498,"Braxton Dyer","2026-09-23 14:23:54",1227.8,2,braxtondyer
3336,16860708,"Nav N","2026-09-10 07:47:42",1227.5,2,navidata
3337,16630833,"Savan Javia","2026-09-10 10:01:49",1226.9,2,savanjaviya
3338,16809445,takusemba,"2026-09-09 14:50:14",1226.5,2,takusembba
3339,16661648,"Vân Nguyễn","2026-09-15 14:45:09",1226.5,2,vunnguyen
3340,16724755,K.nosaka,"2026-09-10 12:07:13",1226.0,2,kenseinosaka
3341,16862056,konchu2,"2026-09-10 11:32:13",1226.0,2,konchu2
3342,16756592,"Abdalrahman Eissa","2026-09-25 12:47:21",1225.5,2,abdalrahmaneissa
3343,16876071,NITISH5236GOEL,"2026-09-26 05:12:35",1225.4,2,nitish5236goel
3344,16625798,grifth,"2026-09-23 06:10:26",1225.3,2,grifth
3345,16782708,lcx666,"2026-09-10 12:33:05",1225.2,1,chengxinliang
3346,16695242,"Utkarsh Prakash Srivastava","2026-09-08 15:55:37",1225.2,2,utkarshps
3347,16808840,Devansh3007,"2026-09-10 05:02:13",1225.1,2,devansh3007
3348,16860251,"Fabian Henning","2026-09-09 11:37:30",1224.9,1,crustacean
3349,16725564,NoPlanB,"2026-09-23 18:01:29",1223.7,2,kduncanrobertson
3350,16699246,"Labh Khatke","2026-09-11 15:53:22",1223.1,2,labhkhatke
3351,16709501,Galaxantic,"2026-09-09 06:02:29",1223.0,2,neel21yt
3352,16689488,"Ming Fong","2026-09-10 02:48:20",1222.5,2,evilpegasus
3353,16862298,"Varadaraj Borkar","2026-09-13 13:12:11",1222.2,2,varadarajborkar
3354,16861083,Shoto,"2026-09-09 15:14:42",1221.0,1,bloodymonday
3355,16663748,Calmracer,"2026-09-08 16:17:56",1220.5,2,ethanhall123
3356,16659843,"Amer Alkhalili","2026-09-25 18:34:26",1220.4,2,ameralkhalili
3357,16838766,"Justin Gao","2026-09-08 08:27:29",1220.3,2,justingao
3358,16659670,MeeMee,"2026-09-10 07:07:22",1220.2,2,yagi46
3359,16844845,"Dinesh Amalathasan","2026-09-15 19:55:18",1220.0,2,amaldinesh
3360,16863538,e-toppo,"2026-09-10 01:15:27",1220.0,1,masatomatsui
3361,16840564,starlovelmj,"2026-09-09 02:16:02",1218.3,2,starlovelmj
3362,16858113,wli889661,"2026-09-09 13:38:01",1217.8,2,wli889661
3363,16758629,karinkaito,"2026-09-16 01:08:30",1217.5,2,karinkaito
3364,16661846,"Jeffrey Pike","2026-09-09 16:05:56",1217.4,2,jeffreypikeai
3365,16659465,AravindLochan,"2026-09-08 10:00:39",1217.4,2,aravindlochan
3366,16794758,wppepi,"2026-09-09 03:06:09",1217.3,2,"foxsuzuran,malossov,wppepi"
3367,16732409,kawhi0.0,"2026-09-10 03:44:50",1217.0,2,kawhi00
3368,16844672,"sleeping king","2026-09-09 02:11:59",1216.9,2,sleepingking
3369,16654403,"Skibidi Six Seven","2026-09-08 14:20:24",1216.9,2,iam4722202468
3370,16774823,fan2goa1,"2026-09-09 07:23:33",1216.4,2,zfun0926
3371,16763001,Eb3lss,"2026-09-09 11:08:19",1216.1,2,eb3lss
3372,16843635,"Просто Человек","2026-09-08 18:03:16",1215.4,2,gomunkul
3373,16750843,jammings,"2026-09-09 13:11:04",1215.2,2,jammings
3374,16688130,"Lujia Liang","2026-09-16 21:00:32",1215.2,2,lujialiang123
3375,16916142,aryandongare27,"2026-09-18 10:34:00",1213.8,2,aryandongare27
3376,16841077,melowdramtic,"2026-09-10 02:31:53",1212.8,2,melowdramtic
3377,16650824,Orsted_hitogmi,"2026-09-16 07:59:15",1212.3,2,orstedhitogmi
3378,16635747,"Jeki Wan Taufik","2026-09-08 15:14:33",1212.1,2,jek1wantaufik
3379,16763418,overwhelmer,"2026-09-16 17:39:13",1212.1,2,overwhelmer
3380,16860160,"Kohei #2","2026-09-09 11:20:08",1211.8,1,confirm
3381,16736120,"Ricky #2","2026-09-08 02:47:36",1211.7,2,rickyds97
3382,16810813,Scorn100,"2026-09-09 17:11:13",1210.8,2,scorn100
3383,16884338,"Emmet Banker","2026-09-24 01:53:27",1210.3,2,emmetbanker
3384,16814852,"Shivcharanraju Anga","2026-09-27 07:15:55",1210.1,2,shivcharanrajuanga
3385,16673524,"Zikai Chen","2026-09-26 03:20:09",1209.7,2,"auroraxxiiaa,kyrie1102kai"
3386,16644702,cracker_1_war,"2026-09-10 07:18:48",1209.6,2,cracker1war
3387,16706265,questiondlmarks,"2026-09-10 06:09:35",1209.5,2,questiondlmarks
3388,16856437,"Roshan S. Chauhan","2026-09-14 09:33:55",1208.7,2,vrosenta
3389,16806879,tetsuro731,"2026-09-09 11:46:20",1208.2,2,tetsuro731
3390,16621687,ropeadope,"2026-09-23 10:47:05",1208.1,2,silkross
3391,16774884,assssstnuar,"2026-09-21 10:18:41",1207.6,2,assssstnuar
3392,16757123,"Sripad Modali","2026-09-16 14:48:11",1207.6,2,sripadmodali
3393,16718823,"Rafael Molina Castaño","2026-09-12 20:45:02",1207.3,2,rafaelmolinacastano
3394,16769277,卡心农场,"2026-09-18 17:14:44",1207.1,2,"hkd2333,hsiaosuan"
3395,16743648,Hei_shao,"2026-09-12 18:48:52",1207.1,2,heishao
3396,16840862,HaoKwok,"2026-09-09 03:50:41",1206.8,2,haokwok2002
3397,16753710,tax_free,"2026-09-10 17:08:47",1206.1,2,taxfreepython
3398,16655519,CurveCowboy,"2026-09-26 23:06:22",1205.8,2,curvecowboy
3399,16806006,2,"2026-09-23 08:45:53",1205.6,2,smallvv
3400,16784485,betterme,"2026-09-09 15:54:54",1205.0,2,betterme12345
3401,16841565,"dar Zaa","2026-09-08 18:04:18",1204.7,2,darzaa
3402,16672241,dupakdungking,"2026-09-15 13:32:04",1203.9,2,primarizki
3403,16796014,keith70,"2026-09-08 07:18:36",1202.7,2,keith70
3404,16777107,Pipiripipap,"2026-09-09 10:03:38",1202.6,2,yohalf
3405,16728959,"no pain no gain","2026-09-11 09:19:44",1202.3,2,ilyayurov2000
3406,16774941,Samvrcai,"2026-09-16 22:56:19",1201.6,2,samvrcai
3407,16633445,Wal8800,"2026-09-10 06:30:12",1201.5,2,wal8800
3408,16741563,"Paul Pawletta","2026-09-15 09:16:16",1201.2,2,paulpawletta
3409,16655474,Focus,"2026-09-09 12:04:51",1200.3,2,overvalueawareness
3410,16652173,"Shardul Gharat","2026-09-22 03:52:12",1200.2,2,shardulgharat
3411,16870447,"louie lau","2026-09-11 08:22:30",1200.0,1,louielau
3412,16697736,"Daniel Correa","2026-09-26 16:35:27",1199.7,2,dcorrea1
3413,16842066,Atomo333,"2026-09-08 10:35:55",1199.6,2,atomo333
3414,16845280,"Samuel Watson","2026-09-11 07:06:59",1199.5,2,scwatson
3415,16721382,"Milan Leonard","2026-09-12 07:20:12",1199.3,2,milanleonard
3416,16848686,"xiang156 xu","2026-09-08 03:23:16",1199.2,2,xiang156xu
3417,16630111,jannchie,"2026-09-23 09:27:46",1198.9,2,jannchie
3418,16765484,smsxgz,"2026-09-08 19:09:03",1198.6,2,smsxgz
3419,16693272,ush,"2026-09-25 13:35:18",1198.5,2,kusuha
3420,16624979,"Mohamed abdelrazik","2026-09-25 20:36:52",1198.5,2,mohamed3abdelrazik
3421,16846391,"here we go","2026-09-09 05:28:41",1198.2,2,j1aliangx
3422,16680524,Nealdarkdarkdark,"2026-09-08 04:36:02",1197.1,2,wklyb1
3423,16680290,prospers,"2026-09-08 05:37:42",1197.1,2,prospers
3424,16909962,"Peter Shu","2026-09-17 02:29:52",1196.9,2,petershuikun
3425,16840536,"Philip Snyder","2026-09-08 05:18:07",1196.7,2,darkhorsecodes
3426,16715729,Ajay_Rao_43,"2026-09-09 05:25:11",1196.0,2,ajayrao43
3427,16766171,Jonaid,"2026-09-10 22:22:27",1195.9,2,jonaidshianifar
3428,16758709,dk07dk,"2026-09-12 07:13:48",1194.7,2,dk07dk
3429,16808631,ALkkGame,"2026-09-14 15:16:47",1193.1,2,alkkgame
3430,16794871,IMosia,"2026-09-21 08:03:49",1193.0,2,ivanmosiagin
3431,16740851,Zefirrr,"2026-09-19 14:48:39",1192.7,2,zefirrrr
3432,16688450,SpiralTip,"2026-09-14 04:11:41",1192.0,2,spiraltip
3433,16763200,"Alexander Nord","2026-09-07 18:04:42",1191.7,2,"alexandernord123,pizza987"
3434,16852605,VTH,"2026-09-08 06:35:01",1191.4,2,storm2501
3435,16779254,MaxZhuCHN,"2026-09-23 04:58:22",1191.4,2,maxzhuchn
3436,16841113,Andy,"2026-09-07 01:22:11",1191.2,2,andrewmedran0
3437,16653805,mohsen2050,"2026-09-14 18:25:43",1191.2,2,mohsen2050
3438,16858828,BlueSky_sora,"2026-09-26 17:06:45",1191.1,2,blueskysora
3439,16855035,"rock paper scissors","2026-09-08 15:03:00",1191.0,1,downbythesallygarden
3440,16857458,HIIHIH,"2026-09-27 00:34:34",1190.5,2,hiihih
3441,16719771,"Oleg Papulov","2026-09-26 11:37:32",1190.3,2,olegpapulov
3442,16842044,StackOverflowed512,"2026-09-07 17:53:32",1190.1,2,stackoverflowed512
3443,16672858,Lyesterday,"2026-09-07 10:14:39",1189.8,2,ilyas93
3444,16665191,JoJa,"2026-09-22 04:49:21",1189.6,2,"mojyou,noahzx"
3445,16842645,zard599,"2026-09-26 08:29:40",1189.3,2,zard599
3446,16771010,42X,"2026-09-09 13:43:36",1188.8,2,infcyx
3447,16700846,"Vaibhav Patel","2026-09-16 08:09:33",1188.4,2,vaibhavpatel
3448,16829834,Luxuer,"2026-09-26 08:49:59",1188.4,2,luxuer
3449,16707561,"Nick Rom111","2026-09-26 10:03:54",1188.2,2,nickrom111
3450,16809097,volumatic,"2026-09-10 11:00:51",1187.9,2,"kkeevviinn666,volumatic"
3451,16639570,"Vishesh Banna","2026-09-08 13:07:51",1186.9,2,visheshbanna
3452,16891040,"Nasri Siwar","2026-09-18 18:05:16",1186.9,2,sassounasri
3453,16790472,"Manurupan M","2026-09-20 07:09:36",1186.7,2,manurupanm
3454,16754974,BurntPotato,"2026-09-09 00:06:54",1185.2,2,burntpotato
3455,16805940,Foxure,"2026-09-12 01:51:33",1184.8,2,foxure
3456,16842967,yoshiki116,"2026-09-11 05:05:19",1184.6,2,yoshiki116
3457,16730473,Kyohei,"2026-09-08 00:42:18",1184.3,2,kyohei3
3458,16795704,haodada001,"2026-09-10 01:49:03",1183.7,2,haodada001
3459,16840819,clammpon,"2026-09-25 12:45:09",1183.0,2,clammpon
3460,16854616,"Dd National","2026-09-12 13:29:04",1182.8,2,ddnational
3461,16668647,"THIRUPATHI KANNAN K","2026-09-07 14:59:51",1182.4,2,thirupathikannank
3462,16857973,guochangZhang,"2026-09-09 04:24:41",1182.3,1,guochangzhang
3463,16841097,"Arsonist Duck","2026-09-17 20:21:55",1182.0,2,herbertthebird
3464,16668748,"Harrison Interactive","2026-09-24 12:07:26",1181.4,2,nosiru
3465,16656776,ShaoCharles,"2026-09-09 14:16:17",1181.3,2,shaocharles
3466,16786158,"Yi-Chia Chen","2026-09-22 06:48:34",1181.2,2,threerabbits
3467,16845193,Kaan111,"2026-09-17 15:37:21",1181.2,2,kaan111
3468,16728109,"Sidharth Hulyalkar","2026-09-11 06:16:26",1181.2,2,sidharthhulyalkar21
3469,16924472,Rajusah,"2026-09-26 16:13:55",1181.0,2,rajucode
3470,16841313,"Daniel Harkin","2026-09-09 18:24:13",1181.0,2,danielharkin
3471,16664619,"Trupen Patel","2026-09-08 15:52:17",1179.8,2,trupenpatel
3472,16733111,qihuaz,"2026-09-13 06:35:14",1179.5,2,qihuaz
3473,16710546,"Russlan Ramdowar","2026-09-09 05:03:58",1178.5,2,russlan
3474,16640701,momoon,"2026-09-27 05:33:41",1178.1,2,nomuraryota
3475,16854416,"Artemiy Shirokov","2026-09-08 12:53:33",1177.8,1,tema7707
3476,16845083,"Restu Anggoro Kasih","2026-09-07 12:44:58",1177.4,1,restuanggorokasih
3477,16741997,hikarinosenshi,"2026-09-08 00:50:58",1177.0,2,hikarinosensh1
3478,16657341,raccoonForest,"2026-09-08 06:45:18",1176.1,2,gkanamoto
3479,16771080,"Ricky Shao","2026-09-07 17:16:14",1175.7,2,rickyshao
3480,16791712,"xiang W","2026-09-08 14:24:56",1175.5,2,"dekonsu,xiangwaaaaa"
3481,16923006,"Nguyen Cat Luong","2026-09-19 21:12:51",1175.4,2,nguyencatluong
3482,16848095,"Risha Apps","2026-09-08 15:41:31",1175.4,2,rishaapps
3483,16726431,Manav,"2026-09-07 14:42:18",1175.3,2,manavsangwan
3484,16765488,chenyinheng30,"2026-09-24 04:38:39",1174.6,2,chenyinheng30
3485,16854744,"Rostislav Epifanov","2026-09-10 12:14:58",1174.0,2,rostepifanov
3486,16634156,"Hiroyasu Okuno","2026-09-27 03:38:36",1173.2,2,hiroyasuokuno
3487,16815985,leemc95,"2026-09-08 21:31:33",1172.9,2,leemc95
3488,16759913,"Peter Cnudde","2026-09-07 20:08:25",1172.4,2,petercnudde
3489,16866086,"Table Feng","2026-09-15 15:22:21",1172.3,2,tablefeng
3490,16671425,"Gajenddra Raj","2026-09-11 01:18:29",1172.0,2,gajenddra
3491,16849295,"Israa Saede","2026-09-07 17:30:03",1171.9,1,esraaalsaeede
3492,16655501,Savko,"2026-09-21 06:02:04",1170.7,2,savchenko
3493,16676321,"tao wu11","2026-09-27 07:17:27",1169.9,2,"taowu11,xujchill"
3494,16715358,wuy1hao,"2026-09-07 10:23:01",1169.6,2,wuy1hao
3495,16823782,yuyutech(Genuine),"2026-09-08 04:32:19",1169.4,2,yuyutechgenuine
3496,16779942,"YueKai Yu","2026-09-07 01:12:38",1169.2,2,yuekaiyu
3497,16736404,¡olé!,"2026-09-08 04:30:34",1168.6,2,hjx1024
3498,16786139,Trezerg,"2026-09-09 03:22:46",1168.6,2,progtrollwarrior16
3499,16777406,"Toheeb Ogunade","2026-09-08 22:46:05",1168.5,2,toheebogunade
3500,16896006,jrw208,"2026-09-22 21:27:28",1168.2,2,jrw208
3501,16708880,yotsutose,"2026-09-10 10:18:49",1167.7,2,yotsutose
3502,16840338,"Shoma Arakawa","2026-09-12 08:55:21",1167.0,2,shomaarakawa
3503,16665294,"Thái Văn Tài","2026-09-23 08:01:51",1166.6,2,thivnti
3504,16792927,EnricRovira,"2026-09-23 22:27:44",1165.6,2,enric1296
3505,16799362,"James Weatherhead","2026-09-06 21:45:45",1165.6,2,jamesweatherhead
3506,16732352,ORiginators,"2026-09-09 10:47:23",1165.5,2,"sachinpandey721,sunritpal"
3507,16672549,"ReinFARMent Learning?","2026-09-11 03:38:53",1165.3,2,arksey
3508,16637241,M4nd4l0r14n,"2026-09-07 21:50:19",1164.7,2,thiagobcunha
3509,16898040,王ruizhe,"2026-09-19 07:56:03",1164.6,2,ruizhe28
3510,16802719,uta_ccc,"2026-09-06 07:15:44",1164.5,2,utaccc
3511,16660444,"Сергей Мизин","2026-09-24 16:29:09",1164.1,2,seeergo
3512,16631400,JZ,"2026-09-20 23:44:22",1163.9,2,zhoujiachen
3513,16705499,byncpy,"2026-09-26 20:22:41",1163.9,2,jinliangbi
3514,16665352,"Paul Nassiri","2026-09-22 12:01:10",1163.5,2,laszlolevray
3515,16668736,bhundreds,"2026-09-27 07:14:08",1163.4,2,hundreds1103
3516,16724993,Bonkoturyu,"2026-09-10 07:59:12",1162.7,2,bonkoturyu
3517,16661034,"Devesh Mehta","2026-09-23 14:54:58",1161.7,2,deveshmehtaaie
3518,16849883,"Rifa Tamanna","2026-09-07 22:07:04",1161.4,2,rifatamanna1109
3519,16774700,たたたた,"2026-09-27 03:55:16",1161.3,2,tatatata1111
3520,16679810,"Patrick Joël MAIRLOT-MBEZELE","2026-09-10 17:54:50",1161.3,2,pigenesis75
3521,16661970,"BOB'S ROOM","2026-09-09 12:30:24",1160.8,2,"bobpop123447,datasutudent"
3522,16725851,hetspookjee,"2026-09-07 21:54:39",1160.7,2,hetspookjee
3523,16810104,Mahoraga,"2026-09-27 04:29:24",1159.5,2,hemanthraju311
3524,16918095,Free-joint,"2026-09-25 07:40:00",1159.4,2,"huangzehua,percivallin"
3525,16842187,"rongkai bao","2026-09-06 05:34:57",1158.9,2,rongkaibao
3526,16730247,DOM-VASCONCELOS,"2026-09-23 09:45:05",1158.7,2,domcreator
3527,16736542,YuRuiZe,"2026-09-06 10:16:45",1158.5,2,ruoyuruize
3528,16639800,"Yong Ming-Jia","2026-09-15 06:14:00",1157.9,2,ymingj
3529,16764476,daviddnd,"2026-09-15 07:40:48",1157.4,2,daviddnd
3530,16667998,Speril,"2026-09-11 03:51:03",1157.2,2,speril
3531,16623646,"Minal kharat123","2026-09-27 01:42:23",1156.9,2,minalkharat123
3532,16623806,黒田彩人,"2026-09-07 21:37:20",1156.8,2,ayato0705
3533,16839343,"SAURABH VISHWAKARMA","2026-09-15 17:13:31",1155.8,2,surabhv21
3534,16689366,"Cuong Le","2026-09-06 15:24:57",1155.5,2,ad1999
3535,16810472,YuanKing77,"2026-09-06 03:11:18",1155.5,2,yuanking77
3536,16822109,Meticulousss,"2026-09-10 16:32:31",1155.4,2,meticulousss
3537,16803592,"Bishal Lamichhane","2026-09-16 13:33:25",1154.9,2,bishallamichhane44
3538,16687716,"Joshua Fernando","2026-09-16 12:51:45",1154.9,2,joshuafernandoj
3539,16662846,"Kerem Ercin","2026-09-27 03:57:04",1154.8,2,keremercin
3540,16824564,"piu ATI","2026-09-06 10:02:27",1154.5,2,piuati
3541,16717253,Sybery_AI,"2026-09-13 19:51:41",1153.9,2,syberyai
3542,16655109,"Tia He","2026-09-10 00:54:40",1153.9,2,altheahe
3543,16697205,"Gould Research","2026-09-08 17:19:28",1153.9,2,"georgeking1,gouldh,gradybos,shanemullahy"
3544,16768043,"Cropy and Paste","2026-09-13 17:56:08",1153.8,2,tfriedel
3545,16838588,"Nadeem Ishikawa","2026-09-08 23:04:10",1153.6,2,nadeemishikawa
3546,16726889,stnick,"2026-09-05 19:13:36",1153.5,2,stnick
3547,16845510,bugkeeper,"2026-09-08 06:24:57",1153.4,2,bugkeeper
3548,16719090,CHSTO,"2026-09-12 21:35:49",1153.3,2,haotianqi
3549,16686444,"Syakirin Pahimi","2026-09-06 16:21:15",1153.2,2,syakirinpahimi
3550,16686424,"Thần Thoại","2026-09-08 16:58:05",1153.2,2,thanthoai
3551,16656810,IskanderAkhmetov,"2026-09-26 18:32:08",1152.9,2,iskander2017
3552,16830000,"Danilo Lapegna","2026-09-21 06:52:23",1152.5,2,danilolapegna
3553,16683952,"Maksimov Evgeniy","2026-09-04 01:23:59",1152.4,2,maxevg
3554,16893007,thegoatman7,"2026-09-18 04:04:52",1151.1,2,thegoatman7
3555,16639369,"Kyuhwan Cho","2026-09-18 23:24:42",1150.9,2,octoarden
3556,16726559,william,"2026-09-05 02:03:48",1150.7,2,hiricodev
3557,16667922,JungHwan,"2026-09-06 00:05:59",1149.1,2,najunghwan
3558,16659711,williams,"2026-09-06 23:23:25",1148.8,2,williams
3559,16728229,twomoon,"2026-09-08 05:22:46",1148.6,2,twomoon036
3560,16784829,"Masahiro Yamagata","2026-09-26 15:05:37",1148.5,2,masahiroyamagata
3561,16840452,pan6628,"2026-09-10 04:38:21",1148.3,2,pan6628
3562,16740464,"Jorrawar Grewal","2026-09-08 00:43:17",1148.3,2,jorrawargrewal
3563,16700501,Konno,"2026-09-08 02:40:46",1147.9,2,nearfield1234
3564,16802630,takotakosan,"2026-09-09 03:10:10",1147.6,2,takotakosan
3565,16704613,alexbstl,"2026-09-14 01:43:31",1147.4,2,alexbstl
3566,16832556,"Harshit Raj #2","2026-09-10 16:45:16",1146.8,2,harshitraj2123221
3567,16625050,"how to place pokemon","2026-09-25 22:58:31",1146.8,2,ktverdov
3568,16743484,"薄和叶 Lv.INF","2026-09-03 14:24:47",1146.7,2,lumine01
3569,16844769,phi,"2026-09-09 18:19:54",1146.7,2,fahisplr
3570,16870585,ba,"2026-09-11 08:25:46",1146.4,2,yusukebaba
3571,16717756,Dominick,"2026-09-26 12:41:04",1146.2,2,kcinimod
3572,16793478,noisyislands,"2026-09-26 12:58:25",1145.4,2,noisyislands
3573,16765207,Cathy,"2026-09-10 01:48:38",1144.5,2,cathyyou
3574,16810490,katlun,"2026-09-26 21:18:02",1144.2,2,"hoyin1212,katlun"
3575,16797036,tksfjn,"2026-09-12 04:06:53",1143.9,2,tks3210
3576,16843173,"Hansen Zhong","2026-09-06 15:51:46",1143.2,2,onegameonedream
3577,16731822,Senn88,"2026-09-08 13:54:19",1143.2,2,senn88
3578,16666393,saikyo,"2026-09-07 02:04:55",1143.2,2,kyosaikyo
3579,16658700,"szlachetny snieg","2026-09-27 03:19:00",1143.0,2,takayukiimoto
3580,16679694,"Yaro Perventsev","2026-09-26 21:53:07",1142.8,2,yaroslavperventsev
3581,16690820,"Alan C52","2026-09-26 16:00:32",1142.4,2,alanc52
3582,16748527,Tsubasa_00,"2026-09-10 00:22:27",1142.3,2,tsubasa00
3583,16675897,"KANG ZHIPENG","2026-09-16 01:26:34",1142.0,2,kangzhipeng
3584,16783517,"dongdong zhang","2026-09-07 03:22:34",1141.7,2,mcdongdongzhang
3585,16715383,"Leo Lilley","2026-09-09 03:36:39",1141.5,2,leolilley
3586,16841542,Smmyth,"2026-09-06 22:18:52",1141.4,2,smmyth
3587,16654068,"Renoir Vieira","2026-09-05 17:42:47",1141.0,2,renoirvieira0
3588,16842273,2424,"2026-09-08 14:29:16",1140.4,2,takutonishi
3589,16707562,Snipine,"2026-09-08 01:17:09",1140.2,2,boluosnow
3590,16918646,MsMarch.7,"2026-09-18 09:12:24",1140.0,2,msmarch7
3591,16654463,Mark,"2026-09-04 19:38:01",1140.0,2,robotmf
3592,16893831,"Sasan Nazari","2026-09-16 00:07:26",1139.9,2,sasannazari
3593,16677107,gagacrow,"2026-09-07 16:11:58",1139.6,2,gagacrow
3594,16937692,"Sergio D","2026-09-25 20:58:22",1138.3,2,ser8147
3595,16838807,"tony boakye","2026-09-08 11:41:30",1138.1,2,tonyboakye
3596,16745949,"Miaohua Zhang","2026-09-26 06:55:00",1137.9,2,miaohuazhang
3597,16838898,"Minh Trịnh","2026-09-06 13:38:05",1137.5,2,minhtrinh2002
3598,16661768,"Lợi Trần Bảo","2026-09-13 19:43:53",1137.4,2,litrnbo
3599,16845426,"Erlik Khan","2026-09-13 23:03:03",1136.6,2,erlikkhan
3600,16805509,"Adel Zebiche","2026-09-06 17:28:28",1136.5,2,adelzebiche
3601,16764342,malone001,"2026-09-11 08:18:49",1136.3,2,malone001
3602,16725081,ZhouYongqi,"2026-09-06 14:55:06",1136.2,2,xy0v0zhang
3603,16697923,"Vincent Debout","2026-09-12 22:24:00",1136.1,2,vdebout
3604,16792123,coder2403,"2026-09-12 17:08:38",1135.5,1,coder2403
3605,16806809,air,"2026-09-06 09:54:14",1135.1,2,air041001
3606,16730484,Esperanza,"2026-09-10 00:42:17",1134.9,2,deanpixton
3607,16843986,"Young Jim","2026-09-07 00:05:04",1134.8,2,youngjim
3608,16664293,"Adam Lloyd","2026-09-05 07:12:04",1134.7,2,alloyd256
3609,16801995,"XD tsui","2026-09-03 20:41:03",1133.8,2,xdtsui
3610,16660477,SeaGoat,"2026-09-27 00:50:15",1133.5,2,vbandaru
3611,16845063,"Gaston Zarate","2026-09-22 05:36:22",1133.5,2,gastonz195
3612,16853941,"Baha Enes Ören","2026-09-08 14:52:10",1133.2,2,bahaenesren
3613,16795131,XuanxuChem,"2026-09-11 13:18:00",1132.8,2,zhaonoah
3614,16791369,dataix,"2026-09-26 23:15:37",1132.3,2,codymachody
3615,16654266,古德拜吃,"2026-09-26 02:11:29",1132.0,2,nosaewang
3616,16838953,HHHyyds,"2026-09-05 12:31:34",1131.5,2,hhhyyds
3617,16797251,"Nguyễn Mạnh Niên","2026-09-06 11:29:31",1131.3,2,jacobrichard312
3618,16663681,Kometa,"2026-09-20 06:03:24",1131.1,2,petarknezevic1
3619,16824014,"Kotaro Kikuchi","2026-09-07 10:57:06",1130.1,2,kotaro1129
3620,16730375,Floth,"2026-09-07 15:14:58",1129.5,2,suwat513
3621,16669666,RhoenSprudel,"2026-09-11 19:08:43",1129.3,2,rhoensprudel
3622,16777894,"Matthew Neba","2026-09-06 21:37:08",1128.9,2,matthewneba
3623,16734894,"MP Gamimg","2026-09-25 10:09:15",1128.4,2,okadahiroshi
3624,16732433,syuuuuu,"2026-09-06 12:53:05",1127.6,2,syuuuuukun
3625,16842817,darcy132,"2026-09-06 13:16:34",1127.5,2,darcy132
3626,16657646,mountainbob,"2026-09-21 14:12:49",1126.8,2,shongpakmanoon
3627,16781110,yqz,"2026-09-04 17:57:19",1126.6,2,yuqizheng
3628,16862895,"Quinn Brighton","2026-09-12 00:01:22",1126.3,2,quinnbrighton
3629,16783328,AggriTrader,"2026-09-15 13:56:09",1126.3,2,leoluo
3630,16727536,lelelove1225,"2026-09-06 12:58:48",1126.3,2,lelelove1225
3631,16688281,"Luke Stafford","2026-09-22 15:43:55",1125.8,2,luketstafford
3632,16721688,"Hi Im Ryo","2026-09-04 15:05:22",1124.8,2,loto610
3633,16658287,ArturoSirvent,"2026-09-12 05:20:34",1123.5,2,arturosirvent
3634,16839429,"Igor Aranovsky","2026-09-08 08:55:51",1121.6,2,igoraranovsky
3635,16804549,Feidudu,"2026-09-04 15:51:54",1120.2,2,zenanshao
3636,16803141,"Verdant Meridian","2026-09-08 14:13:17",1119.6,2,xinweizhang003
3637,16869870,"Electric Weasle","2026-09-13 15:27:16",1119.1,2,electricweasle
3638,16667964,Shuiys,"2026-09-05 18:41:46",1119.1,2,ysshui
3639,16885684,LiYiTingTom,"2026-09-21 15:53:41",1118.9,2,liyitingtom
3640,16738820,"Ying Li","2026-09-14 15:06:54",1118.5,2,lyee919
3641,16796600,skyShenzi5822,"2026-09-08 08:06:25",1116.6,2,skyshenzi
3642,16750726,prince22466,"2026-09-26 06:40:24",1116.4,2,prince22466
3643,16820988,人畜无害,"2026-09-24 09:01:58",1116.3,2,slowmo19
3644,16797063,Nianhua1,"2026-09-05 03:35:11",1115.4,2,nianhua1
3645,16838520,"Niu Yuanfang","2026-09-07 07:50:24",1115.1,2,niuyuanfang
3646,16814637,random_numb,"2026-09-24 06:23:11",1114.9,2,randomnumb
3647,16640878,"Krishna Yadu","2026-09-06 08:18:51",1114.6,1,krishnayadav456wrsty
3648,16811433,"Bx LLLLLLLL","2026-09-05 21:54:10",1114.6,2,bxllllllll
3649,16808352,Rheinmetall,"2026-09-25 16:34:55",1114.4,2,rheinmetall
3650,16841276,EmmaL09,"2026-09-09 22:09:29",1113.9,2,emmal09
3651,16758839,"Yusuf Murtaza","2026-09-06 10:23:21",1113.6,2,yusufmurtaza01
3652,16697877,"Sky kun","2026-09-13 22:36:13",1113.1,2,skykun
3653,16851959,Darren0724,"2026-09-11 12:15:26",1113.0,2,darren0724
3654,16848220,ggmljs,"2026-09-10 05:10:42",1112.9,2,ggmljs
3655,16810859,"Michael Silverblatt","2026-09-06 12:39:49",1112.3,2,msilverblatt
3656,16779007,"Teoh jia sheng","2026-09-26 12:28:41",1111.5,2,"nathanael19,teohjiasheng"
3657,16707702,"anton leyn","2026-09-08 16:30:11",1111.3,2,antonleyn
3658,16810060,galileo680,"2026-09-05 23:45:08",1111.1,2,keter333
3659,16811890,Bobbbbbbbbx,"2026-09-03 15:25:01",1111.0,2,bobbbbbbbbx
3660,16669715,housssaamos,"2026-09-06 19:42:41",1110.3,2,housssaamos
3661,16797393,lingmingzi,"2026-09-05 04:36:26",1109.3,2,lingmingzi
3662,16725793,Krilin,"2026-09-03 18:41:48",1109.3,2,krilin
3663,16632231,"Samrish B","2026-09-05 18:17:55",1108.9,2,samrishb
3664,16707639,Fujinawa,"2026-09-15 12:14:48",1108.9,2,wasshoiwasshoi
3665,16860587,"Mayo Mafia","2026-09-14 12:41:03",1108.9,2,vasujain12344
3666,16695931,"Kers Aoyagi","2026-09-05 19:24:41",1108.7,2,kersaoyagi
3667,16634336,"Arko Bera","2026-09-08 19:08:41",1108.6,2,cartoonistbeard
3668,16702430,"ZeLong Leo","2026-09-24 02:45:37",1107.8,2,zelongleo
3669,16734813,"Johan BONILLA MENDIETA","2026-09-05 15:23:38",1107.6,2,johanbonillamendieta
3670,16725195,易研学社,"2026-09-06 07:27:43",1107.2,2,"chency17,fengwann,mingyingxin,sjojasdq,tbtbbb"
3671,16641099,sieru-copan,"2026-09-25 12:03:44",1106.7,2,sierucopan
3672,16822414,Yassinovich,"2026-09-06 12:50:02",1106.1,2,yassinovich
3673,16808433,thenokol,"2026-09-07 12:26:33",1105.2,2,thenokol
3674,16927297,galaxy2025,"2026-09-20 01:15:33",1105.2,1,galaxy2025
3675,16796840,ezalbxx,"2026-09-10 04:09:31",1104.8,2,ezalbxx
3676,16721805,kavunidze,"2026-09-03 11:04:48",1104.3,2,kartu72
3677,16861544,"Hiroyuki Fujimaki","2026-09-27 01:07:33",1104.2,2,hiroyukifujimaki
3678,16778388,"straw hats","2026-09-20 14:26:24",1103.6,2,rushikeshgaonkar
3679,16799554,dengddd,"2026-09-03 15:30:23",1103.4,2,dengdgq
3680,16745351,ChrisXie,"2026-09-08 02:14:19",1103.1,2,chrisstan
3681,16662204,SM_30,"2026-09-05 15:45:06",1103.1,2,sagarmane104
3682,16717186,"Roumak Das","2026-09-04 03:41:55",1103.0,2,roumak77
3683,16806535,"zhangzhuang li","2026-09-03 18:31:12",1102.9,2,zhangzhuangli
3684,16839209,yuuuu.T,"2026-09-06 02:01:37",1102.7,2,yuuuut
3685,16657637,"Ronnie Atuhaire","2026-09-26 06:27:08",1102.0,2,ronnieatuhaire
3686,16654791,"Dev Rath","2026-09-10 16:32:18",1101.4,2,devbratrath
3687,16771397,its_mrz,"2026-09-07 17:48:52",1101.3,2,itsmrz
3688,16857923,Haruki.O,"2026-09-12 08:23:32",1100.1,2,ho0707
3689,16644255,Rister,"2026-09-04 00:05:35",1100.0,2,"rister101,stharundhatri"
3690,16779321,HarryP12,"2026-09-11 16:45:35",1100.0,2,harryp12
3691,16750364,Tangruichen,"2026-09-23 19:19:29",1100.0,2,device666kunkun
3692,16721237,phoenixai0,"2026-09-08 14:15:57",1098.7,2,phoenixultra
3693,16790359,"laoma fighting","2026-09-07 05:30:45",1098.6,2,laomafighting
3694,16730834,TomoyaM,"2026-09-10 00:00:39",1098.2,2,tomoyamiyaake
3695,16839548,"Александр Прохоров","2026-09-08 12:30:54",1097.9,2,obbwd12
3696,16802039,"Anna Currie","2026-09-04 10:24:33",1097.8,2,hcnfgxsghvbkhbty
3697,16719578,blueblue222,"2026-09-11 04:36:53",1097.7,2,blueblue222
3698,16765763,latter0206,"2026-09-06 07:00:54",1097.4,2,shoheiyamanaka
3699,16658898,"SRI shiva","2026-09-26 13:57:49",1097.2,2,srishiva
3700,16626462,mango,"2026-09-04 01:11:13",1096.9,2,mango789
3701,16806587,"Dear Shark","2026-09-17 07:12:32",1096.9,2,dearshark
3702,16741683,"Lance Wu","2026-09-05 02:17:10",1096.6,2,lancewu722
3703,16816445,"Danila Lebedev","2026-09-08 13:54:33",1095.8,2,danilalebedev
3704,16824069,"Phương Nguyễn Việt","2026-09-04 03:52:08",1095.5,1,phngnguynvit
3705,16810802,"Musa Khan","2026-09-03 16:40:12",1095.4,1,lazer999
3706,16851712,VelloNChiru,"2026-09-25 02:30:27",1095.3,2,janelawrence
3707,16695229,X1a0Ch3n,"2026-09-04 16:14:07",1095.2,2,xiaochen20236673
3708,16780141,"One Zero001","2026-09-03 08:43:16",1094.9,2,onezero001
3709,16635065,T88,"2026-09-07 09:02:57",1094.9,2,t88take
3710,16773039,zyiqun,"2026-09-04 06:12:36",1094.6,2,zyiqun
3711,16623630,noobanot,"2026-09-03 12:05:20",1093.4,2,noobanot
3712,16845366,cdaden,"2026-09-08 06:00:19",1093.3,2,cdaden
3713,16683199,"Filippo Gombac","2026-09-02 17:16:47",1093.2,2,filippogombac
3714,16753646,"[Deleted] 7d100524-25e6-4751-98db-b4fdce26a5ee","2026-09-02 14:22:45",1093.0,2,del=effabded1aa6d176
3715,16773069,Grant,"2026-09-05 10:49:32",1092.9,2,leolin05
3716,16657904,xfhdh1,"2026-09-06 09:51:45",1092.9,2,xfhdh1
3717,16727147,"Alan Smith","2026-09-09 11:26:14",1092.6,2,acorncupcake
3718,16805882,nmdcddwzml,"2026-09-10 11:46:04",1092.5,2,mujian63
3719,16657228,"Vladimir Babin","2026-09-21 06:07:32",1092.0,2,vovababin
3720,16917732,qianqiuwushang,"2026-09-27 06:47:57",1091.9,2,qianqiuwushang
3721,16672040,"Tom Yim","2026-09-07 04:31:34",1091.6,2,tomyim
3722,16623480,xmaster6y,"2026-09-08 18:26:54",1091.4,2,xmaster6y
3723,16825772,liujieyou,"2026-09-14 12:01:35",1091.3,2,liujieyou
3724,16654995,"Artem Voronov","2026-09-14 11:14:51",1090.8,2,artemyvoronov
3725,16836457,Andrew9603,"2026-09-06 12:28:37",1090.0,2,benxvyan
3726,16838821,小等等,"2026-09-16 07:41:23",1089.6,2,atwelve
3727,16654490,"Furious Monk","2026-09-27 06:29:06",1089.6,2,furiousmonk
3728,16716475,"dong & shen","2026-09-03 04:47:45",1089.4,2,"dongcookies,muyouqian4"
3729,16659776,"Ben Hamilton","2026-09-08 23:36:18",1089.3,2,kineticaxisstudio
3730,16632214,roomer,"2026-09-05 03:55:23",1089.1,2,"matsuphy,mqme526,yasunamiura"
3731,16626979,"An - Claudex","2026-09-24 10:28:30",1089.1,2,myotterspace
3732,16657825,MilanJoshi,"2026-09-01 12:04:31",1088.9,2,mlnjsh
3733,16738810,mararaa,"2026-09-04 10:21:18",1088.6,2,mararaa
3734,16773607,sky1,"2026-09-04 13:54:00",1088.2,2,skyk1jn
3735,16824101,"Bala Murugan AIML","2026-09-04 02:20:12",1087.7,1,balamuruganaiml
3736,16790542,shiba-inu,"2026-09-21 14:06:32",1087.7,2,npinpi
3737,16652750,"Bahadir Selim Bakla ","2026-09-24 23:38:57",1087.5,2,bahadirselimbakla
3738,16838305,"Zhiyan Chen","2026-09-05 09:20:32",1086.5,2,zenosga
3739,16786255,OceFFFF,"2026-09-26 06:46:42",1086.5,2,oceanfujimoto
3740,16639583,typeIIIfairy,"2026-09-27 04:47:36",1086.5,2,typeiiifairy
3741,16659430,"John Keith Weber","2026-09-06 16:32:54",1085.9,2,johnkeithweber
3742,16639520,"Cary Jin","2026-09-05 22:54:44",1085.2,2,strigiformes
3743,16750273,"Nil Lic","2026-09-14 16:44:57",1084.5,2,nillic
3744,16713540,Anruan,"2026-09-05 16:45:53",1084.4,2,xiaowanshen
3745,16736050,SuperZero11,"2026-09-10 07:44:19",1083.6,2,anandaverma
3746,16775506,"lin qiy","2026-09-05 13:32:19",1082.9,2,linqiy
3747,16854250,"Jenil Emp","2026-09-21 13:06:46",1082.1,2,jenilemp
3748,16623856,aowhite,"2026-09-03 06:12:31",1081.8,2,brandnewyork
3749,16730049,"r2d2 Dasari","2026-09-20 20:15:24",1081.7,2,r2d2dasari
3750,16662810,HarshitSama,"2026-09-19 10:23:32",1081.7,2,harshitsama
3751,16768323,thuvuduy16,"2026-08-31 18:59:54",1081.4,2,thuvuduy16
3752,16734290,CodeAMANSA,"2026-09-09 14:52:52",1081.2,2,bcollazo
3753,16858618,NaokaK,"2026-09-09 06:58:14",1080.9,1,naokak
3754,16702429,iamlonely,"2026-09-08 16:27:53",1080.9,2,iamlonely
3755,16791752,bayachay,"2026-09-13 02:26:18",1080.7,2,bayachay
3756,16639746,"Kyle Wang","2026-09-04 15:12:00",1080.7,2,ky1ewan9
3757,16633850,Pascal,"2026-09-05 04:01:56",1080.4,2,pascalledesma
3758,16658409,AlexMasip,"2026-09-03 15:37:32",1080.4,2,alexmasip
3759,16809249,Moro,"2026-09-06 02:48:13",1080.2,2,moromoromoro
3760,16743788,"Emmanuel Lo","2026-09-04 13:07:50",1079.9,2,emmanuello
3761,16639771,"DK Armada","2026-09-06 06:33:12",1078.6,2,dkarmada
3762,16682932,"Iulian Curte","2026-09-13 10:07:59",1078.4,2,iuliancurte
3763,16717113,"Dovydas Ruokis","2026-09-11 19:58:21",1078.4,2,dovydasruokis
3764,16664518,senxichong,"2026-09-18 08:01:00",1078.4,2,senxichong
3765,16666296,A.P.R.I.L,"2026-09-12 16:42:30",1078.0,2,puneeth333
3766,16899030,CardPilotLab,"2026-09-17 00:32:05",1078.0,2,EldieEnfiel
3767,16686827,Kronki,"2026-09-05 12:24:58",1078.0,2,kronki
3768,16756902,"Matt Palmer","2026-09-06 04:17:51",1077.9,2,palmsey
3769,16675739,"Jithendra Maddala","2026-09-12 05:12:26",1077.1,2,jithendramaddala
3770,16794740,"Alexander R Luz","2026-09-11 16:15:45",1077.1,2,alexanderrluz
3771,16673250,Prashant,"2026-09-04 16:46:37",1076.8,2,"kajalsinghrajpoot,prashantxo"
3772,16771605,Psyrax,"2026-09-17 16:00:11",1075.3,2,psyrax012
3773,16848645,"Chee Keong Sim","2026-09-10 14:59:11",1075.1,2,cheekeongsim
3774,16821420,Sight,"2026-09-26 18:59:38",1074.9,2,"cai12341234,crimsurfer,jingwenxu85,sakurasss,yuankunzou3"
3775,16828244,AGSaturn,"2026-09-06 19:42:52",1074.4,2,polyuhst
3776,16634239,"Radhakrishnan Guhan","2026-09-05 19:54:20",1074.1,2,rmsgrk
3777,16728103,Immutable,"2026-09-06 21:33:16",1074.0,1,dishcleaner
3778,16818589,"Rachmat S. Haryadi","2026-09-10 16:48:09",1073.9,2,rachmatsharyadi
3779,16808178,qianyuatkaggle,"2026-09-08 00:37:32",1073.3,2,qianyuatkaggle
3780,16735253,银龙,"2026-09-07 07:00:02",1073.1,2,boyanyanbo
3781,16820116,cotora2121,"2026-09-05 17:42:49",1073.0,2,cotora2121
3782,16795982,Vordax,"2026-09-03 18:17:12",1072.3,2,vordax
3783,16743191,"Ryoya Kochiyma","2026-09-05 13:28:19",1071.8,2,"kazutotakekuma,ryoyakochiyma"
3784,16897961,"AIZOYA FarmBrain","2026-09-27 06:50:59",1071.3,2,aizoya
3785,16706442,tipstar0125,"2026-09-05 11:50:46",1071.2,2,dragonty
3786,16749205,"Wish Coding Guy","2026-09-02 10:33:15",1070.9,2,tommycyd
3787,16682283,"RL is all you need","2026-09-08 13:59:11",1070.3,2,"bpmf577,junzhejiao,jwj1342,liaodid,mrschang"
3788,16657395,"Uchechukwu Ajuzieogu","2026-09-03 14:10:11",1070.3,2,uchechukwuajuzieogu
3789,16774727,"Dannya AbdulHadi","2026-09-04 11:48:50",1070.2,2,dannyaabdulhadi
3790,16722995,July,"2026-09-10 10:42:05",1069.8,2,julyzseven
3791,16693382,Sandrone,"2026-09-07 15:57:25",1069.4,2,luvgoelo
3792,16657594,"Wojciech Krasowski","2026-09-02 20:37:04",1069.0,2,ci3l4k
3793,16667731,"Agent 33","2026-09-24 19:53:19",1068.5,2,agent33
3794,16811637,mohui666,"2026-09-03 09:21:41",1068.3,2,mohui666
3795,16794696,"Paul Bryan Elefante","2026-09-08 00:39:10",1067.3,2,heuljax
3796,16675351,-Beterraba,"2026-09-05 18:45:27",1067.2,2,"afonsoo,miguelottoni"
3797,16783521,xiannaix,"2026-09-04 09:28:00",1067.2,2,xiannaix
3798,16782954,"Team Dajiang","2026-09-19 13:02:19",1067.2,2,"jihuaye,toolazyhhh123"
3799,16734199,Iliamna,"2026-09-06 20:44:33",1066.5,2,decotoj
3800,16747577,"Nolan BONHOMME","2026-09-03 13:22:05",1066.3,2,nolanbonhomme
3801,16665311,"huayang sun","2026-09-05 06:20:01",1066.3,2,okami001
3802,16719083,"Justin Mai 16","2026-09-07 22:30:10",1066.0,2,justinmai16
3803,16695556,"Prajwal Dongre","2026-09-20 05:45:05",1065.9,2,prajwaldongre
3804,16662568,RaghavMundhra1,"2026-09-23 22:44:35",1065.7,2,raghavmundhra1
3805,16841667,Zwxiang123,"2026-09-06 01:27:21",1065.7,1,zwxiang123
3806,16803930,"Farrukh Ismoilov","2026-09-02 11:30:29",1065.4,2,fismoilo
3807,16686513,Vipul_Kumar75476,"2026-09-22 00:05:05",1065.3,2,vipulkumar75476
3808,16678462,"Eric Han Wang","2026-09-22 22:39:00",1064.3,2,ericwang03
3809,16665700,张广麒,"2026-08-31 08:41:33",1064.2,2,zzggqq
3810,16714365,meryol,"2026-09-25 21:58:42",1064.0,2,meryol
3811,16729092,"ayman elamin","2026-09-27 04:08:19",1063.9,2,aymanelamin
3812,16694186,souju00,"2026-09-14 10:52:51",1063.8,2,souju00
3813,16651792,LX,"2026-09-02 10:29:49",1063.7,2,sunnylx
3814,16798174,"Jan Bartos","2026-09-07 22:28:55",1063.4,2,janbartos
3815,16695521,"Chen Ken","2026-09-19 11:39:00",1063.1,2,nutastray
3816,16659210,HASHP100D,"2026-09-05 11:23:41",1062.7,2,hashp100d
3817,16822745,Jetpack,"2026-09-18 17:14:08",1062.6,2,"m1ngch1,victorye04"
3818,16935054,"jae young ji","2026-09-27 02:18:49",1062.5,2,sayul0102
3819,16655381,"Varshith K","2026-09-10 22:42:07",1062.0,2,var3604
3820,16677252,カワシギ,"2026-09-27 02:30:34",1061.0,2,kawashigi
3821,16742470,AK,"2026-09-06 07:57:50",1060.9,2,aman1391
3822,16779652,cheezyp,"2026-08-31 06:26:25",1060.5,2,cheezyp
3823,16730707,"James Michael","2026-09-04 14:12:29",1059.7,2,ingenio
3824,16785924,Abhinav_26104,"2026-08-31 15:17:41",1059.7,2,abhinav26104
3825,16770785,Brahim,"2026-09-26 07:54:04",1059.7,2,brahimdriss
3826,16727544,"Mostafa H","2026-09-01 10:03:53",1058.9,2,mostafahaghiri68
3827,16737937,xamad,"2026-09-01 13:19:27",1058.9,2,giannicerrato
3828,16747036,Illusion,"2026-09-04 13:34:36",1058.6,2,briankimtaikab
3829,16716613,Arvin,"2026-09-08 01:18:15",1058.2,2,chesterx
3830,16655311,"Plant City Planter","2026-09-02 19:03:12",1058.1,2,michaellombard
3831,16790658,lxymmd,"2026-09-10 07:59:16",1058.0,2,lxymmd
3832,16660121,10pi,"2026-09-02 01:21:07",1057.8,2,meredith10pi
3833,16806394,Flowers,"2026-09-02 04:03:16",1057.1,1,"guyueyuan,oliver34,wu12138test"
3834,16757418,Janus,"2026-09-20 02:21:48",1056.5,2,khaled1alhasan
3835,16871907,"Junya _318","2026-09-14 04:15:18",1056.4,2,junya318
3836,16667724,"Masashi Onda","2026-09-02 12:43:58",1056.1,2,masashionda
3837,16761641,Diavolo,"2026-09-05 09:31:08",1055.8,2,jeanmarcbah
3838,16843970,dharana77,"2026-09-24 08:27:42",1054.2,2,ylee4574
3839,16771457,"HK Fama","2026-09-05 17:51:47",1054.1,2,kenho211
3840,16682195,celefefwefwe1,"2026-09-02 16:48:52",1052.9,2,celefefwefwe1
3841,16783124,Logorhythms,"2026-09-24 12:31:20",1052.7,2,mohammadsaidulislam
3842,16756630,Shreyas,"2026-08-30 09:58:08",1052.6,2,shreyasdongre25
3843,16779831,地里偷偷尿尿,"2026-09-06 14:21:55",1052.5,2,jjsdfd22
3844,16623890,"rapika rosalia","2026-09-01 17:40:24",1052.1,2,rapikarosalia
3845,16654715,"Aqib Raza","2026-09-02 19:21:26",1051.4,2,aqibrazadev
3846,16655169,Musliadi,"2026-08-31 05:51:39",1051.3,2,timscientia
3847,16852043,"pig da","2026-09-08 05:32:31",1050.8,2,qijunjie
3848,16655633,johnny,"2026-08-31 04:55:56",1050.4,2,jonykarki
3849,16805609,Gleb,"2026-09-01 22:11:48",1050.3,1,korelin
3850,16730577,"Team Rocket’s Orbital Farm","2026-09-25 09:45:06",1050.1,2,koheitsutsumi
3851,16775286,DanilAbdullin,"2026-09-02 05:42:51",1049.6,2,danilabdullin
3852,16639979,naphthalene,"2026-09-01 10:40:26",1049.5,2,"aaa0342,leehyungjoon,minjek,trv449"
3853,16688642,"Natalia Mawyin","2026-09-05 11:08:38",1049.4,2,nmawyin
3854,16734979,NiuLAI,"2026-09-24 07:23:38",1049.4,2,"chunsingyu,chunyinhui,jaminmei"
3855,16624506,zhongtian,"2026-09-26 15:03:01",1048.9,2,kmtbang
3856,16892727,Pi,"2026-09-26 14:24:12",1048.7,2,liemdt
3857,16742825,"Ritwik Raha","2026-09-05 00:03:10",1048.2,2,ritzraha
3858,16661393,"razab Bawa","2026-09-06 12:43:30",1047.0,2,razabbawa
3859,16725410,LE4VES,"2026-09-08 09:27:15",1046.4,2,le4ves
3860,16839975,AlexHan,"2026-09-05 13:16:50",1046.1,1,gksgusrb1212
3861,16764068,"Chika Komari","2026-09-02 11:18:48",1046.0,2,gothamjocker
3862,16622934,"Ümit Anık","2026-09-05 13:54:40",1046.0,2,mitank
3863,16656659,"James Y","2026-08-31 09:51:47",1044.9,2,redoctopusk
3864,16732221,ringbearer,"2026-09-27 00:04:05",1044.8,2,mehmetbarankrat
3865,16757384,straw_Yu,"2026-09-09 01:41:11",1044.2,2,strawyu
3866,16732813,Soomana1z,"2026-09-08 17:20:16",1043.2,2,soshionodera
3867,16748187,"Violet Notes","2026-09-09 13:20:38",1042.1,2,dominicjamil
3868,16798544,esprit,"2026-08-31 23:47:56",1042.0,1,takuji
3869,16659215,"Zhizhou Sha","2026-08-31 12:43:52",1041.5,2,zhizhousha
3870,16887947,"Blips and Chitz","2026-09-23 23:10:46",1041.5,2,michaelriedl
3871,16811502,"Avi Porath","2026-09-14 04:33:01",1041.4,2,aviporath
3872,16795391,MECHINE,"2026-09-01 03:05:47",1040.9,2,nainglinwai
3873,16802745,"Fuat Çakıcı","2026-09-27 00:15:38",1040.9,2,fuatcakiicii
3874,16670527,"Balram Gupta","2026-09-18 05:06:28",1040.4,2,"akankshaparab,bg28898"
3875,16732484,tanzaku,"2026-09-06 07:58:50",1038.6,2,tanzaku
3876,16793344,zyichi,"2026-09-02 06:41:30",1037.6,2,zyichi
3877,16783630,"fan yanbing","2026-08-30 11:33:12",1037.4,2,jackpudding
3878,16757704,Faustine,"2026-09-23 00:54:18",1037.3,2,faustine649
3879,16778792,"Karthik #2","2026-09-26 21:30:44",1036.8,2,karg14
3880,16621831,"Tsung-Yeh, Hsieh","2026-09-09 18:31:09",1036.4,2,"tsungyehhsieh,xinyuloong"
3881,16795041,"Denis Revenko","2026-09-01 13:02:36",1036.0,2,denizzko
3882,16794841,thisArmin,"2026-08-31 04:29:30",1036.0,1,thisarmin
3883,16778019,Mr.Frundles,"2026-09-03 02:21:58",1035.8,2,watehell
3884,16718956,hassan,"2026-09-01 16:14:25",1035.8,2,hasankhhan
3885,16737702,"kaneko takafumi","2026-09-25 14:27:07",1035.7,2,kanekotakafumi
3886,16793261,Von_Feynman,"2026-08-30 13:35:43",1035.2,1,terrenceluo1017
3887,16661304,"Jonathan Roy","2026-09-14 17:05:57",1035.2,2,jonathanroy7
3888,16860049,Himanshu,"2026-09-15 12:12:33",1034.8,2,himanshuffbfujbf
3889,16663166,Rey4Dan,"2026-09-26 23:15:13",1033.9,2,rey4dan
3890,16771361,"It's Ratcha","2026-09-07 18:59:25",1033.8,2,itsratcha
3891,16766941,"S Kim","2026-09-10 22:16:57",1033.4,2,sunnyk92
3892,16689266,"Oleksandr Dudnev","2026-09-09 06:14:10",1033.2,2,dantist
3893,16729906,"Krzysztof Madziar","2026-08-28 05:05:13",1032.6,2,krzysztofmadziar
3894,16847289,"Hengxiang Yu","2026-09-21 07:24:59",1032.4,2,hengxiangyu
3895,16738895,SangGold,"2026-09-13 09:18:56",1032.3,2,sanggold
3896,16796980,ChenyuBaii,"2026-09-11 09:56:01",1032.3,2,chenyubaii
3897,16793106,"Пал Лаич","2026-08-30 12:45:34",1032.2,1,skypunkaudiowalker
3898,16622919,Waffle,"2026-09-23 23:19:28",1032.0,2,waffle3z
3899,16684994,TKNP,"2026-09-26 21:29:03",1031.1,2,"justnik77,katasonoveugene,romankatasonov,sergey140146659"
3900,16654526,"Jin Niu","2026-08-26 18:25:33",1030.6,2,gufanmingmie
3901,16782227,"chen yue li","2026-09-03 01:34:30",1030.4,2,yueelc
3902,16669810,CREART,"2026-08-29 16:06:18",1028.7,2,gustardust
3903,16667147,"Daksh Bhalala","2026-08-26 06:41:04",1028.6,2,dakshbhalala
3904,16730705,chris,"2026-09-27 02:02:03",1028.5,2,chris62
3905,16628456,kiro,"2026-09-08 06:39:53",1027.5,2,kirosamurai
3906,16689569,JovanaLab,"2026-08-27 22:43:51",1026.8,2,"choonesenlu,joxitsai"
3907,16698340,"Yanxi Jiang","2026-08-26 03:24:55",1026.3,2,yanxijiang
3908,16668162,AlejandroAlvarez,"2026-09-26 13:12:47",1026.1,2,theworm
3909,16637458,OlivierS,"2026-09-09 03:41:58",1025.5,2,oliviers
3910,16658280,"Hemanth Reddy Katta","2026-09-14 22:15:43",1025.4,2,hemanthreddykatta
3911,16902856,"Laura Vanegas Torres","2026-09-27 02:34:04",1025.2,2,lauravanegastorres
3912,16879133,xiepengo,"2026-09-13 14:05:18",1024.2,2,xiepengo
3913,16662696,"Cengizhan Tümer","2026-08-31 20:54:21",1023.9,2,cengizhantmer
3914,16756633,TheDanKing,"2026-08-31 05:49:23",1023.6,2,thedanking
3915,16691247,"Aneesh Rao","2026-08-27 17:11:07",1023.2,2,sidrao2006
3916,16765154,dreamcxy,"2026-08-31 03:54:16",1023.2,2,dreamcxy
3917,16664537,"Lenin Goud","2026-08-27 01:07:37",1023.1,2,leningoud
3918,16773320,kaka,"2026-09-17 08:53:18",1022.6,2,kakawin
3919,16838843,"qiu ji123","2026-09-12 02:58:46",1022.5,2,qiuji123
3920,16791549,"Eugenio Schiavoni","2026-08-31 19:14:40",1021.9,2,eugeniokukes
3921,16627472,CloverFarm,"2026-09-08 13:23:55",1021.0,2,ljs2546
3922,16675777,"Ml BOY","2026-09-07 18:15:38",1020.9,2,mlboy1
3923,16734225,"Vijay athithya ","2026-09-02 07:06:29",1020.6,2,vijay09
3924,16770397,Ryu,"2026-09-03 20:15:16",1019.5,2,bexultanashenov
3925,16652912,"Kyle Ellard","2026-09-04 11:51:13",1019.4,2,kyleellard
3926,16745416,yamato035073,"2026-08-30 22:24:34",1019.3,2,yamato035073
3927,16764738,Lucasty,"2026-08-25 07:04:36",1019.1,2,lucaswty
3928,16748647,"Adar Cohen","2026-08-24 21:27:43",1019.1,2,adarcohen
3929,16662651,CoatiAI,"2026-09-16 11:06:40",1018.2,2,gjhordan
3930,16634153,AnpAn_Men,"2026-08-29 19:47:31",1018.0,2,anpanmen
3931,16733708,RyanHo,"2026-08-29 03:59:12",1017.8,2,ryanrx
3932,16752733,zjukop1,"2026-08-25 03:29:28",1017.6,2,zjukop1
3933,16784056,"anh nông dân may mắn","2026-09-26 21:21:10",1017.6,2,nguyen1tri
3934,16712432,hengck23,"2026-08-25 17:58:30",1016.8,2,hengck23
3935,16806048,duck_raccooon,"2026-09-02 15:03:04",1016.8,2,duckraccooon
3936,16630516,"Seb (allegedly)","2026-09-09 09:22:48",1016.7,2,sebmallia
3937,16722731,"E&M Pioneer","2026-08-30 11:18:55",1014.9,2,hzq2004
3938,16755244,SZU蓝心,"2026-09-01 11:50:45",1013.7,2,jiazhanliu
3939,16764431,"William Diment","2026-09-14 07:50:42",1013.6,2,williamdiment
3940,16844154,シュークリーム,"2026-09-07 03:31:45",1013.5,2,syucream
3941,16775771,"Ewia Tng","2026-09-09 04:57:46",1013.3,2,ewiatng
3942,16790233,"prateek chandra","2026-08-30 15:55:55",1013.2,2,prateekchandra7005
3943,16641982,ZotAZaw3,"2026-08-28 09:43:47",1012.8,2,zotazaw3
3944,16844343,"Gotovtsev Artyom","2026-09-18 20:30:04",1012.7,2,artemgotovtsev
3945,16760656,CharTFboy,"2026-08-24 09:19:37",1012.3,2,chartfboy
3946,16762537,Controlvector,"2026-08-25 08:28:11",1011.9,2,"controlvector,yxdu01"
3947,16692744,"VAIBHAV RASTOGI 90","2026-09-03 23:43:33",1011.7,2,vaibhavrastogi90
3948,16626655,"Surya milenial","2026-08-30 08:21:22",1011.3,2,suryamilenial
3949,16672468,ComposeMage,"2026-09-08 01:51:40",1011.0,2,composemage
3950,16669403,mrgrishninsb,"2026-09-13 13:22:10",1010.2,2,mrgrishninsb
3951,16674310,"Ayaz Ahmed Kazi","2026-08-29 18:49:13",1010.2,2,ayazahmedkazi
3952,16771843,"Surekha Ramireddy","2026-09-01 15:34:18",1010.2,2,surekharamireddy
3953,16775443,NoName,"2026-09-04 23:49:43",1009.6,2,thesonalsingh
3954,16775684,ketterking,"2026-09-26 07:56:50",1008.2,2,"ketterwang,wwppyywwww"
3955,16770998,ket,"2026-08-31 22:14:53",1007.8,2,kentken
3956,16635029,"Oleg Melnik","2026-09-17 16:28:52",1007.6,2,olegmelnik
3957,16738279,zhangshuosc,"2026-08-26 05:11:57",1007.2,2,zhangshuosc
3958,16769028,"Rishabh Yadav","2026-09-17 01:59:59",1006.9,2,riishabhhh
3959,16770927,kaptaan45,"2026-08-28 08:06:32",1006.5,2,kaptaan45
3960,16774129,"Chen Audrey","2026-09-04 13:38:19",1006.4,2,chenaudrey
3961,16904320,"Flying Duck","2026-09-24 05:15:07",1006.3,2,dreame1
3962,16762139,AltriaE,"2026-08-25 15:27:52",1005.9,2,altriae
3963,16689697,Kmart0112,"2026-09-21 17:38:23",1005.7,2,kmart0112
3964,16739018,"Zhou Songyu","2026-09-25 10:45:53",1005.7,2,zhousongyu
3965,16780317,jrcjrcjrc,"2026-09-04 06:03:51",1005.2,2,jrcjrcjrc
3966,16802775," SonSheungmin","2026-09-03 06:55:03",1005.1,2,sonsheungmin
3967,16692443,xmkevin2004,"2026-09-08 15:10:46",1004.8,2,"deersirz,qiuzaooppo,xmkevin2004"
3968,16782193,nal_nh906,"2026-09-02 01:42:32",1004.8,2,hhan09
3969,16742232,"Prema Ananda","2026-09-18 15:40:40",1004.7,2,premaananda108
3970,16734699,PangMinShih,"2026-08-28 08:39:27",1004.1,2,shihbonbon
3971,16638019,Randynho,"2026-09-15 16:13:30",1003.7,2,randynho
3972,16753194,"Saicharan Ramineni","2026-08-26 19:33:02",1003.7,2,godlydonuts
3973,16761788,"Corenthin Buffard","2026-08-26 13:16:28",1002.8,2,cbuffard
3974,16761019,"yiwen hou","2026-08-25 14:48:43",1002.8,2,hevenhina
3975,16807054,"JSU xiaopoche","2026-09-03 06:35:02",1002.6,1,xhmuvw
3976,16704603,Tmaxxer,"2026-08-28 14:45:38",1002.3,2,tmaxxer
3977,16623736,Garigariyong,"2026-09-01 04:31:17",1001.8,2,garigariyong
3978,16838736,"kauan cassiano","2026-09-05 06:42:48",1001.7,1,kauancassiano
3979,16689274,Anyeson,"2026-09-18 12:04:00",1001.1,2,anyeson
3980,16893654,"Arhaan Aggarwal","2026-09-24 01:14:00",1000.6,2,arhaanaggarwal2
3981,16740392,"Amey Thakur","2026-08-25 12:01:41",1000.3,2,ameythakur20
3982,16662222,MinerUNLEASHED,"2026-08-24 16:28:40",1000.0,2,minerunleashed
3983,16716549,notoverkil,"2026-08-28 08:16:38",999.4,2,notoverkil
3984,16668756,"Clark Kitchen","2026-09-09 00:54:50",999.0,2,clarkkitchen
3985,16741826,StackKnight,"2026-08-28 02:12:12",998.9,2,stackknight
3986,16770299,"أحمد فهد الربيش","2026-08-25 09:55:13",998.4,2,ghr111
3987,16665753,"Mansour A. S. Ataa","2026-08-26 10:28:34",998.4,2,profmansoor
3988,16736111,hexingwei33,"2026-09-23 15:12:47",998.4,2,hexingwei33
3989,16654042,B.Pushpanjali,"2026-09-23 07:50:41",997.9,2,"bpushpanjali,vinithwade"
3990,16752121,adhsdrtjh,"2026-08-23 15:02:25",996.9,2,adhsdrtjh
3991,16664379,N_Matsumoto24,"2026-09-24 08:32:13",996.8,2,nmatsumoto24
3992,16713007,"Jerry Hwa","2026-09-23 11:52:48",995.4,2,"jerryhwa,richarrdyu"
3993,16630323,kaggricultureomnidimensionalut,"2026-08-28 10:51:28",995.2,2,kumarandatascientist
3994,16666195,"Yihan Guo","2026-08-28 08:44:06",994.7,2,yihanguo
3995,16727214,"Jaivardhan Raahi","2026-09-24 04:34:53",994.4,2,jaivardhanraahi
3996,16666468,"J Penman","2026-09-09 07:04:10",994.3,2,jpenman
3997,16774410,"Rishabh Roy","2026-08-26 09:01:38",994.1,1,rishabhr0y
3998,16748907,EdwardHwang@123,"2026-08-24 15:32:00",994.1,2,edwardhwang123
3999,16848207,vlad,"2026-09-15 11:56:09",993.9,2,khizanov
4000,16758279,"GO HIROSHIMA 2","2026-08-29 02:51:47",993.8,2,gohiroshima2
4001,16863344,masat,"2026-09-09 23:46:30",993.8,1,masatttt
4002,16685450,Nadeem,"2026-08-25 09:21:14",993.7,2,nadeembinshajahan
4003,16742228,"bangqun ZHAO","2026-08-27 05:20:56",993.7,2,bangqunzhao
4004,16664002,"Guilherme Zanini de Sá","2026-09-25 12:43:12",993.4,2,guilhermezaninides
4005,16844770,Richard,"2026-09-22 05:48:05",993.3,2,richardwg
4006,16853131,"Awesome Egg","2026-09-10 07:27:41",993.0,2,newegg
4007,16805171,Mario,"2026-09-26 21:29:39",992.9,2,mwalkiew
4008,16729554,"JingSong Yang","2026-08-28 05:33:55",992.6,2,jingsongyang
4009,16724452,Jay,"2026-08-20 00:34:34",992.5,2,jayshimada
4010,16748000,"Rohit Raj Singh","2026-09-15 13:50:22",992.2,2,rohitrajsingh555
4011,16743392,tellurium_rrr,"2026-09-27 07:32:34",992.1,2,telluriumrrr
4012,16832186,"Noah Öksüz","2026-09-15 13:38:56",992.0,2,noahksz
4013,16664683,"Halapeño Farms","2026-09-14 00:35:12",991.8,2,haladaj
4014,16767625,"Saurabh Yadav","2026-08-24 17:56:22",991.4,1,saurabhyadav1305
4015,16778808,"Candace Dudleson","2026-08-31 23:19:12",990.7,2,candacedudleson
4016,16708965,"Witold Dziurdz","2026-08-23 16:33:47",990.1,2,witolddziurdz
4017,16755921,"Natnael Yerga","2026-08-24 16:43:22",990.1,2,natnaelyerga
4018,16768676,Doit,"2026-08-25 02:09:47",989.6,1,aifccnb
4019,16709115,"PARK HYUNSIK","2026-08-26 01:51:31",989.5,2,hyunsikpark
4020,16691154,UnknownRobi,"2026-08-31 22:50:27",989.3,2,canrobichaud
4021,16658500,"abhinav rai1","2026-09-26 21:08:47",989.2,2,abhinavrai1
4022,16800775,SunSeeker染汐,"2026-09-01 16:47:33",988.3,2,sunseekerrx
4023,16630711,"Aleks Lviv","2026-09-25 00:52:02",988.2,2,alekslviv
4024,16870771,wangxt1,"2026-09-11 06:19:14",987.6,2,wangxt1
4025,16725304,"Alexandru A","2026-08-29 07:34:25",987.2,2,alexandrua01
4026,16737057,Wiz,"2026-08-24 03:15:13",986.5,2,williamzhou001
4027,16660492,"Deven Bagul","2026-08-29 11:56:30",986.2,2,devenbagul
4028,16730449,"Shinichiro Yoshida","2026-09-25 17:12:44",986.1,2,sysd00
4029,16828844,"SHOUHEI IKEDA","2026-09-06 23:29:56",985.7,2,shouheiikeda
4030,16763444,"crazy achiever","2026-08-28 18:51:13",985.6,2,crazyachiever
4031,16784611,sardarkhanyadav,"2026-08-28 16:45:33",985.4,2,sardarkhanyadav
4032,16856449,Sting,"2026-09-16 17:12:20",985.2,2,sarlnovax
4033,16794205,"kiwi apple","2026-09-01 18:56:25",985.0,2,kiwiapple
4034,16861578,Markura,"2026-09-19 04:56:28",983.9,2,markura
4035,16721079,"six seven swag","2026-09-24 16:24:04",983.4,2,polinababiichuk
4036,16732851,chenry2003,"2026-08-24 02:27:53",983.2,2,chenry2003
4037,16790391,"Kevin Cao","2026-08-29 13:38:03",983.1,1,kevincao2
4038,16759075,"Michael Day","2026-08-24 10:38:52",982.8,2,michaelday99
4039,16778489,dataWr3cker,"2026-08-28 20:40:52",982.7,2,gourabr0y555
4040,16876214,Yunfei_Z,"2026-09-17 16:32:21",982.3,1,zhaoyunfei
4041,16938353,"Damilola Oladapo","2026-09-27 03:14:56",982.3,2,wizardskull
4042,16730320,Rosebuddychomp,"2026-09-12 07:54:11",982.2,2,rishabhshetye
4043,16674720,"Prathmesh Lagdive","2026-09-27 07:25:26",981.7,2,"aglavevaibhav,prathmeshlagdive,shriyashkurud"
4044,16762940,"Davide Andreolli","2026-09-06 09:20:28",981.6,2,davideandreolli
4045,16786603,"Shutong Hou","2026-09-27 02:19:48",981.4,2,praxel123
4046,16724228,LSS0334,"2026-08-26 00:15:54",980.7,2,lss0334
4047,16848720,嘎达嘎达,"2026-09-08 07:39:07",980.7,1,eggyeggygggy
4048,16782984,crinoid,"2026-09-02 10:59:06",980.4,2,takemi
4049,16732446,"Nuri DUDAK","2026-08-29 09:00:59",979.3,2,nuridudak
4050,16769082,"Little Xi","2026-08-26 03:31:32",979.3,2,littlexi0
4051,16764545,ArX,"2026-08-24 09:44:45",979.1,2,arx1993
4052,16658245,ziliangCok,"2026-08-28 16:08:13",978.7,2,ziliangcok
4053,16759813,tyf_scu,"2026-08-23 17:11:18",978.5,2,tyfscu
4054,16672202,HealthStone,"2026-08-29 21:04:07",977.6,2,healthstone
4055,16759705,2nod,"2026-09-19 02:17:04",977.4,2,tsunoten
4056,16753515,"Yosif EL-Rammaal","2026-08-25 16:57:09",977.4,2,yosifelrammaal
4057,16740159,CY,"2026-09-05 09:33:08",976.9,2,aimeny
4058,16894622,"Matthew B","2026-09-23 08:29:26",976.6,2,mcb68945
4059,16716081,"dunky su","2026-08-23 06:36:50",976.6,2,dunkysu
4060,16765313,Hosuke,"2026-09-01 04:19:31",976.3,1,hosuke
4061,16711608,"Thomas Greissler","2026-08-24 00:01:46",976.3,2,thomasg22202020
4062,16738657,Mactorr,"2026-09-02 22:44:15",976.2,2,mactorr
4063,16655255,MalelizarazoP,"2026-08-26 13:34:53",975.7,2,malelizarazop
4064,16758791,"qw yi123","2026-09-22 13:41:44",975.6,2,qwyi123
4065,16764206,yanjixiang,"2026-08-25 11:37:34",975.3,2,yanjixiang
4066,16665337,BHackers,"2026-08-26 17:13:11",975.2,2,clarencepagaduan
4067,16748933,Lixrixy,"2026-08-26 06:11:03",975.0,2,lixrixy
4068,16739898,"solo levelling","2026-08-18 21:08:16",974.5,2,munibmemon
4069,16639796,rmizuta,"2026-08-28 15:07:43",974.5,2,rmizuta
4070,16757903,"Om Singh","2026-08-27 07:05:06",974.4,1,spoilyfrog
4071,16883641,"Benedek Brandschott","2026-09-27 03:07:51",974.3,2,benedekbrandschott
4072,16753831,zhangjiaweii,"2026-09-04 07:26:21",974.0,2,zhangjiaweii
4073,16662819,THeLAB,"2026-09-25 16:30:40",974.0,2,feuorme
4074,16693193,"Efrain Garay","2026-09-04 20:55:13",973.8,2,efraingaray7
4075,16743904,minamoto,"2026-08-25 16:53:16",973.7,2,usermina
4076,16666578,STRAF,"2026-08-23 23:07:25",973.1,2,nikosstraf
4077,16704589,"Lobato MBA IA Big Data","2026-09-26 20:01:06",972.8,2,lobatombaiabigdata
4078,16733932,"Jasper Turnidge","2026-08-24 06:36:23",972.7,2,jasperturnidge
4079,16726994,bird,"2026-08-23 05:00:19",972.6,2,whitebird
4080,16727784,Baen,"2026-08-24 06:44:33",972.2,2,cairh22
4081,16743016,"MD Zeeshan","2026-08-20 18:13:32",971.9,2,makrovh
4082,16840001,agheieff,"2026-09-05 13:16:29",971.4,1,agheieff
4083,16658618,"philip georgiev","2026-09-23 13:07:35",971.2,2,philipgeorgiev
4084,16780130,与君作田,"2026-08-29 14:01:35",970.6,2,zhaoxi1244
4085,16778358,"Lê Nguyễn Việt Cường","2026-08-28 03:46:51",970.4,2,lengvietcuong
4086,16716930,"Direc M","2026-08-31 04:54:06",970.2,2,direcm
4087,16727529,윤영일,"2026-09-22 10:15:57",970.0,2,iongil
4088,16666165,ChrisLeiteScha,"2026-08-24 15:20:36",969.9,2,chrisleitescha
4089,16709824,pizzahut,"2026-09-19 20:23:22",969.5,2,csalazoltntams
4090,16623470,rurumi,"2026-09-02 05:21:15",969.1,2,rurururumi
4091,16675704,reeemii,"2026-08-26 08:51:15",968.4,2,reeemii
4092,16758152,MiguelLFCG,"2026-08-30 11:20:49",968.4,2,miguellfcg
4093,16736969,"york li13","2026-08-19 01:07:02",968.2,2,yorkli13
4094,16743216,xerkey,"2026-09-08 13:52:41",968.2,2,xerkey
4095,16904612,"Naveen Reddie","2026-09-18 04:19:28",968.2,2,naveenreddie
4096,16753125,"Rudransh Singh Rathore","2026-08-26 03:10:23",967.9,2,rudranshsinghrathore
4097,16830753,"youyi li","2026-09-06 02:50:01",967.9,2,liyouyi
4098,16733748,"Ashutosh Agarwal","2026-09-25 03:56:21",967.2,2,ashutoshagarwal088
4099,16886319,novacryptic,"2026-09-13 12:37:51",967.0,2,novacryptic
4100,16693663,"YoungCheol Son","2026-08-27 00:51:34",966.8,2,sonyc5720
4101,16675610,"Srikar Medisetti","2026-08-30 12:06:25",966.7,2,deathaunter
4102,16663767,"Tommy Mancino","2026-08-31 23:03:57",966.6,2,tommymancino
4103,16721070,LiuChen1350,"2026-08-26 05:30:30",966.1,2,liuchen1350
4104,16841296,Flesymevoli,"2026-09-06 08:49:58",965.8,2,flesymevoli
4105,16738721,"Luan Kunyu","2026-09-04 07:05:21",965.0,2,luankunyu
4106,16842071,buddyY26,"2026-09-07 13:06:08",964.8,2,buddyy26
4107,16622627,"Erik van de Ven","2026-09-23 14:18:28",964.4,2,erikvdven
4108,16805870,"Ngo Trung","2026-09-12 17:12:53",964.3,2,trungngotdt
4109,16663569,XYZ,"2026-09-27 05:52:24",964.0,2,h249748fkv7lyhik897
4110,16712943,"Cesar Marcondes","2026-09-04 13:20:02",963.8,2,cmarcond
4111,16758634,Ernnnn4u,"2026-08-24 17:00:46",963.5,2,ernnnn4u
4112,16871894,sx2154,"2026-09-20 14:56:27",963.4,2,sx2154
4113,16755071,"Varun Rao","2026-08-26 18:46:59",962.8,2,varunraosfanlkan
4114,16659972,"Pelamovic ","2026-08-25 18:03:34",962.6,2,pelamovic
4115,16675655,TrebolNoir_,"2026-09-01 12:59:42",961.8,2,trebolnoir
4116,16933477,curlybaboon,"2026-09-21 12:52:19",961.6,2,curlybaboon
4117,16864558,"Henghan Dong","2026-09-27 03:00:34",961.4,2,henghandong
4118,16634093,gezi,"2026-09-09 08:07:03",961.3,2,goldenlock
4119,16850995,"KOSUKE MATSUDA","2026-09-27 05:10:50",961.2,2,kosukematsuda
4120,16715244,uri_kkyhr,"2026-08-15 04:53:37",961.0,2,urikkyhr
4121,16712535,"Benjamin Beaujard","2026-08-18 11:03:03",960.9,2,benjaminbeaujard
4122,16765215,"arlenjim ","2026-08-24 19:32:48",960.3,2,arlenjim
4123,16925475,AdrianValerio,"2026-09-20 04:21:19",960.2,2,adrianvalerio
4124,16719262,sadjeen00,"2026-08-14 02:15:50",960.0,1,sadjeen00
4125,16845582,"Julio Cesar Filho","2026-09-08 06:10:03",959.9,2,juliocesarfilho
4126,16844277,"Akash Chanran","2026-09-09 16:48:32",958.9,2,"akashchanran,shruti9345"
4127,16732792,amaotone,"2026-08-20 14:27:36",958.4,2,amaotone
4128,16784133,"HASNAIN HAIDER","2026-09-01 17:02:27",958.3,2,techzero
4129,16720720,道海孤舟,"2026-08-21 06:59:41",958.1,2,unseenanch
4130,16712185,"Vishal Khomane","2026-09-02 15:32:38",957.8,2,vishal567
4131,16733297,sohasoha42,"2026-08-18 17:50:51",957.7,2,sohasoha42
4132,16715579,Uvais,"2026-08-24 00:58:56",957.3,2,joshuaedwinjacobv24f
4133,16782196,"jingyang tu","2026-09-01 01:49:08",957.1,2,jingyangtu
4134,16822583,"TA ME CHEM","2026-09-13 09:26:11",957.0,1,tamechem
4135,16744905,"Nator X","2026-08-26 22:15:29",956.7,2,natorx
4136,16677577,"Harsha Vardhan Konisa","2026-09-13 17:33:53",956.6,2,harshavardhankonisa
4137,16690308,"Fatima Sarhan","2026-09-19 14:01:01",956.6,2,fatimasarhan
4138,16779780,SiVitr2fDrXS.2N,"2026-08-30 15:06:17",956.0,2,sivitr2fdrxs2n
4139,16657553,graceyunliu,"2026-09-16 02:43:23",955.5,2,graceyunliu
4140,16768955,Hunedjekdsfkd,"2026-08-25 03:56:30",955.4,1,hunedjekdsfkd
4141,16677592,keniii,"2026-08-25 00:29:31",955.3,2,kartheeswaran28
4142,16713127,Felis,"2026-09-18 13:00:27",955.0,2,ilyaafanasenko
4143,16839557,Superspork,"2026-09-08 03:25:46",954.7,1,superspork
4144,16675831,"Thayaparan Kumarakuru","2026-09-24 17:34:36",954.7,2,"kavishkasubashana,mrkala,thayaparankumarakuru"
4145,16757566,"Ankit Kumar","2026-08-23 12:03:53",954.7,2,imankit57
4146,16736250,Yizhi,"2026-08-31 06:03:48",954.6,2,yizhitao
4147,16701633,"Jacob Davis","2026-08-23 15:06:50",954.6,2,jacobtdavis
4148,16655195,Pirhosseinlou,"2026-08-24 18:17:43",954.3,2,pirhosseinlou
4149,16692272,Ddere008,"2026-08-21 18:43:56",954.2,2,ddere008
4150,16635681,"Shubham Phapale","2026-09-05 12:46:36",953.9,2,shubhamphapale
4151,16662949,"Will English","2026-08-18 17:13:22",953.7,2,dubascudes
4152,16709295,"Isaac Owomugisha","2026-08-20 16:22:52",953.6,2,cmplxxyttmt
4153,16666054,Ani,"2026-09-04 21:33:20",953.6,2,anirudhk333
4154,16663584,"Deployable LLMs","2026-09-27 05:11:13",953.3,2,"lucasveronese,planetoidleser,sinhakprat"
4155,16945082,"Colin's COK and Friends","2026-09-23 05:41:01",953.1,1,"emartinez22,genericcname,sammchargue"
4156,16739488,Restodecoca,"2026-08-19 16:42:34",953.0,2,restodecoca
4157,16729691,YinuoChen271,"2026-08-17 15:42:51",953.0,2,yinuochen271
4158,16856021,PSI,"2026-09-08 19:26:40",952.7,1,vinayak121
4159,16664566,"Lormann ","2026-08-23 06:24:29",952.6,2,lormann
4160,16839422,Serendipity,"2026-09-27 07:30:13",952.6,2,stringyixuxi
4161,16664477,"The T-MAN","2026-08-26 18:51:40",952.5,2,otmaneelmahda
4162,16745499,"lurs lurs","2026-08-29 02:02:15",952.2,2,lurslurs
4163,16793229,"Waseem Mushtaq","2026-08-30 13:38:14",952.0,1,waseemmushtaq045
4164,16752018,三浦桂基,"2026-08-30 04:00:30",951.8,2,keikipc
4165,16729225,"Aayush Sigdel","2026-09-03 15:47:50",951.7,2,aayushsigdel
4166,16753618,mushichou4,"2026-08-22 10:20:51",951.6,2,mushichou4
4167,16769795,"Edi Marian","2026-08-25 11:01:09",951.1,2,edimarian
4168,16705907,Adrià,"2026-09-11 10:14:39",950.6,2,adriamb3
4169,16625339,kazusw,"2026-09-23 06:28:56",950.5,2,kazusw
4170,16766320,vp_mass,"2026-08-25 20:19:08",950.3,2,vpmass
4171,16709246,"Tariku Mehdi","2026-09-03 00:25:56",950.2,2,tarikumehdi
4172,16667843,"durgesh dere","2026-08-21 16:10:13",950.2,2,durgeshdere08
4173,16723991,"James Holland","2026-08-17 01:40:17",950.2,2,jkhollandjr
4174,16745312,"Alexie Huynh","2026-08-22 08:27:27",950.1,1,alexiehuynh
4175,16696098,Valmorlee,"2026-08-23 19:40:07",949.8,2,valmorlee
4176,16707193,"radji kraim","2026-08-26 11:53:17",949.8,2,radjikraim
4177,16728067,"Chenzhao Li","2026-08-18 08:04:21",949.6,2,heartquest
4178,16739363,kulukkuluu,"2026-09-26 20:42:07",949.6,2,kulukkuluu
4179,16655718,eveyxy,"2026-09-05 08:58:28",949.4,2,eveyxy
4180,16759625,gkg223,"2026-09-03 19:17:02",949.4,2,gkg223
4181,16719414,SahilKumarTolani,"2026-09-10 16:16:07",949.0,2,sahilkumartolani
4182,16621741,"Andrey Naymushin","2026-08-24 09:46:41",947.8,2,andrewsokolovsky
4183,16750457,"Adrian Ricardo da Silva","2026-08-25 11:21:43",947.8,2,adrianricardodasilva
4184,16715506,"Moo Point","2026-08-17 21:44:26",947.8,2,"gnarlycow,tianmeiwang"
4185,16632777,"Alexandrine Cakpo","2026-08-20 10:20:22",947.7,2,alexandrinecakpo
4186,16632164,"Tim Shini","2026-08-30 18:04:29",947.5,2,timshini
4187,16670791,Hugelidus,"2026-08-25 03:43:18",947.4,2,hugelidus
4188,16740399,"Lynn Pigott","2026-08-24 03:32:08",947.4,2,lynnpigott
4189,16698223,"Feng Jiahui","2026-08-18 08:35:04",947.3,2,junipersky
4190,16683813,WangQrkkk,"2026-09-23 15:58:31",947.2,2,wangqrkkk
4191,16654021,"Swachhith B","2026-08-24 08:40:04",947.2,2,swachhithb
4192,16738899,Grayden_Lee,"2026-08-21 11:42:07",947.2,2,haozelii
4193,16792329,"Kumkum Barot","2026-09-27 06:01:56",947.0,2,kumkumbarot02062003
4194,16697922,TingyuanLi277,"2026-08-21 03:39:03",946.5,2,tingyuanli277
4195,16770884,VegetabledogNeo,"2026-08-31 01:23:25",946.4,2,vegetabledogneo
4196,16709203,Ayush_Patel,"2026-08-25 03:34:12",946.2,2,ayushpatel1305
4197,16672003,carlscamt,"2026-08-14 17:19:42",946.2,2,carlscamt
4198,16728901,dqvide,"2026-08-17 19:53:39",946.0,2,dqvide
4199,16841536,"Berkay Hasret","2026-09-07 00:29:45",945.7,2,berkayhasret
4200,16725432,Ezra,"2026-09-10 21:42:30",945.7,2,ezberch
4201,16779275,XuetingWang,"2026-09-01 08:50:53",945.5,2,snoopy262
4202,16661772,R3ddrag0n,"2026-09-02 19:43:09",945.2,2,r3ddrag0n
4203,16708185,XiaoYan12,"2026-09-13 17:57:28",945.1,2,xiaoyan12
4204,16725335,"Chris #2","2026-08-29 15:32:47",945.1,2,kagglecompetechris
4205,16727842,"Iadh Jarray","2026-08-17 13:45:11",944.9,2,iadhjarray
4206,16691946,"Hassan Algizani","2026-08-13 20:20:09",944.8,2,hassanalgizani
4207,16724584,"Jinx JK","2026-08-18 09:08:26",944.6,2,jinxjk
4208,16778410,"uriel villegas govea","2026-08-28 00:25:47",944.5,2,urielvillegasgovea
4209,16721453,"Random Mambo","2026-09-26 14:01:43",944.1,2,beaten67
4210,16690970,"Raoul Biagioni","2026-08-22 06:37:40",944.0,2,raoulbiagioni
4211,16764422,"ong bee","2026-09-09 02:25:57",943.5,2,ongbee
4212,16680967,Tyooughtul,"2026-08-16 00:58:06",943.4,2,yooughtul
4213,16665214,Epiphany_Thu,"2026-08-21 12:06:53",943.3,2,epiphanythu
4214,16670297,"Gebreab K. Zewdie","2026-08-26 00:22:15",943.0,2,gzewdie
4215,16672199,Vachan,"2026-08-20 07:33:48",942.8,2,vachanpadival
4216,16691506,Dipak_ISM,"2026-08-29 13:07:18",942.7,2,dipakism
4217,16654662,"2/3 rounded to two decimals","2026-08-22 00:36:50",942.4,2,rnold2
4218,16658983,"Titi Huang","2026-09-19 03:19:15",942.3,2,titihuang
4219,16771994,"Jaden Tang","2026-09-15 09:28:23",942.3,2,"aayanshah,jadentang17"
4220,16729273,"Munib Ur Rehman Memon","2026-08-24 20:48:08",942.2,2,muniburrehmanmemon
4221,16738745,"Anh Quân","2026-08-24 13:41:30",941.9,2,qunanh
4222,16719006,bouiboui,"2026-08-20 18:55:02",941.8,2,bouiboui
4223,16786013,sakarush,"2026-09-02 13:17:42",941.5,2,sakarush
4224,16743124,"Leo's Demiurge","2026-09-08 15:06:04",941.3,2,jelurge
4225,16666057,StopPlantingStartGameTheorying,"2026-09-08 07:53:27",941.1,2,mymelodyenjoyer
4226,16634172,"Mario Cicala","2026-09-05 03:06:37",940.4,2,mariocicala
4227,16769769,"Artur Shafiev","2026-08-29 05:29:31",940.3,2,arturshafiev
4228,16728914,d0gied,"2026-08-17 15:12:08",940.2,2,d0gied
4229,16699772,MrAnalyst,"2026-09-05 10:43:49",940.0,2,mranalyst
4230,16736138,Anand,"2026-08-21 06:00:12",940.0,2,gazzal
4231,16724353,PrathamGupta,"2026-08-17 02:04:38",939.7,2,prathamguptaaaaaaa
4232,16875537,HeIIo.Darkness,"2026-09-13 23:22:12",939.7,2,heiiodarkness
4233,16742048,SuperGiantLam,"2026-08-25 02:08:17",939.7,2,zptpsz
4234,16726011,"Dawid Fleischer","2026-08-25 18:37:25",939.4,2,dawidfleischer
4235,16713267,"yq l68135","2026-08-21 21:35:52",939.3,2,yql68135
4236,16701362,"Papa Annan","2026-08-20 21:26:39",939.0,2,papaannan
4237,16678346,"Farhan Abid","2026-08-16 08:41:15",938.6,2,farhanabidtech786
4238,16716697,"Habil Tobi","2026-08-28 20:57:52",938.5,2,habiltobi
4239,16737561,"Raj Aryan Singh","2026-08-18 11:50:54",938.4,2,kratos14raj
4240,16673303,"Samuel Sundararaman ","2026-09-26 22:10:19",938.3,2,neopok919
4241,16846297,"Zihan Ni","2026-09-07 08:06:53",938.1,2,lunangai
4242,16685074,"Emir Can","2026-08-30 20:16:36",937.9,2,aerospacer
4243,16732381,Raphdraft,"2026-09-03 01:11:34",937.9,2,raphdraft
4244,16722303,JohannPongratz,"2026-09-10 08:07:38",937.6,2,johannpongratz
4245,16716991,XristosFilip,"2026-08-18 16:43:34",937.5,2,xristosfilip
4246,16665966,aj000,"2026-09-26 14:12:53",936.8,2,anishjagdaleaj
4247,16670118,"Álvaro Benítez","2026-08-29 15:46:04",936.8,2,lvarobentezlvarez
4248,16643125,"CARLOS CAADA ROSTRO","2026-08-21 19:23:34",936.6,2,carloscaadarostro
4249,16790548,"Francesco Del Sesto","2026-08-31 10:47:27",936.3,2,francescodelsesto
4250,16870431,"Adam Brink","2026-09-11 11:09:17",936.1,2,adambrink
4251,16746112,"Jonathan Martschinke","2026-08-24 08:52:51",935.9,2,jonathanmartschinke
4252,16722319,"༺ANIS YT༻","2026-08-19 13:08:47",935.8,2,anisyt
4253,16710389,GuerillaMoon,"2026-08-19 22:33:46",935.8,2,guerillamoon
4254,16721383,"Emon xu","2026-08-21 16:14:05",935.5,2,emon0xuyym
4255,16725342,little_d1d1,"2026-08-16 04:24:39",935.5,2,littled1d1
4256,16665543,"Charan Manthena","2026-09-06 08:59:20",935.4,2,charanmanthena
4257,16680065,Vishodhan,"2026-08-14 23:46:15",935.1,2,vishodhan
4258,16715319,ocha_heaven,"2026-08-19 13:10:14",935.1,2,ochaheaven
4259,16771277,zhaowenyi7,"2026-08-31 09:18:04",935.1,2,zhaowenyi7
4260,16653129,"Prashanth Reddy Biyyani","2026-08-20 13:53:37",934.7,2,"prashanthbiyyani,shivagurrala,sumu1526"
4261,16739298,"ricardo assaad","2026-08-18 19:03:22",934.6,2,ricardoassaad
4262,16733576,"Ojas Aklecha","2026-08-17 18:34:02",934.5,2,ojasaklecha
4263,16732654,Goated_Farmers,"2026-08-23 17:09:50",934.4,2,"mugundhjb,srinathduvvuri"
4264,16665336,"maoyuan ma","2026-08-18 11:41:09",934.3,2,maoyuanma
4265,16707749,Yuzu,"2026-09-04 10:22:41",934.3,2,yuzuoctopus
4266,16714498,Zubekanov,"2026-08-18 01:14:49",934.2,2,zubekanov
4267,16690612,"Mina Gayid","2026-08-16 12:59:16",934.2,2,minagayid
4268,16638177,stpete_ishii,"2026-08-30 05:35:41",934.2,2,stpeteishii
4269,16754560,Kam,"2026-08-21 14:02:39",934.2,1,kamting
4270,16638823,YDDDDDD999,"2026-09-06 18:22:40",934.1,2,ydddddd999
4271,16712459,松原琉喜,"2026-08-14 14:54:47",934.0,2,ryuki12kyo
4272,16689601,"Prathmesh Adsod","2026-08-18 03:55:13",933.6,2,prathmeshadsod
4273,16666665,Team-Veraxion,"2026-08-31 08:24:24",933.1,2,"anuragvelekat,ayushiitomar,faizmemon,hariharigandikota"
4274,16635668,"Mirza Yasir Abdullah Baig","2026-09-25 05:30:19",933.0,2,myab07
4275,16774237,"Dennis SH Lai","2026-08-30 17:21:31",933.0,2,dshihlai
4276,16726281,rperez04,"2026-08-22 23:15:13",932.6,2,rperez04
4277,16636094,Hax2456,"2026-08-15 10:05:01",932.4,2,hax2456
4278,16732104,sizumita,"2026-09-12 01:21:14",932.2,2,sizumita
4279,16756750,Charu,"2026-08-22 00:45:03",932.1,2,charu13a
4280,16725346,sokoranohimazin,"2026-08-18 19:39:07",931.9,2,sokoranohimazin
4281,16664120,SaiDuttaAbhishekDash,"2026-08-21 20:30:01",931.4,2,saiduttaabhishekdash
4282,16664128,"Michael Todd Overdorf","2026-08-17 00:32:51",931.3,2,michaeltoddoverdorf
4283,16925327,danmleo,"2026-09-25 10:55:45",931.1,2,danmleo
4284,16890232,"Yihan Guo #2","2026-09-18 02:40:07",930.9,2,kagglebushswill
4285,16665927,"bhavya shah","2026-08-17 11:06:22",930.9,2,bhavyashah007
4286,16675486,"SALAH ELDIN ELNABARAWY","2026-08-18 21:17:22",930.7,2,salaheldinelnabarawy
4287,16639250,"Hamed Seyed-allaei","2026-08-21 19:11:09",930.3,2,pinocchio
4288,16936191,WDK777,"2026-09-23 16:12:36",930.2,2,wdk777
4289,16675503,"Jeff Marc E. Cadet","2026-08-30 17:56:07",930.2,2,jeffmarcecadet
4290,16729640,"Наталья Скляр","2026-08-21 18:11:07",930.0,2,natsklyar
4291,16668721,"Efe Can Celiksoy","2026-08-13 22:00:41",929.5,2,efecnc
4292,16726660,"Prime Leo","2026-08-23 14:21:53",929.4,2,primeleo
4293,16655877,"Harish K","2026-08-25 19:09:49",929.3,2,harishk2209
4294,16943744,"Quinn Cossette","2026-09-23 20:34:13",929.2,2,quinncossette
4295,16663445,"ali dzaki","2026-09-13 14:59:25",928.9,2,alidzaki
4296,16724947,teacherli0,"2026-08-16 03:09:09",928.7,2,teacherli0
4297,16683193,Paami,"2026-08-24 01:21:00",928.7,2,coldpaami
4298,16692639,"Bharat Kumar0925","2026-09-04 19:52:25",928.6,2,bharatkumar0925
4299,16754086,Beenvvv,"2026-08-25 05:57:29",928.5,2,beenvvv
4300,16634143,"manual player","2026-08-14 00:41:13",928.5,2,prospal
4301,16823751,"Tyler Knecht","2026-09-25 14:56:47",928.4,2,tknecht
4302,16625856,takai380,"2026-09-01 02:34:05",928.4,2,takai380
4303,16727379,"Nicholas Chua","2026-08-20 16:28:44",928.1,2,nickckb
4304,16673234,MACvengers,"2026-08-19 16:34:04",927.9,2,"astrojaswanthkumar,ikpikp"
4305,16725441,lemon1219,"2026-08-21 15:37:35",927.8,2,lemon1219
4306,16664759,OrGanAIc,"2026-08-14 22:58:18",927.7,2,arghyaranjandas
4307,16697458,"Lissandra Kruse Fuganti","2026-09-01 15:19:00",927.6,2,lissandrakruse
4308,16743790,"yuji y","2026-08-28 10:53:06",927.5,2,yujiyyy
4309,16841344,"Abdoul Ahad Diop","2026-09-10 20:22:54",927.5,2,abdoulahaddiop
4310,16684075,"Tianfang Li","2026-09-25 02:41:25",927.4,2,tianfangli1
4311,16738278,yansf677,"2026-09-01 12:24:29",927.3,2,yansf677
4312,16687068,digiliwigili,"2026-08-22 12:49:07",926.6,2,kukchyievervin
4313,16760295,"Luke Hurt","2026-08-24 01:03:42",926.4,2,lukehurt
4314,16756557,"Marius Heuser","2026-08-24 21:41:31",926.3,2,mariusheuser
4315,16744127,Faiz,"2026-08-21 20:33:33",926.2,2,souraditya26
4316,16726071,"PDF ULTRA","2026-08-20 19:36:33",926.1,2,"alengevorgyan,gab0yan"
4317,16674684,next-best-agent,"2026-08-17 15:28:53",926.0,2,"minhduy13ly,tdtu981"
4318,16661352,"Porch Goose","2026-08-21 02:52:24",925.9,2,jaclyndeem
4319,16729054,"Shantanu Kesarkar","2026-08-27 05:50:23",925.7,2,shantanukesarkar
4320,16719536,"Mandy Lin","2026-08-14 03:18:29",925.6,2,ydnamlin
4321,16744043,Take,"2026-08-23 14:17:27",925.3,2,takeuchidaisuke2001
4322,16720841,liuhc1017,"2026-09-14 12:24:08",925.2,2,liuhc1017
4323,16763813,Sydney,"2026-09-26 01:39:40",924.9,2,n3yan7
4324,16621402,Maxim,"2026-09-27 07:05:24",924.7,2,ektarr
4325,16841647,patitod,"2026-09-06 01:22:09",924.3,2,anasofaescobar
4326,16694710,ponsuk,"2026-08-17 19:01:09",924.2,2,ponsuk
4327,16660268,"Sébastien Mametz (Pixs)","2026-08-14 09:08:39",924.0,2,sbastienmametzpixs
4328,16657803,"Arya Mazloomi","2026-08-14 00:17:11",923.9,2,aryamazloomi
4329,16737843,"Muhammad Shoaib Memon","2026-08-23 19:52:52",923.7,2,muhammadshoaibmemon
4330,16644145,"Mehdi Azouz","2026-09-07 11:22:07",923.7,2,mehdiazouz
4331,16675905,HydFarms,"2026-08-30 11:22:11",923.3,2,"kumaramar,ronithjaju,shiveshcgatech,vidhishah115"
4332,16710141,htatsumi,"2026-08-15 01:07:11",923.1,1,tatsumihasebe
4333,16685160,Yura,"2026-08-17 07:27:50",923.0,2,yuratrubitsyn
4334,16699745,"Norbert Szolnoki","2026-08-18 11:39:55",922.9,2,norbertszolnoki
4335,16724060,"Mạnh Linh Hoàng","2026-08-15 15:54:52",922.9,2,manhlinh1501
4336,16653379,"Asakawa Ruriko","2026-08-30 00:31:08",922.5,2,asakawaruriko
4337,16722120,nekoha,"2026-08-15 15:01:16",921.7,2,nekoha
4338,16735582,"Tumaini Makena","2026-08-18 06:01:09",921.5,1,tumainimakena
4339,16646679,tong00,"2026-08-17 12:02:11",921.4,2,tong00
4340,16697936,"Sami Cakiral","2026-08-15 19:43:40",921.0,2,samicakiral
4341,16651672,"Xiaolei Lian","2026-08-19 03:18:04",920.7,2,xiaoleilian
4342,16698576,monnu,"2026-08-19 05:55:01",920.7,1,fuumin621
4343,16637329,Rucbic,"2026-08-19 17:32:21",920.7,2,rucbic
4344,16659763,clarkzhang1031,"2026-08-13 12:27:10",920.6,2,"clarkzhang1031,huafeihuang"
4345,16750344,Vaasu0501,"2026-08-28 16:49:39",920.1,2,vaasu0501
4346,16663240,"Rilen T. L.","2026-08-18 13:45:46",920.0,2,"jairosilvabastos,rilentl"
4347,16695695,"Siva Kumar","2026-09-26 17:34:13",920.0,2,sivapnlr80
4348,16638375,"Tran H Hoang","2026-08-14 17:01:27",919.7,2,tranhhoang
4349,16661784,"XU XUXIANG","2026-08-27 12:57:06",919.3,2,"mikeaaaa14,xuxuxiang"
4350,16724351,"Luxshan Thavarasa","2026-08-24 09:58:38",919.2,2,luxluxshan
4351,16772803,"Linneu Holanda","2026-09-25 02:25:46",919.0,2,linneuholanda
4352,16633222,maxingkong733,"2026-08-18 23:32:58",918.9,2,maxingkong733
4353,16722330,"Jean-Louis Roy","2026-08-31 07:44:08",918.8,2,jeanjean111
4354,16639732,"Junbeom Lee23","2026-08-15 02:45:23",918.6,2,junbeomlee23
4355,16665125,"David Schindler15","2026-08-14 04:58:39",918.4,2,"davidschindler15,mz3207"
4356,16671694,evananann,"2026-08-19 07:46:36",918.1,2,evananann
4357,16710128,"KeHao Liu","2026-08-14 01:52:29",917.9,2,kehaoliu
4358,16664762,"John Marinton","2026-09-22 13:52:40",917.8,2,marintonjohn
4359,16691976,"Harini Panigrahi","2026-08-14 16:57:32",917.6,1,harinipanigrahi
4360,16675161,iVl44d,"2026-09-24 11:18:03",917.3,2,ivl44d
4361,16651833,"Hồ Khánh Duy","2026-08-14 17:52:23",917.2,2,hkhnhduy
4362,16660233,ko9ma,"2026-09-08 08:42:33",916.9,2,kohojung
4363,16744355,"Sameera T","2026-08-22 10:13:47",916.9,2,sameeramaq
4364,16708226,asi1024,"2026-08-16 13:14:53",916.3,2,asi1024
4365,16667324,"Muhammed selim Bilic","2026-08-26 17:02:17",916.0,2,muhammedselimbilic
4366,16682471,Soumya2003,"2026-09-17 09:22:26",915.9,2,soumya2003uyvv755
4367,16634166,Yuki.O,"2026-08-19 01:38:42",915.4,2,yukiohkawa
4368,16765953,"Muhammad Ahmed","2026-08-26 13:46:48",915.3,2,muhammad4hmed
4369,16734492,Orynx,"2026-08-19 08:01:33",915.1,2,"inderj1,jayveersingh6"
4370,16623226,"Hafida Belayd","2026-09-05 17:12:33",915.1,2,hafidabelayd
4371,16625241,"Mutoy Choi","2026-09-01 07:42:20",915.1,2,mutoy1
4372,16698930,MrKiwi,"2026-08-19 09:34:31",915.0,2,mrkiwi
4373,16732685,Tanmay,"2026-08-23 18:16:07",914.8,2,blankkz
4374,16802892,YUYA,"2026-09-06 08:34:05",914.2,2,yuyaizumikawa
4375,16726064,"sana slama","2026-08-15 17:01:13",914.2,1,sanaslamamm
4376,16668700,"Pranshu Ghori","2026-08-17 22:02:35",914.1,2,pranshughori
4377,16721947,groots,"2026-08-16 06:32:40",913.8,2,muhammadismail433
4378,16709529,alhlbx5,"2026-09-03 22:48:54",913.7,2,alhlbx5
4379,16675807,cubreto,"2026-08-26 15:00:34",913.2,2,cubreto
4380,16729372,"Gaspard Plt","2026-08-17 21:58:55",912.9,2,gaspardplt
4381,16667787,"Daryl Brach","2026-08-17 09:41:51",912.2,2,dbrach
4382,16660840,"An Garcia","2026-09-25 14:11:29",911.9,2,angarcia
4383,16656394,"Pushkar K.G","2026-08-18 09:29:08",911.4,2,dejokz
4384,16630839,steubk,"2026-09-25 05:24:44",911.3,2,steubk
4385,16678872,ibrahim,"2026-08-17 19:30:32",911.0,2,skyfish77
4386,16692548,"Rockstar Farmer","2026-08-19 05:15:37",911.0,2,yuhaili
4387,16698884,VVVoyager,"2026-08-14 03:55:10",910.8,2,"haoxuanshan,hengnui"
4388,16694091,"Nan Leng","2026-08-23 07:41:41",910.5,2,nleng66ca
4389,16677945,"Quân Trần","2026-08-25 06:43:39",909.9,2,wuntrn
4390,16719238,"Rômulo Siqueira","2026-08-20 00:15:16",909.5,2,romulosiqueira
4391,16669897,"Tahsan Ferdous","2026-08-14 19:30:09",909.1,2,tahsanferdous
4392,16661509,JSON_Voorhees,"2026-09-26 20:04:05",909.0,2,michaelgreenhut
4393,16666946,pwxc00,"2026-09-25 10:44:55",908.9,2,alert04
4394,16771677,"hedy huangyuheng","2026-08-27 02:13:28",908.8,2,hedyhuangyuheng
4395,16640368,"Nkosi Ndwandwe","2026-09-06 05:03:26",908.7,2,nkosindwandwe
4396,16691012,"Sanzhar Almasuly","2026-08-29 07:28:34",908.2,2,sanzharalmasuly
4397,16693934,evnchn,"2026-08-23 15:41:50",908.0,2,evnchn
4398,16634691,bot-farmer,"2026-08-19 06:16:19",908.0,2,shauryam25
4399,16738235,tenfish,"2026-09-22 15:26:05",907.7,2,"oygdri,takatoyoshikawa"
4400,16623445,"Hasin Raihan Dhrubo","2026-08-16 09:28:12",907.7,1,hasinraihandhrubo
4401,16663590,"Jakub Dolének","2026-08-13 13:08:32",907.2,2,dolenek
4402,16691987,0xalgos,"2026-08-17 09:35:28",907.0,2,anandvashishtha5362
4403,16719100,"Abhiraj Singh","2026-08-14 12:02:33",907.0,2,cyberdrago
4404,16698214,Juandix,"2026-08-18 03:35:51",907.0,2,juandix
4405,16724795,yangqi1234,"2026-08-23 08:26:23",906.9,2,yangqi1234
4406,16667734,SuroRitch,"2026-08-15 16:23:52",906.1,2,suroritch
4407,16701897,"Alejandro Lavandeira Casais","2026-08-14 12:56:12",905.8,2,alejandrolavandeira
4408,16663284,"Aman Prakash","2026-08-12 20:58:28",905.8,2,amanprakash777
4409,16656584,Spintronic,"2026-08-19 15:24:17",905.8,2,spintronic
4410,16679443,albu,"2026-08-15 19:22:12",905.4,2,albuslaev
4411,16691524,"Martim Nascimento","2026-09-05 15:54:47",905.4,2,martimnascimento
4412,16632444,"Issac “Izreal” Davis","2026-08-13 20:42:03",905.3,2,issacizrealdavis
4413,16662940,"The Coder Geek Squad Leader","2026-08-17 09:23:58",904.2,2,soulemaneisissifou
4414,16654548,DataSluts,"2026-08-28 07:00:12",904.1,2,"rahulmedida,siddarthnayak50,sivasu07"
4415,16708624,"Aboubacar HEMA","2026-08-19 14:24:02",904.0,2,"aboubacarhema,marcmare,wilfredkouadjo"
4416,16628295,qwertykeypadapple,"2026-08-13 19:05:04",904.0,2,qwertykeypadapple
4417,16621219,"Inna Campo","2026-08-15 09:08:23",903.8,2,innacampo
4418,16701868,AJ,"2026-09-09 20:53:34",903.7,2,abduljabbarcalica
4419,16738461,monnosuke,"2026-09-25 01:17:23",903.6,2,shiomi1012
4420,16629403,Galza98,"2026-09-20 06:26:24",903.2,2,galza98
4421,16656519,"Chris Laska","2026-08-25 19:45:39",902.6,2,chrislaska
4422,16703300,"Fahd EL ANSARI","2026-08-15 23:47:17",902.4,2,fahdelansari
4423,16622242,"Robert Koval","2026-08-15 07:02:17",902.2,2,robertkoval
4424,16668069,jackhsia,"2026-08-23 15:56:13",902.2,2,jackhsia
4425,16727019,uitsnf,"2026-08-23 15:45:22",901.9,2,uitsnf
4426,16709214,"Ariel Suntasig","2026-08-17 19:46:09",901.7,2,arielsuntasig2001
4427,16695615,Celinao,"2026-08-14 08:02:47",901.5,2,celinao
4428,16775412,"moo moo","2026-09-08 15:54:28",900.7,2,"amrof122,yassinamr11"
4429,16781170,"Ulugbek Salohiddinov","2026-08-28 02:38:15",900.5,2,ulugbeksalohiddinov
4430,16674447,"Nathan Thor","2026-09-18 11:07:56",900.4,2,devofpie
4431,16719002,Astraeus,"2026-09-14 15:53:57",900.4,2,astraeusdotdev
4432,16658931,"somewhere after","2026-08-19 08:16:29",900.4,2,amaterasuuuuu
4433,16713178,Funno,"2026-08-19 17:32:54",900.0,2,yes711
4434,16651088,ych~sun,"2026-09-11 13:06:05",899.9,2,ychsun
4435,16821267,1417,"2026-09-11 13:14:32",899.9,2,"dongyuhao,liuyihang026,yejialin"
4436,16723941,teraSurfer40141,"2026-08-16 01:16:49",899.3,2,r00tt00r
4437,16622367,mg,"2026-08-23 17:49:21",899.3,2,"egorkashpar,sashaboriskin,smooky"
4438,16727191,"Alexander Kokshenin","2026-08-20 02:08:15",899.1,2,kokshenin
4439,16655335,Justus,"2026-08-19 14:18:38",898.7,2,justus0
4440,16672530,GUGUGAGA,"2026-08-14 04:33:54",898.5,2,"ruiyangzhang23,taoguo079"
4441,16675240,Leifson1337,"2026-09-25 12:17:00",898.2,2,leifson1337
4442,16717792,han10086,"2026-08-13 15:05:21",898.2,2,han10086
4443,16692851,ichnixhelle,"2026-08-12 22:20:24",898.1,2,ichnixhelle
4444,16653890,YUKRUB,"2026-09-11 08:55:14",898.1,2,yukrub
4445,16724109,"small fry in the underworld","2026-09-11 05:51:16",898.0,2,wwwwhitley
4446,16740700,"Vyas Senthilkumar","2026-08-19 04:26:42",897.8,2,vyassenthilkumar
4447,16726232,"sayed rafi","2026-08-18 21:13:00",897.7,2,sayedrafi
4448,16696607,"Manish modak","2026-09-27 02:52:37",897.5,2,manishmodak
4449,16622939,"Kamal Das","2026-08-27 12:47:13",897.4,2,kmldas
4450,16713155,AdarshAleti,"2026-08-18 05:39:57",897.1,2,adarsh1077
4451,16724233,"Rafal Porwol","2026-09-24 22:02:55",896.8,2,rafalporwol
4452,16744658,Shree85,"2026-09-22 21:05:43",896.6,2,shree85
4453,16735075,"Ronchen Luo","2026-08-18 04:29:47",896.1,2,ronchenluo
4454,16678172,"Eishkaran Singh","2026-08-19 19:12:02",895.9,2,eishkaran
4455,16666939,20237208_黄奕恺,"2026-08-22 12:53:27",895.7,2,mrhuangyy
4456,16740320,NguyenAn27,"2026-08-20 00:46:32",895.5,2,nguyenan27
4457,16635317,"KAKA Minishijie","2026-08-26 04:36:55",895.5,2,kakaminishijie
4458,16682557,"Soumalya Mandal","2026-08-14 14:57:29",895.3,2,mrcyberhunter
4459,16759652,Fnoa,"2026-08-23 12:26:39",894.9,2,trasibulo
4460,16658081,ando,"2026-08-20 01:52:23",894.7,2,andoshunsuke
4461,16748246,"Eric S","2026-08-26 12:50:54",894.3,2,ericsangberg
4462,16697689,"Pavel Pakhmutov","2026-08-12 23:11:23",894.3,2,pavelpakhmutov
4463,16718572,MLarpers,"2026-08-22 14:06:48",894.2,2,"koteikachannel,mrhornetik"
4464,16738825,RishabhSpark,"2026-08-28 05:11:27",893.3,2,rishabhspark
4465,16623791,rakumo,"2026-08-19 23:46:04",893.2,2,sirakumo
4466,16659123,sd,"2026-08-18 17:46:56",893.1,2,siddharthadevkota
4467,16672653,Cultuurstelsel,"2026-08-13 16:59:47",892.8,2,ryuorlandotamin
4468,16665838,wenbodai,"2026-09-01 12:41:51",892.8,2,wenbodai
4469,16724262,"Obu obu","2026-08-15 10:48:05",892.3,2,obuobu
4470,16696631,"saya akan lawan!","2026-08-21 18:42:23",892.3,2,nurhadibudhy
4471,16685850,K,"2026-08-14 06:37:41",892.1,2,kolci017
4472,16732428,"Darren Amadeus Martin","2026-08-19 00:48:02",891.9,2,darrenamadeusmartin
4473,16750477,"Tapabrata Biswas","2026-08-25 13:11:13",891.6,2,"dumbakaash,ishanhira"
4474,16668788,ConnieCodes,"2026-08-17 13:40:25",891.3,2,conniecodes
4475,16842482,Litvin,"2026-09-27 07:21:43",890.9,2,wodo888
4476,16889392,Prit_44421,"2026-09-14 11:29:09",890.2,2,prit44421
4477,16745294,"Ahmed Ehab Fathi","2026-09-05 01:27:13",890.1,2,ahmedehabfathi
4478,16655305,"Junior Sohou","2026-08-14 00:15:42",890.1,2,juniorsohou
4479,16658150,Gravity-x73d,"2026-08-17 09:16:29",890.1,2,gravityx73d
4480,16691702,kss,"2026-08-13 19:30:20",890.0,2,l0glikelihood
4481,16756925,"Dread Development","2026-09-05 11:38:51",889.9,2,"dreaddevelopment,seanornberg"
4482,16720088,"Oiti Roy","2026-08-14 06:26:04",889.8,1,oitiroy
4483,16634238,SoWwe,"2026-08-29 18:17:46",889.7,2,sowwe4
4484,16670755,"Amine zeDDouk","2026-08-18 09:37:41",889.5,2,aminezeddouk
4485,16695093,"Ryota Murai","2026-08-27 15:28:04",889.4,2,rmuraix
4486,16685626,"Livingstone Selassie","2026-08-16 00:26:50",889.3,2,"hackerx019,livingstoneselassie"
4487,16691830,"Nikita Lugovoy","2026-08-15 03:39:17",888.4,2,nikital7
4488,16641288,nakagawaren0805,"2026-09-12 10:35:10",888.4,2,nakagawaren0805
4489,16840694,"cory cozy","2026-09-06 11:48:38",888.4,2,corycozy
4490,16664164,"Elzandi Irfan Zikra","2026-08-15 15:53:21",887.9,2,"dyahayuretnoningsih2,zangetsufuin"
4491,16711928,Leraaaa,"2026-09-26 11:32:14",887.8,2,leraaaa
4492,16763978,"Swayam Gode","2026-09-07 16:15:33",887.7,2,swayamgode2
4493,16710661,"Pengyi Peng1","2026-09-03 05:48:27",887.2,2,pengyipeng1
4494,16731432,sieradni,"2026-09-01 06:12:00",887.1,2,sieradni
4495,16743741,Arooran,"2026-08-24 13:37:47",887.1,2,arooransivakarunai
4496,16722986,"Abhiram 9803","2026-08-15 18:43:09",887.0,2,abhiram9803
4497,16756415,"Mihai Balan","2026-08-31 06:39:25",887.0,2,mihaibalan
4498,16748717,mt,"2026-08-20 13:09:12",886.9,1,mtanakaslgfreak
4499,16841747,"Carlos Bósquez","2026-09-27 04:40:36",886.8,2,carlosbsquez
4500,16766840,"Andrey ","2026-08-24 14:27:38",886.4,1,anti1111
4501,16785505,"Rishiraj Acharya","2026-09-08 04:26:42",886.3,2,rishirajacharya
4502,16770648,"Yoshitaka Nozaki","2026-08-26 00:38:06",886.1,1,yoshitakanozaki
4503,16710094,winwinwin,"2026-09-03 13:22:51",885.9,2,"ouyangruize,teecemackenieo"
4504,16715187,maker2026,"2026-09-09 00:38:59",885.2,2,maker2026
4505,16657610,"H Bharath","2026-08-31 18:54:57",885.1,2,hbharath
4506,16727219,"Chukka Venugopalam","2026-09-26 16:47:09",884.7,2,chukkavenugopalam
4507,16679560,LEET,"2026-08-15 00:45:52",884.3,2,soufianelasfar
4508,16707598,Kamazarashi,"2026-08-18 05:40:15",884.2,2,kamazarashi
4509,16698439,"Pournami Prakash","2026-09-12 20:17:14",884.0,2,pprakas
4510,16634824,yuki16,"2026-08-27 02:55:04",884.0,2,yuki16
4511,16623152,"agentic warriors","2026-09-27 00:32:53",883.8,2,"ibadia,isabellawoo01"
4512,16690113,m0chi1216,"2026-08-16 15:07:24",883.7,2,m0chi1216
4513,16714980,Chenaters,"2026-08-16 08:41:10",883.5,2,chenaters
4514,16659614,"Heikki Leskelä","2026-08-22 16:35:42",883.4,2,heikkileskela
4515,16696887,kt-Kitayama,"2026-09-01 13:23:49",883.3,2,ktkitayama
4516,16649108,"Steve AVOMO","2026-08-17 03:12:41",882.8,2,aurelsteve77
4517,16655179,"I Need an Internship","2026-08-15 02:39:23",882.8,2,dimasibnumuthi
4518,16749618,Fon1as,"2026-08-21 09:36:42",882.5,2,fon1as
4519,16658803,"Rahul Jiwane","2026-08-21 06:19:57",882.3,2,rahuljiwane
4520,16735125,mtskggle,"2026-08-22 04:50:43",882.0,2,matsusakaggle
4521,16632788,"Bright O.H.","2026-08-23 03:45:36",882.0,2,brightoh
4522,16925900,"Marco Papotti","2026-09-26 14:48:26",881.9,2,marcopapotti
4523,16631595,CuteClaw,"2026-08-14 01:25:52",881.7,2,bloodmoonwq
4524,16735102,"Zhiqi Liu","2026-08-31 02:57:12",881.4,2,crazyqiqi
4525,16664860,ANUJPUROHIT18,"2026-09-01 05:03:07",881.2,2,anujpurohit05
4526,16727090,"Deep Blue Pasture","2026-08-17 02:28:34",881.0,2,shamanah
4527,16718947,"Dani Ortega","2026-08-25 07:07:35",881.0,2,daniortega99
4528,16732462,"Aji Samudra","2026-08-24 09:05:21",880.8,2,ajisamudra
4529,16730903,noynkmr,"2026-08-25 05:47:01",880.5,1,noynkmr
4530,16766982,"Sir Dona ","2026-08-25 15:54:46",880.3,2,sirdona
4531,16649313,"Jiajun HAN","2026-08-14 07:13:57",880.2,2,jiajun1
4532,16624824,GoofyGenius,"2026-09-09 16:05:59",880.0,2,goofygenius
4533,16717630,Amer,"2026-08-13 21:23:41",879.5,2,amerhu
4534,16726115,helloworld311,"2026-08-17 05:52:20",878.9,2,helloworld311
4535,16634650,UnfriendlyAI,"2026-08-24 11:44:47",878.5,2,unfriendlyai
4536,16730288,matsurih,"2026-09-26 09:36:20",878.5,2,matsurihime
4537,16766905,Antigone_duckduck,"2026-08-24 16:38:37",878.4,2,antigonexzh
4538,16656807,Yoganjaneyulu,"2026-08-13 09:20:17",878.0,2,yoganjaneyulu
4539,16803651,gyujinst,"2026-09-05 01:44:38",877.7,2,gyujinst
4540,16656990,"NALLA SUMANG","2026-08-30 03:15:46",877.6,2,sumangnalla
4541,16759864,exaucedossou,"2026-08-22 17:56:40",877.6,2,exaucdossou
4542,16749347,Shibungi,"2026-09-01 06:52:21",877.6,2,shibungi
4543,16761849,viber3221,"2026-08-24 13:38:59",877.1,2,viber3221
4544,16734450,"Ian Teigen","2026-08-18 00:04:38",877.1,2,ianteigen
4545,16633096,anvai_agents,"2026-08-20 05:50:45",876.8,2,"anandgaikwad7781,vaidehidhamnikar"
4546,16710587,durgasai,"2026-09-01 13:14:36",876.6,2,dsainvg
4547,16622251,"Moroz Roman","2026-08-20 06:22:05",876.6,2,crissyro
4548,16723132,Bridgeport,"2026-08-21 20:25:32",876.6,2,bridgeport
4549,16669191,"Mohammed Nomaan","2026-09-19 19:48:47",876.4,2,nomaanz
4550,16753985,"Narenthira Balaji","2026-08-21 10:54:17",876.0,1,narenthirabalaji
4551,16665050,"Praneeth Palugula","2026-08-14 06:28:56",875.8,2,praneethpalugula
4552,16842806,"Yan Tao Tang","2026-09-07 10:41:41",875.6,2,yantaotang
4553,16656931,pns,"2026-08-15 09:45:46",875.4,2,"nikhilkasyap07,premsivasai,saranboddu"
4554,16687596,AjPrem,"2026-09-14 02:49:09",875.3,2,"ajprem,jefferysingh,neelcasula"
4555,16690020,shantaitichu,"2026-08-17 09:40:30",875.3,2,shantaitichu
4556,16726870,"Svanik Kolli","2026-08-16 00:11:14",874.9,1,svanikkolli
4557,16770952,"Satyajeet Kumar","2026-08-25 20:42:40",874.6,2,m4rcuseryx
4558,16839110,0x3f,"2026-09-26 03:43:58",874.6,2,zhangbowen1005
4559,16655559,"Fajri Yanuar Shiddiq Juanda","2026-08-13 01:40:20",874.5,2,fajriyanuar
4560,16688368,"Lam Vo","2026-08-15 16:39:23",873.9,2,nhatlam
4561,16710421,SZ_00_zyz,"2026-08-20 02:54:53",873.8,2,sz00zyz
4562,16674683,"Ali Esam","2026-09-11 17:00:03",873.6,2,zyxsu0
4563,16662615,"Anurag irawit","2026-09-01 14:16:49",873.3,2,anuragirawit
4564,16894541,"Deepak Mahajan","2026-09-17 05:27:59",873.1,2,xdipzz
4565,16743737,"Joanna C.","2026-08-20 23:07:09",872.6,2,joannaciesielski
4566,16705176,"Ruslan Raupov","2026-08-20 09:10:24",872.5,2,ruslanraupoff
4567,16672243,"Fazil Putra","2026-08-14 01:24:17",872.0,2,fazilputra
4568,16768022,"Miles Oberting","2026-08-31 23:48:39",871.9,2,milesoberting
4569,16732754,ikeuchy,"2026-08-29 04:10:41",871.9,2,ikeuchy
4570,16665919,"Labmem Tang","2026-08-31 03:06:37",871.8,2,labmemtang
4571,16729421,Oblivix,"2026-09-02 04:16:25",871.7,2,"aradhyatiwariii,oblivix"
4572,16675088,"Andrei Chulkov","2026-08-15 19:43:12",871.7,2,andreichulkov
4573,16930655,"Abdalrahman mohamed","2026-09-23 14:42:21",871.4,2,abdalrahmanmohamed3
4574,16751267,Guojun1,"2026-08-21 01:57:23",871.4,1,guojun1
4575,16669494,"Abdullah Razi","2026-09-03 18:39:36",871.2,2,abdullahroninrazi
4576,16711910,"Artem Zapara","2026-08-18 16:48:51",871.0,2,artemzapara
4577,16668049,"Masayoshi Kurihara","2026-08-14 06:20:21",870.2,2,masayoshikurihara
4578,16623753,HZM,"2026-09-11 04:34:07",870.0,2,leehann
4579,16748421,lulzx,"2026-08-20 17:52:11",869.8,2,lulzxy
4580,16715024,"Ömer Özbek","2026-08-22 13:50:34",869.7,2,omerozb
4581,16714058,"Ahmet Erdem Pamuk","2026-08-12 18:59:18",869.6,2,ahmeterdempamuk
4582,16768647,vaultguard,"2026-09-14 21:08:32",869.6,2,vaultguard
4583,16709793,"Victor Hotz","2026-08-13 18:48:06",869.4,2,victorhotz
4584,16666033,"Shota Takano","2026-09-27 06:38:00",869.1,2,shotatakano
4585,16651623,"Sarvesh Talele","2026-08-28 05:18:58",868.9,2,sarveshtalele
4586,16728460,oh-Artistburger-AHA-TastyMeat!,"2026-08-16 11:54:46",868.2,1,akikukeo1
4587,16633709,"kitory Yeah やきとり","2026-08-15 22:30:08",867.9,2,kitoryyeah
4588,16728723,"Ronith Rashmikara","2026-08-18 03:28:52",867.6,2,ronithrr
4589,16729484,"Sankalp Nagineni","2026-08-16 17:35:31",867.4,2,sankalpnagineni
4590,16692110,"Ahmed Khudair","2026-08-11 22:33:06",867.3,1,ahmedkhudair121
4591,16755278,Kaz,"2026-09-04 15:27:28",867.2,2,kazuyago
4592,16666853,"Bisola Olasehinde","2026-08-31 13:08:21",867.0,1,bizzyvinci
4593,16696561,"Ali Ramazanov","2026-09-22 07:46:58",867.0,2,aliramazanov
4594,16715628,Dian,"2026-08-17 01:57:33",866.9,2,clas233
4595,16639230,Rylan,"2026-08-15 13:15:45",866.4,2,"liuruihan333,wangxiaodundun"
4596,16726512,shash,"2026-08-15 19:41:18",866.2,1,zshashz
4597,16774228,"Anggit Maulana Abdi","2026-08-28 14:37:01",866.1,2,anggitmaulanaabdi
4598,16803602,ihiratch,"2026-09-06 15:57:56",865.8,2,ihiratch
4599,16731243,"[Deleted] dab36be1-9992-4710-95f4-39a9f7a2cd3c","2026-08-24 15:13:27",865.7,2,del=fd92954ed0c92f1a
4600,16926108,"Pavan G","2026-09-27 04:02:48",865.7,2,exemplar
4601,16748524,TongY26,"2026-08-21 08:33:16",865.1,2,tongy26
4602,16778206,yuanlao153,"2026-08-28 15:00:04",864.9,2,yuanlao153
4603,16674479,"Alan Rosston","2026-08-14 08:20:49",864.9,2,alanrosston
4604,16803913,"SUJIB BARMAN","2026-09-01 16:42:07",864.8,1,cardata
4605,16660488,tehyoni,"2026-09-27 07:15:14",864.4,2,"gooberdambi,sidcat,suaeng,tehyoni"
4606,16705328,"Ester Arias","2026-09-27 06:16:51",864.1,2,esterarias
4607,16658014,Bharath,"2026-09-26 20:35:40",863.9,2,pes2ug23cs121
4608,16775386,kaggler,"2026-08-31 09:29:41",863.5,1,deepkim
4609,16696983,"JKM Ventures","2026-08-17 22:58:03",863.4,2,jeffreydrew
4610,16661423,"Rishavendra Sharma","2026-08-31 08:38:23",863.2,2,rishavendrasharma
4611,16663992,小陈同学,"2026-08-18 07:26:54",862.5,1,czastu
4612,16725642,"Arav Sharma","2026-08-17 03:51:14",862.5,2,aravsharma26
4613,16661132,"Jia Chen","2026-09-26 19:42:49",861.9,2,jiachenjasper
4614,16697223,"Azizii Gill","2026-09-09 21:27:12",861.7,2,aziziigill
4615,16680931,"Rattan Singh","2026-08-16 04:23:37",861.1,2,rattans
4616,16663313,onlysmrtsumx,"2026-08-12 01:29:30",861.1,2,onlysmrtsumx
4617,16808914,slfmmm,"2026-09-02 11:50:26",860.9,1,slfmmm
4618,16689447,"Ivan Berrutto","2026-08-13 04:14:38",860.9,2,ivanberrutto
4619,16773559,"Abhishek Mahto","2026-08-26 06:40:07",860.6,1,abhishek3115
4620,16851557,SunaoCool,"2026-09-11 04:15:13",860.4,2,yoshikinishita
4621,16695691,neural-canvas,"2026-08-12 20:46:37",859.8,2,mrsanap
4622,16729828,spunkrock,"2026-08-16 20:08:06",859.7,1,spunkrock
4623,16724533,"Yusei Ito","2026-08-22 19:18:19",859.7,2,yuseiito
4624,16811576,Zi,"2026-09-03 01:52:15",859.4,1,kaigaokaigao
4625,16809168,"Shaun the Sheep ","2026-09-26 11:43:12",859.4,2,badlandsram
4626,16701969,旧楚狂人,"2026-08-15 14:20:59",859.0,2,jiuchukuangren
4627,16712888,Vux,"2026-08-20 14:32:16",858.8,2,weiyu85
4628,16857894,"Ludwig Agurto Contador","2026-09-12 22:35:55",858.7,2,ludwigagurtocontador
4629,16650372,Greed,"2026-08-12 17:18:47",858.3,2,greedshen
4630,16734578,"Pascal Andreas","2026-08-26 17:42:14",858.2,2,pascalandreas
4631,16841176,"Bruce Cole","2026-09-09 00:39:28",857.8,2,brucecole
4632,16665230,"Jack Burley","2026-09-27 07:31:06",857.7,2,jackburley
4633,16697024,"Jiri Prudky","2026-09-06 06:00:57",857.7,2,jiprud
4634,16653955,"tanmay singhal","2026-08-29 12:00:53",857.3,2,anexperiencedidiot
4635,16713771,bndang,"2026-09-19 21:22:11",857.2,2,bndang
4636,16664334,"Satishvaran Ragu","2026-08-28 03:07:19",857.1,2,satishvaranragu
4637,16694149,maxout,"2026-09-21 06:18:06",857.1,2,"aadijoshi19,kavyabhand"
4638,16677832,"Maryam Tahir","2026-08-25 15:07:42",857.0,2,maryamtahir09
4639,16765526,"Kotala Kishan Reddy","2026-08-24 08:56:22",856.9,1,kotalakishanreddy
4640,16714059,Yentür,"2026-08-12 18:47:44",856.7,1,meryentr
4641,16756399,"old Ryne Mac had a farm","2026-08-21 19:44:11",856.4,1,rynemac
4642,16703099,GansPiro,"2026-08-13 18:34:26",855.6,2,ganspiro
4643,16725354,"Swaroop piduguralla","2026-08-19 14:23:28",855.5,2,pnsaimanitejaswaroop
4644,16781516,"Hongbin Guokaggle","2026-08-29 04:16:00",855.4,2,hongbinguokaggle
4645,16658097,Sujay,"2026-09-17 06:08:01",855.4,2,sujayprodduturi
4646,16714902,HunterBlue,"2026-08-13 18:54:47",855.2,2,marianacodebase
4647,16765065,"Rohith T R","2026-08-26 13:28:38",855.1,2,rohithtrgod
4648,16671821,donglee,"2026-08-13 09:13:09",855.0,1,dongleeovo
4649,16700995,"Maram Ali","2026-08-15 09:13:15",854.9,2,msama01
4650,16716949,ligaydima,"2026-09-22 07:02:19",854.8,2,ligaidima
4651,16725242,chinchilla,"2026-08-19 10:53:07",854.5,2,tgwstr
4652,16699610,"Sneha ","2026-08-17 01:00:34",853.5,2,kharya3
4653,16681275,"CUG HeQiao","2026-08-12 09:06:14",853.4,2,cugheqiao
4654,16700737,HechtJP,"2026-08-13 11:12:06",853.3,2,hechtjp
4655,16693886,spellstriker,"2026-08-12 22:03:20",853.3,2,spellstriker
4656,16772450,"Muneeba Badar","2026-08-25 21:19:13",853.1,2,muneebabadar
4657,16738467,EnriFermi,"2026-08-26 23:51:18",853.0,2,enrifermi
4658,16809122,"federico battello","2026-09-10 15:05:02",852.8,2,federicobattello
4659,16729650,"Tapiwa Makandigona - Zimbabwe21","2026-08-31 11:36:48",852.5,2,mukanya1994
4660,16655368,"Mohammed Maqsood L","2026-08-19 10:40:17",852.5,2,mohammedmaqsoodl
4661,16728272,"Daris Dzakwan Hoesien","2026-08-16 10:48:22",852.4,1,darisdzakwanhoesien2
4662,16920916,"wiki Alexander","2026-09-23 06:11:41",852.4,2,wikialexander
4663,16667839,Viet-Tien,"2026-08-22 19:46:21",851.7,2,tiena2cva
4664,16732586,Juniex,"2026-09-22 13:52:52",851.7,2,"juniex,shirleyshirleyye"
4665,16941390,yukikotani,"2026-09-25 00:00:27",851.5,2,yukikotani2231
4666,16633580,Vinymo,"2026-08-23 15:32:23",851.0,2,vinymo
4667,16701759,xycai,"2026-08-14 17:23:35",851.0,2,xycaipku
4668,16633414,"sagar tripathy","2026-08-13 15:57:56",850.3,2,sagar8trip
4669,16625611,"Karl Smile","2026-08-28 16:42:46",849.8,2,karlsmile
4670,16662023,"Vikas Kumar","2026-09-08 17:17:57",849.6,2,vikshit104
4671,16635509,simmons1025,"2026-09-24 00:57:55",849.5,2,simmons1025
4672,16689952,"Lazarus Ogero","2026-08-11 16:44:08",849.5,2,lazarusogero
4673,16621735,VN-Orion,"2026-08-21 11:42:27",849.0,2,fastthanh78
4674,16709462,"KK #2","2026-08-14 09:06:37",848.9,2,kk2909
4675,16654381,"Dmitry Belan","2026-08-30 17:16:29",848.6,2,dimong4
4676,16684163,MohamedFD,"2026-08-13 12:32:47",848.1,2,mohamedfd
4677,16693058,"Yuvraj singh","2026-09-18 11:41:37",847.8,2,yuvrajsingh789
4678,16767528,"Umut Toygar Göz","2026-08-30 13:01:54",847.8,2,umuttoygargoz
4679,16699659,"Dimas Pasha Akrilian","2026-09-01 01:59:59",847.8,2,dimaspashaakrilian
4680,16663241,"Kris Adamatzky","2026-08-13 09:49:19",847.4,2,krisadamatzky
4681,16763120,"Shivam Singh #2","2026-08-23 16:56:35",847.3,1,shivamsingh17072001
4682,16775781,"I am GroOth","2026-09-26 12:45:32",847.0,2,gideonoba
4683,16691714,"Wesley Juraschek","2026-08-19 06:07:37",846.9,2,wesleyjuraschek1
4684,16773266,newbyy,"2026-08-26 05:21:47",846.8,1,newbyy
4685,16738705,"Atilla Y","2026-09-12 06:51:34",846.6,2,atillay
4686,16629292,"Syed Saad Hasan Emad","2026-08-17 06:14:38",846.0,1,syedsaadhasanemad
4687,16761728,"Vybhav Nath C A","2026-08-30 12:19:48",845.7,2,shadowfax2000
4688,16663694,"Dimitri ZABRE","2026-09-18 22:22:32",845.5,2,dimitrizabre
4689,16632146,Haker_Sam,"2026-08-27 10:45:31",845.1,1,hakersam
4690,16636909,"wking edewd","2026-08-21 11:21:57",844.2,1,wkingedewd
4691,16729874,"Shane Schisler","2026-09-26 19:33:37",843.9,2,seschis
4692,16627995,"Fire Bird","2026-08-11 20:36:45",843.4,2,xuanleekaggle
4693,16681749,"rohith vinice","2026-08-11 23:55:16",843.2,2,rohithvinice
4694,16830837,"Damilare Olayemi","2026-09-08 08:35:23",842.6,2,damilareolayemi
4695,16663352,"Avnish Sharma","2026-08-31 14:42:23",842.5,2,kewlaz
4696,16692103,HaniJezo,"2026-08-11 20:32:40",842.4,1,hanijezo
4697,16789587,"José Luis","2026-09-08 06:49:13",842.3,2,joseluissz
4698,16659314,Sandeep063,"2026-08-25 12:44:22",842.2,2,sandeep063
4699,16688153,"Panchajanya Banerjee (Pancham)","2026-08-16 20:28:27",842.0,2,delayedkarma
4700,16927988,"Ravi Ramakrishnan","2026-09-20 05:22:13",841.8,1,ravi20076
4701,16769866,"Suzuki Riki","2026-08-25 12:11:09",841.7,2,suzukiriki
4702,16666884,"Antonio Stanciu","2026-08-15 14:33:52",841.3,2,stanciuantonio
4703,16624896,"Akmal Azzam o'g'li","2026-08-18 06:03:51",840.8,1,akmalmir
4704,16656731,"Muhammad Ali","2026-08-14 06:47:06",840.6,2,sardaralimaqsood
4705,16692138,"Bishwa Thakur","2026-09-05 09:15:47",840.5,2,bishwathakur
4706,16772993,"dirty farmers","2026-08-26 06:33:12",840.0,2,jamesgui2007
4707,16770302,stardxx,"2026-08-26 02:21:35",839.9,2,stardxx
4708,16695608,"Elie Elias","2026-09-12 11:11:33",839.8,2,elieelias
4709,16740103,Adjakou,"2026-08-24 07:31:02",839.5,2,adjakou
4710,16729227,Marjao,"2026-08-16 16:49:12",839.3,2,muniburrehman2020
4711,16698256,Mint,"2026-08-17 18:39:08",839.1,2,rorandangerous
4712,16652904,TonightIsOver,"2026-09-26 13:02:54",838.4,2,tonightisover
4713,16748330,Okan,"2026-08-21 11:15:17",838.2,2,okanzkaya
4714,16684012,ceh,"2026-08-16 04:58:18",838.2,2,emilhessman
4715,16708333,"Phạm Vương","2026-08-11 16:17:10",838.0,2,vuongphamqq
4716,16682936,"Latifa Riziki","2026-08-12 09:38:13",837.8,2,latifariziki
4717,16733547,"Mark Grayson","2026-08-17 18:53:21",837.6,2,flyingsinclair
4718,16709744,"Emre Bayram","2026-08-14 09:04:57",837.2,2,emrebayram
4719,16656948,"alexander kern","2026-08-24 18:02:17",836.5,2,alexanderkern
4720,16831372,"Hazel caviar","2026-09-05 08:07:40",836.3,2,hazelcaviar
4721,16763383,"Alexandru Sitaru","2026-08-25 07:05:06",836.1,2,sitaru
4722,16767164,"yuhan wu","2026-08-26 09:37:53",835.0,2,yuhanwu487
4723,16657494,Trex,"2026-08-12 14:00:14",834.6,2,trexzone
4724,16700116,Goldian,"2026-08-21 16:13:40",834.2,2,goldian
4725,16695964,"JiMing Feng","2026-08-17 10:56:45",833.7,2,jimingfeng
4726,16665702,"Aman Gupta","2026-09-08 16:26:19",833.3,2,amangupta0014
4727,16673097,"Sonu Kushwaha","2026-09-01 11:10:15",833.3,2,sonukushwaha124
4728,16709300,炫酷的小克里斯,"2026-08-19 15:54:28",832.9,2,tinfufans
4729,16749153,"Arnav Mishra","2026-09-12 05:10:43",832.4,2,arnavmishra02
4730,16690567,"Falih Kaleel","2026-09-26 14:52:12",832.2,2,alphajet185
4731,16681620,wanwanuil,"2026-08-13 12:43:19",832.1,2,wanwanuil
4732,16627400,"Krasnov Daniil","2026-08-11 06:04:48",831.8,2,daniilkrasnovvv
4733,16651052,lty,"2026-08-18 02:33:01",831.8,2,linwei9
4734,16693159,"Zonglin Han","2026-08-13 17:10:08",831.7,2,zonglinhan
4735,16695501,brocade,"2026-08-15 00:01:12",830.8,2,brocade
4736,16682303,"Kapadiya Nirav Kumar","2026-08-18 06:24:30",830.7,2,kapadiyaniravkumar
4737,16697675,"Isaac Grossman","2026-08-30 23:21:35",830.6,2,kingisaac
4738,16697021,Vaishnavi22052006,"2026-08-11 18:43:08",830.5,2,vaishnavi22052006
4739,16624682,FrederikZ,"2026-09-02 10:17:51",830.5,1,zkirederf
4740,16698942,"PRADHAN RS","2026-08-13 18:06:58",830.4,2,pradhanrs
4741,16632579,ZZfancy,"2026-08-11 12:04:42",830.4,2,zzfancy
4742,16675305,"Justin Sabu Sebastian","2026-08-22 23:19:57",830.3,2,justinsabusebastian
4743,16667729,"Daniel Wu","2026-08-15 14:35:27",829.9,2,danielwuu
4744,16707584,sadatch,"2026-08-13 05:18:28",829.7,2,sadatch
4745,16710672,"Yasemin Koç","2026-08-14 05:52:52",829.5,2,yaseminmkoc
4746,16771780,Trichoderma,"2026-09-06 04:58:38",829.0,2,brunoescalhao
4747,16662653,"Jordan Schaeffer","2026-09-09 01:49:11",829.0,2,jordanmschaeffer
4748,16659692,"Hùng Nguyễn Huy (Hiirooo)","2026-08-11 03:47:45",828.8,2,hngnguynhuy
4749,16889423,ShinChua,"2026-09-14 12:50:22",827.2,1,shinchua
4750,16661093,"INDRAJIT SWAIN","2026-08-15 13:23:37",827.2,2,indrajitswain
4751,16679767,Salut!,"2026-08-12 21:56:55",827.2,2,denismekhanikov
4752,16805763,"Masaya Kawamata","2026-09-04 03:39:48",826.9,2,masayakawamata
4753,16660371,"José Luis Gómez","2026-08-13 01:37:42",826.9,2,josluisgmezz
4754,16754552,Touyu,"2026-09-24 23:29:39",826.4,2,yutoaoki
4755,16623020,Muhandro,"2026-08-20 16:29:57",826.4,2,muhandro
4756,16785100,5386,"2026-09-10 11:08:04",826.2,2,"ismktkaggle,rairai314,satosis"
4757,16924409,Obsidian,"2026-09-26 10:12:21",825.4,2,edwardkhunt
4758,16716468,"Sakhawat Hossen","2026-08-15 03:28:07",825.3,2,sakhawathossen
4759,16645712,"Changye Li","2026-08-24 06:23:33",825.2,2,antoinegg1
4760,16634654,unknown,"2026-08-13 02:11:22",825.1,2,abdullahshafi2021
4761,16676154,"Tuan Tran","2026-08-10 16:29:40",824.9,2,thtuan
4762,16692090,sans,"2026-08-12 03:14:55",824.7,2,sans6262q
4763,16692164,Abdulrahman.su10,"2026-08-11 20:35:39",824.6,1,abdulrahmansu10
4764,16806886,dreamtear,"2026-09-02 05:55:56",824.3,1,mohanzeng
4765,16809277,"Shuntaro Tanaka","2026-09-11 01:01:20",823.8,2,shuntarotanaka
4766,16676043,"Tejash Rai","2026-08-14 07:16:01",823.5,2,tejashrai
4767,16705584,"Adil Munawar","2026-08-29 21:18:33",823.2,2,adilmunawar
4768,16719551,JamesYip7,"2026-08-20 10:24:50",823.2,2,jamesyip7
4769,16691591,"Dheeraj Kumar #3","2026-08-12 04:05:32",822.7,2,kdheeraz
4770,16673110,"Sri Jayavel K","2026-08-20 08:18:31",821.5,2,srijayavelk
4771,16660711,ricardo,"2026-08-15 22:34:26",821.2,2,magania
4772,16745092,zakihiro,"2026-08-21 07:59:39",821.1,2,zakihiro
4773,16830784,栀蓝thy,"2026-09-15 10:03:44",821.1,2,tianhaoyuan86
4774,16633886,mudesteven,"2026-08-16 02:54:25",820.7,2,fastlight2007
4775,16676356,"Wander waal","2026-08-11 02:48:56",819.6,2,wanderwaal
4776,16660331,A.K.NITHIN,"2026-08-12 12:07:32",818.9,2,aknithin
4777,16657857,hust_xll,"2026-08-12 05:38:12",817.9,2,hustxll
4778,16656316,"Richard Tang","2026-08-11 01:09:34",817.8,2,richardgtang
4779,16780558,hxrdxk,"2026-08-29 18:36:48",817.5,2,hxrdxk
4780,16684947,Hoaquason,"2026-09-04 08:54:54",817.1,2,"datnguyen0102,mibombaclat"
4781,16672374,"kelly waldeck","2026-08-11 21:07:30",817.1,2,kellywaldeck
4782,16688136,"Armanzhan Ayan","2026-08-11 16:49:36",817.1,2,armanzhanayan
4783,16667994,"Zhian Wei","2026-09-11 06:57:54",816.8,2,zh1anwe1
4784,16696769,"maximo lorenzo y losada","2026-08-12 13:07:35",816.2,2,maximolorenzoylosada
4785,16810595,dauriel,"2026-09-27 07:28:59",816.1,2,"dauriel,theakshay"
4786,16662166,duy,"2026-08-31 08:50:51",816.0,2,hduynguyen
4787,16706315,"Desert Fox88","2026-08-11 12:02:03",815.8,2,desertfox88
4788,16728955,"Chris Murphy","2026-09-07 23:33:26",815.1,2,mur418
4789,16683441,Eura73,"2026-08-21 08:07:47",814.7,2,eura73
4790,16678638,Loshtradz,"2026-08-26 18:40:35",814.5,2,loshtradz
4791,16669778,UknesIruka,"2026-09-18 18:30:56",814.4,2,uknesiruka
4792,16793134,sawasawasawa,"2026-09-07 09:06:57",814.0,2,yukisawamura
4793,16640058,"Justin CH123","2026-08-11 09:15:28",813.1,2,justinch123
4794,16709069,"James Mcquay","2026-08-14 18:05:40",812.8,2,jamesmcquay
4795,16660333,"Deanos Crew","2026-08-11 13:10:19",812.6,2,jamescole0101
4796,16927276,"julian andres viejo garrido","2026-09-26 03:26:34",812.5,2,salmaviejo
4797,16700630,apoyusiken,"2026-08-12 06:10:52",812.3,2,umutarpay
4798,16724779,"Gavin Cao","2026-08-16 09:00:53",812.0,2,gavinxgcao
4799,16737113,"Sergei Myshianov","2026-08-20 03:24:23",812.0,2,sergeimyshianov
4800,16632675,"Baran Kucuk","2026-08-11 15:09:58",811.6,2,barankucuk
4801,16790115,Starumi,"2026-08-31 00:39:22",811.1,2,starumi
4802,16625615,"Mobeen Fatima","2026-09-24 10:19:55",810.6,2,mobeenfatimah
4803,16706283,haogood666,"2026-08-11 08:25:40",810.4,1,haogood666
4804,16875777,YinboLiu,"2026-09-17 11:11:46",809.5,2,yinboliu
4805,16702774,FilipJ,"2026-08-16 18:34:05",809.3,2,filipjarmua
4806,16665058,"Llin Ding","2026-09-01 05:38:32",809.1,2,"greatneuro,llinding"
4807,16640869,taijunhao,"2026-08-12 10:26:30",809.1,2,taijunhao
4808,16653153,Gbining,"2026-09-23 15:25:35",808.8,2,gbining
4809,16679519,"Петьо Лазаров","2026-08-10 22:30:35",808.7,2,pesosz
4810,16679371,ΛYMΞNRH,"2026-08-11 06:43:55",808.6,2,aymnrh
4811,16722902,"Grigorii IU","2026-08-22 01:54:09",808.6,2,grigorii220
4812,16666410,"Binil George","2026-08-12 10:40:43",808.3,2,binilg
4813,16689770,"Abdillah Sagif","2026-08-11 10:11:23",808.3,2,abdillahsagif
4814,16688436,Zuu3scode,"2026-08-12 15:19:16",808.0,2,zuu3scode
4815,16695137,"Samantha Nicole Bracamonte","2026-09-26 19:53:35",807.9,2,snrbracamonte
4816,16670433,"Mohammad Osamah Atif","2026-08-19 08:46:32",807.7,2,osamatif
4817,16692457,t2better,"2026-08-12 11:56:41",807.7,2,t2better
4818,16655715,Chin,"2026-08-12 06:20:32",807.6,2,qinyukun
4819,16656691,"Sahaj Deep Singh","2026-08-12 01:39:36",807.5,2,sahajdeepsingh9877
4820,16695376,Garv88,"2026-08-13 12:19:20",807.2,2,garv88
4821,16663820,taka,"2026-09-16 22:06:10",807.1,2,takaakiishi
4822,16696644,"Franklin T","2026-09-13 07:17:43",807.1,2,franklin0410
4823,16650485,nasu726,"2026-08-13 13:51:20",806.6,2,nasu726
4824,16636004,"Ragunath Ravi","2026-08-11 10:59:07",806.3,2,ragunathravi
4825,16661983,"Victor's Team","2026-08-12 12:05:19",806.0,2,"dlordsjustified,jezrealmomoh,joludare,victorokpe"
4826,16702482,"Carlos Navarro","2026-08-14 05:26:26",805.9,2,navarr0
4827,16687724,Yijue1,"2026-08-11 02:15:05",805.8,2,yijue1
4828,16705441,CooperJiang,"2026-08-13 06:57:44",805.3,2,gingersna
4829,16668334,Suavemango,"2026-08-12 05:18:03",805.0,2,suavemango
4830,16644891,yankang_XZK,"2026-09-02 18:29:53",805.0,2,yankang233
4831,16817309,"TeddyDog Lovely","2026-09-03 10:44:15",804.5,2,teddydoglovely
4832,16940838,"Dean Wuu","2026-09-23 02:06:11",804.4,2,deanwuu
4833,16660911,"Animesh Ratna","2026-08-23 22:01:35",804.3,2,animeshratna
4834,16692490,"Enes Coşkun","2026-08-11 05:37:38",804.1,2,enscskn
4835,16804961,explise,"2026-09-02 08:13:03",803.9,2,explise
4836,16779063,"Yendrew Y","2026-09-26 12:10:52",803.5,2,yendrewy
4837,16701573,"Haggai Musoda","2026-08-17 20:04:00",803.4,2,haggismusoda
4838,16767431,Nine1Eight,"2026-08-24 16:51:12",803.4,1,wethepeople918
4839,16633006,Kaiser,"2026-09-01 06:36:38",803.3,1,kaiserm
4840,16696608,beanbamboozled,"2026-08-10 10:45:19",803.0,2,beanbamboozled
4841,16655693,DePie,"2026-09-24 02:35:28",802.5,2,phucthaiv02
4842,16657429,"xiao cat q","2026-08-12 01:41:13",802.5,2,xiaocatq
4843,16696895,BrokeFarm,"2026-09-27 01:15:11",802.2,2,brucec
4844,16660653,kanchana's,"2026-09-21 17:23:31",802.0,2,"saikanchana,yuvarajkanchana"
4845,16770777,"Oscar Legoupil","2026-09-09 15:43:18",801.9,2,oscarlegoupil
4846,16709473,"Selahattin Günter","2026-08-23 14:07:42",801.3,2,selahattingnter
4847,16707993,"Sangita Bannore","2026-08-11 14:33:47",801.2,1,sangitabannore
4848,16672579,"Udbhaw Anand","2026-08-22 13:15:18",801.2,2,udbhawanand
4849,16676025,"Csaba József","2026-08-31 19:31:00",801.1,2,"jcsaba,peterkiss4"
4850,16655210,Amon,"2026-08-16 06:09:04",800.9,2,kingaemon
4851,16658487,radozaprazny,"2026-09-12 14:09:06",800.7,2,radozaprazny
4852,16660479,"Lakhindar Pal","2026-08-31 13:26:49",800.7,1,lakhindarpal
4853,16655952,"Tianfu Wang (王天夫)","2026-08-12 15:08:12",800.6,2,wangtf96
4854,16693925,"Francisco Corredor","2026-09-26 20:36:17",800.5,2,franciscocorredor
4855,16667233,EdGy2k,"2026-08-10 10:41:12",800.3,2,edgy2k
4856,16663919,hnhyhj,"2026-08-13 04:05:56",800.1,2,hnhyhj
4857,16666733,"Alberto MV","2026-08-10 23:06:33",799.9,2,albertomv
4858,16912040,YUYAN457,"2026-09-18 08:13:27",799.8,2,yuyan457
4859,16935813,MINGHUN,"2026-09-27 07:28:50",799.6,2,"aiwuhui,jiyuhao1213"
4860,16687594,"Andrew Markley","2026-08-13 01:19:04",799.6,2,andrewmarkley1
4861,16701466,"HELIOS reasonning","2026-08-11 22:38:55",799.5,2,heliosreasonning
4862,16793275,"Biao Cao","2026-08-30 13:44:48",799.1,1,biaocao398
4863,16658746,marinxbt,"2026-09-11 14:18:24",798.5,2,marinxbt
4864,16733121,saturnliu,"2026-09-10 17:20:24",798.2,2,saturnliu
4865,16676275,Scorpi,"2026-08-12 01:34:25",798.1,2,scorpi
4866,16708573,Benser,"2026-08-15 14:41:24",797.9,2,benser
4867,16623444,"sary sary","2026-09-22 20:50:21",797.9,2,sarysary
4868,16659890,"Cu Spoon","2026-08-25 22:02:11",797.4,2,cuspoon
4869,16705370,TS2333,"2026-08-11 03:40:40",797.3,2,ts2333
4870,16706825,"Niranjana Vincent ","2026-09-23 01:06:38",796.9,2,nj54425
4871,16745264,wpang,"2026-09-25 00:08:24",796.8,2,wangshu
4872,16725680,henri66,"2026-08-15 21:09:47",796.6,2,henri665
4873,16669643,"Athenix Kaggriculture","2026-08-24 18:23:54",796.0,2,sdafdsfsdfgdsg
4874,16667052,"Dandan Li","2026-08-15 18:07:17",795.8,2,clcll532x
4875,16768644,Momoko,"2026-08-25 03:22:50",795.7,1,yangmengyuanmomoko
4876,16666282,"Bang sion","2026-08-22 10:06:06",795.5,2,bangsioni
4877,16695903,cerensukaramese,"2026-08-14 09:18:05",795.4,2,cerensukaramese
4878,16704622,ray,"2026-08-11 16:30:13",795.0,2,rayenezanned
4879,16786082,"Noberto Frota","2026-08-29 00:40:42",794.9,1,nobertofrota
4880,16688265,"Kyle #2","2026-08-11 01:51:35",794.9,2,georgeturbo
4881,16659803,nRuaif,"2026-08-22 02:47:10",794.9,2,phngdoan
4882,16843755,oguzok,"2026-09-27 06:03:31",794.8,2,oguzok
4883,16793535,Pink,"2026-09-15 08:44:32",794.8,2,farjanaafrinswarna
4884,16762837,Nagamatsur,"2026-09-17 12:24:55",794.6,2,rihitonagamatsu
4885,16695176,"Zakaria Settar","2026-08-16 21:52:31",794.4,2,zakariasettar
4886,16656181,Vishwa,"2026-08-11 05:46:58",794.1,2,rv1922
4887,16662213,"Yang Zong-Yu phD","2026-09-24 03:00:14",794.1,2,yangzongyuphd
4888,16712651,riicon,"2026-09-26 14:45:17",793.8,2,risakashiwabara
4889,16643233,"Marco DG","2026-08-11 06:20:14",793.7,2,marcodg
4890,16660037,shehai.lrs,"2026-08-11 13:37:32",793.2,2,shehailrs
4891,16808116,WWAWW,"2026-09-15 03:47:37",792.5,2,masatowaragai
4892,16624088,Pomiro,"2026-08-11 04:41:24",792.2,2,pomiro
4893,16631777,KiKi,"2026-09-03 04:27:02",792.1,2,kingkiller2164
4894,16635330,tekatoncat,"2026-08-16 23:42:10",791.9,2,tekatoncat
4895,16672075,"Kameron Green","2026-08-11 05:49:32",790.8,2,hgenix20
4896,16701221,"Othman Istaiteh","2026-08-10 13:25:38",790.4,2,istatieh
4897,16705192,"John Ogah","2026-08-16 03:54:21",789.8,2,johnogah
4898,16671666,showtree,"2026-09-02 01:53:55",789.3,2,showtree
4899,16760101,"Big Moo","2026-08-25 00:52:06",788.2,2,abdullahramadan1
4900,16904681,yzhaolabs,"2026-09-20 10:26:40",788.1,2,zhaoyuanzhen
4901,16823736,"Logan Seitz","2026-09-09 15:07:29",788.0,2,loganseitz26
4902,16780967,"black hole sun","2026-09-01 02:25:21",788.0,2,danielefiorino
4903,16700314,Giallar,"2026-08-14 16:45:53",787.7,2,andreykrotkikh
4904,16677723,"Trip Meiners","2026-09-22 14:40:41",787.2,2,tripmeiners
4905,16675582,DavidX,"2026-08-11 06:05:18",787.1,2,davidasx
4906,16890654,"Niloofar Y.","2026-09-24 17:12:56",787.0,2,niloofaryoonesi
4907,16639476,耶✌,"2026-08-30 19:52:36",786.9,1,qifeihhh666
4908,16660594,XIAODOUZI,"2026-08-17 12:06:50",786.3,2,xiaodouzi666
4909,16807134,"Chaowei Liang","2026-09-09 01:53:25",786.2,2,chaoweiliang
4910,16697142,Kujaomega,"2026-08-10 22:13:02",786.2,1,kujaomega
4911,16761975,lixiuqixiaoke,"2026-08-26 09:59:11",785.8,2,lixiuqixiaoke
4912,16885421,"Lee Minseung","2026-09-26 15:30:40",785.6,2,leeminseung
4913,16624625,"Harsha Vardhan","2026-08-10 07:33:35",785.5,2,harshacode101
4914,16662718,xlnt,"2026-08-22 12:37:49",785.3,2,"princebisht,xlnt404"
4915,16848998,yiweigan,"2026-09-22 13:17:52",785.0,2,yiweigan
4916,16713031,"Nahid Hossain Redom","2026-08-13 15:38:30",784.9,2,nahidhossainredom
4917,16655323,roma,"2026-08-09 19:49:51",784.7,2,mnroma
4918,16770979,"Paulo Martins","2026-09-27 00:57:45",784.7,2,paulomartins87
4919,16726422,"Praveen Kumar","2026-08-29 11:25:55",784.3,2,pankajrepswal
4920,16664481,"Siddhu Jaykay","2026-08-12 14:02:29",783.6,2,siddhujaykay
4921,16672247,"Movie Watch2022","2026-08-18 19:48:12",783.6,2,moviewatch2022
4922,16689471,wenjinyang,"2026-08-11 13:32:09",783.2,2,wenjinyang
4923,16806003,"Hazqeel Afyq","2026-09-20 08:53:15",783.0,2,hazqeelafyqathaillah
4924,16751992,Coding4Fun07,"2026-09-26 10:56:46",783.0,2,coding4fun07
4925,16696208,"kazwzn S","2026-09-22 12:06:22",783.0,2,kazwzns
4926,16684852,後藤将斗,"2026-08-24 14:51:20",782.9,2,masato09
4927,16784719,"Ayush Shekhar","2026-09-26 06:32:29",782.6,2,ayushshekhar56
4928,16659618,"Jeevan Jolly","2026-08-13 13:51:52",782.3,2,jeevanjolly
4929,16691275,"Muhiminul Islam   Mahim","2026-08-12 10:04:35",782.1,2,muhiminulislammahim
4930,16729863,Monkeyzl,"2026-08-22 20:02:21",781.6,2,monkeyzl
4931,16704027,"Alan Cai","2026-08-10 22:36:40",781.6,1,alancai27
4932,16659529,"Sanchit Jain","2026-09-25 22:33:41",781.2,2,sanchit1609
4933,16652741,"Sergi Bas","2026-09-23 16:29:27",781.0,2,sergibas
4934,16736816,LLE,"2026-08-22 16:50:40",781.0,2,"rajaditya01,saiash"
4935,16925552,JacobQIQI,"2026-09-22 13:58:21",780.5,1,jacobqiqi
4936,16881964,"Vipeen Kumar","2026-09-21 06:20:46",780.3,2,vipeen
4937,16670545,"Mouad AIT HA","2026-08-18 20:03:55",779.6,2,mo0103
4938,16622487,"Sam kramer_1028","2026-08-18 09:40:58",779.0,2,samkramer1028
4939,16679347,"Youssef EL MSIYAH","2026-08-09 12:07:55",778.9,2,youssefelmsiyah
4940,16690829,JeremyH43,"2026-08-16 00:06:30",778.4,2,jeremyh43
4941,16732140,Miaa1526,"2026-08-24 08:58:42",778.3,2,miaa1526
4942,16658875,"Noah Bishop","2026-08-10 09:56:34",777.9,2,noahbishop1
4943,16729800,"Alchemical Retard.","2026-08-20 07:28:07",777.7,2,alchemicalretard
4944,16839972,"Yusuf Lee","2026-09-05 15:16:20",777.2,1,yusuflee
4945,16743015,"Sword's Frost","2026-09-26 00:09:57",777.1,2,alexwilliam7
4946,16729859,wintermute,"2026-09-24 07:44:41",776.8,2,siraev
4947,16746592,Harvester,"2026-08-21 13:57:05",776.5,2,yudhis16
4948,16828106,AG,"2026-09-20 00:12:01",775.8,2,lacroix7771
4949,16683982,Kenny,"2026-08-16 19:43:13",775.7,2,kmonar
4950,16726173,"Aman Bihari","2026-08-23 12:51:05",775.6,2,amanbihari
4951,16696852,MYGEMER,"2026-08-09 15:43:13",775.5,1,mygemer
4952,16635238,"Tai Tien Ta","2026-09-03 03:25:55",775.2,2,tittin
4953,16760247,kriskur123,"2026-09-15 14:23:38",775.1,2,kriskur123
4954,16639236,"Dhavan Shah","2026-08-12 18:20:38",775.1,2,dhavanshah99
4955,16660259,Marcus,"2026-08-08 17:23:34",775.0,2,marcuseno
4956,16661707,"Rudolf HOUNLETE","2026-08-09 11:41:08",774.1,2,queystanle
4957,16694065,zhangwei02,"2026-08-30 09:29:12",773.9,2,zhangwei02
4958,16693374,"Henfry De Los Santos","2026-08-12 11:43:51",773.2,2,henfrydelossantos
4959,16675752,"Simon Rüba","2026-08-10 14:23:16",773.1,2,simonrba
4960,16653984,"Howard Lyu","2026-08-08 18:35:00",772.2,2,howardlyu
4961,16847300,"Lam PayGi","2026-09-08 02:02:17",771.9,2,lampaygi
4962,16818689,Takashi,"2026-09-24 11:35:16",771.5,2,takashi1
4963,16671174,Alexandre008,"2026-08-09 12:29:49",771.5,2,alexandre008
4964,16671837,"Ronald K Wilson ","2026-09-21 14:14:14",771.2,2,ronaldkwilson
4965,16654122,"Peter Thompson","2026-08-10 17:59:36",771.2,2,mightytreefolk
4966,16905921,关注塔菲喵,"2026-09-16 16:11:46",770.8,2,zuberi05
4967,16685828,Ztr0,"2026-08-09 05:53:10",770.4,2,y1amadeus
4968,16694744,XiaoZhiren,"2026-08-10 13:03:56",770.3,2,"ruikangan,xiaozhiren"
4969,16680646,Naym0425,"2026-08-14 04:20:36",769.3,2,naym0425
4970,16664242,"Alex Lee","2026-08-11 03:43:12",769.0,2,aiexanderr
4971,16910441,Ultracodes,"2026-09-20 11:27:09",768.7,2,"guanchaosun,lh123463,yitao111"
4972,16652827,"Rob C","2026-08-14 03:04:30",768.3,2,robertcheah
4973,16923114,Pruthvij08#,"2026-09-19 06:44:33",767.5,2,pruthvij08
4974,16722500,"Mike Murunov","2026-08-16 15:18:17",767.4,2,mikhailmurunov
4975,16657598,"Arun Mallikarjuna","2026-08-10 04:29:14",767.4,2,arunmallikarjuna
4976,16652849,Hejunhui,"2026-08-16 14:15:29",767.2,2,website98
4977,16672980,"Thomas Prinz","2026-08-09 13:57:51",766.7,2,xardiphotography
4978,16724895,russ,"2026-08-19 08:55:30",766.6,2,mdevian
4979,16732679,argon,"2026-08-19 08:32:47",766.4,2,argonlabs
4980,16742442,"Anton Dugin","2026-08-21 09:51:07",766.3,2,antondugin
4981,16917996,Agentculture,"2026-09-22 09:28:26",766.2,2,"ericchen001,huzhenyi,sylvia47,thx123456121"
4982,16907268,"Ilya Fedorov","2026-09-19 16:29:53",766.1,2,sorrow321
4983,16659662,MOHSIN525,"2026-09-01 15:43:49",765.5,2,mohsin525
4984,16659610,gareeb,"2026-08-10 15:46:50",765.1,2,"arjund29,saqlainsqx,yashawl194"
4985,16681226,"tingting shen","2026-08-10 09:24:23",765.1,2,tingtingshen99
4986,16869317,Pikachuexeallen,"2026-09-12 19:46:36",765.0,2,pikachuexeallen
4987,16637898,"Marek Nurzynski","2026-09-26 19:39:58",765.0,2,marek3000
4988,16663678,"Fabiano Adelino","2026-09-25 14:48:28",764.9,2,fabianoadelino
4989,16671314,"Robot Farm","2026-08-29 16:54:23",764.8,2,codearranger
4990,16857621,"stack overflow","2026-09-12 01:24:42",764.7,2,"cudastack,dlbyte,dsbeta"
4991,16749776,DataLover,"2026-08-20 16:34:37",763.9,1,paulknidler
4992,16702909,SG4265,"2026-09-07 21:14:54",763.7,2,sg4265
4993,16940857,"Melon Man","2026-09-26 11:58:55",763.4,2,alvinandrada
4994,16695182,"Ali Haydar Özdağ","2026-08-10 14:29:59",763.1,2,ahoirg
4995,16660430,"Hassaan Ibrahim","2026-08-10 12:45:55",762.9,2,hassaanibrahim
4996,16846968,kfous,"2026-09-25 16:20:28",762.8,2,kfousekis
4997,16920167,AI+Agriculture,"2026-09-21 02:33:40",762.7,2,"alexanderzhiyuanliu,duyutong6,jackdeng123,lgz666"
4998,16635612,Julian,"2026-09-26 15:14:39",762.5,2,mob404
4999,16676911,"Michał Ścibak","2026-09-26 19:36:53",762.5,2,michacibak
5000,16728633,draven,"2026-09-12 07:35:01",762.3,2,ustchx
5001,16653208,FabienDaniel,"2026-08-07 10:17:38",762.2,2,fabiendaniel
5002,16692677,"Ashish Dubey","2026-08-10 06:17:34",762.2,2,ashish124536
5003,16672660,"Straw Hat","2026-08-11 06:14:47",761.8,2,"anuragugargol,tanishafagare114"
5004,16823144,"AARAV JADAV","2026-09-26 16:51:40",761.8,2,aaravjadav
5005,16644378,"hicham bedrani","2026-08-28 11:33:17",761.6,2,hichambedrani
5006,16811703,KaggricultureX,"2026-09-20 02:45:19",761.6,2,"hanwang666,huanghaoyu7280,lannuo,liangzixiabc"
5007,16736429,Rudra278,"2026-08-18 12:07:42",761.5,1,rudra278
5008,16665935,eternitywinner,"2026-08-08 14:41:53",761.5,2,eternitywinner
5009,16674744,"Burhan Ul Tayyab","2026-08-10 10:55:43",761.5,2,babychick
5010,16884751,"full-auto agent","2026-09-16 04:26:04",761.4,2,"idcode,pychat,regularl2,tokenrank"
5011,16711725,meatori-nu,"2026-09-05 13:40:48",761.4,2,meatorinu
5012,16622319,"Roman Tamrazov 52","2026-09-26 20:02:46",761.3,2,romantamrazov
5013,16880045,"Underground Farmers","2026-09-13 13:04:19",761.3,2,xavierwi
5014,16926195,koutwiring,"2026-09-24 20:54:24",761.2,2,koutwiring
5015,16684639,Bru3ll,"2026-08-09 15:50:45",760.6,2,bru3ll
5016,16630372,Q.qlmmm,"2026-08-24 18:25:02",760.5,2,qlammi
5017,16731924,CuddleYokai,"2026-08-19 10:57:11",760.4,2,cuddleyokai
5018,16639496,"Sai Teja Bandaru","2026-08-11 14:51:49",760.3,2,saitejabandaruin
5019,16661100,"Muhammad Junaid","2026-09-06 21:24:50",760.0,2,junaid512
5020,16623461,MightyK,"2026-08-09 05:36:23",760.0,2,anhhkhoi
5021,16676038,"Adyanth M","2026-08-09 05:12:40",759.9,2,adyanthm
5022,16815105,"Saurav Chaudhari","2026-09-03 08:46:53",759.8,2,saur3x
5023,16713590,"Александр Арутюнян","2026-08-13 05:20:18",759.6,2,alexarut17
5024,16634174,phibkro,"2026-08-07 03:10:52",758.3,2,phibkro
5025,16884814,"Happy Farmers","2026-09-16 04:30:33",758.1,2,"loopide,mapmicro,modelkit"
5026,16910408,Yuumi080911,"2026-09-20 09:42:09",758.0,2,"haiyunzhang,yuumi080911"
5027,16667124,"Chaotic Era","2026-08-12 01:26:13",758.0,2,sani84
5028,16644150,"J.M.Mubasshir Rahman","2026-08-09 17:15:01",757.7,2,jmmubasshirrahman
5029,16670202,"Elizabeth Park","2026-08-09 20:33:17",757.7,2,elizabethpark
5030,16663928,Auxileon,"2026-08-09 16:20:13",757.6,2,auxileon
5031,16639125,"Caio Coelho","2026-08-09 15:38:12",757.4,2,caio41
5032,16625472,"luna is free！","2026-08-29 16:39:51",757.2,2,simingtan
5033,16656934,"Aleks Kolesnik","2026-09-27 06:48:19",757.1,2,aleksandrkolesnik
5034,16623189,"Aditya Mishra","2026-08-09 03:42:06",756.9,2,adityamishranika
5035,16795676,cold_star,"2026-09-04 03:54:22",756.9,1,a406161167
5036,16664179,animelonerboy,"2026-08-09 15:52:55",756.3,2,adambasa5
5037,16789865,AgroByte-dev,"2026-09-02 14:39:25",756.3,2,ylyasyylkybayev
5038,16694751,im_justmatthew,"2026-08-10 11:27:00",755.1,2,imjustmatthew
5039,16683909,"Krzysztof ""Chris"" Karaszewski","2026-08-14 08:41:11",754.9,2,futureofworkchannel
5040,16889300,"Chris McCarthy","2026-09-23 08:20:29",754.9,1,chrismccarthy
5041,16681480,"Kevin Nguyen","2026-08-14 18:16:29",754.7,2,haidangnguyen1802
5042,16857685,kaggriwaves,"2026-09-13 02:25:51",754.4,2,"cliwave,cyberpsi,hyperacc"
5043,16665976,"Daksh Goyal","2026-08-08 20:36:06",754.2,2,dakshgoyal387
5044,16904566,FLA,"2026-09-20 10:42:53",754.0,2,"athnnna,fanglong,fengzq777"
5045,16830531,"Nikos Chatzinikolaou","2026-09-24 14:53:07",753.8,2,nikoschatzinikolaou
5046,16692970,LakoMoor,"2026-08-09 17:43:25",753.7,2,lakomoor
5047,16663457,Furqan102102,"2026-08-09 12:02:35",753.5,2,furqan102102
5048,16660385,"Jose Santiago Echevarria","2026-08-25 12:02:45",753.0,2,jmsechevarria
5049,16698735,Larfii,"2026-08-21 18:01:02",752.9,2,larfii
5050,16928267,"GPT 6 Astra Ultra Fast","2026-09-21 12:24:15",752.7,2,"dorags,linmiaohan,zhiruizheng111"
5051,16919136,"First Farming","2026-09-19 13:15:58",752.6,2,"chengxuanyang,dongshangyu,lxinye09,pengwenlong"
5052,16661899,AAI,"2026-08-09 14:23:08",752.5,2,aiolapo
5053,16830079,"Quan Vu","2026-09-04 11:35:57",751.7,2,quan0095
5054,16659585,"Anas Riaz","2026-08-08 20:20:23",751.6,2,anasriaz
5055,16669273,Parag,"2026-08-07 02:10:29",751.6,2,paragkale
5056,16666826,"Simone di costanzo","2026-08-07 19:38:11",751.5,2,simonedicostanzo
5057,16732537,Rapha,"2026-09-27 01:49:43",751.3,2,raphaabels
5058,16670065,"Artyom Sayapin","2026-09-22 16:26:22",751.2,2,spielmeister
5059,16630249,"Aymar Avohoueme","2026-08-20 10:22:33",750.5,2,aymaravohoueme
5060,16638998,"khalid harouach","2026-09-17 13:32:02",750.4,2,khalidharouach
5061,16658278,"Malcolm Durosaye","2026-09-17 12:31:05",750.4,2,malcolm95
5062,16698489,"JIUZHOU CHAN","2026-09-22 18:50:06",750.3,2,jiuzhouchan
5063,16664409,"Kathi Munishwar","2026-08-09 03:37:05",750.1,1,kathimunishwar
5064,16668758,"Aman Vishwakarma","2026-08-09 17:33:00",750.1,2,amanvishwakarma01
5065,16857488,BC+,"2026-09-23 04:59:23",749.9,2,"lachesism,neoist,wangtianyi8,zhihaoweng"
5066,16664283,"Nguyễn Hữu Công","2026-08-07 05:24:48",749.8,2,nguynhucng
5067,16666625,"Nguyen Ngoc Thien","2026-08-07 16:12:04",749.8,2,ngocthienai
5068,16845420,"Terrance Luangrath","2026-09-08 05:41:53",749.8,2,tksluangrath
5069,16925740,Virexon,"2026-09-27 07:31:29",749.7,2,"spectrion5,synthexia,virexon,vorinaq"
5070,16670406,"jessica jennifer","2026-08-20 15:55:41",749.6,2,jessicajennifer
5071,16857762,Fablers,"2026-09-13 02:32:06",749.1,2,"cvcost,fluxdev,lossvis,zetaex"
5072,16674977,BarbateP,"2026-09-20 10:57:34",749.0,2,barbatep
5073,16857636,Tm-ACCS,"2026-09-13 02:24:43",748.4,2,"bitsmini,corebase,llmrun,opsneo"
5074,16692883,coolguy,"2026-08-08 20:56:21",748.2,1,vihangpagare334
5075,16680075,I_luv_magick,"2026-08-07 09:50:30",748.1,2,iluvmagick
5076,16640332,"ning gu","2026-08-21 00:01:22",748.0,2,morninggu
5077,16683036,"Ritesh Thawkar","2026-08-14 08:34:08",747.9,2,riteshthawkar
5078,16663780,"Hamza Kanice","2026-08-09 00:08:11",747.5,2,hamzakanice
5079,16653262,"tianwen zhang1","2026-08-08 16:21:18",747.4,2,tianwenzhang1
5080,16732008,"Phoebe Lin","2026-09-05 01:05:06",747.4,2,phoebe0511
5081,16720234,Aditya109,"2026-09-08 05:20:00",747.3,2,"aditya109,tathagattyger"
5082,16841445,Challo,"2026-09-26 02:28:49",747.2,2,germantardioperez
5083,16929367,SimulationXYZ,"2026-09-22 15:40:49",747.1,2,"biandatong,fan41786,taomarktao,ycc13688881999"
5084,16660537,Furina,"2026-08-08 13:52:01",747.1,2,cjlcjlcjl
5085,16660101,Zarathustra,"2026-08-12 02:48:18",746.9,2,rezkyadytama
5086,16679683,Aberrchan,"2026-08-08 17:44:32",746.6,2,aberrchan
5087,16669971,"Luka Philip","2026-08-08 16:09:32",746.6,2,lukaphilip
5088,16624253,DTrieu,"2026-09-25 13:46:55",746.6,2,hodinhtrieu
5089,16655497,cszf_first,"2026-08-09 02:06:46",746.4,2,cszffirst
5090,16660613,今日洗澡明日香,"2026-08-07 09:58:49",746.0,2,"jasperkag,ryjiang,timmengzh,yningc"
5091,16679848,Nikola010,"2026-08-13 16:29:19",745.7,2,nikola010
5092,16673179,"Muhammad Faraz Aftab","2026-08-09 10:18:58",745.7,2,muhammadfarazaftab
5093,16711204,"harden james","2026-08-12 08:00:14",745.7,1,ffusername
5094,16665015,"laiba razzaq10","2026-08-07 14:21:49",745.7,2,laibarazzaq10
5095,16698467,"Ra'uf Fauzan Rambe","2026-08-10 04:29:13",745.6,2,rauffauzanrambe
5096,16694317,"PRITIKA SA","2026-08-09 07:17:19",745.4,2,pritikasa
5097,16671403,"Alex Karpowicz","2026-08-08 18:36:52",745.4,2,alexkarpowicz
5098,16679237,"Danilo Sepúlveda","2026-08-06 21:26:28",745.2,1,daniloseplveda
5099,16671372,"Meet Sabhaya","2026-08-08 06:02:13",745.2,2,meetsabhaya
5100,16685990,VictorAndrew,"2026-09-05 22:20:04",744.8,2,vicktvr
5101,16634078,"yoho kumedayo","2026-08-15 12:48:29",744.8,2,dorachinyastyle
5102,16664666,"Rheal Thomas","2026-08-21 19:29:44",744.8,2,rhealthomas
5103,16835621,"Atharv Santosh","2026-09-05 02:49:27",744.6,1,atharvsantosh
5104,16634468,"Kun Zhang","2026-09-01 11:38:47",744.6,2,beicicc
5105,16642579,"Desyat IO","2026-08-09 17:31:59",744.3,2,desyatio
5106,16656347,OctahedronBB,"2026-08-07 00:52:27",744.3,2,octahedronbb
5107,16667245,"KAIWALYA RAUT","2026-08-09 09:04:25",744.2,2,kaiwalyaatulraut
5108,16729165,コーラ,"2026-08-23 07:30:40",744.1,2,cola0912
5109,16623932,"Axel Ahmer","2026-09-19 16:55:30",743.9,2,blondie1
5110,16866155,gomamonaka,"2026-09-12 10:10:10",743.8,2,gomamonaka
5111,16688579,"Long Hu","2026-08-09 09:41:04",743.6,1,longhul
5112,16655076,"Tita Kongolo","2026-08-08 09:08:57",743.6,2,titakongolo
5113,16657989,"vishnu gopal P","2026-08-08 12:27:56",743.6,2,vishnugp
5114,16923138,"Davi Santos","2026-09-26 17:31:44",743.2,2,davissantos1
5115,16656515,"Rushal Manandhar","2026-09-26 05:41:31",743.1,2,rushalmanandhar
5116,16692469,neoistheone,"2026-08-08 18:38:13",743.0,1,neoistheone
5117,16784731,Alfred,"2026-09-20 21:54:16",742.8,2,holleyalfred
5118,16665500,"Madan kumar","2026-08-13 17:31:57",742.8,2,winklemad
5119,16792989,ALKRIS,"2026-08-31 14:35:26",742.7,2,wasimjbuh
5120,16670040,galaxyhunter,"2026-08-17 19:22:06",742.5,2,pkharkwal
5121,16658173,Tamizharuvi,"2026-09-19 08:42:47",741.9,2,tamizh1
5122,16698071,nixotrix,"2026-09-07 21:16:50",741.8,2,nixotrix
5123,16680408,mochogo,"2026-08-07 05:42:33",741.5,1,mochogo
5124,16658670,EveryJust,"2026-08-07 08:33:35",740.9,2,"everyjust,zfc666wsnd"
5125,16654623,"Asher Goldstein","2026-08-09 17:54:27",740.9,2,ashergoldsteincd21
5126,16661739,"Spandan Mhapsekar","2026-08-08 10:39:41",740.7,2,spandanmhapsekar
5127,16753820,sbite0138,"2026-09-10 14:12:17",740.6,2,sbite0138
5128,16639645,RamenBoy,"2026-09-08 14:38:35",740.4,2,ramenboyjapan
5129,16631665,"jatan sanghvi","2026-09-07 14:03:17",740.1,2,jatansanghvi
5130,16631101,"Muneeb ul Hassan","2026-08-10 09:56:41",740.0,2,muneeb2405
5131,16854347,"Arul Gandhi","2026-09-12 10:19:13",739.9,2,arulgandhi
5132,16688898,"Sanskar Omar","2026-08-09 11:10:44",739.6,2,sanskaromar7
5133,16643193,"Shoroogh Ahmadi","2026-08-13 10:36:43",739.6,2,shorooghahmadi
5134,16659958,brainpick,"2026-08-24 21:54:50",739.4,2,prathvirajpalekar
5135,16672629,"Alex Boyd","2026-09-06 15:37:19",739.3,2,alexrayboyd
5136,16662712,"Roman Stupin","2026-08-27 23:52:01",739.2,2,rcnegby
5137,16678288,"Speedrun retirement","2026-08-30 18:59:23",738.9,2,"josephkimanikamau,nanducode"
5138,16645078,"A Aswanth Raj","2026-08-09 08:57:36",738.5,2,aaswanthraj
5139,16722112,nyori,"2026-09-23 16:27:08",738.4,2,nyoriworks
5140,16667219,"Komil Parmar","2026-08-08 10:00:55",738.3,2,komilparmar
5141,16731259,"Manvik singh rathore","2026-08-30 17:18:55",738.1,2,manviksinghrathore
5142,16641535,Tutti,"2026-09-06 15:16:23",738.0,2,malk271828
5143,16658789,Zhanpeng.W,"2026-08-08 10:05:26",737.9,2,zhanpengw
5144,16630441,"yjhv buddies","2026-08-07 09:50:05",737.7,2,bender1123123
5145,16825767,f7e6n5g4,"2026-09-25 09:15:53",737.6,2,f7e6n5g4
5146,16760841,KIsXcl,"2026-08-24 14:34:11",737.5,2,kisxcl
5147,16736559,"Team Rot-Weiß","2026-08-19 13:22:35",737.5,2,moritzpaal
5148,16658213,"Ahmet Abdullah Gültekin","2026-09-26 21:20:04",737.3,2,abdullahgultekin
5149,16683852,"Abhiram Anil","2026-08-08 06:26:11",736.7,2,abhiramanil
5150,16672520,"Nah I'd win","2026-08-07 08:09:12",736.0,2,asutriy
5151,16656118,Mutte1904,"2026-08-07 05:03:56",735.8,2,mutte1904
5152,16661249,Yaohui,"2026-08-26 14:59:02",735.6,2,yaohui85
5153,16674550,"Jebastin Nadar","2026-08-06 10:09:16",735.5,2,samfc10
5154,16623485,XtraLearning,"2026-08-09 17:10:36",735.4,2,xcessivesmash
5155,16720913,Candidates,"2026-08-23 17:18:05",735.3,2,"ulyanovmmm,vladimirarchipov"
5156,16753850,"Ahmad Ali","2026-09-09 17:58:10",734.9,2,ahmadali1243534
5157,16802695,"Taras Sam","2026-09-07 17:36:00",734.9,2,tarassam
5158,16838800,"LEE Dailun","2026-09-09 13:59:27",734.7,2,peterccll
5159,16667479,"Leon Christians","2026-09-13 17:12:37",734.5,2,leonchristians
5160,16671622,"Isaac Diaz Lopez","2026-09-27 02:25:44",734.5,2,isaacdiazlopez
5161,16633043,"Ryan Adams","2026-09-08 23:48:54",734.5,2,ryanadamsai
5162,16670058,"Dahoui Alex Armel ","2026-08-07 01:02:07",734.4,2,dahouialexarmel
5163,16729472,"Boris Pletenev","2026-08-16 17:23:56",733.9,1,borispletenev
5164,16847456,waHAHA,"2026-09-07 09:53:07",733.3,1,wangshen1994
5165,16670361,"Saud Saudesen","2026-08-15 22:16:42",733.1,2,saudsaudesen
5166,16654832,mohit,"2026-08-07 00:01:08",732.9,2,mohitvarred
5167,16690897,"Ashok Kumar Garain","2026-08-08 13:26:11",732.5,1,ashokkumargarain
5168,16670807,mannogun,"2026-09-04 23:15:49",732.5,2,arcanejumper
5169,16666632,to1_10i,"2026-08-19 20:27:42",732.2,2,to110i
5170,16660120,gktdgktdgktd,"2026-08-07 07:50:45",731.7,2,gktdgktdgktd
5171,16802598,zxcqqe,"2026-09-27 02:59:57",731.5,2,anonimniygeniy
5172,16732722,Kusanagi,"2026-08-24 21:52:54",731.5,1,kusanagiap
5173,16624003,weedfarmer,"2026-08-08 05:34:16",731.4,2,aleksanderhan
5174,16669608,"Jesy Lu","2026-08-13 16:21:53",731.3,2,jesylu
5175,16893333,Chista,"2026-09-17 23:10:55",731.2,2,"amirelite,asimir"
5176,16670221,fle3n,"2026-08-08 19:48:37",731.2,2,fleongg
5177,16659525,"Dang Khoa Nguyen","2026-08-17 09:51:16",730.0,2,khoadangnguye
5178,16668329,HakimTaoufik,"2026-08-18 13:06:18",729.5,2,hakimtaoufik
5179,16673155,"Babar Khilji","2026-08-06 15:55:26",729.4,2,babarkhilji
5180,16904592,RLMAX,"2026-09-21 14:23:16",729.3,2,"haoyangdaviddong,mingsiguo,risottoolive,yuanqinyi"
5181,16655353,"Pablo Montenegro","2026-08-09 02:13:47",729.2,2,pablomontalb
5182,16670117,"Raj Aryan","2026-08-07 18:15:04",728.9,2,rajaryan2503
5183,16653117,"li jiaqi77","2026-08-07 05:32:06",728.7,2,lijiaqi77
5184,16669930,"Ilya Klimanov","2026-08-25 13:30:13",728.5,2,ilyaklimanov
5185,16635518,"ROFIQUL ALAM SHEHAB","2026-08-09 11:49:00",728.5,2,rofiqulalamshehab
5186,16624485,"Nishant Dahal","2026-08-10 02:24:42",728.4,2,nishantdahal
5187,16698822,JJN8825,"2026-09-26 16:38:20",727.8,2,jjn8825
5188,16678506,SireeshLimbu,"2026-08-08 08:39:43",727.7,2,sireesh
5189,16689084,Tam1m,"2026-08-29 09:56:39",727.3,2,booleanwolf
5190,16782792,"[Deleted] bdc3c175-811b-438f-9c3a-c2d9c80c106a","2026-08-29 07:16:45",727.2,2,del=e8b93c44cf962f9e
5191,16653939,"Amr Yasser","2026-08-06 17:56:07",726.7,2,amryasswe
5192,16686843,"Juraj Zelman","2026-08-09 08:40:09",726.4,2,jurajzelman
5193,16663369,csteeve,"2026-09-26 18:25:26",726.2,2,csteeve
5194,16633276,"Nolan Liang","2026-08-09 03:26:47",726.1,2,iamlkn
5195,16705242,"Chonghao Peng","2026-09-04 21:45:52",726.1,2,chonghaopeng
5196,16654626,bgsszsa,"2026-08-07 12:01:33",725.8,2,bgsszsa
5197,16662161,"Touhidul Alam Seyam","2026-08-10 12:39:51",725.8,2,seyamalam
5198,16659727,shuaiqiyang,"2026-09-16 01:16:36",725.3,2,shuaiqiyang
5199,16655763,"Diogo Sena","2026-08-22 17:08:45",725.2,2,diogodmsena
5200,16666147,"Khalid Bin Hethlain","2026-09-15 20:43:36",725.2,2,khalidbinhethlain
5201,16662592,"Vladislav Yushkevich","2026-08-09 14:54:24",725.0,2,"crazyflyingsheep,vladislavyushkevich"
5202,16675753,Khafidin,"2026-08-12 05:16:26",724.2,2,khafidin
5203,16718916,"ROBERT SSEBAMBULIDDE","2026-08-14 19:21:24",723.8,2,robertssebambulidde
5204,16682182,"himanshu chauhan2406","2026-09-26 11:54:31",723.8,2,himanshuchauhan2406
5205,16758431,"Mathews Jere","2026-08-26 18:10:25",723.7,2,mathewjere
5206,16639606,Peach2587,"2026-08-12 03:19:13",723.7,2,momokayoshioka
5207,16683439,Goober,"2026-08-10 19:46:41",723.7,2,kongzhisyuen
5208,16755091,Charlie,"2026-09-24 01:54:36",723.5,2,zephyrlennox
5209,16664827,"Jose Miguel Diez de la Lastra","2026-08-07 16:08:49",723.4,2,josemigueldiez
5210,16687463,"Manolo Chow","2026-08-09 22:56:20",723.3,2,manolochow
5211,16659000,xjlgg123,"2026-08-08 12:35:10",723.2,2,xjlgg123
5212,16676280,agniii,"2026-08-06 17:05:08",723.1,2,agniii
5213,16668034,ggggalaxy,"2026-08-28 04:56:40",722.7,2,ggggalaxy
5214,16665561,LuoXingda,"2026-08-07 08:22:42",722.5,2,luoxingda
5215,16665529,Venneth,"2026-08-08 12:32:20",722.2,2,venneth
5216,16732667,Doug,"2026-08-26 23:26:49",722.2,2,dougsgrott
5217,16742806,"Oğuz Karabulut","2026-09-11 07:47:41",722.2,2,ouzkarabulut
5218,16665898,chengsongtao,"2026-08-23 00:12:59",722.2,2,cheng618
5219,16644552,Keanan,"2026-08-08 11:35:17",722.1,2,citerne
5220,16630758,"Keshav Joshi","2026-08-20 18:53:37",722.0,2,keshavjoshi22
5221,16673002,xubenzheng,"2026-08-07 15:40:31",721.9,2,xubenzheng
5222,16684568,"[ODS] waniz","2026-08-08 11:04:42",721.0,1,wanizz
5223,16684762,X-xuhui,"2026-08-08 10:07:58",720.6,2,xxuhui
5224,16670671,"TAUIL Abd Elilah","2026-08-11 01:17:39",720.5,2,tauilabdelilah
5225,16657942,"Gokul Prasath","2026-08-04 23:38:18",720.5,2,beastgokul
5226,16936773,"shahab shahsavar","2026-09-26 03:17:27",720.4,2,shahabshahsavar
5227,16807875,meghana,"2026-09-10 23:44:54",720.1,2,meghana284
5228,16667091,"Nico Feiler","2026-08-07 14:27:47",720.0,2,nicofeiler
5229,16657861,"Liao Zixu","2026-08-25 04:28:34",719.9,2,liaozixu
5230,16665353,Sakshamm2587,"2026-08-17 16:50:43",719.7,2,sakshamm2587
5231,16676677,"Clark Stéphane","2026-08-07 18:58:45",719.7,2,clarkstphane
5232,16668995,"MD.Firoj Khondokar","2026-08-06 11:05:13",719.6,2,mdfirojkhondokar
5233,16765310,"Aria Muse","2026-09-27 05:09:34",719.5,2,ariamuse
5234,16734490,Tomeiser,"2026-09-24 11:23:16",719.5,2,tomeiser
5235,16657957,"Mounika Kommireddy","2026-08-08 07:57:32",718.7,2,mounikakommireddy
5236,16665169,"Rahul Barakoti ITM","2026-08-07 10:58:30",718.6,2,rahulbarakotiitm
5237,16656345,sunchang71,"2026-08-05 14:05:13",717.7,2,sunchang71
5238,16731074,UmutUygurr,"2026-09-26 19:23:53",717.6,2,"dilahbaheci,umuttuygurr"
5239,16734312,truebelief,"2026-09-09 00:11:41",717.6,2,truebelief
5240,16664890,ideal_m99,"2026-09-19 19:12:14",717.5,2,idealm99
5241,16666358,"GAYATHRI SALINI","2026-08-07 07:55:26",717.4,2,gayathrisalini09
5242,16669518,Galagala,"2026-08-07 18:35:59",717.1,2,b12705059
5243,16621802,fgwiebfaoish,"2026-08-13 12:21:54",716.8,2,fgwiebfaoish
5244,16676283,jnurik,"2026-08-07 17:24:01",716.5,2,nurdauletmoldik
5245,16742239,"Benny Joseph","2026-09-17 13:06:06",716.4,2,pbennyjoseph
5246,16655156,"Pranjal Ranjan","2026-08-06 23:58:43",716.3,2,pranjalranjan299
5247,16699699,rudykane,"2026-08-11 16:06:34",715.7,2,rudykane
5248,16682336,"Çınar Efe Yetişen (Student)","2026-08-19 08:29:20",715.4,2,narefeyetienstudent
5249,16896810,Xcution,"2026-09-16 18:23:35",715.3,2,gghhjjkk
5250,16656296,Fususu,"2026-09-05 04:32:44",715.1,2,phuongncn
5251,16668545,Ronty00,"2026-08-06 08:24:07",715.1,2,ronty00
5252,16783131,Hawkeye,"2026-09-03 07:15:17",714.9,2,pragneshbagary
5253,16675981,"Luca R","2026-09-26 15:30:45",714.4,2,luck058
5254,16679155,jeziorop,"2026-08-06 20:34:53",714.4,1,jeziorop
5255,16699080,"Karthikeya Thatipamula","2026-09-12 04:52:19",714.3,2,karthikeya18
5256,16744809,"Ruben Romero Fernández-Monge","2026-08-25 18:00:39",714.2,2,salieri7
5257,16664368,"Ujjwal Reddy","2026-08-10 19:43:26",714.0,2,ujjwalreddyks
5258,16677675,"Roman Mironov","2026-08-06 17:30:28",713.9,1,helloromiro
5259,16667606,Manifolds1,"2026-08-06 16:36:46",713.8,2,ptrakuldit
5260,16699784,nianyu,"2026-08-10 09:46:32",713.8,2,nianyuc
5261,16671844,I2nfinit3y,"2026-08-07 02:27:10",713.7,2,i2nfinit3y
5262,16811628,"Roger Yang","2026-09-08 03:12:08",713.2,2,rogerjyang
5263,16658025,"Dennis Gioche","2026-08-06 09:08:34",712.8,2,dennisgioche
5264,16702509,KošičanSVK,"2026-08-17 18:04:22",712.7,2,ryanstoner
5265,16660091,bcTiann,"2026-08-06 05:55:54",712.3,2,bctiann
5266,16666686,yolo,"2026-08-08 12:08:38",712.2,2,avin55
5267,16936771,"Elvis Diniz","2026-09-22 10:49:26",712.1,2,elvisdiniz
5268,16640582,Attension_Seeker,"2026-08-10 06:57:51",712.1,2,aisipu
5269,16698538,"Haozhe Wang 2022","2026-08-24 00:50:02",711.7,2,haozhewang2022
5270,16635890,Poojan,"2026-08-06 09:44:47",711.7,2,poojankumartandel
5271,16669400,"Martin Konôpka","2026-08-06 12:16:13",711.7,2,rumburakk
5272,16668668,"George Byne","2026-08-25 10:10:36",711.6,2,georgebyne
5273,16677240,"Jeevan Malla","2026-08-07 07:37:46",711.3,2,jeevanmalla
5274,16740431,yuikag,"2026-09-27 07:34:40",711.3,2,yuikag
5275,16656393,"Faris Abqari","2026-08-07 00:15:25",711.2,2,farisabqari11
5276,16669542,Agzam,"2026-08-06 05:09:43",711.0,2,mazgag
5277,16853733,Eugene,"2026-09-26 11:05:57",711.0,2,eugenejyuan
5278,16665431,"Monojit Nandy","2026-08-06 11:50:38",710.7,2,vedarthmn
5279,16654081,"Aleksei Ponomarev","2026-08-06 00:43:57",710.5,2,alekseiponomarev
5280,16654486,alijs,"2026-08-06 14:27:22",710.4,2,alijs1
5281,16666609,"visit palja.co","2026-08-15 03:34:49",710.3,2,sselrats
5282,16656009,"Steven Liu","2026-08-31 06:25:02",710.2,2,thornkey
5283,16668029,Timbo615,"2026-08-07 11:56:21",710.2,2,timbo615
5284,16624977,Avikumar93801,"2026-08-11 05:55:19",710.2,2,avikumar93801
5285,16642154,Burkina_team_mate,"2026-08-06 15:30:54",710.1,2,"belemkalilou,tedjosegregorybere"
5286,16635781,wacata,"2026-08-19 14:53:05",710.1,2,wacata
5287,16673682,MJ.LIU.T,"2026-08-06 08:14:05",710.0,1,mjliut
5288,16862705,karlmorg37,"2026-09-22 20:10:48",709.8,2,karlmorg37
5289,16659565,Tekin24,"2026-08-13 21:25:21",709.5,2,tekin24
5290,16631016,木下陽平,"2026-08-06 14:52:20",709.4,2,yoheikaggle
5291,16659820,Accayo14,"2026-08-06 14:20:30",709.3,2,accayo14
5292,16797134,Yooho0,"2026-09-07 16:25:05",709.3,2,yooho0
5293,16638909,mbscgi,"2026-08-04 22:48:03",709.0,2,mbscgi
5294,16681065,SYC,"2026-08-07 03:22:25",708.9,1,yichengs
5295,16724556,"Yixiang Wu","2026-09-23 03:00:15",708.8,2,yixiang964
5296,16662496,KhalidKhan,"2026-08-05 05:31:07",708.8,2,feedfeed
5297,16667101,SundharSteyn,"2026-09-23 16:27:30",708.8,2,sundharsteyn
5298,16712577,"nattapon nakakong","2026-09-22 02:49:39",708.7,2,nattaponnakakhong
5299,16660555,"Nguyễn Nhật Thanh","2026-08-07 03:45:29",708.5,2,nguynnhtthanhhhhh
5300,16839782,"mou chen111","2026-09-05 15:00:04",708.4,2,mouchen111
5301,16745450,GusNicho,"2026-08-24 03:30:55",708.4,2,pineapplepencil
5302,16930968,"Harvey Zheng","2026-09-24 04:34:49",708.2,2,harveyzheng07
5303,16732022,Mosamosa,"2026-09-03 00:42:06",708.2,1,mosamosa
5304,16847548,"Abhinav Sai Podugu","2026-09-10 06:59:09",708.0,2,abhinavsaipodugu
5305,16655294,Mobzya,"2026-08-26 23:11:15",707.9,2,mobzya
5306,16663178,Sm00thiecodes,"2026-08-07 11:00:29",707.8,2,sm00thiecodes
5307,16639043,"saroj bono","2026-08-28 18:42:55",707.8,2,sarojbono197
5308,16702796,Yavuz.YILMAZ,"2026-09-07 12:22:45",707.7,2,yvztpe
5309,16674367,"zongze Yan","2026-09-22 05:31:47",707.7,2,aaayan
5310,16934428,shib,"2026-09-24 18:37:26",707.6,2,shibendum
5311,16669491,"Parakh Sharma","2026-08-06 10:59:33",707.5,2,parakh20
5312,16866097,"Pradeep Kumar Mahato","2026-09-16 14:21:29",707.1,2,pradeepkr12
5313,16866109,AAA-建材批发旭哥,"2026-09-12 03:44:40",707.0,2,aaawenxu
5314,16639280,"Faruk Çiftler","2026-08-09 11:27:46",706.6,2,abdullahfaruk
5315,16661229,Gena,"2026-08-04 15:18:42",705.9,2,gdonchyts
5316,16627751,lzeee,"2026-09-24 08:23:42",705.8,2,shzgong
5317,16623236,"Yonatan Nemtsov","2026-08-06 00:28:01",705.8,2,yonatannemtsov
5318,16663052,gh,"2026-09-13 21:30:08",705.8,2,grzegorz
5319,16658717,"Aditya Kapadia","2026-08-06 14:32:16",705.5,2,adityakapadia2003
5320,16671407,JBro13,"2026-08-07 02:29:02",705.3,2,jbro13
5321,16935826,Ayush,"2026-09-27 04:52:04",705.3,2,"aniketchonu,ayush20081303"
5322,16686707,"Sébastien henry","2026-09-17 14:36:54",705.2,2,sebmontreal
5323,16654743,"Jaume Batlle i Ferrer","2026-09-25 06:18:38",705.2,2,jaumebatlleiferrer
5324,16655828,ack07,"2026-08-06 04:52:07",705.2,2,its07amit10
5325,16717448,getalife();,"2026-09-20 08:55:13",705.2,2,"byteknight28,dhairyapandya24,rounakagrwl"
5326,16652896,"R^2 negative","2026-08-04 23:14:38",704.9,2,rktqwe
5327,16659761,cheng-han,"2026-08-06 08:16:10",704.7,2,neoshie
5328,16652900,cjen07,"2026-08-07 23:33:05",704.6,2,cjen07
5329,16875632,HexTex,"2026-09-12 04:34:49",704.6,2,hexlab
5330,16670378,"Ari Carter","2026-08-08 23:18:02",704.6,2,aricarter
5331,16818086,wwewwt,"2026-09-08 05:44:07",704.4,2,wwewwt
5332,16806251,"Seok Jun Kim","2026-09-08 07:51:16",703.2,2,sjk1225
5333,16661019,lmq,"2026-08-04 14:47:23",703.2,2,lmminhquang
5334,16675027,namanbnsl,"2026-08-06 13:02:52",702.9,2,namanbnsl
5335,16635679,WUHAOZHE618,"2026-08-15 04:08:45",702.9,2,wuhaozhe618
5336,16655114,"Hippo Farming Ltd.","2026-09-21 15:22:01",702.7,1,felixmneumann
5337,16658709,"Kaggler Albafica","2026-08-06 10:05:39",702.7,2,kaggleralan
5338,16772626,"Dr. Mikholae Hutchinson","2026-09-05 19:48:53",702.6,2,drmikholaehutchinson
5339,16659435,Zerabyte_X,"2026-08-04 09:52:16",702.6,1,zerabytex
5340,16656444,"christopher athans crow","2026-08-05 00:08:13",702.5,2,cchrisaa
5341,16667714,ZhexinJiang,"2026-08-06 11:26:30",702.3,1,zhexinjiang
5342,16644861,"kanzaler ensemble","2026-08-11 14:30:36",702.1,2,kanzalerensemble
5343,16658265,kraken,"2026-09-05 15:23:26",701.9,2,krn0209
5344,16802341,"Yousef Turk","2026-09-08 04:00:16",701.6,2,yousefturk
5345,16665256,zhoujqi,"2026-08-06 18:31:31",701.6,2,zhoujqi
5346,16641326,IY,"2026-08-05 19:27:31",701.6,2,irotrader
5347,16790145,"Casper du Jardin Kejser","2026-09-04 09:12:34",701.2,2,casperdujardinkejser
5348,16652986,"Justin Kimlim","2026-08-26 03:12:37",701.1,2,justinkimlim
5349,16678965,MrGS,"2026-08-09 01:18:09",701.1,2,gabrielsderhll
5350,16668039,NotEnoughTokens,"2026-08-06 13:04:52",700.8,2,"adofai,jonghyun7777,taglink"
5351,16929792,"Ganesh K","2026-09-22 19:25:02",700.6,2,ganeshk2846
5352,16727696,Milkman,"2026-08-19 15:05:17",700.5,2,talhasahi
5353,16668357,"B.Pardha Manoj Reddy","2026-08-24 16:57:25",700.5,2,pardhamanojreddy
5354,16632446,"Abdul Wahab Khan","2026-08-06 04:53:37",700.5,1,abdulwahab2321
5355,16731990,Karl0106,"2026-09-18 08:35:18",700.4,2,karl0106
5356,16623448,HoJoonYun,"2026-08-09 13:43:43",700.4,2,hojoonyun
5357,16758174,REBEL_K,"2026-08-27 18:30:45",700.3,2,rebelk
5358,16724269,lava,"2026-09-25 13:51:26",700.2,2,fanxiaozhen
5359,16643095,ckyasb,"2026-08-05 14:39:42",700.0,2,ckyasb
5360,16675203,HK,"2026-08-06 11:38:05",700.0,1,hizurukonishi
5361,16797785,"Vivek Verma","2026-08-31 20:36:45",699.9,2,cosmicescape
5362,16639241,"Alissa King","2026-08-04 05:05:30",699.8,2,alissaking
5363,16654726,"James Mancillas","2026-08-07 15:46:12",699.7,2,jamesmancillas
5364,16664775,DoubleZs,"2026-08-06 02:55:02",699.6,2,zhang051018
5365,16661410,tmxdlr,"2026-08-05 12:40:54",699.5,2,tmxdlr
5366,16656171,ishu,"2026-08-04 03:27:45",699.5,2,ishhverma
5367,16886420,infoproje,"2026-09-13 12:58:25",699.4,2,infoproje
5368,16764419,"Leo #2","2026-08-30 08:17:12",699.3,1,nanlihao
5369,16662730,Operator-X,"2026-08-08 10:06:04",698.8,2,"jpexee,lavlinjaisonme23b250"
5370,16832844,aliREZA,"2026-09-17 23:55:15",698.7,2,afazlik1
5371,16825081,huohuaya,"2026-09-09 06:09:50",698.6,2,huohuaya
5372,16623665,Giba,"2026-08-05 22:44:41",698.4,2,titericz
5373,16625013,sash,"2026-08-05 01:00:10",698.2,2,sash2104
5374,16667205,"Andrew Lee","2026-08-06 11:16:52",697.5,1,andrewlee23023
5375,16770724,Louras,"2026-08-26 09:49:05",697.5,2,louras
5376,16659217,Dynamic_fire07,"2026-08-05 18:51:51",697.3,2,"dynamicfire07,tryingmybest123"
5377,16729564,"Eirik Tveiten","2026-08-19 13:04:02",697.2,2,eiriktveiten
5378,16669282,sky233,"2026-08-06 17:06:04",697.1,2,sky233
5379,16656170,"Chakrabhuana V  Deva","2026-08-05 06:54:50",697.1,2,chakrabhuanavdeva
5380,16658723,"Waleed Alkhateeb","2026-08-05 13:31:44",697.1,2,waleedalkhateeb
5381,16666301,"James Felipe","2026-09-03 05:42:24",697.0,2,jamesfelipe
5382,16728345,ron,"2026-09-19 21:49:15",697.0,2,romart
5383,16664170,SpookyHippo,"2026-08-06 02:44:29",697.0,2,spookyhippo
5384,16684470,"Soumi Ghosh","2026-08-11 10:59:07",696.9,2,soumighosh911
5385,16916213,"Arjun Hans","2026-09-18 02:13:40",696.9,2,arjunhans
5386,16636148,SanggeunParrk,"2026-08-05 04:04:32",696.8,2,sanggeunparrk
5387,16629983,Amundsen,"2026-08-05 06:51:46",696.7,2,amundsen
5388,16664300,"swajay nandanwade","2026-08-05 04:57:10",696.5,2,swajaynandanwade
5389,16654209,"Nirav Mehta 1612","2026-08-10 15:41:47",696.5,2,niravmehta1612
5390,16665399,"Shivam Shrivastava","2026-08-13 15:32:37",696.4,2,shivamshrivastava180
5391,16706523,"Aussie lover","2026-09-24 23:38:00",696.4,2,aussielover
5392,16641093,"Satish ","2026-08-20 04:18:42",695.7,2,satishkommanaboina
5393,16735488,"arhaan rai","2026-09-01 19:18:46",695.6,2,arhaanrai
5394,16624600,ariacat,"2026-08-06 07:16:44",695.0,2,ariacat
5395,16663899,"Abdelrahman Aboegela","2026-08-05 13:54:26",694.5,2,abdelrahmanaboegela
5396,16644221,"Guzha Panashe H","2026-08-22 15:34:41",694.2,2,guzhapanasheh
5397,16894603,"Riyan Ahasan Araf","2026-09-16 02:11:59",694.2,2,riyanahasanaraf
5398,16764081,"Demir Durbakayım","2026-08-29 21:21:56",694.2,2,sixcode
5399,16719793,dhuruvapriyan,"2026-08-14 16:06:42",694.2,2,dhuruvapriyan
5400,16695555,S4K50M,"2026-08-12 14:39:41",693.8,2,setiasaksham
5401,16858849,"Mark Diamond","2026-09-13 22:11:38",693.8,2,ponkle
5402,16729515,"Emmanuel Tolani","2026-08-29 15:03:36",693.7,2,emmanueltolani
5403,16662872,"Artem Garbart","2026-08-05 09:41:29",693.5,2,artyomgarbart
5404,16668060,"Spiros Skarmoutsos","2026-08-08 12:48:07",693.4,2,spirosskarmoutsos
5405,16670765,"tensor choko","2026-08-05 23:03:23",693.3,1,tensorchoko
5406,16849443,"Abhishek Kumar Gupta","2026-09-08 17:27:49",693.3,2,guptabhishekumar
5407,16770454,"Nawaf Almutairi","2026-09-12 19:23:12",693.3,2,nawafbalmutairi
5408,16690889,"B A S E L #","2026-08-08 14:47:22",693.1,2,basselll
5409,16786115,"Andy Phan","2026-09-07 01:10:28",693.0,2,andyphan
5410,16643922,Konstantin03,"2026-09-07 17:03:30",692.8,2,konstantin03
5411,16628727,dominyellow,"2026-08-04 11:44:21",692.8,2,dominyellow
5412,16698045,"Vikhas S G","2026-09-07 06:12:25",692.8,2,vikhassg
5413,16657817,"rohith sai midigudla","2026-08-05 12:36:40",692.6,2,rohithsaimidigudla
5414,16935335,"Joshua Attridge","2026-09-22 07:07:14",692.5,2,joshuaattridge
5415,16659676,Light,"2026-08-05 03:07:39",692.5,2,aadarshashrestha007
5416,16654491,"Amedeo Biolatti","2026-09-25 19:08:34",692.5,2,abiolatti
5417,16740633,zhangtingyu11,"2026-08-20 04:34:32",692.2,2,zhangtingyu11
5418,16663407,Denis,"2026-08-11 17:42:21",692.1,2,matsiusheuski
5419,16722341,"Pham Huu Bao Chung","2026-09-16 08:57:18",692.1,2,phamhuubaochung
5420,16654419,kreiack,"2026-08-09 23:47:00",692.1,2,kreiack
5421,16670304,"Daniel Tomaro1","2026-08-09 03:03:06",692.0,2,danieltomaro1
5422,16632426,Santhana,"2026-09-26 23:27:23",691.8,2,santhanalekshmic
5423,16687135,"Kavya Bhandari","2026-08-22 17:20:43",691.8,2,kavyabhandari1998
5424,16881685,"Vladislav Mlechko","2026-09-12 16:41:48",691.7,1,vladislavmlechko
5425,16753826,"Jai Mata Di","2026-08-31 10:09:11",691.4,2,mrigshira
5426,16656304,"Gururaj Athani","2026-09-12 02:26:55",691.3,2,gururajathani
5427,16630760,dkzmn,"2026-09-04 08:59:03",691.2,2,dmkzmn
5428,16793287,"Kim Jinseo","2026-09-27 07:35:55",691.2,2,kimjinseo1
5429,16634752,"Praise the SHOVEL","2026-08-03 16:16:28",691.2,2,barnobarno
5430,16667503,Yuzuki,"2026-08-05 12:19:45",691.1,1,yuzukiohya
5431,16662904,Bharathms1902,"2026-08-08 11:41:54",690.9,2,bharathms1902
5432,16664819,"SUBHASRI  S","2026-09-20 04:45:35",690.6,2,subhasri2007
5433,16841816,JasonDTao,"2026-09-14 06:38:01",690.4,2,jasondtao
5434,16651613,"Devin Zhou","2026-08-05 02:27:36",690.2,2,devinzhou
5435,16744640,"Marcin Skalski","2026-09-01 18:25:08",690.1,2,marcinskalski
5436,16666242,"Lalwani Palash","2026-08-08 07:45:46",689.9,2,lalwanipalash
5437,16666163,"Muthuraman Raman 7","2026-08-06 05:25:09",689.8,2,muthuramanraman7
5438,16762021,Dhananjai1729,"2026-09-26 12:19:33",689.7,2,dhananjai1729
5439,16650018,EiMengLove,"2026-08-05 10:27:31",689.7,2,konicty
5440,16633240,Igor,"2026-09-20 01:59:30",689.6,2,igor14497
5441,16664291,"William Dennis","2026-08-11 07:57:27",689.4,2,williamdennis
5442,16765743,page0526,"2026-08-26 02:08:11",689.0,2,page0526
5443,16823948,"Alexey Stepanov","2026-09-04 21:57:25",688.8,2,alexey0508
5444,16635159,Abdulsamad,"2026-08-06 11:48:04",688.5,2,abdulsamadjod1234
5445,16658684,"Takayuki Michishita","2026-09-13 11:00:03",688.3,2,takayukimichishita
5446,16660819,nya654nya,"2026-09-14 08:30:21",688.2,2,nya654nya
5447,16637519,Temprao,"2026-08-03 12:16:43",688.1,1,maruimono928
5448,16762634,"Clement Ling","2026-09-11 08:49:26",688.0,2,clementling
5449,16715255,"xiaocai liu","2026-09-13 19:19:43",687.8,2,xiaocailiu
5450,16667547,"miaoqing long","2026-08-06 03:31:43",687.8,2,miaoqinglong
5451,16943704,"Qutaiba Kaleem","2026-09-26 04:12:44",687.7,2,qutaibakaleem
5452,16642207,"Nerijus Areska","2026-08-04 00:01:32",687.7,2,nerijusareska
5453,16632250,"Mesut Gözdemir","2026-08-05 17:54:14",687.6,2,gfkfu123
5454,16693164,nuggettttt,"2026-08-09 02:14:22",687.6,2,nuggettttt
5455,16757741,"Malte Bories","2026-08-25 20:08:35",687.5,2,maltebories
5456,16762722,"Bruno Romero García","2026-08-31 20:24:32",687.5,2,brunoromerogarca
5457,16713291,Lperalt,"2026-09-20 02:20:12",687.5,2,lucianobastidas
5458,16677965,felipe9695,"2026-08-12 21:23:05",687.2,1,felipe9695
5459,16840641,"Yukar Fu","2026-09-26 07:31:34",687.1,2,yukarfu
5460,16650396,RaymondZhao0304,"2026-08-04 00:39:30",686.8,2,raymondzhao0304
5461,16748741,"pt ptao","2026-08-26 12:50:45",686.8,2,ptptao
5462,16653122,Wei_Chance,"2026-08-23 10:25:14",686.4,2,bystanderq
5463,16807575,Rf28,"2026-09-03 10:29:55",686.2,2,rehyyy
5464,16658384,UwU,"2026-08-10 04:20:44",686.0,2,claudesewitz
5465,16848841,Spacejam,"2026-09-07 16:15:52",685.9,1,spacejam1221
5466,16676054,"Vladislav Konstantinov","2026-08-08 09:33:35",685.7,2,vladkonstantinov
5467,16690050,PersistentLife,"2026-08-08 17:16:17",685.5,2,persistentlife
5468,16623798,RuiKimura4,"2026-08-27 00:30:45",685.3,2,ruikimura4
5469,16713463,"Dillen Perumal","2026-08-29 16:39:37",685.3,2,dxllen
5470,16663591,"Joseph Franck","2026-08-25 10:07:56",685.1,2,josephfranck
5471,16655339,harmo-miu,"2026-08-23 05:57:37",684.9,2,harmomiu
5472,16796145,Qian,"2026-09-01 15:04:00",684.8,2,"aurelianz,qianyuchaoni"
5473,16792155,abc,"2026-09-03 06:45:13",684.7,2,"datqg0,quangnguyn132"
5474,16726025,"Yanrun Chen","2026-09-07 12:15:23",684.7,2,yrchen98
5475,16644774,lungjyuanz,"2026-08-07 01:03:20",684.7,2,lungjyuanz
5476,16623540,TheDuck,"2026-08-22 15:50:49",684.6,2,jaxroth
5477,16657294,"Ragul M","2026-08-04 07:08:51",684.6,2,ragul7002
5478,16655396,Tesla1AC,"2026-08-08 08:18:09",684.6,2,mathornton
5479,16632686,strike,"2026-08-06 06:21:38",684.5,2,nicolia
5480,16652560,"Ahmed Samir","2026-08-03 12:15:01",684.4,2,ahmedsamir1598
5481,16669052,"Md. Asif Hossain","2026-09-18 05:29:41",684.2,2,sabuktagin
5482,16656709,"Anh-Vu Mai-Nguyen","2026-09-21 21:06:46",683.9,2,mainguyenanhvu
5483,16661010,"Dante Dyches-Chandler","2026-08-05 04:36:09",683.9,2,dantedycheschandler
5484,16943185,VarchaswaV,"2026-09-22 21:48:07",683.7,2,varchaswav
5485,16664400,Boruiyang21,"2026-08-05 14:56:03",683.6,2,boruiyang21
5486,16709136,ryanocm,"2026-08-13 15:08:49",683.5,2,ryanong
5487,16939844,YH,"2026-09-23 00:23:49",683.4,2,febyeji
5488,16639330,"Dead Signal Works","2026-08-02 12:40:32",683.1,2,brooklynhalmstad
5489,16918433,"Mingkang He","2026-09-27 02:32:07",683.0,2,mingkanghe
5490,16625663,sota1111,"2026-09-03 01:43:41",682.9,2,sota1111
5491,16700298,tmgf,"2026-09-26 07:43:37",682.6,2,tiagomgfernandes
5492,16898029,"Leonid Kononenko","2026-09-18 04:47:05",682.5,1,"aleksandraavetisova,leonidkononenko"
5493,16691938,"PRASHANT SUTHAR11","2026-09-25 12:12:57",682.4,2,prashantsuthar11
5494,16655534,"Charles Mills","2026-08-06 16:40:27",682.4,2,charlesqmills
5495,16683764,bf01,"2026-08-21 21:19:05",682.4,2,jalperov
5496,16653855,"Klgv Klgv","2026-08-06 11:54:38",682.1,2,klgvklgv
5497,16666245,"Cagatay Morcicek","2026-08-13 06:53:40",682.0,2,thisismylabs
5498,16641141,"Yuri Barbashov","2026-09-26 18:31:05",682.0,2,yuribarbashov
5499,16623969,"Akira Imae","2026-09-21 07:19:19",682.0,2,imaeakira
5500,16663273,"Mason Frias","2026-08-06 22:57:08",681.9,2,masonfrias
5501,16758889,bomboclat,"2026-08-30 08:52:08",681.9,2,sstprk
5502,16766274,"Satwato Dey","2026-09-24 20:50:22",681.9,2,satwato
5503,16682353,"counter puncher","2026-09-16 13:38:14",681.3,2,ahmadabdoumalickdiop
5504,16655712,"Smart Manoj","2026-08-04 01:55:13",681.2,2,smartmanoj
5505,16833063,"Fidel Escalona","2026-09-26 23:50:21",681.2,2,fbescalo
5506,16659045,Rai1,"2026-08-08 11:53:28",681.0,2,rai2003
5507,16663099,"Md. Abdullah Al Mamun","2026-08-05 02:16:43",680.7,2,mamun18
5508,16651180,yangyefd,"2026-08-03 08:42:57",680.7,1,yangyefd
5509,16679144,つるげーねふ,"2026-09-25 05:59:08",680.7,2,atom7666
5510,16658562,mashBrian254,"2026-08-04 10:48:33",680.6,2,mash1990
5511,16670099,"Jon Snyder","2026-08-06 00:27:21",680.5,2,snyderj1515
5512,16700265,Reesav,"2026-08-10 14:15:06",680.5,2,reez08
5513,16770972,"Victoria Makarskaia","2026-08-27 12:28:53",680.3,2,victoriamakarskaia
5514,16633808,mmath2,"2026-08-07 10:52:38",680.3,2,mmath2
5515,16632694,8ct10nz,"2026-08-04 12:02:49",680.2,2,act10nz
5516,16658571,"Yusuke Sato","2026-08-27 03:06:42",680.1,2,wanko123
5517,16655530,AlivRick,"2026-08-05 16:18:54",680.1,2,alivrick
5518,16658569,"Danu A.","2026-08-05 13:12:09",679.9,2,eu1234
5519,16734511,"Marcin Salaterski","2026-09-16 23:18:31",679.8,2,marcinsalaterski
5520,16627023,Farrmer,"2026-08-05 08:02:35",679.7,2,noahfarr
5521,16722117,"Zhou Zhengyu","2026-09-25 14:47:07",679.5,2,"yanwenwang921,zhouzhengyu118"
5522,16621557,"Vijay Krishna Lanka","2026-09-27 05:51:08",679.2,2,vijaykrishnalanka
5523,16644415,Ztrk,"2026-09-03 17:04:24",678.8,2,ztrk123
5524,16660939,"Quenux Studio","2026-09-03 17:07:26",678.7,2,dieguis1976
5525,16758383,"Tong Jing Yen","2026-09-03 20:42:50",678.5,2,tongjingyen
5526,16659033,"Farzana Shaju","2026-08-05 07:18:29",678.3,2,"farzanashaju,shaikhharisjamal"
5527,16721639,"Ankit Sain","2026-08-25 01:14:02",678.1,2,thisankitsain
5528,16919251,"Eric Fan","2026-09-19 19:04:44",677.9,2,ericfan1110
5529,16622760,yunus_bayram_kagle,"2026-08-04 07:49:00",677.9,2,yunusbayramkagle
5530,16835371,"Eli Ziv","2026-09-06 00:11:52",677.9,2,eliziv027
5531,16631261,Monster,"2026-08-04 15:46:32",677.8,2,tmtngtrng
5532,16665293,"ADITYA BEECHA","2026-08-10 05:16:38",677.6,2,bechaaditya
5533,16658264,XiweiZhou,"2026-09-06 23:35:58",677.4,2,xiweizhou
5534,16770912,IsonaEi,"2026-08-26 12:48:48",677.3,1,isonaei
5535,16632055,Bugra0,"2026-08-03 22:44:42",677.3,2,bugra0
5536,16637797,"Xiangchen Li","2026-08-04 09:47:59",677.1,2,xiangchenli07
5537,16650701,"Oliver Wang","2026-08-03 16:17:36",677.0,2,oliverwang15
5538,16677188,Nicooni,"2026-08-06 16:35:01",676.9,1,nicooni
5539,16876448,"Max Harvestappen","2026-09-23 05:18:56",676.8,2,ryosukefujita
5540,16925283,"Carlos Gallego Menor","2026-09-19 19:19:37",676.7,2,carlosgallegomenor
5541,16694399,"Sujith Kumar Sashikanth","2026-08-10 00:01:32",676.7,2,sujithsashi
5542,16659883,"Ahmad Hfdx5","2026-08-05 03:33:48",676.6,2,ahmadhfdx5
5543,16669227,"Tom Dufresne","2026-08-07 11:17:39",676.5,2,tadufre
5544,16655603,"Veeranuch Leelalai","2026-08-11 12:55:29",676.5,2,veeranuchleelalai
5545,16654235,"Mwanza Wambua","2026-08-06 10:16:13",676.3,2,mwanzawambua
5546,16632536,"Aleksander Sachuk","2026-08-02 21:33:27",676.0,2,alexsssachuk
5547,16666900,sooflee,"2026-08-12 14:19:50",675.8,2,sooflee
5548,16923258,nono00,"2026-09-20 16:43:09",675.7,2,nono00
5549,16861102,walnut11,"2026-09-27 00:34:40",675.4,2,walnut11
5550,16666341,"Ege Güvener","2026-09-27 07:08:31",675.3,2,egegvener
5551,16644390,"Manan Gupta","2026-08-05 17:08:32",675.3,2,obirdy
5552,16655493,TheDigitalCK,"2026-08-07 12:31:58",675.0,2,thedigitalck
5553,16709304,"Aleksey SCHUKIN","2026-09-27 07:28:56",675.0,2,alekseyschukin
5554,16845284,KD0G22,"2026-09-07 20:07:47",674.9,2,kd0g22
5555,16654946,AliLucky,"2026-08-05 15:07:59",674.9,2,alilucky
5556,16664653,Adir,"2026-08-26 00:49:46",674.8,2,adiradam
5557,16885658,Mio,"2026-09-25 03:05:40",674.8,2,mio114
5558,16657077,_LT_zyc,"2026-08-05 01:01:42",674.6,1,zyczyc
5559,16656420,"Aditya Raj #2","2026-08-18 16:37:49",674.6,2,optimus2005
5560,16949731,"Engel Ai Labs","2026-09-24 00:56:37",674.5,2,joshuaziese
5561,16654153,"Mateus Cruz, Msc.","2026-08-03 17:44:02",674.4,1,matteuscruz
5562,16661532,"Fedor Baart","2026-08-05 12:34:21",674.3,1,fedorbaart
5563,16654271,"Sophie and Yanna","2026-08-19 17:08:47",674.3,2,"morty3500,sophanie"
5564,16653958,seowoohyeon,"2026-08-06 11:48:06",674.2,2,seowoohyeon
5565,16775250,Junrong,"2026-08-30 00:00:13",674.2,2,fjhgjf
5566,16762494,西松大祐,"2026-09-26 11:46:07",674.2,2,wep212
5567,16660824,"Stitch Clarity","2026-08-04 15:27:53",674.1,2,stevenanctil
5568,16655588,"The Devil's World 678","2026-08-07 10:39:23",673.7,2,thedevilsworld678
5569,16667730,"Surya Vijjeswarapu","2026-09-03 18:49:07",673.4,2,suryavijjeswarapu
5570,16794125,"Xero Scythe","2026-09-02 18:57:39",673.1,2,xeroscythe
5571,16876275,"JOP OK","2026-09-18 18:09:43",672.6,2,fuveo24
5572,16654006,"Harish Dhanarajan","2026-08-03 17:23:50",672.3,1,harishdhanarajan
5573,16660376,"Ahmed Sedky 0100","2026-08-06 20:56:37",672.1,1,ahmedsedky0100
5574,16875989,NapolianAdmin,"2026-09-26 11:28:22",672.1,2,ninadrai
5575,16804027,ceir-ceir,"2026-09-03 19:11:09",671.8,2,ceirceir
5576,16711556,"Avvy Lavoienne","2026-08-18 04:44:16",671.8,2,avvylavoienne
5577,16738239,"Yaseen Shah7897","2026-09-08 05:57:15",671.7,2,yaseenshah7897
5578,16716522,"Lavanya Bacche","2026-08-17 08:43:40",671.6,1,lavanyabacche
5579,16644185,"Mimic Mohsin","2026-08-02 18:38:46",671.3,1,mimicmohsin
5580,16658852,"Chhaya Awasthi","2026-08-04 09:37:05",671.1,2,chhayaawasthi
5581,16656308,"Srishanth Sriramula","2026-08-08 09:02:13",671.0,2,srishanthsriramula
5582,16774787,wpk1122,"2026-08-29 01:54:49",670.5,2,wpk1122
5583,16941830,"Yasin Baykal","2026-09-23 09:27:10",670.2,2,godmethium
5584,16846490,MazharShaikh,"2026-09-12 04:53:27",669.9,2,mazharshaikh
5585,16798401,"Hunter Mimaroglu","2026-09-02 22:00:37",669.7,2,huntermimaroglu
5586,16665994,Rakhansyah,"2026-08-25 13:08:20",669.7,2,rakhansyah
5587,16805598,"I'm just trying out here QQ","2026-09-02 22:31:17",669.6,2,zadatt
5588,16654705,"Abu Saleh","2026-09-09 17:01:47",669.3,2,salehjunior
5589,16850098,"Bob Gerry","2026-09-09 05:35:31",669.1,2,bobgerry
5590,16730180,zshandy,"2026-09-08 04:57:54",669.0,2,zshandy
5591,16706993,Celibistrial,"2026-09-03 20:28:20",669.0,2,celibistrial
5592,16872090,DanielAarhus,"2026-09-17 07:10:37",668.7,1,danielaarhus
5593,16623389,"Mominul Islam Hemal","2026-08-02 11:23:03",668.7,2,mominulislamhemal
5594,16809677,"Phong Khổng Hoàng","2026-09-26 14:45:43",668.7,2,phongkhonghong
5595,16819277,"Enshi Zhang","2026-09-05 16:26:29",668.6,2,enshizhang31
5596,16664565,"Wayne Chou","2026-08-05 12:30:14",668.5,2,ambientz
5597,16883264,"João Felipe Aguiar","2026-09-13 15:32:14",668.3,2,joofelipeaguiar
5598,16754845,"LG Music","2026-09-27 04:31:27",668.2,2,lgmusic
5599,16656503,"Thiago Munhoz da Nóbrega","2026-08-04 20:47:37",668.1,2,thiagommtmn
5600,16621709,smlcr,"2026-08-04 19:35:19",668.1,2,simulacri
5601,16655596,Bela,"2026-08-04 01:18:06",667.8,1,istribaik
5602,16664439,"Tony T","2026-09-10 12:16:04",667.7,2,thekke
5603,16644882,"SAMOILOV MIKHAIL","2026-08-03 02:10:04",667.7,1,samoilovmikhail
5604,16693903,"Alief Randiansyah","2026-08-09 09:37:39",667.3,1,"aliefrandiansyah,salsaaghnia"
5605,16663187,"Teddy McBride","2026-08-07 03:59:53",667.3,2,tedcr100
5606,16775353,"YK Pan","2026-09-14 11:19:52",667.3,2,vansher
5607,16914081,"Ashmit Janjirkar","2026-09-25 07:33:21",666.9,2,ashmitjanjirkar
5608,16659874,"ding yumeng","2026-08-26 11:59:06",666.9,2,dingyumeng
5609,16641489,suminshim,"2026-08-03 06:24:39",666.8,2,suminshim
5610,16767453,IterumVici,"2026-09-06 19:28:10",666.5,2,iterumvici
5611,16679861,Pandabueno,"2026-08-12 15:51:48",666.3,2,ronaldomonzn
5612,16634213,kkunizaw,"2026-08-03 20:47:58",665.6,2,kkunizaw
5613,16798334,"Gabriel othávio","2026-09-02 22:08:55",665.4,2,gabrielothvio
5614,16688884,"As Wasti","2026-08-14 01:34:26",665.2,2,aswasti
5615,16738506,"Rok Sechs","2026-09-16 21:43:58",665.1,2,rokshimiz
5616,16634036,"Emanuel Lázaro","2026-08-02 14:55:30",665.1,2,emanuellcs
5617,16640811,cyberia,"2026-08-02 09:12:23",665.0,1,cyberia
5618,16764445,sukesuke012,"2026-09-03 01:40:16",664.9,2,sukesuke012
5619,16736314,"wuret henr","2026-08-20 09:10:48",664.9,2,wurethenr
5620,16669466,"vuppuluri sriramsubhash","2026-08-06 08:42:50",664.5,2,vuppulurisriram
5621,16668361,NinhNguyen,"2026-09-12 12:55:39",664.4,2,ninhnt110695
5622,16668633,peien5,"2026-08-06 14:44:47",664.4,2,peien5
5623,16622940,"Enrico Ambrosio","2026-08-06 19:56:30",664.4,2,enricoambrosio
5624,16916717,Rubén,"2026-09-18 18:44:49",664.3,2,rucamaba
5625,16726617,"Chase Lebarv","2026-08-19 01:07:58",663.9,2,chaselebarv
5626,16664221,Anish,"2026-08-14 00:53:48",663.8,2,anishmunje
5627,16739551,arao,"2026-08-28 21:24:55",663.8,2,anjanarao
5628,16670365,"Konstantin Alekseev","2026-08-10 10:58:09",663.6,2,alekskst
5629,16644566,"Guangjian Dong","2026-08-02 23:59:18",663.4,1,guangjiandong
5630,16680239,"Marinto Richee J","2026-08-12 08:21:02",663.4,2,marintoricheej
5631,16815488,"crothety liu","2026-09-05 06:27:35",663.2,2,crothetyliu
5632,16945354,"Aakriti Rao","2026-09-23 06:57:11",663.2,2,aakriti0110
5633,16672672,Koiiiiiopen,"2026-08-08 06:25:21",663.2,2,koiiiiiopen
5634,16718579,"Nazariy Karpov","2026-08-18 07:28:29",663.1,2,nazariykarpov
5635,16718039,Uman_n3l,"2026-08-31 14:40:32",662.9,2,umann3l
5636,16640461,"Shigeru Kondou","2026-09-17 19:12:22",662.7,2,shigerukondou
5637,16658616,"Amitesh Chaudhary","2026-08-11 10:04:02",662.5,2,amiteshchaudhary
5638,16678250,"RMS Danaraj","2026-09-08 19:52:43",662.1,2,salorajan
5639,16717414,"Akshit Sivaraman","2026-08-13 14:43:40",661.9,2,akshitsivaraman
5640,16633083,bsenst,"2026-08-07 12:38:47",661.8,2,bnzn261029
5641,16632571,"nishchal jain","2026-08-03 07:27:14",661.7,2,nishchaljainds
5642,16734672,"Artom  Wade","2026-09-18 19:01:18",661.5,2,artomwade
5643,16734321,SubratP85,"2026-08-25 21:03:35",661.3,2,subratp85
5644,16774682,"Tatsuhito Yoshikawa","2026-09-04 02:14:45",661.2,2,tatsuhitoyoshikawa
5645,16809371,"Aashir Noman","2026-09-18 10:03:45",660.9,2,aashirnoman
5646,16842527,ko_fusion_JPN,"2026-09-26 23:46:34",660.9,2,kofusionjpn
5647,16716089,wuzixiao,"2026-09-08 03:36:02",660.5,2,wuzixiao
5648,16661670,sansm1,"2026-08-04 16:54:59",660.5,2,sansm1
5649,16660853,"lxh unbound","2026-08-05 00:02:02",660.4,2,lxhunbound
5650,16709800,nubx,"2026-08-20 17:12:04",660.3,2,manrajjitsidhu
5651,16665764,"izh yng","2026-08-21 06:16:21",660.3,2,izhyng
5652,16640877,Yorix.um,"2026-08-02 13:31:28",660.2,1,yorixum
5653,16658048,"Joel jaison 391","2026-08-05 02:31:57",660.2,2,joeljaison391
5654,16637489,"Gopal Krishna Gundumalla","2026-08-02 12:39:17",659.9,2,gopalkrishnag
5655,16626217,"Stanislav Chistyakov","2026-08-05 18:52:47",659.6,2,chistyakov
5656,16875907,"Yash Mathur","2026-09-18 16:13:00",659.5,2,yashmathur03102001
5657,16663096,Agola_dasacic,"2026-08-04 20:07:50",659.4,2,mnu303
5658,16660470,"Oğuz Kaan Mavice","2026-08-28 09:39:58",659.1,2,oguzkaanmavice
5659,16670424,"Josep Audenis","2026-08-11 17:52:07",659.1,2,josepaudenis
5660,16641068,"Rahul Ray","2026-08-05 14:27:07",658.2,2,rahulray5
5661,16884517,"Fizie Fulumaka","2026-09-14 07:46:31",658.2,2,fiziefulumaka
5662,16658261,"Manan Khanna","2026-08-04 07:41:27",658.0,1,manankhanna0
5663,16672264,iiTz_AK,"2026-08-15 12:18:44",657.8,2,iitzak
5664,16646360,"Asrith Singampalli","2026-08-03 08:46:59",657.6,2,asrithsingampalli
5665,16713877,FunnyBishop,"2026-08-16 03:19:24",657.2,2,funnybishop
5666,16622312,"Malak Reda","2026-08-03 09:02:41",656.6,2,malak457
5667,16652984,hxaxd,"2026-08-05 15:09:49",656.6,2,hxaxdcs
5668,16863492,"Andrew Kalita","2026-09-10 03:32:25",656.5,2,andrewkalita
5669,16663933,AnshV1,"2026-08-06 03:03:35",656.5,2,anshv1
5670,16849153,"Zackary Loevseth","2026-09-08 06:14:48",656.4,2,zackaryloevseth
5671,16667516,Rosastella,"2026-08-05 16:00:48",656.1,2,rosastella
5672,16661685,"Lê Ngọc Lâm","2026-08-13 15:29:40",654.8,2,lengoclam
5673,16652334,"Aldibek [dsmlkz]","2026-08-27 19:33:18",654.8,2,aldibek
5674,16809515,"Александр Трифонов","2026-09-12 20:13:15",654.6,2,cybrvibe
5675,16881370,"xianhao Lin6077","2026-09-15 12:39:40",654.6,2,xianhaolin6077
5676,16678666,"Rudranarayan Pradhan","2026-08-09 12:28:32",654.6,2,itzrnp
5677,16659996,Schwifty,"2026-08-12 20:01:01",654.5,2,schwiftyc137
5678,16639567,YassY_The_AlchemYst,"2026-08-11 15:07:03",654.3,2,yassineelhallaoui
5679,16760087,Slizzle,"2026-08-30 04:37:40",653.5,2,sloan98
5680,16639471,CaminoLSY,"2026-08-05 01:22:09",653.4,2,lsy37521
5681,16898276,SergioMoras,"2026-09-18 10:49:37",652.9,2,sergiomoras
5682,16664249,"Rohan Jain","2026-08-17 20:26:14",652.6,2,rohanjain2312
5683,16656379,"Jay Gautam","2026-08-12 12:19:40",652.0,2,jaygautam007
5684,16882072,"Ahmed Isa Zaweel","2026-09-13 09:57:29",652.0,2,ahmedisazaweel
5685,16750864,Ymori,"2026-09-27 03:41:35",651.9,2,yasunorim
5686,16688868,AlbanMaurel7,"2026-08-14 01:34:07",651.9,2,albanmaurel7
5687,16661376,"YERMES AMINE","2026-08-04 14:13:45",651.8,1,yermes
5688,16730199,kawanot,"2026-08-24 09:15:18",651.3,2,kawano
5689,16747914,"Token's Expired","2026-08-22 16:25:39",651.3,2,"adeebshekh,akratisingh0101,shaankapoor21"
5690,16703203,"Hamza Shafik ","2026-08-17 23:48:06",651.2,2,hamzashafik12
5691,16636105,"Md. Mehedi Hasan","2026-08-01 14:03:03",650.9,2,mehedi052
5692,16692350,"Emerson Suarez","2026-08-16 05:09:13",650.9,2,jericksystem32
5693,16775210,"Daniel LPD","2026-09-10 14:44:52",650.4,2,daniellpd
5694,16659174,Soulwood,"2026-09-06 04:56:32",650.4,2,soulwood
5695,16749524,zzholo,"2026-09-06 00:16:17",650.1,1,zzholo
5696,16669164,コノウイ,"2026-09-23 16:51:48",650.0,2,nickhu0414
5697,16682908,"Masha Mashallah","2026-09-12 09:32:09",649.7,2,mashamashallah
5698,16634876,MakiMakiAi,"2026-08-02 07:52:40",649.7,2,makimakiai
5699,16707034,"Muhammed Ali Kul","2026-09-15 14:52:53",649.6,2,muhammedalikul
5700,16739640,TeamBanzaiSL,"2026-08-27 17:13:26",649.5,2,teambanzaisl
5701,16622015,"Ioannis M","2026-08-06 08:12:21",649.2,2,imeintanis
5702,16672095,"Friaseus ","2026-09-26 17:30:23",648.8,2,friaseus
5703,16675661,June_mk,"2026-09-06 00:08:47",648.5,2,jungoto
5704,16623732,A.S.TENSHU,"2026-08-17 16:25:35",648.3,2,kirvk013
5705,16654579,"anagha kv","2026-09-23 06:30:22",648.2,1,anaghakv6801
5706,16677752,"Senya Ka","2026-08-08 19:16:00",648.2,2,m1greatcool
5707,16667874,Vidushiii,"2026-08-10 12:25:42",648.0,2,vidushianand09
5708,16671980,601918_กิตติพงศ์,"2026-08-08 08:28:12",647.8,2,bluexg5502
5709,16715399,"Julia Chien","2026-09-05 08:21:06",647.7,2,juliachien
5710,16661353,mithi,"2026-08-11 20:04:07",647.7,2,singhaleo
5711,16697844,Noobykiller16,"2026-08-15 06:08:27",647.4,2,noobykiller16
5712,16772394,TNWL,"2026-09-26 11:29:44",647.4,2,vuminh
5713,16672687,Liz,"2026-09-25 23:08:33",647.4,2,lizgarcia3
5714,16675452,Vladislav,"2026-08-12 13:58:35",647.3,2,simmeringoverstep
5715,16942760,"V Manmohan","2026-09-25 10:31:12",647.3,2,vmanmohan
5716,16923772,"Aidan Edward Lawson","2026-09-21 05:55:34",647.2,2,modalpathethics
5717,16670759,"Lemmes Yad","2026-08-09 04:37:37",647.1,2,"austinsemmel,jonallday"
5718,16733131,Rad,"2026-09-23 09:12:43",646.9,2,vnt174
5719,16888646,tinaztepec,"2026-09-19 16:21:38",646.8,2,tinaztepec
5720,16635680,starclan,"2026-08-14 17:50:55",646.7,2,starclan
5721,16714894,"Mitsuaki Inoue","2026-09-27 06:57:47",646.6,2,mitsuakiinoue
5722,16718539,"Divyansh Agrawal","2026-08-14 06:58:46",646.6,2,spartan1925
5723,16634022,"Cihan Atak","2026-08-02 16:00:43",646.5,2,cihanatak
5724,16894008,"Marcus Jamieson","2026-09-25 10:34:42",646.4,2,marcusjamieson
5725,16678044,BJFC,"2026-09-20 16:07:06",646.1,2,"harshithharithsa,svsumanth"
5726,16674543,"Sujal Agarwal2301","2026-08-09 13:37:43",646.0,2,sujalagarwal2301
5727,16921938,"Hikaru Kambe","2026-09-27 04:59:04",645.9,2,hikarukambe
5728,16923101,Kimodii,"2026-09-20 05:30:33",645.7,2,kimodii
5729,16804094,faheem,"2026-09-22 15:33:10",645.6,2,faheemkhaskheli9
5730,16712321,"Elias Schecke","2026-09-11 15:00:14",645.5,2,eliasschecke
5731,16661585,"Fully Liquidated","2026-09-01 01:57:16",645.4,2,kriskilgroe
5732,16658252,"Krishnan CS","2026-08-20 05:28:14",645.2,2,krishnanchathadi
5733,16662050,HandsOffMyBigMelons,"2026-08-13 22:00:12",645.1,2,scrattle
5734,16927400,HaY0801,"2026-09-26 01:56:57",644.7,2,hay0801
5735,16763865,SydneyC666,"2026-08-26 08:50:40",644.5,2,sydneyc666
5736,16659125,"Meet Parekh","2026-08-19 10:31:09",644.5,2,meetparekh1
5737,16691310,"Ganesh ","2026-09-24 21:34:39",644.3,2,hotshot1798
5738,16637340,the_vinci_coder,"2026-08-03 16:27:16",644.2,2,lokijt
5739,16663444,Thomas,"2026-08-11 04:21:42",644.2,2,tartieret
5740,16659749,"Kavsik YVS","2026-08-22 19:30:45",643.7,2,kavsiku0512
5741,16670842,Cole,"2026-08-15 19:50:43",643.7,2,colechristensen
5742,16853417,"Aditya Prasetyo Budiarso","2026-09-11 11:59:34",643.7,2,artsodeva
5743,16759443,"Ayman machhidan","2026-09-25 08:22:39",643.6,2,aymanmachhidan
5744,16645705,wataru420,"2026-09-27 05:44:41",643.5,2,wataru420
5745,16855147,Kao0207,"2026-09-12 12:32:12",643.4,2,kao0207
5746,16755398,takataok_42,"2026-09-25 18:19:32",643.4,2,takataok42
5747,16699488,"Kelvin Lai","2026-09-25 02:56:40",643.3,2,kelvin84hk
5748,16854339,"ML Underdogs","2026-09-22 06:19:48",642.9,2,mdjubairhasan
5749,16943936,"Wessel van Dijke","2026-09-24 21:23:34",642.8,2,wesselvandijke
5750,16759162,sgsuh,"2026-09-23 14:41:49",642.3,2,seukgyo
5751,16688429,"Omrani Rabah","2026-08-11 22:19:21",642.3,2,omranirabah
5752,16692954,"Adam Nhan","2026-08-16 19:10:48",642.2,2,asnhan
5753,16678246,"Mark Holloway","2026-09-05 22:23:35",641.7,2,markholloway
5754,16759229,"Samuel Kurabachew","2026-08-28 22:17:20",641.6,2,samuelkurabachew
5755,16692569,"Mark Kirwan","2026-08-26 08:05:16",641.6,2,markkirwan1990
5756,16654267,maniginam,"2026-09-27 03:00:06",641.5,2,maniginam
5757,16926305,"Ιωάννης Μπερτολης","2026-09-23 16:15:30",641.1,2,"absor97,bertolis"
5758,16635127,"Sergey Bryansky","2026-08-26 20:39:37",641.0,2,sggpls
5759,16691481,"Aditi Salvi","2026-08-18 15:24:53",641.0,2,aditisalvi04
5760,16675475,"Andrey Aristov","2026-08-10 22:02:24",640.9,2,andreyaristov
5761,16639473,"Jeff Borschowa","2026-08-02 00:39:11",640.9,2,jeffborschowa
5762,16665301,EricYang03,"2026-08-13 15:49:11",640.7,2,ericyang03
5763,16891184,rbjp557,"2026-09-24 10:35:20",640.6,2,rbjp557
5764,16793626,"KO LIH HAN","2026-09-11 01:29:18",640.5,2,kolihhan
5765,16944040,guarva,"2026-09-25 10:27:00",640.4,2,guarva
5766,16662633,"Shekhar Suman","2026-08-15 19:17:49",640.2,2,shekharvc
5767,16924892,"cheng chen","2026-09-26 02:32:48",640.0,2,icebruce
5768,16655217,"Jiawei Zhao","2026-09-26 21:57:57",639.9,2,c789a123
5769,16668021,"bali rasem","2026-08-07 16:15:13",639.9,2,balirasem
5770,16726093,CocoTeam,"2026-08-18 14:22:45",639.8,2,"albaasca,ceemeese"
5771,16661467,sh_sub97,"2026-08-12 15:20:25",639.8,2,shsub97
5772,16672035,diet1236364,"2026-08-09 23:37:45",639.7,2,kosuke123
5773,16712567,PatWid,"2026-08-18 17:17:20",639.5,2,patwid
5774,16818110,Kactus,"2026-09-16 00:15:43",639.4,2,kactus
5775,16903652,LokeshGiri,"2026-09-26 15:05:34",639.2,2,"lokeshjasrotia,vengatagirig"
5776,16655187,cmxu,"2026-08-05 05:31:07",639.1,2,cmxu77
5777,16719081,数学の山田,"2026-09-15 10:28:05",639.0,2,b612sum1
5778,16674532,"shoaib khan","2026-08-08 01:57:11",638.9,2,manifoldinfo
5779,16796509,"Taha Alselwi","2026-09-26 23:42:05",638.8,2,tahaalselwii
5780,16663515,HamsterSashka,"2026-08-20 14:40:55",638.8,2,hamstersashka
5781,16657419,"Saivedant Hava","2026-08-05 06:36:39",638.6,2,saivedanthava
5782,16762719,"Ahmet Bilginoglu","2026-09-02 20:34:49",638.6,2,ahmetbilginoglu
5783,16758298,"Jack p","2026-08-30 07:36:22",638.4,2,jtv199
5784,16662138,"Luan He","2026-09-05 21:53:24",638.2,2,luanhe
5785,16792512,ckd999,"2026-09-26 23:06:56",638.2,2,ckd999
5786,16623555,yindujuxi,"2026-08-01 10:11:35",638.1,2,yindujuxi123
5787,16838855,"Sze Yu Sim","2026-09-09 01:37:05",638.1,2,szeyusim
5788,16668923,"duy tran","2026-08-10 18:38:49",637.9,2,duytran23
5789,16655062,KKS,"2026-08-08 07:36:03",637.6,2,sachisgod
5790,16663659,"Omer Rehman","2026-09-02 11:05:02",637.4,2,omerrehman97
5791,16844092,Johana01,"2026-09-15 08:10:42",637.3,2,johana01
5792,16677514,mayoristaNLP,"2026-08-09 16:33:23",637.1,2,mayoristanlp
5793,16665816,Vikas1306,"2026-08-10 05:53:19",636.9,2,vikas1306
5794,16639719,JASONSLIMWONG,"2026-08-02 08:11:22",636.9,2,jasonslimwong
5795,16714166,"Naman Malik","2026-09-27 07:22:15",636.5,2,"adenijielijah,anapau11,marydata,namanmalik81714"
5796,16654193,fvong,"2026-09-04 07:15:22",636.1,2,fvong35963
5797,16934906,"sou yamaguchi","2026-09-21 09:59:04",636.1,2,souyamaguchi
5798,16716300,"Julian Kerignard","2026-09-07 10:12:31",635.9,2,juliankerignard
5799,16652339,"Mohamed Amine Rebhi","2026-08-03 16:03:07",635.9,2,mohamedaminerebhi
5800,16643692,Samsay24,"2026-08-02 17:22:45",635.8,1,samsay23
5801,16708369,JairSanchez151270,"2026-08-11 16:30:55",635.6,2,jairsanchez151270
5802,16667058,"Lê Quốc Duy","2026-08-08 01:03:08",635.4,2,lqucduy
5803,16640619,"Sơn Nguyễn","2026-08-28 08:19:19",635.1,2,sonnguyen10
5804,16660548,"Viraj Bakshi","2026-08-08 18:50:11",635.1,2,virajbakshi
5805,16636725,shichi,"2026-08-11 12:47:35",634.9,2,shichi
5806,16741188,"Adarsh Samanu","2026-08-20 00:01:33",634.7,2,adarshsamanu
5807,16699578,kakanekoka,"2026-09-04 17:45:15",634.7,2,kakanekoka
5808,16924397,ngzeonwang,"2026-09-24 08:57:26",634.5,2,ngzeonwang
5809,16675997,"Rintaro Moriwaki","2026-09-16 16:03:10",634.3,2,rintaromoriwaki
5810,16694779,JacobKooi,"2026-08-10 09:16:35",634.3,2,jacobkooi
5811,16656072,Vespidae,"2026-08-14 03:30:03",633.9,2,ianapis
5812,16713236,kingofeverything,"2026-09-21 16:27:45",633.8,2,"kingofeverything,skyyyang"
5813,16639973,akky,"2026-08-03 15:39:41",633.7,2,tellxxx
5814,16668868,tawashi,"2026-08-13 06:51:45",633.6,2,tawashi
5815,16685412,Praveen8775,"2026-09-22 15:48:40",633.6,2,praveen8775
5816,16656167,"Minh Quang Do","2026-09-11 04:05:53",633.5,2,mrfreddy0209
5817,16728204,Meshwa,"2026-09-04 11:17:12",633.4,2,meshwapatel4287
5818,16685069,derek_kuang0213,"2026-08-22 10:33:21",633.4,2,derekkuang0213
5819,16947217,"Chikkam Sandeep Munna","2026-09-25 20:26:45",633.3,2,chikkamsandeepmunna
5820,16725150,"Nicolae Drabcinski","2026-09-01 11:45:51",633.2,2,nickdrabcinski
5821,16698596,ymok,"2026-09-12 02:00:52",633.2,2,iromao
5822,16799014,"Vaibhav singh kaira","2026-09-12 04:49:54",632.9,2,vaibhavsinghkaira
5823,16669330,"Panagiotis Charalabopoulos","2026-08-26 18:49:46",632.9,2,panagiotischaral
5824,16639810,gytdrop,"2026-08-14 12:47:28",632.7,2,"kartikeyrajbhar,shaikaktharali"
5825,16705345,"DEMON JI","2026-08-14 15:02:11",632.4,2,demonji04
5826,16638667,"Sarvesh Nikas","2026-09-23 11:44:21",632.1,2,sarveshnikas
5827,16663356,Farm-ops,"2026-08-06 23:27:37",631.9,2,"dakotavannauker,tsho01"
5828,16631090,yoikoarmor,"2026-08-09 07:01:44",631.9,2,yoikoarmor
5829,16710621,(´･_･`),"2026-08-16 07:14:53",631.8,2,tanakh
5830,16840735,"Heavy Drivers 2.0","2026-09-16 22:40:25",631.7,2,"cranjuice,pgggggggggggg,sudhanvaed25b055"
5831,16822111,hikarimaru,"2026-09-10 14:07:36",631.5,2,hikarimaru
5832,16881453,"fahim magsi","2026-09-13 15:18:43",631.3,2,fahimmagsi
5833,16687883,CherylStoned,"2026-08-11 22:53:28",631.3,2,cherylstoned
5834,16662066,"Yug Savalia","2026-09-25 19:48:56",631.3,2,"priyankagarg19,yugsavalia"
5835,16859900,ZZZ234234234,"2026-09-25 10:49:35",631.2,2,zzz234234234
5836,16925442,"Stef Sempels","2026-09-22 08:29:38",631.2,2,stefsempels
5837,16669392,cobrapigeon,"2026-08-20 18:43:25",631.1,2,cobrapigeon
5838,16786485,"Sam Jenkins","2026-09-01 03:50:16",631.1,2,samjenkinsuk
5839,16693137,"Ich Benavides","2026-09-06 18:24:52",631.0,2,jabeichbenavides123
5840,16662486,"KOTHAPALLI DILEEP","2026-08-10 12:06:14",630.8,2,kothapallidileep
5841,16657095,"Prashant Kumar","2026-08-20 12:59:11",630.7,2,praskr
5842,16658083,"Gunjan Solanki","2026-09-03 10:39:28",630.4,2,blackhatv1
5843,16635177,Zacchaeus,"2026-08-07 07:04:15",630.4,2,zacchaeus
5844,16655744,"Ademola Arigbabuwo","2026-09-03 21:44:49",630.3,2,princedemo
5845,16662338,jaepyeocho,"2026-09-13 11:39:37",630.2,2,jaepyeocho
5846,16922434,Raduansm,"2026-09-26 23:23:49",630.2,2,raduansm
5847,16887820,"Radosław Czajkowski","2026-09-21 17:59:25",630.2,2,radoslaw
5848,16856888,"Md Mehrab Hossain Opi","2026-09-10 07:16:45",629.8,2,iamopi
5849,16811210,"Matt Dowis","2026-09-04 14:41:36",629.8,2,mattdowis
5850,16832474,"Isaac D. Hérnandez G.","2026-09-15 23:52:34",629.7,2,isaacdhrnandezg
5851,16939742,"Shivang Modi","2026-09-26 08:52:23",629.4,2,shivang22
5852,16822523,bvgr,"2026-09-15 19:17:50",629.3,2,vbeeram
5853,16665120,nobody,"2026-08-13 14:48:45",629.0,2,rajesh1729
5854,16657332,"Amit Malakar","2026-09-27 06:02:06",628.7,2,amitmalakarjoy
5855,16684710,"Pratik Singh","2026-08-11 11:34:48",628.7,2,pratikks11
5856,16635848,KartoplyanePure,"2026-08-31 20:43:34",628.6,2,"danylotovp,wizardmp"
5857,16688929,"Kangqiao LIU","2026-08-18 07:44:55",628.6,2,kangqiaoliu
5858,16708189,Facouse,"2026-08-11 16:09:17",628.5,2,facouse
5859,16639223,"SIDHAARTH SHREE","2026-08-19 15:03:55",628.3,2,sidhaarthshree
5860,16798268,KAEOS,"2026-09-06 20:09:49",628.3,2,hitesh221
5861,16696267,"yu lesui","2026-08-10 05:41:40",628.2,2,yulesui
5862,16666391,"Harshpreet Singh","2026-08-06 10:32:51",628.2,2,harshpreet931
5863,16865982,"Orest Myth","2026-09-23 13:26:01",628.2,2,orestmyth
5864,16663361,protoLabs.studio,"2026-08-06 18:39:50",628.0,2,protolabsstudio
5865,16862913,MLEDV,"2026-09-11 18:13:10",627.8,2,edwardvaines
5866,16701036,"Tiandong Wang","2026-08-19 11:45:32",627.6,1,condone
5867,16702932,kyconf,"2026-09-12 14:10:46",627.3,2,kyconf
5868,16756176,"Unsh Rawal","2026-09-06 20:29:16",627.2,2,unshrawal
5869,16741892,astro,"2026-08-20 20:49:49",627.0,2,mayursamrutwar
5870,16655897,"Huanchen Jia","2026-09-27 02:56:43",627.0,2,huanchenjia123
5871,16669856,StrugglerK,"2026-09-22 17:10:09",626.9,2,muhammedkaanlker
5872,16630519,"Mehmet Özer","2026-08-01 16:51:55",626.6,2,ozermehmet
5873,16623645,"ayutin tin","2026-08-14 07:48:31",626.6,2,ayutintin
5874,16658272,"Yash Katiyar","2026-08-08 20:17:05",626.2,2,yashkatiyar409
5875,16718202,"Abhi Kumar Agrawal","2026-08-18 09:52:24",626.2,2,abhikumaragrawal
5876,16857130,"Joao Araujo","2026-09-09 01:11:50",626.2,2,jhcaextra
5877,16635049,rooklift,"2026-08-16 06:27:36",626.0,2,rooklift
5878,16663343,"Abdullah M. Haque","2026-09-13 18:41:14",626.0,2,abdullahmhaque
5879,16807281,sansh0u0,"2026-09-04 02:16:09",626.0,2,sansh0u0
5880,16717483,Caerno,"2026-09-25 19:38:44",625.9,2,caerno
5881,16654855,"Pedro Rezende Gomes","2026-08-06 00:41:30",625.7,2,pedrorzgomes
5882,16773966,"Ronel Abraham Mathew","2026-08-26 16:05:26",625.6,2,ronelm
5883,16891179,feng222666888,"2026-09-24 10:49:47",625.6,2,feng222666888
5884,16882001,"Satyam Pote","2026-09-13 00:00:04",625.6,2,satyampote
5885,16658430,bruyantq,"2026-09-23 08:33:16",625.2,2,bruyantq
5886,16770154,Florian,"2026-09-11 07:52:00",625.1,2,ftusek
5887,16845664,fabio5050,"2026-09-16 04:04:27",625.0,2,fabio5050
5888,16694269,Aftxb,"2026-08-11 14:58:08",625.0,2,aftxb07
5889,16665654,"Anurag H H","2026-09-10 15:05:26",625.0,2,anur4ghh
5890,16899024,Whooriiiaaaaa,"2026-09-24 23:24:57",624.9,2,"nickazaria,woupyie"
5891,16666452,"victor souza","2026-08-09 17:07:51",624.7,2,victorcaio
5892,16852559,永井こうたろう,"2026-09-09 04:01:11",624.6,2,kotakota914
5893,16666833,DenisKoronchik,"2026-09-14 21:19:27",624.6,2,deniskoronchik
5894,16763977,"Jong Park","2026-08-26 09:21:40",624.5,2,papercat318
5895,16875690,jwboost,"2026-09-16 04:31:31",624.5,2,kiritocui
5896,16728069,Taisei7,"2026-09-09 06:27:49",624.2,2,taisei7
5897,16696724,arkmid,"2026-09-09 13:11:46",624.1,2,arkmid
5898,16716402,"Shashvat Singham","2026-09-26 22:53:59",624.0,2,shashvatsingham
5899,16678773,"Steve Probst","2026-09-09 01:51:39",623.9,2,steveprobst
5900,16662375,"Yunusa Hussein Adeiza","2026-08-14 22:12:49",623.6,2,yunusahusseinadeiza
5901,16695633,"Kiran Kumar","2026-09-12 16:57:52",623.5,2,iamrkk
5902,16740404,BarrelAged,"2026-09-13 11:27:04",623.4,2,johnhosack
5903,16674324,"luca fregona","2026-08-08 13:37:49",623.4,2,lucafregona
5904,16672103,"fred mahinay","2026-08-24 23:34:48",623.2,2,fredmahinay
5905,16735298,Watary0927,"2026-08-22 23:25:11",623.1,2,watary0927
5906,16633923,JackyFan123,"2026-08-01 15:22:04",622.9,2,jackyfan123
5907,16664219,JosephGuhlin,"2026-08-10 08:46:16",622.8,2,jguhlin
5908,16664103,izack2666,"2026-08-07 14:41:10",622.2,2,izack2666
5909,16656501,"Thái Phạm Công","2026-08-05 03:59:47",622.2,2,thaipc
5910,16702713,"Rob Sartin","2026-09-24 21:59:26",622.1,2,robsartin
5911,16758204,kkKaan,"2026-08-24 07:56:58",622.1,2,kkkaan
5912,16667762,KucingGanteng,"2026-09-12 20:04:37",622.0,2,dhiyaussalam
5913,16724522,"stathis maurog","2026-08-26 07:01:48",621.7,2,stathismaurog
5914,16784599,"Engineer Lisa","2026-09-27 02:24:18",621.3,2,lisamhines
5915,16755568,KHuShIMaHajan,"2026-08-21 18:55:05",621.2,2,bymista4578
5916,16772673,"Alejandro Rendon B.","2026-09-22 22:21:04",620.9,2,alejandrorendonblan
5917,16780969,"Ewa Suknarowska","2026-08-30 15:53:25",620.4,2,ewasuknarowska
5918,16664828,Leon,"2026-08-09 09:00:09",620.4,2,leonmyl
5919,16687808,GorillaGhost,"2026-08-13 23:23:10",620.3,2,gorillaghost
5920,16755681,nic001,"2026-08-28 08:06:19",620.3,2,mimamura
5921,16939445,Dylan,"2026-09-26 17:15:34",620.3,2,dylan2778
5922,16640933,"Bhanu prasad","2026-09-21 03:21:24",620.1,2,restlesseagle
5923,16912690,"Tegh Bindra","2026-09-20 04:55:09",619.9,2,teghbindra
5924,16802675,manishcs076,"2026-09-16 21:13:06",619.5,2,manishcs076
5925,16932197,SamarthPD-21,"2026-09-25 13:57:11",619.4,2,samarthpd21
5926,16733195,"Zukas F.","2026-09-27 05:29:31",619.0,2,zukasf
5927,16668089,Goller,"2026-08-26 15:05:53",618.7,2,goller
5928,16673346,gabrielep09,"2026-08-11 01:52:41",618.4,2,gabrielep09
5929,16880938,nousername22,"2026-09-27 06:48:27",618.0,2,nousername22
5930,16658050,"changwei shi","2026-08-18 02:45:47",618.0,2,changweishi
5931,16633175,"Umut Kıvanç Sipahioğlu","2026-08-04 15:51:56",618.0,2,umutkvansipahiolu
5932,16784960,i-yuki23,"2026-08-30 01:13:11",617.8,2,iyuki23
5933,16719065,"Aldo Rizona","2026-08-17 15:32:26",617.3,2,aldorizona
5934,16750175,"Quentin Pr","2026-08-27 18:08:14",617.3,2,quentinpr
5935,16624277,"D S S Kumar","2026-08-10 03:22:55",617.1,2,satrusskumar
5936,16658043,"Tran Huy Hoang1312","2026-08-05 01:58:39",616.8,2,tranhuyhoang1312
5937,16676308,DC,"2026-08-19 17:34:02",616.8,2,choudahchiun
5938,16634582,"Tarun Chaudhary","2026-08-12 06:36:33",616.5,2,tarunchdev
5939,16743617,Dancing_Chaos,"2026-08-31 15:42:35",616.2,2,"bailynlove4ever,ripplecddc"
5940,16663238,"Francesco Zaccaria","2026-08-21 07:28:57",616.2,2,francescozaccaria
5941,16893361,lemonjuice2312,"2026-09-19 07:36:26",616.2,2,lemonjuice2312
5942,16677402,"Hıdır Demir","2026-09-10 22:35:54",615.9,2,hdrdmr
5943,16679079,"cedric stephan ","2026-08-25 20:39:15",615.4,2,cedricstephan
5944,16662015,"ryan panda","2026-09-23 20:03:28",615.3,2,hollowpurple
5945,16690852,"Naveen Venu Bagadi","2026-08-30 04:38:13",615.0,2,naveenvenubagadi
5946,16757447,soyukke,"2026-09-13 17:38:12",614.9,2,soyukke
5947,16665517,"RUEI-HSIANG. CHANG","2026-08-17 15:23:55",614.7,2,rueihsiangchang
5948,16918826,NOTSUREKITTY,"2026-09-19 03:56:04",614.7,2,notsurekitty
5949,16698007,"Juanma Serrano","2026-08-23 15:49:31",614.5,2,juanmaserrano
5950,16793895,"Moh Notif","2026-09-26 23:03:08",614.2,2,mohnotif
5951,16630501,"Haris Ahmed","2026-08-14 10:08:51",614.0,2,harisahmedgenai
5952,16669561,"Nikunj Pahwa","2026-08-15 20:04:36",613.8,2,nikunjpahwa
5953,16736579,rk777848,"2026-09-25 07:51:29",613.6,2,rk777848
5954,16679295,Mk26,"2026-09-04 13:52:05",613.5,2,"manishk26,mans31"
5955,16759351,"Shinsaku Haruta","2026-09-21 12:22:17",613.5,2,shinsakuharuta
5956,16664149,"Bushel Seed","2026-08-12 17:10:56",613.4,2,"dmyung,nicholasmschwartz"
5957,16715251,SoraGinko,"2026-08-28 18:52:17",613.4,2,terrywuu
5958,16748955,micchy,"2026-09-23 22:17:27",613.3,2,micchy326
5959,16661943,"Cow Wizard","2026-08-14 02:14:58",612.9,2,cowwizard321
5960,16660955,"Nihal l.suvarna","2026-09-17 14:24:23",612.8,2,nihallsuvarna
5961,16694575,"Aloise Mutune","2026-09-17 13:48:22",612.4,2,aloisemutune
5962,16670214,"Louis @ tradeInsight.ai","2026-08-21 15:18:11",612.3,2,louisquart
5963,16623886,onepunch999,"2026-08-01 07:30:37",612.2,2,onepunch999
5964,16914138,"Amritesh Anand","2026-09-25 09:38:53",612.1,2,amriteshananad
5965,16797025,"Jonathan Glinton","2026-09-11 17:11:01",612.1,2,jonathanglinton
5966,16780019,"hamza khokhar890","2026-09-20 16:35:58",611.9,2,hamzakhokhar890
5967,16741660,Dhruv_Goyal990,"2026-09-03 16:20:31",611.9,2,"dhruvgoyal990,prathameshbelavagi"
5968,16905608,ChrisVas123,"2026-09-16 09:44:56",611.9,2,chrisvas123
5969,16695822,"Ahmad Elawady","2026-08-18 20:06:59",611.3,2,aielawady
5970,16639492,"Vishnu R Mohan","2026-08-08 20:36:19",611.1,2,vishnurmohan
5971,16918421,"Joseph Kosednar","2026-09-27 06:12:07",611.1,2,josephkosednar
5972,16852963,LingLingToshite,"2026-09-24 09:32:57",611.0,2,lingtoshitehiroki
5973,16746151,"Nicolas Gomasjaya","2026-08-26 16:57:08",611.0,2,nicolasgomasjaya
5974,16929645,"GeneralShizha ","2026-09-20 10:27:45",610.9,2,generalshizha
5975,16847275,"Giovanni Marco Dall'Olio","2026-09-09 20:43:20",610.2,2,dalloliogm
5976,16688108,Special_octo20,"2026-09-14 19:16:13",610.0,2,specialocto20
5977,16657570,"Guruprasad Parasnis","2026-08-10 12:04:57",609.9,2,guruprasadparasnis
5978,16879477,liuzewen123,"2026-09-27 05:59:14",609.8,2,liuzewen123
5979,16757614,"Eduardo Molina","2026-09-06 04:04:22",609.4,2,eduardomolinaai
5980,16724364,Sh4ron,"2026-09-11 15:48:11",609.3,2,sh4ron
5981,16797969,probability,"2026-09-07 09:44:49",609.3,2,probabilitywavepeak
5982,16635004,"jacob OKOTH O","2026-08-02 05:57:05",609.2,1,jacobokotho
5983,16892537,"🐖 piggy bank butchery 🥩","2026-09-26 18:34:34",609.1,1,artemkhakimov
5984,16941176,"Jesse #2","2026-09-26 20:21:59",609.0,2,atjesse
5985,16636954,"Jeff Horon","2026-09-13 16:30:41",608.7,2,jeffhoron
5986,16640816,pawaraman,"2026-08-02 19:46:52",608.1,2,pawaraman
5987,16671217,"Akshay V","2026-08-21 04:01:22",607.9,2,akshayv1001
5988,16684957,"Lucas Ferreira","2026-08-11 18:20:43",607.6,2,lucasdeoferreira
5989,16739128,"Praneeth Paikray","2026-09-07 11:18:26",607.6,2,paiky1995
5990,16658224,"Daniel Gallardo Gómez","2026-08-07 08:17:24",607.3,2,danielgallardogmez
5991,16664024,"Juan David Bolanos","2026-08-13 17:06:00",607.3,2,juandavidbolanos
5992,16669489,"Yichi Zhang","2026-08-28 19:31:07",607.1,2,yichizhang12
5993,16655340,LGarcia10,"2026-08-17 13:17:31",607.0,2,leonardogarcia10
5994,16741121,"Vignesh Nehru","2026-09-22 07:58:54",606.9,2,vigneshnehru
5995,16635796,MugaBros,"2026-08-04 05:27:02",606.8,2,"drrocktotpalkonwarh,monjyotid"
5996,16676254,"Lazy Lagoon","2026-09-17 16:26:05",606.4,2,"mokshoswal137,taniyasankhe"
5997,16690988,"Aditya Bharadwaj","2026-08-20 10:02:32",606.4,2,adityabharadwaj26
5998,16725010,jenninglim,"2026-08-23 08:38:47",606.3,2,jenningl
5999,16737986,"Edris Yawar #2","2026-09-05 09:32:08",606.3,2,edrisyawar
6000,16663784,Aniketh2k7,"2026-08-10 06:02:02",606.2,2,aniketh2k7
6001,16667258,"Firman Imam","2026-08-09 02:36:56",605.9,2,piririp
6002,16699838,"Harry Taylor","2026-08-21 10:38:18",605.8,2,harryphysics
6003,16766732,"Maziyar Abyari","2026-09-19 08:14:10",605.8,2,maziyarabyari
6004,16673477,ArtFix,"2026-08-11 00:51:09",605.8,2,artfix
6005,16841397,"Petro Tarnavskyi","2026-09-06 12:36:05",605.5,2,petrotarnavskyi
6006,16654456,"Tristan Peng","2026-08-09 17:00:48",605.5,2,tristanpeng
6007,16718133,KaranjeetSingh1110,"2026-09-16 15:31:45",605.3,2,karanjeetsingh1110
6008,16777222,"José Daniel Ara","2026-08-27 00:12:53",605.2,2,josdanielara
6009,16721960,"Lê Khang","2026-08-18 19:42:43",605.2,1,kobtdatten
6010,16668298,"Riki Garcia","2026-08-26 15:36:14",605.2,2,rikigarcia
6011,16767802,"Luis Fernando Faria","2026-08-31 20:57:29",605.2,2,luisfernandofaria
6012,16687788,"Me and the Geese","2026-08-26 15:57:41",605.1,2,skalermo
6013,16664457,yaohongfu,"2026-08-10 12:30:43",605.0,2,yhfwww
6014,16635670,"Mr.S hanakosan","2026-08-09 00:31:34",604.8,2,earlgreytea15
6015,16675952,bazinga,"2026-09-22 23:21:10",604.4,2,stephanhahn16
6016,16656274,googunmo,"2026-08-08 01:13:58",604.3,2,googunmo
6017,16658602,aldoktvns,"2026-08-04 15:51:08",603.9,2,alrette
6018,16784154,JoshJML,"2026-09-03 05:39:26",603.9,2,joshjml
6019,16656013,Asuran,"2026-09-04 04:43:56",603.0,2,zkasuran
6020,16684436,Simon-the-sorcerer,"2026-09-26 23:08:05",602.8,2,simonwiller
6021,16670834,romin_123,"2026-08-14 01:25:19",602.7,2,romin123
6022,16665476,"Zhanghao Chen69","2026-08-19 12:42:33",602.5,2,zhanghaochen69
6023,16950015,"Jacob Stultz1","2026-09-23 22:49:13",602.5,1,jacobstultz1
6024,16764605,"Bandito Gangesterito","2026-09-22 18:06:53",602.4,2,"mrtrueteller,restovrator"
6025,16660310,KOLONEX.NET,"2026-08-10 12:40:46",602.4,2,danielandresmiranda
6026,16876642,Gruberx,"2026-09-25 17:53:44",602.4,2,gruberx
6027,16668354,"ashraf saiyed","2026-08-13 13:44:31",602.3,2,ashrafsaiyed58
6028,16756113,"George Megre","2026-09-16 07:04:00",602.2,2,georgemegre
6029,16670420,"Mihir Argulkar","2026-08-07 20:03:15",601.9,2,mihirargulkar
6030,16632757,taopy2,"2026-09-27 04:27:15",601.8,2,taopy2
6031,16808956,"Denis Zerov","2026-09-03 10:59:46",601.8,2,dinoden
6032,16747390,SawadaTsurumai,"2026-08-24 09:48:07",601.8,2,sawadatsurumai
6033,16814805,Muzhi11,"2026-09-21 02:41:31",601.7,2,muzhi11
6034,16911383,PurpleNightmare,"2026-09-26 07:35:39",601.6,2,purplenightmare
6035,16698034,Anatoliy_Fomin,"2026-08-12 12:57:18",601.4,2,anatoliyfomin
6036,16766888,"Alex #4","2026-08-24 14:42:19",601.4,1,alxndrvara
6037,16665942,"Satvik R Shetty","2026-08-09 03:59:52",601.1,2,satvikrshetty
6038,16809762,"Ryan Wong","2026-09-04 14:47:39",601.1,2,taggatle
6039,16664709,kai,"2026-08-18 23:29:11",600.9,2,sungwo101
6040,16738538,ZHANG_WuHua,"2026-08-18 16:21:19",600.8,2,zhangwuhua
6041,16724002,Yahia717,"2026-08-20 20:48:31",600.8,2,yahia717
6042,16624888,okome_niigata,"2026-08-06 06:47:17",600.7,2,okomeniigata
6043,16664241,payoon,"2026-08-07 08:24:05",600.7,2,payoon1234
6044,16633269,op_star_platinum,"2026-08-09 17:52:52",600.6,2,opstarplatinum
6045,16750036,"Kiệt Lưu","2026-09-05 03:41:19",600.6,2,jaxyss
6046,16660270,Ziel_Lux,"2026-09-22 14:36:05",600.6,2,nahbilafaith
6047,16734712,"Jamshid Ganiev","2026-08-19 06:03:31",600.4,2,jamshidganiev
6048,16738805,"Sergey Panasenko","2026-08-31 23:14:50",600.2,2,spanasenko
6049,16887107,"Crazy Spirits","2026-09-27 07:38:13",600.0,2,latents
6050,16863512,YumeNeko,"2026-09-27 07:40:18",600.0,2,kashiwaba
6051,16875479,"Debasish Gorai","2026-09-27 07:40:50",600.0,2,debasishgorai
6052,16665984,hepialidae,"2026-08-10 16:05:19",599.7,2,hepialidae
6053,16659974,"anthony sinchi","2026-08-18 00:01:08",599.5,2,anthonysinchi
6054,16630559,khan,"2026-08-02 12:18:56",599.5,2,khansolov
6055,16876021,"Jeff Law #2","2026-09-17 23:31:28",599.3,2,jlaw99
6056,16636808,"Kaito Ichikawa","2026-09-18 10:15:37",599.1,2,kaitoichikawa
6057,16775652,"Dat Dinh","2026-09-14 02:48:43",599.1,2,dathbdinh
6058,16702411,"Aryuemaan Chowdhury","2026-08-21 07:05:31",598.8,1,aryuemaanchowdhury
6059,16888546,"Skskj Sskm","2026-09-16 03:06:12",598.8,2,skskjsskm
6060,16709481,"Gerbilles Saucières","2026-08-22 10:38:44",598.8,2,"benjaminhrt30,volbox1902"
6061,16660805,"Ramon van Dijk","2026-08-05 05:48:21",598.5,2,ramonvandijk
6062,16699415,"Dohwan Kwak","2026-08-31 01:05:28",598.3,2,dohwankwak
6063,16664159,"james nazareth","2026-08-19 02:13:23",598.2,2,jamesnazareth
6064,16895824,"Dhruv lele","2026-09-20 05:41:57",598.1,2,dhruvlele
6065,16665042,Neo_0x3f,"2026-08-10 21:36:56",597.8,2,neo0x3f
6066,16653222,StevenYuan7788,"2026-08-17 17:38:44",597.7,2,stevenyuan7788
6067,16663200,BONES,"2026-09-26 18:37:23",597.6,2,tusharkumar23321032
6068,16775770,"Ashish Kumar","2026-08-27 17:18:58",597.4,1,whoashish115
6069,16665342,Prothos,"2026-08-23 13:44:29",596.7,2,vjuenemann
6070,16655595,ashsah,"2026-08-31 08:37:35",596.7,2,ashsah
6071,16633772,ayuma,"2026-08-03 06:01:01",596.6,2,onthoze
6072,16736856,misaki,"2026-09-26 00:42:12",596.6,2,"dicenull,iroharyo,jinnsou0219,misakima"
6073,16719745,"Masih Pemula Beneran","2026-08-31 02:14:53",596.6,2,mikhaeldhika
6074,16699292,"Siddharth Kumar Gopal","2026-08-14 16:35:03",596.4,2,siddharthkumargopal
6075,16654085,"Bill Xu","2026-09-27 07:04:13",596.3,2,billll
6076,16706192,rustlers42,"2026-09-02 15:24:05",596.1,2,"lkshrsch,powerofcreation"
6077,16860088,Lockers,"2026-09-09 11:32:59",596.0,1,lockers123
6078,16639970,Gowtham2962s,"2026-09-20 17:35:06",595.9,2,gowtham2962s
6079,16659817,"Viet Anh Ngo ","2026-08-31 09:41:08",595.9,2,vietngogm
6080,16623580,matsu997,"2026-09-22 15:27:14",595.8,2,mastu997
6081,16693949,"Eric Worrall","2026-09-24 12:55:00",595.8,2,ericworrall
6082,16686715,"Adrien Secondaire","2026-08-08 15:54:58",595.6,2,adriensecondaire
6083,16668720,"etienne duplessix","2026-08-10 22:48:53",595.5,2,etienneduplessix
6084,16663736,"Life Is Roblox","2026-08-17 18:58:37",595.4,2,alexlisenko
6085,16636454,epigene,"2026-08-02 10:14:52",595.2,2,nadhu59648
6086,16846149,"Arnav Salkade","2026-09-07 15:00:23",595.2,2,arnavsalkade
6087,16657397,"QSS Technosoft AI Team","2026-08-05 07:47:00",595.2,2,"kunalthedev,nishantkumarabes,prathamydvv,prishagdev,shreyakchakraborty"
6088,16631573,uesi,"2026-08-01 12:04:04",595.1,1,uemura687
6089,16885575,"Kotaro Imamura","2026-09-18 00:47:04",595.1,2,kotaroimamura
6090,16691580,"Toni Blanco","2026-08-11 13:10:45",595.1,2,toniblanco
6091,16763838,"L. Barriga","2026-09-09 10:57:18",594.8,2,lbarriga
6092,16790257,"Shivam Kushwaha","2026-08-30 11:55:08",594.6,2,shivamk21
6093,16855646,Seshu,"2026-09-09 14:49:33",594.6,2,seshuthota
6094,16648215,"Terrence Chuwe","2026-08-03 13:32:15",594.4,2,terrencechuwe
6095,16655142,"Stanislav Kuznetsov","2026-09-03 12:58:20",594.4,2,drtduck
6096,16738994,"Hem Viramgama","2026-08-21 00:34:48",594.4,2,hemviramgama
6097,16664112,"Ethan Hung","2026-08-08 21:44:57",594.2,2,chinesegorilla99
6098,16668269,"Rashi Jain07","2026-08-05 17:46:37",594.2,1,rashijain07
6099,16660491,"Ryan Hancock","2026-08-08 09:56:54",594.0,2,rychanfox
6100,16687925,BillDoser,"2026-09-11 21:54:35",594.0,2,billdoser
6101,16661225,"Monibee Fudgekins","2026-09-16 18:18:38",593.9,2,monibeefudgekins
6102,16705348,"Howard lin","2026-08-20 23:01:36",593.9,2,howardlin007
6103,16851573,NaNomin,"2026-09-08 01:55:42",593.8,1,nanomin
6104,16659294,"Muhammad Rafzan","2026-09-05 18:30:44",593.8,2,revianalfariz
6105,16795802,Kk,"2026-09-21 10:03:04",593.6,2,cudamax
6106,16650160,nori8774,"2026-08-10 06:26:21",593.6,2,norimasayamamoto
6107,16675888,"Rob Gonzalez","2026-08-08 14:58:43",593.3,2,robg475
6108,16713061,Yuk!,"2026-09-26 05:55:25",593.3,2,mitsuyukiokamura
6109,16911847,LGC,"2026-09-17 08:21:20",593.2,1,victorlingc
6110,16763886,"Jackson Sauls","2026-09-04 22:59:51",593.1,2,jacksonsauls
6111,16630741,mrk,"2026-08-05 09:49:44",593.1,2,matsubaratakuji
6112,16658660,"Leo Lai","2026-08-13 08:14:45",593.0,2,junweilai
6113,16759623,"zhenglu wen","2026-08-26 06:24:09",592.9,2,zhengluwen
6114,16672493,ChloeeeeY,"2026-08-23 06:17:03",592.7,2,chloeeeey
6115,16776928,aiexpert1120,"2026-09-01 16:48:18",592.5,2,aiexpert1120
6116,16633466,"Aarush pandey","2026-08-25 19:17:14",592.2,2,aarushpandey
6117,16653534,"Mohamed Amine Ettaki","2026-09-14 20:52:45",592.2,2,amine159
6118,16755548,"Manuel Ramos","2026-08-27 19:06:26",592.2,2,aizpask13
6119,16759381,"Subhan Hussain","2026-09-20 09:00:54",592.0,2,subhanhussain0205
6120,16786140,valgrinderror,"2026-09-26 15:35:01",591.7,2,valgrinderror
6121,16791960,Boladi,"2026-09-10 00:53:38",591.3,2,boladi
6122,16726941,CJ103CJ,"2026-08-23 12:52:07",591.0,2,cj103cj
6123,16810807,Cordiz,"2026-09-03 22:42:51",590.9,2,cordiz
6124,16869617,"Denis Chernyshov","2026-09-18 22:32:19",590.8,2,denischernyshov
6125,16665692,Straw_hats,"2026-09-01 07:40:19",590.7,2,"charanno,tvigneshreddy"
6126,16781242,"Bobby Clare","2026-09-03 17:04:16",590.5,2,bobbyclare
6127,16805340,"Md. Rafiul Islam","2026-09-25 16:04:37",590.5,2,rafiulislamrafi
6128,16665759,"Shawn Zhang","2026-08-21 10:18:20",590.3,2,shawnzhang0318
6129,16789898,"Trung Phạm Đức","2026-09-23 03:12:41",590.2,2,arscil
6130,16657172,Honkazu,"2026-08-28 16:55:46",590.1,2,janposlusny
6131,16781447,"Cody Schrank","2026-08-31 04:38:57",590.0,2,codyschrank
6132,16695662,"Ollie Lowe2","2026-08-16 16:47:01",589.7,2,ollielowe2
6133,16731516,Sumit0694,"2026-09-15 21:17:01",589.7,2,sumit0694
6134,16777065,"dani yemane","2026-09-17 20:43:13",589.6,2,daniyemane
6135,16666188,"XueFeng Chen","2026-09-18 00:46:41",589.6,2,chxfmcs
6136,16677105,"Chaitanya Yadav","2026-08-16 10:36:07",589.5,2,xhaitanya
6137,16939496,"Haotian Niu","2026-09-26 06:35:52",589.5,2,haotianniu
6138,16644456,Agbe,"2026-09-26 14:21:57",589.5,2,timmecom
6139,16819872,"Shi Van","2026-09-03 16:50:46",589.4,1,shivanufo
6140,16854414,handsomeHBS,"2026-09-26 17:05:37",589.3,2,handsomehbs
6141,16755529,"Rafea Almejrab2025","2026-08-29 16:06:34",589.1,2,rafeaalmejrab2025
6142,16797395,"LCNN JJ","2026-09-17 16:38:59",589.0,2,supremebeast08
6143,16679887,ScriptRed,"2026-08-09 00:36:30",589.0,2,scriptred
6144,16658334,"Roy Wei","2026-09-26 16:36:21",588.6,2,renyiwei
6145,16664804,ryanovovo,"2026-08-05 18:02:38",588.4,2,ryanovovo
6146,16666204,"David Nana Kofi Ofosu-Arko","2026-08-05 11:04:42",588.3,2,davidnanak
6147,16769767,bruhbruh,"2026-08-28 08:51:26",588.3,2,nguyendinhbach69
6148,16683383,Boardgamers,"2026-09-26 22:28:22",588.2,2,"cgchirag,hitishagoyal,nandneepriya,navneetprabhat"
6149,16748979,"Venkata Madhu Sai D ","2026-08-21 19:49:08",588.1,1,venkatamadhusaid
6150,16649344,BeyondAnalytics,"2026-08-28 12:00:36",587.9,2,radumarinion
6151,16685649,YUYUTA,"2026-09-25 10:57:15",587.7,2,yuyuta
6152,16700546,"Nightshade Family","2026-09-07 13:24:48",587.5,2,"gihanchamod17,vishmithasamarakoon"
6153,16905679,xaxipiruli,"2026-09-26 13:11:42",587.1,2,xaxipirulazo
6154,16656460,dlutwzh,"2026-08-08 06:48:33",587.0,2,dlutwzh
6155,16727059,ksankeerth1,"2026-09-03 02:28:22",586.8,2,ksankeerth1
6156,16757211,dacho,"2026-09-27 05:54:34",586.8,2,slothcafe
6157,16888900,"Koh Endru","2026-09-19 12:08:24",586.7,2,kohendru
6158,16659828,"Lebansty Valan","2026-08-21 14:14:56",586.7,2,lebanstyvalan
6159,16699689,"David Sedláček","2026-08-10 08:38:38",586.7,2,sibicek
6160,16855755,"Jack Yap","2026-09-10 19:43:36",586.5,2,jackyap
6161,16844262,"S Aishvarya","2026-09-25 19:23:59",586.3,2,saishvarya
6162,16633928,ghostiee11,"2026-08-01 01:33:25",586.3,1,ghostiee11
6163,16660345,"Aadhithya Ramesh","2026-08-06 08:49:10",586.3,2,aadhithyaramesh
6164,16663922,MoongladeAI,"2026-09-14 03:49:11",586.3,2,moongladeai
6165,16659939,"Mouafak Dakhlaoui","2026-09-21 02:34:52",586.0,2,sharmoul
6166,16661898,Farfadet,"2026-08-12 06:04:18",586.0,2,farfadet
6167,16714208,TirumalaMarri,"2026-08-29 00:04:15",585.7,2,mtreddy
6168,16657290,lol-hiker,"2026-09-08 07:32:03",585.6,2,lolhiker
6169,16803726,Yaromir_Ko,"2026-09-08 13:25:00",585.6,2,ronanndex
6170,16686787,"Lars Kammeijer","2026-08-07 21:31:11",585.5,2,larskammeijer
6171,16793189,"Akash Mohan Chaudhary","2026-09-01 18:29:57",585.4,2,akashmohanchaudhary
6172,16631353,"Shivam Shinde","2026-08-01 15:29:24",585.0,2,shindeshivam
6173,16668711,"David Leati","2026-08-28 00:47:39",585.0,2,davidleati
6174,16786043,Palimpsesto,"2026-09-08 23:44:50",584.9,2,denzelfuentes
6175,16723528,"Singaraj B","2026-09-05 15:33:26",584.6,2,singarajb
6176,16702270,"Jonas Jaku","2026-09-09 06:37:15",584.3,2,jonasjaku
6177,16664154,dwdwdwsdedwd,"2026-08-11 06:29:24",584.2,2,dwdwdwsdedwd
6178,16768466,BenJung,"2026-09-16 09:44:23",584.2,2,"benjung2512,hyeonglvl,hyeonho028,limjoonsoo"
6179,16664003,"Nakul Rajpal","2026-08-05 06:29:24",584.1,2,nakulrajpal
6180,16677366,Gmmastermind,"2026-08-07 01:19:13",584.0,2,gmmastermind
6181,16655013,"Adrian Martinez 1111","2026-08-12 00:52:14",583.9,2,adrianmartinez1111
6182,16777740,hoangnnh67,"2026-08-28 22:12:22",583.9,2,hoangnnh67
6183,16635021,RiLi,"2026-09-27 04:53:36",583.9,2,hisatosenda
6184,16651661,"Quyền Thịnh","2026-08-07 06:27:45",583.9,2,quynthnh
6185,16884815,"Idrees Asghar","2026-09-26 04:54:41",583.7,2,adiladil1275
6186,16730028,"Ken Qian","2026-08-17 03:10:15",583.7,2,kenqian
6187,16687548,"Shubham Tibrewal","2026-09-22 07:13:23",583.6,2,researchai2026
6188,16660600,"Beria Kalpelbe","2026-08-07 13:46:47",583.4,2,beriakalpelbe
6189,16795923,KaluzaKlein,"2026-09-14 10:50:35",583.3,2,kaluzaklein
6190,16866712,Ddm_demo,"2026-09-20 14:16:05",583.1,2,ddmdemo
6191,16717952,Aydar,"2026-08-29 21:28:35",583.0,2,aydara
6192,16670356,"Dziriyin wa9il","2026-08-25 19:56:56",582.9,2,"akumanomu,alioualaeddine"
6193,16825667,"Lê Minh Dương","2026-09-08 05:45:07",582.9,2,minhduonq
6194,16655578,"Ahmed Merie","2026-08-13 00:11:40",582.9,2,aa7767
6195,16777746,"Daniel Bandy","2026-08-29 02:04:01",582.7,2,goddangitboby
6196,16840445,"Danko Schroeder","2026-09-26 22:44:18",582.6,2,dankoschroeder
6197,16798478,"Vinicius Pupin","2026-09-02 21:29:51",582.5,2,viniciuspupin
6198,16680342,Game_khó_vkl,"2026-09-27 00:00:22",582.5,2,maruusha
6199,16668211,"Alejandro Hernández Mairal","2026-09-03 13:28:29",582.4,2,alherma7
6200,16787200,"HayDay Protestors","2026-09-23 16:59:25",582.3,2,"aaronjoshuaemmanuel,anjulasankalpa,chamathjayashanka,ghostd,prabhashanmadurawala"
6201,16634204,"m-toshi desu","2026-08-01 06:20:37",582.3,2,mtoshidesu
6202,16786437,"Kiran Narayana K","2026-08-30 06:45:20",582.1,2,kirannarayanak
6203,16655044,"Darius Kolycius","2026-08-04 09:49:01",581.9,2,dariuskolycius
6204,16854582,BlackWizard00,"2026-09-08 15:32:36",581.9,2,blackwizard00
6205,16755111,ingemarieke,"2026-08-21 15:04:53",581.8,1,ingemarieke
6206,16739167,Yeyuqing0913,"2026-09-07 00:36:15",581.7,2,yeyuqing0913
6207,16924484,"Sadiq Ali","2026-09-20 07:51:11",581.7,2,sadiqali55
6208,16656107,Aotokitsuruya,"2026-09-02 14:35:20",581.6,2,elct9620
6209,16735408,"Evan S","2026-08-18 20:06:05",581.5,2,evansc123
6210,16665395,"bachi idriss","2026-08-10 15:23:30",581.4,2,bachiidriss
6211,16655629,Mai_Konare,"2026-08-17 06:20:49",581.3,2,maikonare
6212,16662128,BenPalmer59,"2026-08-11 19:16:24",581.3,2,benpalmer59
6213,16665932,"Fabian Birringer","2026-08-21 18:31:41",581.3,2,fabianbirringer
6214,16656912,"Sami Ali","2026-08-07 00:48:33",581.2,2,mrsamiali
6215,16706456,"Michael van Mill","2026-08-12 09:58:40",580.9,2,michaelvanmill
6216,16665990,daffaharil,"2026-08-11 07:56:55",580.8,2,"daffaharil,farhansiddiq"
6217,16699091,Umkaaa,"2026-09-15 14:04:55",580.6,2,umkaaa
6218,16760439,XLX,"2026-09-06 03:20:58",580.4,2,lonelygleaner
6219,16658655,HbjaHbja,"2026-08-12 12:18:51",580.3,2,hbjahbja
6220,16692401,"Abdurehman Iqbal","2026-08-14 09:13:08",580.2,2,abdurehmaniqbal
6221,16752324,"yunchuan liu","2026-09-06 22:21:06",580.2,2,hoteye
6222,16683282,ayushk_empire,"2026-08-14 11:50:15",579.8,2,ayushkempire
6223,16722502,Abyss,"2026-08-27 11:26:49",579.8,2,sahiltks
6224,16926026,"Michael Pamurahardjo","2026-09-24 17:40:08",579.7,2,michaelpamurahardjo
6225,16664072,"victor aguilera","2026-09-24 23:34:18",579.7,2,viaguilera
6226,16718838,"josh mathers","2026-08-14 09:26:33",579.6,2,joshmathers
6227,16731447,"Rúben Martins","2026-08-19 20:55:42",579.6,2,rubenmartins10
6228,16947797,"Chris Croft","2026-09-25 12:42:53",579.6,2,chriscroft
6229,16671646,Luche,"2026-08-08 04:23:32",579.4,2,henrylucky
6230,16882160,"John Doe #2","2026-09-12 18:04:56",579.3,1,realgrape
6231,16731260,"Jeel Gajera","2026-08-18 07:44:44",579.2,2,jeelog
6232,16927491,Adilkhan1275,"2026-09-26 03:29:26",578.5,2,adilkhan1275
6233,16904550,ukiyois,"2026-09-16 19:54:20",578.2,1,ukiyois
6234,16742073,"nguyễn huệ anh","2026-09-15 15:55:00",578.2,2,akapatu
6235,16685938,"Gautier Fauchart","2026-08-12 05:57:21",578.2,2,gautierfauchart
6236,16692857,AbeLincoln1865,"2026-08-11 00:10:16",578.2,2,abelincoln1865
6237,16891689,"Jiawei Xi","2026-09-14 19:46:39",578.2,2,jiaweixi56
6238,16685785,KSAI,"2026-09-07 14:42:54",578.2,2,kishan2112004
6239,16935929,"Bhavesh Kolhe","2026-09-23 08:47:28",578.1,2,bhaveshkolhe
6240,16760604,"Thananut Phiboonbanakit","2026-08-25 14:04:44",578.1,2,tphiboonbanakit
6241,16717671,Jeremy,"2026-09-22 22:01:27",577.8,2,lukeenness
6242,16658377,Masaya,"2026-09-04 15:10:14",577.7,2,irrohas
6243,16682915,"igeo kK","2026-09-12 23:10:17",577.6,2,igeokk
6244,16796625,Nepsirhc,"2026-09-12 11:15:35",577.5,2,nepsirhc
6245,16659341,Aryan88097,"2026-08-05 17:26:57",577.5,2,aryan88097
6246,16687714,nabilux,"2026-08-09 13:27:11",577.5,2,eminesnabil
6247,16747180,KaiKogure,"2026-09-03 12:46:04",577.4,1,kaikogure
6248,16823204,"Adilson Eduardo Tostes Carmo","2026-09-26 13:48:16",577.4,2,eduardotostess
6249,16661318,"Zeel Kadvani","2026-08-25 11:17:53",577.2,2,zeelkadvani
6250,16716365,Murphy,"2026-08-21 14:00:29",576.9,2,taeyounglimdt
6251,16645297,Mark_RowSet,"2026-08-09 05:25:39",576.8,2,markrowset
6252,16780484,"Edmond Kirsch","2026-09-01 17:30:28",576.6,2,edmondkirsch
6253,16880672,"Bennett Hellman","2026-09-18 12:59:02",576.6,2,bennetthellman
6254,16654746,"Michael Mullen","2026-08-06 11:08:31",576.5,2,mmullen200
6255,16867608,"Paul M","2026-09-25 21:16:56",576.5,1,pillow5
6256,16799391,"Mehdi El M.","2026-09-07 14:08:22",576.4,2,mehdielm
6257,16756677,"Pyzh Vladislav","2026-08-24 10:19:44",576.4,2,pyzhvladislav
6258,16732048,jiangletian,"2026-09-27 02:10:31",576.2,2,jiangletian
6259,16774890,SkoopSkoop,"2026-08-31 16:08:04",576.2,2,skoopskoop
6260,16670313,HamzZZzzZZa,"2026-08-06 22:01:28",576.2,2,memesalot
6261,16724355,hansama.qht,"2026-09-19 15:23:36",576.1,2,hansamaqht
6262,16703310,"israel ntumba","2026-09-14 17:42:47",576.1,2,israelntumba
6263,16673151,skyblue01,"2026-08-27 07:56:10",576.0,2,skyblue01
6264,16937197,men-of-culture,"2026-09-24 06:52:33",576.0,2,leejianrong
6265,16671438,"Aot Chanthorn","2026-08-15 16:16:25",575.6,2,aotchanthorn
6266,16833040,"Vadim Demchuk","2026-09-05 06:07:54",575.6,2,vadimdemchuk
6267,16622993,"Yaroslav Tanko","2026-08-18 04:34:12",575.5,2,yaroslavtanko
6268,16657654,TemperaryT,"2026-09-20 00:21:54",575.5,2,temperaryt
6269,16759427,Dhruv,"2026-08-23 12:20:16",575.5,2,dtalati1
6270,16724747,"Md.Mahfujul Karim","2026-09-26 07:07:31",575.5,2,mdmahfujulkarim
6271,16671421,"Gryffin Wang","2026-08-08 23:08:40",575.4,2,gryffindoraf
6272,16654328,"QQ Farm","2026-08-28 12:59:12",575.3,2,"huiiyu,titirmt"
6273,16661650,"Docker container","2026-08-15 18:52:39",575.1,2,yossefaymanzedan
6274,16698164,"Ruizhang Zhi","2026-09-25 22:59:36",575.0,2,ruizhangzhi
6275,16679018,"Kushpreet Singh","2026-09-03 23:23:41",575.0,2,kush639
6276,16775190,bianfu,"2026-09-27 06:52:49",575.0,2,bianfu
6277,16738336,"Guo Xuehan","2026-09-02 05:44:05",574.9,2,zmllls
6278,16883048,"Amit Gunjan","2026-09-23 00:17:42",574.9,2,daydreamerthinks
6279,16671940,LJazya,"2026-09-05 02:54:37",574.9,2,jihanelek
6280,16716941,林木子吖,"2026-08-24 09:28:59",574.8,2,linmuzi0108
6281,16796810,JosephErikRibeiro,"2026-09-21 21:23:50",574.8,2,josepherikribeiro
6282,16793892,cjc0013,"2026-08-31 18:27:50",574.7,2,cjc0013
6283,16669393,"ÖMER FARUK YILMAZ","2026-08-07 19:54:59",574.7,2,ofyzero
6284,16925564,"shikigami yao","2026-09-25 13:52:11",574.6,2,shikigamiyao
6285,16655449,tcvieira,"2026-08-06 18:20:34",574.4,2,tcvieira
6286,16707037,"Cedoque BAGBONON","2026-09-20 10:27:32",574.4,2,cedbag
6287,16661529,"AL Najafi","2026-08-08 03:39:39",574.4,2,alnajafi
6288,16717614,Dhanyashree1028,"2026-08-16 15:00:37",574.2,2,dhanyashree1028
6289,16623213,zulfikar.khalwaniev,"2026-08-23 09:08:56",574.2,1,khalwaniev
6290,16734822,Zcy,"2026-09-20 12:04:41",574.2,2,laura831
6291,16663884,DevilQ,"2026-08-23 22:08:52",574.1,2,"parhamesm,samuelescarfone12"
6292,16660005,DreamX5678,"2026-08-06 07:55:06",574.1,2,dreamx5678
6293,16767934,"taha berk","2026-08-26 15:21:51",574.1,2,tahaberkterekli
6294,16809158,"Kaito Sada","2026-09-08 05:17:26",574.1,2,kaitosada
6295,16755344,"Alizen James","2026-08-23 18:34:30",574.0,2,alizenjames
6296,16675708,"Mahder Tesfaye Abebe","2026-08-08 08:46:36",574.0,2,mahdertesfayeabebe
6297,16694610,Kshitiz2002,"2026-08-11 15:44:41",573.9,2,kshitiz2002
6298,16724202,"Sooriya Senthilkumar","2026-08-23 05:25:47",573.8,2,sooriyasenthilkumar
6299,16745571,"Yifan Xie","2026-09-03 13:55:15",573.8,2,yifanxie
6300,16675832,"Dean Shalev","2026-08-09 04:12:47",573.5,2,deanshalev
6301,16723729,"Lucas Cimiano","2026-08-29 17:21:55",573.5,2,lucascimiano
6302,16663998,"Harith Al-Ani","2026-08-24 00:09:54",573.4,2,abo3losh
6303,16654099,"Bhupin Thapa magar","2026-08-10 09:22:06",573.2,2,vupeenthapamagar
6304,16629844,IsaacJinyu,"2026-08-01 15:39:55",573.0,2,isaacjinyu
6305,16665154,"Omkar Pawar","2026-08-23 12:22:56",573.0,2,omkarrr7
6306,16714100,SuperMercat,"2026-09-09 15:13:08",572.9,2,supermercat
6307,16734595,"Abhimanyu Singh","2026-08-20 12:52:38",572.7,2,abhimanyusingh170702
6308,16926090,"Amr Fadhilah Abiyyu Alif Basysyar","2026-09-21 00:35:25",572.6,2,amrfadhilah
6309,16892971,BeachedRobot,"2026-09-26 02:46:44",572.6,2,beachedrobot
6310,16712410,aysfshn,"2026-09-09 15:09:08",572.3,2,aysfshn
6311,16664267,"Alan T. Andrea","2026-08-09 03:22:40",572.2,2,alantandrea
6312,16655140,Efthimios,"2026-09-04 08:28:52",572.2,2,efthimiosfousekis
6313,16793489,hendracos,"2026-09-02 03:10:03",572.0,2,hendracos
6314,16916387,Nathan,"2026-09-18 14:01:04",571.9,2,nathanpradostapia
6315,16670708,"Mohammad Usman Sajid","2026-09-03 18:26:11",571.7,2,mohammadusmansajid
6316,16797356,"Thalía Cantero","2026-09-15 15:41:27",571.4,2,thalicantero
6317,16700785,"VIVEK JAMI","2026-08-19 13:57:57",571.4,2,vivekjami
6318,16897403,"Abel Markose","2026-09-18 03:08:38",571.2,2,"abelmarkose,sreehari3301"
6319,16657347,"Hibiki M","2026-08-20 15:30:40",571.2,2,hibikibrise
6320,16806165,"Kaige Wei","2026-09-21 03:07:06",571.2,2,kaigewei0403
6321,16763088,mason.jr,"2026-08-25 04:29:36",571.2,2,haophanzx
6322,16692994,turneja,"2026-08-08 23:50:13",571.1,2,turneja
6323,16823681,Yielder,"2026-09-10 16:59:40",571.0,2,georgepapasideris
6324,16727241,Yogesh2850,"2026-08-17 09:55:08",571.0,2,yogesh2850
6325,16667630,Sparsh389,"2026-08-06 15:46:09",570.9,2,sparsh389
6326,16808242,keowpwpwkeo,"2026-09-07 18:23:50",570.8,2,keowpwpwkeo
6327,16730231,chandler14362,"2026-08-29 03:04:49",570.7,2,chandler14362
6328,16623644,Accer_sz,"2026-08-02 00:27:32",570.7,2,accersz
6329,16713249,"vedant patnala","2026-08-27 22:38:03",570.6,2,vedantpatnala
6330,16659951,"CHRISTOPHER CRILLY","2026-09-11 12:23:20",570.5,2,christophercrilly
6331,16711567,"Finn Brooks","2026-08-15 04:40:11",570.2,2,finnbr
6332,16651593,"huanxian chen","2026-08-11 11:13:05",570.1,2,huanxiachen
6333,16756564,"Nicolas Defossé","2026-08-25 21:10:58",570.1,2,nicolasdefoss
6334,16638031,vlad101,"2026-08-21 15:10:27",570.0,2,vlad101
6335,16701034,notnorm,"2026-08-11 10:31:23",570.0,1,notnorm
6336,16715473,cmrfrd,"2026-08-14 04:58:15",569.8,2,thecmrfrd
6337,16655521,"Hemadri Rajyaguru","2026-08-04 02:12:55",569.7,2,hemadrirajyaguru
6338,16744133,"levr hang","2026-09-08 16:39:27",569.7,1,levrhang
6339,16698069,k_4821,"2026-09-26 21:23:21",569.7,2,edgarondoodevilclub
6340,16666648,"Sriram Reddy19","2026-08-06 08:40:07",569.6,2,sriramreddy19
6341,16668819,"ahmedou sidi med","2026-08-19 00:05:55",569.5,2,ahmedousidimed
6342,16675457,"Ramana Prabhu Sana","2026-09-21 11:05:54",569.4,2,ramanaprabhusana
6343,16632994,primal,"2026-08-12 16:02:29",569.4,2,primalhost
6344,16677701,"Coşkun Bağrıaçık","2026-08-10 00:02:25",569.4,2,cbagriacik
6345,16845009,"Nyasha Gandah","2026-09-15 06:20:21",569.2,2,nyashagandah
6346,16655663,"Farmland Destroyer","2026-08-19 13:43:22",568.9,2,minghaopang
6347,16677597,InformaBook2,"2026-09-10 05:38:23",568.9,2,informabook2
6348,16639867,vibecoder,"2026-08-08 05:34:55",568.9,2,kunal808
6349,16662094,"moncef elm","2026-09-23 09:09:03",568.7,2,moncefelm
6350,16796445,"Md Aminul Islam","2026-09-23 23:47:12",568.7,2,aminulabir
6351,16777228,"Zach Locke","2026-09-18 10:25:06",568.6,2,zachlocke
6352,16706455,"John Andrei Martinez","2026-08-18 18:55:04",568.6,2,johnandreimartinez
6353,16686222,"Nika Chaduneli","2026-08-10 01:21:09",568.5,2,nikachaduneli
6354,16941519,Dr.Hazbulla,"2026-09-24 14:05:45",568.5,2,drhazbulla
6355,16826098,Nomushin,"2026-09-11 13:22:26",568.4,2,nomushin
6356,16743382,"Pavan Rangisetti","2026-09-15 03:42:00",568.2,2,pavanrangisetti
6357,16711868,"Mark Cooper","2026-08-16 13:09:02",568.1,2,markjcooper
6358,16763113,sowhatwillwelearn,"2026-09-01 11:03:47",568.0,2,sowhatwillwelearn
6359,16719696,"Spencer Farrand","2026-08-17 18:40:28",567.7,2,spencerfarrand
6360,16731009,"Joseph Paris","2026-08-24 05:32:21",567.7,2,josephkparis
6361,16768058,"Ibrahim Anaz","2026-09-26 06:38:46",567.6,2,ibrahimanaz
6362,16623745,chunluran,"2026-09-26 07:44:42",567.6,2,chunluran
6363,16670070,"Kirill Molostov","2026-08-31 12:18:26",567.4,2,kirillmolostov
6364,16791701,"Tired Dad Data","2026-09-12 21:37:23",567.3,2,alexmaggard
6365,16937434,iit24m1520,"2026-09-23 06:17:13",567.2,2,iit24m1520
6366,16671942,"JIVRAJ SINGH","2026-09-05 02:33:23",567.2,2,jivrajsingh
6367,16655039,"Andrew Yip","2026-08-06 20:14:49",567.1,2,yipcma
6368,16733046,Afordancja,"2026-08-24 18:22:42",567.0,2,afordancja
6369,16655027,"Artem Zenkevich","2026-08-16 13:09:58",567.0,2,artemzen
6370,16665471,"Dennis Navamani","2026-08-25 11:10:08",566.8,2,dennisnavamani
6371,16675780,susutem,"2026-09-24 12:14:06",566.7,2,susutem
6372,16841559,dal7,"2026-09-09 04:32:12",566.7,2,purelyconceptual
6373,16697526,"Jurgen Sinjari","2026-08-10 21:21:26",566.7,2,jurgensinjari
6374,16676885,"Riva Kajangu","2026-09-26 23:00:01",566.6,2,rivakajangu
6375,16692896,"Guy Lev","2026-08-20 19:18:52",566.6,2,sarthobi
6376,16659444,"ANKIT AGARWAL","2026-09-26 16:43:06",566.1,2,ankwall223
6377,16943628,"Michael Liu","2026-09-23 04:19:13",566.0,2,mliu1204
6378,16749236,"Michael Müller","2026-09-07 15:57:15",566.0,2,michaelmller
6379,16810497,Garuda,"2026-09-07 06:32:01",565.6,2,santhoshreddypasnoor
6380,16739449,SelvapriyankaRam,"2026-08-24 18:44:21",565.3,2,selvapriyankaram
6381,16745109,deflexor,"2026-08-27 21:35:07",565.1,2,deflexor050
6382,16853993,"Christie Lam","2026-09-16 03:13:27",565.1,2,christielam
6383,16674950,Davide,"2026-09-03 09:22:38",565.1,2,quanttony
6384,16733763,Gaurav,"2026-09-04 00:54:37",565.1,2,gauravahlawat
6385,16717245,bernard558,"2026-08-24 22:18:16",565.1,2,bernard558
6386,16850246,"Makarand Gokhale","2026-09-24 01:08:26",564.7,2,makarandgokhale
6387,16659663,Chintakrinda_Naveen,"2026-09-22 04:04:37",564.7,2,naveen998
6388,16712870,"Jose Gibson","2026-08-13 20:09:11",564.5,2,josegibson
6389,16708824,"Tanaka Chiromo","2026-08-20 11:12:22",564.4,2,tanakachiromo
6390,16745972,yamy893,"2026-08-22 02:14:20",564.3,2,yamy893
6391,16752362,"Shashank Jangid (G25AIT2100)","2026-09-26 15:52:26",564.3,2,shashankjangid
6392,16689391,"Tejas Rajput","2026-08-08 17:21:18",564.2,2,tejasrajput123
6393,16666084,"Andaç Demirdelen","2026-08-09 19:18:08",564.2,2,andacdemirdelen
6394,16809800,XYZ-Siddhartha,"2026-09-19 15:57:03",563.9,2,siddharthaganguly26
6395,16671237,"Jose Alejandro Rivera Jaramillo","2026-08-07 18:13:13",563.6,2,alejandroriveraj
6396,16663656,"Andrii Kavetskyi","2026-08-20 21:48:20",563.3,2,andriykavetsky
6397,16851330,umar,"2026-09-16 03:04:16",563.1,2,umar4md
6398,16771001,"0x1369 T-Farm","2026-08-31 04:38:04",563.0,2,xcryst
6399,16663210,"Marco Nasuelli","2026-09-13 15:58:07",562.9,2,marconasuelli
6400,16666099,"Marcben James Samuel","2026-09-17 05:52:20",562.9,2,marcbenjamessamuel
6401,16654640,"Halil Akbas","2026-08-28 00:32:12",562.8,2,halilbrahimakbas
6402,16664790,"soumic 1088","2026-08-19 08:34:34",562.8,2,soumic1088
6403,16732504,"porsche zheng","2026-08-18 08:19:41",562.8,2,porschezheng
6404,16713366,BANKAI,"2026-09-21 18:36:08",562.8,2,igors97
6405,16678157,"Ayush Kumawat","2026-08-14 13:10:02",562.7,2,ayushkumawat21
6406,16879958,Sash.a,"2026-09-26 07:10:05",562.7,2,smashaza
6407,16864562,otaniyu,"2026-09-15 00:53:18",562.4,2,otaniyu
6408,16793802,"Andrew Lam","2026-09-01 09:07:56",562.3,2,andrewlam23
6409,16890342,Bin.Han,"2026-09-21 05:17:00",562.1,2,binhan0514
6410,16662421,"Aparna Mantha","2026-08-06 17:23:34",562.0,2,aparnam91
6411,16715225,"Someswararao Tellakula","2026-08-17 01:15:37",562.0,2,someshtellakula
6412,16795256,"N Nelson","2026-09-05 14:29:25",562.0,2,napoliyannelson
6413,16699140,St.Valentine,"2026-08-18 09:49:04",561.7,2,stvalentin3
6414,16697261,nbauerle,"2026-08-14 15:10:38",561.7,2,nbauerle
6415,16735476,"Matthew Liew","2026-08-18 08:02:11",561.6,2,matthewliew
6416,16689398,Reesh,"2026-08-11 08:55:10",561.6,2,rishileung
6417,16670615,Ahornsirup,"2026-09-06 21:03:14",561.4,2,ahornsirup
6418,16658042,"Giampietro Pregnolato","2026-08-13 09:17:36",561.1,2,giampietropregnolato
6419,16657798,"Ian Kim","2026-08-06 05:07:10",561.0,2,ianpkim
6420,16750447,Morpheus0303003,"2026-08-24 16:58:42",561.0,2,morpheus0303003
6421,16789550,foundtion,"2026-08-30 13:19:22",560.9,2,foundtion
6422,16753353,"Aayush Kumar","2026-09-23 14:16:00",560.9,2,devaayushkumar
6423,16664313,CompilingCoder,"2026-08-06 09:38:17",560.9,2,compilingcoder
6424,16858948,"Nizar Fathurohman","2026-09-26 10:17:47",560.8,1,nizarfathurohman
6425,16663909,HDPark,"2026-08-17 04:48:41",560.6,2,hdpark
6426,16811935,"Bhargavaram Gajula","2026-09-05 18:08:56",560.6,2,bhargavaramgajula007
6427,16777056,"Seb boulba","2026-08-27 21:03:26",560.5,2,sebboulba
6428,16789914,AkikJana,"2026-09-07 16:37:53",560.5,2,firewaterair
6429,16728799,JulianHahn28,"2026-08-17 21:26:57",560.5,2,julianhahn28
6430,16664134,"Pelayo Fernández","2026-08-07 10:36:48",560.4,2,pelayofdez
6431,16692995,RafaMartinaitis,"2026-08-22 11:50:10",560.4,2,rafaelmartinaitis
6432,16743846,"Hemanth Raja Guttikonda","2026-09-26 21:51:07",560.3,2,"hemanthrajg,poojithakatta18"
6433,16759265,AI老爸,"2026-09-06 15:42:27",560.2,2,tsengchienchih
6434,16731173,AynRmio,"2026-09-17 08:48:38",560.1,2,aynrmio
6435,16668439,Lugas024,"2026-08-08 05:33:51",560.0,2,lugas024
6436,16625047,BOBQWERA,"2026-08-02 06:34:18",559.9,2,bobqwera
6437,16689033,arman1o1,"2026-09-01 05:01:27",559.8,2,arman1o1
6438,16750751,AarizKh,"2026-09-09 16:28:15",559.7,2,aarizkh
6439,16667514,"Kakarott 10","2026-08-06 09:05:43",559.6,2,kakarott10
6440,16668648,"Mason R. Brito","2026-09-10 16:58:25",559.6,2,masonrbrito
6441,16700885,"Malala Ramaha","2026-09-19 17:11:00",559.6,2,malalaramaha
6442,16674841,"Syna Bedi","2026-08-15 09:57:28",559.5,2,synabedi
6443,16696916,Sundar,"2026-08-11 13:04:59",559.3,2,vsundar17697
6444,16730236,加麻不加辣,"2026-09-17 13:03:48",559.3,2,"shiyuanhe123,zihaokang"
6445,16721877,SuzukiTakumi,"2026-09-26 11:09:24",559.0,2,suzukitakumi
6446,16621407,Kh0a,"2026-09-15 06:55:26",558.9,2,llkh0a
6447,16808492,"beginner's luck","2026-09-26 11:49:01",558.8,2,"naohs01,tropicalbanana"
6448,16694134,"Sophia Leng","2026-08-24 20:04:10",558.8,1,sophialeng9
6449,16662120,"Harpal Gujral","2026-08-25 18:07:07",558.7,2,harpalgujral
6450,16655527,"Saurabh Kumar","2026-08-06 08:14:52",558.6,2,sk25oct
6451,16661210,vizyourdata,"2026-08-07 11:05:08",558.6,2,vizyourdata
6452,16664041,"an Expired Engineer","2026-08-17 12:02:21",558.6,2,sanggusti
6453,16664415,"Imerson Krysthio","2026-08-12 05:37:03",558.5,2,imersonk
6454,16877886,"Mohamed el.harery","2026-09-16 00:51:49",558.5,2,mohamedelharery
6455,16872064,"Jimmy Erickson","2026-09-13 19:43:54",558.4,2,jimmyerickson
6456,16881624,RetrainMap,"2026-09-12 20:08:45",558.4,2,retrainmap
6457,16674504,"Arunabh Gupta","2026-08-18 11:10:33",558.3,2,"arunabhsgupt4,eggsysy"
6458,16664884,Abhijeetgg,"2026-08-12 08:53:50",558.3,2,abhijeetgg
6459,16785687,"AP SEM F STUDENTS","2026-08-31 03:52:37",558.3,2,"advaithn0518,rohanjeyavel,shrivatsamurugan,stitchsages"
6460,16709318,"Jana Hagen","2026-08-26 18:00:16",558.0,2,janahagen
6461,16658686,"Alpesh Kumar","2026-08-08 06:12:31",557.9,2,alpeshkumar
6462,16635377,het2554,"2026-09-13 07:55:05",557.8,2,crazy2554
6463,16748603,qianzhonhao,"2026-09-03 08:20:45",557.8,2,qianzhonhao
6464,16654454,"Haoxiang Li","2026-09-06 09:24:47",557.7,2,haoxiangli789
6465,16658019,ไอติวบ้านปังมาเอาแช้มมมม,"2026-08-08 18:43:05",557.7,2,tewnabhat
6466,16655272,"Artur Sakhiullin","2026-08-09 14:27:52",557.7,2,artursakhiullin
6467,16847801,"Joachim Oliver Mampouya","2026-09-08 14:54:14",557.7,2,olivermam
6468,16809136,"Xander Lee","2026-09-04 13:56:48",557.6,2,xndlee
6469,16671680,"Joe Hall","2026-08-10 19:02:30",557.5,2,halljr
6470,16652635,panacea9320,"2026-08-05 10:45:06",557.5,2,panacea9320
6471,16690869,"Yudai Hayashi","2026-08-23 09:14:30",557.2,2,yuhaya9
6472,16707078,"Loïc & Zach","2026-08-24 20:25:24",557.1,2,"locmmeteau,zachariedubus"
6473,16792449,SKYisSKYisSKY,"2026-08-31 04:16:07",557.0,2,skyisskyissky
6474,16691518,"Sander Ee","2026-08-09 12:03:09",556.9,2,sanderee
6475,16793913,"Vrushal Patil","2026-09-06 11:13:36",556.7,2,vrushalpatil
6476,16892496,"Alif Mahmud 1993","2026-09-15 16:35:27",556.7,2,alifmahmud1993
6477,16676360,"Chris Kang","2026-08-17 10:07:49",556.6,2,rukawa917
6478,16757280,"manos papagiannidis","2026-09-09 08:30:46",556.6,2,manospapagiannidis
6479,16924174,"Brijesh Sankhavara","2026-09-19 07:12:58",556.5,1,brijeshsankhavara1
6480,16725871,"Patrice Santiago","2026-09-03 22:19:56",556.3,2,patricesantiago
6481,16732609,"Filippo Paninforni","2026-08-19 18:30:22",556.2,2,filippopaninforni
6482,16658937,SebastianQbiak,"2026-08-05 06:20:18",556.1,2,sebastianqbiak
6483,16888433,SINKO1,"2026-09-25 20:49:06",556.0,2,sinko1
6484,16946099,"CupidCloris Zeus","2026-09-27 06:04:01",555.6,2,cupidcloriszeus
6485,16771283,taroyan-vamos,"2026-09-08 15:31:54",555.5,2,taroyanvamos
6486,16726684,"William Lee","2026-08-19 15:35:28",555.2,2,notyouravgwilly
6487,16623938,flashthunder,"2026-09-27 06:53:22",555.2,2,thunderflash
6488,16760025,DEBI,"2026-09-26 14:51:42",555.1,2,"mayarabdelfattah,omarelmaghraby03"
6489,16665894,"Pedro Wu","2026-09-03 03:40:31",555.1,2,pedropei
6490,16854535,Dragon,"2026-09-09 16:48:11",555.0,2,dragon116rus
6491,16693233,"Noah Wheeler","2026-09-22 23:13:00",555.0,2,nwheeler806
6492,16767632,"robin baldeo","2026-09-24 22:26:00",555.0,2,robinbaldeo
6493,16660319,fahimMK,"2026-09-19 16:43:05",554.8,2,fahimmk
6494,16725913,StarStone_233,"2026-08-16 07:22:12",554.8,2,starstone233
6495,16705401,"Nguyen Hong","2026-09-26 15:18:53",554.8,2,nguyenhongbubu
6496,16677178,"YOUSSEF FAID","2026-08-11 21:10:38",554.7,2,yousseffaid
6497,16732529,"lixinglong ye","2026-09-09 07:46:16",554.5,2,lixinglongye
6498,16731996,Chloe,"2026-08-18 02:58:05",554.4,2,chenchloehaimo
6499,16696526,"Reda HEDDAD","2026-09-05 21:17:22",554.3,2,redaheddad
6500,16650930,"Govind Sharma","2026-08-24 09:25:23",554.3,2,govindsarswat
6501,16665133,"Abhishek Dubey","2026-08-10 13:28:57",554.2,2,abhishekdubey911
6502,16686655,"Emir Baki Demirci","2026-09-26 00:48:25",554.2,2,emirbakidemirci
6503,16848416,"Mayank Bhatia","2026-09-07 15:09:19",554.2,2,mikemayankb
6504,16667565,BeeDeeR,"2026-09-23 01:13:42",554.0,2,beedeer
6505,16779539,"Dmitri Bugakov","2026-08-27 16:34:42",554.0,2,dmitrybugakov
6506,16704437,babybuffalo,"2026-08-25 16:11:16",553.7,2,babybuffalo
6507,16730030,"Jared Wilder","2026-08-17 14:23:15",553.6,2,jaredwilder
6508,16738777,"Balwinder Singh1235","2026-08-20 10:21:34",553.6,2,balwindersingh1235
6509,16720788,Anson,"2026-09-05 19:45:48",553.5,2,anson0496
6510,16637894,"Leonardo Domingues","2026-09-25 17:28:07",553.4,2,leonardodomingues
6511,16658009,"Lando Wang","2026-08-05 02:18:17",553.2,2,landowang
6512,16743815,"Asanka Pradeep","2026-08-23 14:32:46",553.2,2,asanakapr
6513,16663551,"Germinator G-1000","2026-09-18 19:25:47",553.2,2,sinkingpoint
6514,16733873,"Shirish Chinchanikar","2026-08-30 15:53:12",552.9,2,"codemastersj,shirishchinchanikar"
6515,16694064,RRK0123,"2026-08-17 05:30:52",552.8,2,rrk0123
6516,16926064,"amit shulstein","2026-09-25 12:06:45",552.7,2,amitshulstein
6517,16728220,Naki,"2026-09-08 11:50:44",552.5,2,nanakiohashi
6518,16718445,"Hamza Elmorjani","2026-08-15 12:16:55",552.4,2,hamzaelmorjani03
6519,16858944,Ashish_G_A,"2026-09-26 07:32:35",552.4,2,ashishga
6520,16687390,"Mark Calvert","2026-08-08 09:51:55",552.4,2,markycalvert
6521,16664731,UT,"2026-08-21 15:24:42",552.3,2,"sabapunch,wasshan"
6522,16702993,PLM,"2026-08-30 13:58:34",552.1,2,"ileabogdan,popu23,razvaniga,rvaurs"
6523,16925954,"Ibrahim Emir Tosun","2026-09-20 10:48:22",552.0,2,tosunn
6524,16782187,"Margo Kim","2026-08-28 19:15:18",551.9,2,margokim
6525,16823853,Zerbytheboss,"2026-09-06 22:03:05",551.9,2,zerbytheboss
6526,16682876,"Kartik Garg","2026-08-09 05:21:34",551.8,2,kartikgarg97
6527,16730104,BartHeart,"2026-08-20 18:58:23",551.7,2,bartheart
6528,16674612,"Muhammad Dhiaz Rafilianza","2026-09-25 12:28:11",551.4,2,dhiazr
6529,16735624,"Marc Rippee","2026-08-24 05:03:34",551.1,2,marcrippee
6530,16668175,el_dedalus,"2026-08-06 14:48:01",551.1,2,eldedalus
6531,16659367,"Tayyab Aamir","2026-08-06 10:59:49",550.9,2,duketi
6532,16805275,"Women or something","2026-09-26 04:03:19",550.9,2,"appalachianmounta1n,reneeschmidt"
6533,16731616,"Mohamed Aashik 24","2026-09-14 19:24:28",550.9,2,mohamedaashik24
6534,16659138,allenbcy,"2026-09-10 14:41:18",550.8,2,allenbcy
6535,16738261,"Samuel Moreira","2026-08-24 14:11:40",550.7,2,samuelmoreira420
6536,16764149,"Manish Rai","2026-09-26 23:49:31",550.6,2,magiuscain
6537,16880022,Abdulbosid,"2026-09-26 21:40:56",550.6,2,abdulbosid
6538,16684886,HTHub,"2026-08-08 00:12:47",550.5,2,adegokesaidi
6539,16767932,"Mark #3","2026-09-24 12:07:36",550.5,2,markdjadchenko
6540,16844385,"Michael Leo Tan","2026-09-08 02:56:03",550.3,2,michaelleotan
6541,16851079,"Nathaniel Marshall","2026-09-08 02:04:22",550.1,2,nm4rshall
6542,16697941,"Raphael Coelho","2026-08-16 15:24:28",550.1,2,raphaelrrcoelho
6543,16665622,one,"2026-08-11 04:10:11",549.9,2,richardsplayground
6544,16738923,Quantum,"2026-08-29 01:40:45",549.8,2,jawadxhassan
6545,16793680,prajval_p,"2026-09-01 01:03:39",549.8,2,prajvalp
6546,16670698,"Tamerlan Dadashov","2026-08-09 10:36:12",549.6,2,tamerlandadashov
6547,16928702,UnkaiNene,"2026-09-24 18:17:23",549.5,2,unkainene
6548,16930840,machineabao,"2026-09-22 19:18:24",549.3,2,machineabao
6549,16637776,MarvelousXun,"2026-08-03 09:33:38",549.2,2,marvelousxun
6550,16660138,"Sanchit Handa","2026-09-12 18:45:23",549.1,2,"harmanjotsingh8,sanchithanda182006"
6551,16639679,"Felix Allistar","2026-09-23 09:14:32",549.0,2,felixallistar
6552,16811603,hundun,"2026-09-04 09:48:18",549.0,2,zhongh4oyang
6553,16673981,"Aarya Jadhav","2026-09-22 15:24:49",548.8,2,aaryajadhav0310
6554,16781377,AgriMind,"2026-09-20 23:27:15",548.8,2,slimaneguermat
6555,16707767,"Lai Eu Wen","2026-08-16 16:47:50",548.7,2,laieuwen
6556,16774843,"Assylkhan Kerey","2026-08-30 03:16:54",548.5,2,n0nlyy
6557,16658775,"Vincent Pan","2026-08-29 12:55:20",548.2,2,"judithhong,vincentpan2005"
6558,16677231,"Ahmed Bootaan","2026-08-06 18:08:52",548.2,2,ahmedbootaan
6559,16774524,ShinYingChua,"2026-09-13 15:35:15",548.1,2,shinyingchua
6560,16660540,Minikotey,"2026-08-16 15:34:40",548.0,2,juliapatarishina
6561,16947326,"Sachin Sachdeva","2026-09-23 12:55:56",547.9,2,sachinsachdeva
6562,16674106,Nanga_rendu_peru,"2026-09-27 02:12:33",547.8,2,"dineshak07,jaikrishna007"
6563,16657016,"MD. AS-AID RAHMAN","2026-08-26 15:57:49",547.8,2,mdasaidrahman
6564,16883042,"Stefan Berger","2026-09-20 21:06:25",547.7,2,stefanberger1111
6565,16691552,"Koshtubh Singh Parihar","2026-08-09 03:19:39",547.7,2,koshtubhsinghparihar
6566,16717742,"Ghawwjsb Vsjsjsbs","2026-08-13 22:32:49",547.6,2,ghawwjsbvsjsjsbs
6567,16692680,"Marc-Luca ","2026-08-11 12:02:15",547.5,2,marcluca
6568,16732307,"Shobha Vashishtha","2026-08-17 12:32:07",547.4,1,shobhavashishtha
6569,16848263,Xenongas,"2026-09-08 14:23:14",547.3,2,xenongas1
6570,16844670,"Zheng haoling","2026-09-07 04:22:40",547.2,2,zhenghaoling
6571,16655426,engin_zhou,"2026-08-05 15:21:18",547.2,2,enginzhou
6572,16891652,Cristian034,"2026-09-24 09:24:15",547.1,2,cristian034
6573,16632510,shi_koyo,"2026-08-04 08:58:56",547.0,2,shikoyo
6574,16732725,MackTen,"2026-08-19 08:14:01",546.9,2,mackten
6575,16623678,"Mahog & Gerar","2026-09-25 14:01:38",546.8,2,"gerardeltoro,mahoganybuttstrings"
6576,16673359,hasshi7965,"2026-09-23 04:34:47",546.8,2,hasshi7965
6577,16659418,"Fonge Bertin","2026-08-06 09:26:33",546.8,2,fongebertin
6578,16845593,matsudaatom,"2026-09-07 14:44:59",546.7,2,matsudaatom
6579,16684674,"Ch Muhammad Umer ","2026-08-11 08:11:36",546.7,2,chmuhammadumer
6580,16654351,"Manish Kumar","2026-08-04 07:45:22",546.6,2,manishkumarphd2000
6581,16728195,"6 GOD","2026-08-21 15:50:28",546.5,2,tertospacko
6582,16837934,"Osman ILICA","2026-09-09 02:30:19",546.5,2,osmanilica
6583,16688175,aarav221w,"2026-08-25 23:40:16",546.4,2,aarav221w
6584,16744239,"Diogo Gomes ","2026-08-25 09:39:28",546.2,2,diogogomes
6585,16845570,CHCV,"2026-09-27 05:15:37",545.5,2,chcvpz
6586,16732357,"Thales Augusto Leite de Souza","2026-08-23 23:43:38",545.5,2,thalestals
6587,16770674,"Arpit Jain","2026-09-02 11:44:36",545.4,2,arpitjain5
6588,16676534,AlphaBound,"2026-08-25 05:26:32",545.3,2,somsubhrometya
6589,16897043,"Suyog Dahal","2026-09-26 15:45:17",545.3,2,uzumakidahal
6590,16762994,AdvancedRising,"2026-09-13 14:54:28",545.0,2,advancedrising
6591,16633379,"Artem Prokhorov","2026-07-31 20:53:32",544.8,1,catfield123
6592,16686743,charmander,"2026-09-11 15:44:15",544.6,2,rahuladhi
6593,16642994,"Danila Galkin","2026-08-13 19:22:17",544.6,2,danilagalkin
6594,16770891,"Oleg Shatov","2026-09-05 16:34:56",544.5,2,bishkek
6595,16691398,"Time to Win","2026-09-03 04:36:52",544.5,2,yatharthdurgapal
6596,16886077,"Rajan Aggarwal","2026-09-17 15:19:02",544.4,2,rajanaggarwal11
6597,16700441,"Houssem RIAHI","2026-08-27 14:54:09",544.3,2,houssemriahi
6598,16724819,Dwij12,"2026-08-20 18:28:01",544.2,2,dwij12
6599,16689919,"Koren Ben Ezra","2026-08-08 17:49:55",544.2,2,korenbenezra
6600,16656883,KK,"2026-08-05 10:27:15",543.9,2,kkonzyb
6601,16819076,"Keyur Gohel","2026-09-22 16:04:23",543.7,2,venuzdonoa
6602,16660670,"Chirag Bhatnagar","2026-08-31 09:21:45",543.5,2,chiragbhatn
6603,16662103,"Saravana Thiagarajan K","2026-08-05 21:43:42",543.3,2,saravanatk1984
6604,16623112,Tians12,"2026-08-09 19:10:24",543.3,2,tiansang12
6605,16672370,"Yash Barhanpurkar","2026-09-10 17:36:18",543.3,2,yashbarhanpurkar
6606,16655651,"Kevin Cho","2026-09-14 16:40:58",543.3,2,chokevinjs
6607,16744752,"Dean Johnson","2026-08-27 10:26:20",543.2,2,deanjohnson202
6608,16926169,LeoBode,"2026-09-23 14:47:18",543.2,2,lebo124
6609,16669597,农业农村部,"2026-08-10 19:11:08",543.0,2,"bingzhenghan,hrwan1,krasuszl"
6610,16743823,"Zeyu Huang_summer","2026-09-14 15:40:41",543.0,2,zeyuhuangsummer
6611,16863952,"Kuei-Hsien Chu","2026-09-10 06:14:39",543.0,2,formosa21
6612,16844527,"Suyog Gund","2026-09-12 18:30:05",542.9,2,suyoggund
6613,16656690,"Sushant Kumar (xWF)","2026-08-06 04:44:38",542.8,2,sushantkumarxwf
6614,16666249,Kawa_pt,"2026-09-08 22:24:25",542.8,2,kawapt
6615,16673191,juliye,"2026-08-10 03:49:13",542.7,2,juliye
6616,16661564,yang20251228,"2026-09-02 03:40:29",542.6,2,yang20251228
6617,16885464,"Javier Hernáez","2026-09-19 18:09:39",542.6,2,javierhernaez
6618,16690352,"Aled von Oppell","2026-09-24 16:04:36",542.6,2,aledgvonoppell
6619,16896490,"Yiman Gao","2026-09-21 08:15:16",542.6,2,yimangao
6620,16756388,"Sam Scott","2026-08-22 22:04:06",542.5,2,shepard5
6621,16846408,"Arpit Gole","2026-09-16 02:21:23",542.5,2,connecttoarpitgole
6622,16826099,"Aykut Çağlar","2026-09-15 16:08:32",542.2,2,aykutcaglar
6623,16798512,"Yuichiro Kinoshita","2026-09-27 07:21:35",542.2,2,yuichirokinoshita
6624,16750666,"Mitali Yadav","2026-09-23 07:31:39",542.2,2,mitaliyadav18
6625,16688220,Aadi,"2026-08-24 23:10:37",542.2,2,aadicv
6626,16690940,NKryst,"2026-08-29 10:57:18",542.2,2,nkryst
6627,16669396,Fleo98,"2026-08-10 15:43:34",542.1,2,fleo98
6628,16868576,DarkhanShakhan,"2026-09-15 20:17:01",541.9,2,darkhan1991
6629,16703129,"Pratik Vadher","2026-08-10 21:08:27",541.8,1,pratikvadher
6630,16671256,"Navid Zaman","2026-09-08 13:58:31",541.4,2,navidzaman01
6631,16681149,Lee14k,"2026-08-19 17:00:35",541.4,2,lee14k
6632,16692450,duckypants,"2026-08-23 20:36:59",541.4,2,duckypants
6633,16866643,"Yan Slabodich","2026-09-15 08:02:34",541.4,2,yanskij
6634,16793150,Comet19,"2026-08-31 10:53:04",541.3,2,comet19
6635,16640504,"Recep Öztürk","2026-08-26 11:19:31",541.3,2,rcpztrrk1
6636,16658106,"Devam juthani","2026-08-05 08:18:14",541.1,2,devamjuthani
6637,16800950,"Mani Kanta Kalluru","2026-09-09 17:17:20",541.0,2,manikantakalluru
6638,16775237,"Haruki Iwase","2026-09-12 14:38:17",540.9,2,harukiiwase
6639,16853288,ypl0lpy,"2026-09-09 07:56:50",540.8,2,ypl0lpy
6640,16841589,加藤正樹,"2026-09-06 01:59:11",540.8,2,masaki9920
6641,16654761,"Mohammed Mukthar","2026-08-05 02:06:15",540.8,2,mohammedmukthar9
6642,16763287,Sathishkumartheta,"2026-08-25 18:53:26",540.7,2,sathishkumartheta
6643,16729531,alfphafarm,"2026-08-19 19:09:48",540.7,2,vudattumaniteja
6644,16740662,宣城市机械电子职业技术学院,"2026-09-15 02:05:22",540.7,2,chenzhengy
6645,16657104,"Bashar Gamal","2026-09-15 05:51:30",540.7,2,bashargamal
6646,16663437,inversion,"2026-08-04 20:44:41",540.6,1,inversion
6647,16686912,@mldsdev,"2026-08-13 02:07:44",540.3,2,lan1mel
6648,16862124,"Lei Yang23","2026-09-16 18:09:55",540.3,2,leiyang23
6649,16880707,Joy_22@1,"2026-09-25 18:15:40",540.1,2,joy221
6650,16697346,"sayyid mogaka","2026-08-10 21:37:36",540.1,2,sayyidmogaka
6651,16659598,kudston,"2026-09-15 18:38:11",540.1,2,kudston
6652,16675074,ahiokk,"2026-08-07 07:58:44",540.0,2,ahiokk
6653,16808696,마짱MAZZANG,"2026-09-04 09:41:16",539.9,2,mazzang
6654,16786297,isxinhe,"2026-09-19 16:25:26",539.7,2,isxinhe
6655,16663677,"Aghazie David","2026-08-07 00:32:14",539.7,2,aghaziedavid
6656,16655571,yuken,"2026-08-07 13:27:53",539.7,2,yukenai
6657,16656792,"Gnanaprakash R","2026-08-28 15:05:38",539.6,2,gnanaprakashr
6658,16669595,evanca,"2026-08-08 12:27:56",539.6,2,evanca
6659,16699711,"maxscender ","2026-08-13 14:03:35",539.5,2,maxscender
6660,16622938,"Farmville Redux","2026-08-03 18:58:04",539.5,2,daveconnor
6661,16831074,BiNar,"2026-09-18 19:13:55",539.4,2,durbinar
6662,16895374,JerryWang19,"2026-09-15 08:09:57",539.3,1,jerrywang19
6663,16744534,"Leonardo Custode","2026-09-11 09:16:04",539.2,2,leocus
6664,16633934,Alexy,"2026-08-25 04:40:02",539.1,2,alexycactus
6665,16691271,"Ashler Herrick","2026-08-09 14:54:33",539.0,1,ashlerjohnherrick
6666,16663708,"Imran Ahamed","2026-09-23 19:36:27",538.8,2,immu4989
6667,16660295,Pentos,"2026-08-10 00:06:56",538.8,2,nishiumi
6668,16775001,"Maarij Aqeel","2026-08-26 14:48:03",538.7,2,maarijaqeel
6669,16665060,Pipeweed,"2026-08-27 18:14:40",538.7,2,pipeweed56
6670,16621657,"Nikita Batuev","2026-09-22 23:14:25",538.6,2,batuevnikita
6671,16630837,"Vishal Sharma","2026-08-05 18:24:44",538.4,2,vishal40182
6672,16687448,"Israel Burns","2026-08-12 08:41:38",538.4,2,israelburns
6673,16913155,DT,"2026-09-20 14:19:20",538.2,2,"bhd233,vatlegend"
6674,16660035,NoNamedeo,"2026-08-27 14:20:15",538.2,1,nonamedeo
6675,16727009,B05801037,"2026-08-18 02:28:48",538.1,2,peteropop
6676,16634316,"Cao Tùng Lâm","2026-09-01 07:16:08",538.1,2,liamislazy
6677,16857823,"Hà Công Nga ","2026-09-10 02:49:42",538.0,2,hcngnga
6678,16681660,"Parham Ghazanfari","2026-08-07 20:18:18",538.0,1,parhamghazanfari
6679,16782993,hayashida,"2026-09-07 14:01:36",538.0,2,daichihayashi
6680,16823519,GarciasN,"2026-09-07 18:43:18",538.0,2,garciasn
6681,16657871,Lucienne,"2026-08-05 03:13:59",537.9,2,yangnianan
6682,16691164,"Krishna Saathwik","2026-08-13 13:50:40",537.8,2,krishnasaathwik
6683,16927697,Mikiyaas,"2026-09-25 11:09:28",537.7,2,mikiyaas
6684,16640888,"Dhe Yeong","2026-09-25 03:38:43",537.7,2,dheyeong
6685,16680297,"Ajay Singh","2026-08-08 04:33:24",537.6,2,ajaysinghg
6686,16904690,"yuya #2","2026-09-17 07:21:26",537.6,2,pineandtree
6687,16744898,"Tore Erdmann","2026-09-19 16:19:24",537.5,2,toreerdmann
6688,16699756,"zhang xin","2026-09-23 02:00:57",537.3,2,zhangxin300
6689,16667500,jiannebab,"2026-08-14 14:29:12",537.2,2,jiannebab
6690,16730461,"Mubin Shaikh","2026-08-19 06:09:17",537.1,2,shaikhmubin
6691,16749104,danielx119,"2026-08-20 16:36:00",537.0,2,danielx119
6692,16720143,"AMAN PANDEY","2026-08-16 13:57:00",537.0,2,amanapofficial
6693,16674599,"Luka Duvanov","2026-08-19 22:03:46",537.0,2,nekkon
6694,16767800,awee,"2026-09-07 19:34:52",537.0,2,aweertw
6695,16715495,Yashi003,"2026-08-24 04:44:40",537.0,2,yashi003
6696,16712746,itsraininnnn,"2026-08-12 16:38:56",536.9,1,itsraininnnn
6697,16718366,RATriculture,"2026-08-28 19:15:28",536.9,2,tarasshchur
6698,16806260,"Kotaro Furuno","2026-09-03 14:36:00",536.9,2,kotarofuruno
6699,16677303,"Chase Martyn","2026-08-19 02:05:12",536.6,2,chasemartyn
6700,16670544,"William Rients","2026-08-06 00:01:02",536.5,2,williamrients
6701,16840365,"Pranjal Morwal","2026-09-25 20:33:52",536.5,2,pranjalmorwal
6702,16892008,#FeedThePuffer,"2026-09-21 02:24:32",536.5,2,"andrdalbosco,gabmaury"
6703,16670596,prabalsingh_23,"2026-08-26 02:33:14",536.5,2,prabalsingh23
6704,16764330,"Koral Kulacoglu","2026-08-26 04:51:33",536.4,2,koralkulacoglu
6705,16639408,Invictus,"2026-08-11 22:44:04",536.2,2,nicho256
6706,16887280,"ronger zhu","2026-09-17 04:03:22",536.2,2,rongerzhu
6707,16855052,pk954061458,"2026-09-14 10:37:54",536.2,2,pk954061458
6708,16655075,"Félix Rodríguez Roble","2026-08-04 09:16:25",536.2,2,flixrodrguezroble
6709,16761451,gulag,"2026-08-24 03:39:54",536.1,2,moglin
6710,16708907,"[Deleted] 84526ff4-3aed-4b4b-a45f-a4486f01cb7b","2026-08-13 20:01:55",536.1,2,del=34c747d6ee8d2bd7
6711,16675461,mins0_0,"2026-08-30 07:50:53",536.0,2,mins00
6712,16841827,"pohang milk collector","2026-09-20 14:27:51",535.9,2,"duckhun,idearendil"
6713,16658151,"Nguyễn Phúc Gia Bảo","2026-08-06 15:15:07",535.9,2,kevincrazy678
6714,16693988,"Pranav Gupta","2026-08-18 03:51:41",535.9,2,kumbhakarann
6715,16726839,syunsuke,"2026-08-21 23:12:13",535.7,2,syunsuke1024
6716,16667143,"Noct-Tech zombie","2026-08-06 13:46:51",535.6,2,jo3thaboss
6717,16660119,"Dhruva Das","2026-08-05 17:05:52",535.6,2,dhruva77
6718,16752899,"Nicolò Alberti","2026-08-23 09:16:36",535.6,2,nicolalberti
6719,16811259,"Aaryan Agarwal","2026-09-03 20:21:00",535.5,1,aaryanagarwal
6720,16774317,A_yuki,"2026-09-21 16:26:27",535.5,2,yukiys
6721,16889017,Bigwh3el,"2026-09-23 20:52:54",535.2,2,bigwh3el
6722,16762010,"Ivan Piaternev","2026-09-15 08:14:40",535.1,2,iamvanya
6723,16767754,"Dr. T","2026-09-23 06:55:54",535.1,2,davinor
6724,16697800,DR_Mkelvo,"2026-08-09 20:42:15",535.1,1,drmkelvo
6725,16717850,"HeeGwan Lee","2026-09-06 11:51:49",534.8,2,heegwanlee
6726,16728743,Miki_Nuummiu,"2026-09-16 20:54:12",534.6,2,mikinuummiu
6727,16843633,"Arbnor Grubi","2026-09-13 02:32:30",534.5,2,protocool
6728,16675066,Opticulture,"2026-08-16 12:19:48",534.5,2,"bajibaburowthu,ponnuripavankumar,radhakrishnadoredla,veereshkumar1219"
6729,16658477,"chathura prasadh9817","2026-08-06 07:18:04",534.4,2,chathuraprasadh9817
6730,16718363,"Jarbas Camurça","2026-08-28 11:15:44",534.4,2,pjarbas
6731,16657105,"Mathijs Deelen","2026-08-05 01:16:34",534.3,2,mathijsdeelen
6732,16663766,"Anup Gautam","2026-08-08 01:29:10",534.2,2,anupanda
6733,16762206,"mohammad khanjani2026","2026-09-06 05:17:52",534.2,2,mohammadkhanjani2026
6734,16669479,"Shifa Salsabiila","2026-08-09 02:56:11",534.2,1,shifasalsabiila
6735,16659446,zhaozy233,"2026-08-15 16:51:36",534.1,2,zhaozy233
6736,16697704,"Leonid Matetskiy","2026-08-09 21:39:06",534.0,2,leonidmatetskiy
6737,16690736,omarkami007,"2026-08-11 18:40:45",534.0,2,omarkami007
6738,16726080,"Arda Yasar","2026-08-19 06:02:10",533.9,2,ardayasar
6739,16676155,"Adam Carnaffan","2026-08-07 16:48:03",533.8,2,adamcarnaffan
6740,16669165,"IT Neko","2026-08-14 13:17:33",533.8,2,"nirvaanaa,zhexuanyecust"
6741,16621523,"Victor Orihuel","2026-08-18 05:40:18",533.8,2,victororihuel
6742,16750614,"Shivansh Chaudhary","2026-09-05 06:17:27",533.7,2,shivanshchoo
6743,16845148,"nasa Furiy","2026-09-07 08:24:40",533.7,2,nasafuriy
6744,16722366,"Aki Lit","2026-08-14 23:24:20",533.6,2,akilit
6745,16706413,"Song Research","2026-08-18 00:39:36",533.3,2,sangbong91
6746,16702820,"Plorek ","2026-08-28 11:28:11",533.3,2,plorek
6747,16679364,VicD,"2026-08-14 20:16:52",533.2,2,durandv
6748,16621811,"Shaun Andrade","2026-08-01 00:44:42",533.2,2,shaunandrade
6749,16670274,"dankwa wadie","2026-09-01 08:45:40",533.2,2,dankwawadie
6750,16747345,"Alex #3","2026-09-17 08:59:07",533.1,2,alexb99
6751,16667025,"Anjitha Mekkayil Anand ","2026-08-28 05:59:46",532.9,2,anjithamekkayilanand
6752,16671420,"Chengchen Duan","2026-08-17 15:25:09",532.9,2,chengchenduan
6753,16660419,"Kai-Shih Chiu","2026-08-06 12:54:22",532.8,2,kaishihchiu
6754,16926556,Fufig,"2026-09-20 17:31:56",532.7,2,yafufig
6755,16660850,"Khoa Le","2026-08-05 13:23:55",532.7,2,bryanle2025
6756,16756029,EndCreeper,"2026-09-18 15:46:59",532.3,2,endcreeper
6757,16726873,@F,"2026-08-16 01:43:22",532.2,1,atefbouzid
6758,16667818,AjayVarma555,"2026-08-09 15:14:45",532.1,2,ajayvarma555
6759,16662057,DeokJin,"2026-08-05 04:01:38",531.8,2,deokjin
6760,16666483,"Salih Erdem Kaymak","2026-08-08 17:32:38",531.7,2,saliherdemkaymak
6761,16673333,"Dimas Renggana","2026-08-06 23:40:39",531.6,2,dimasrenggana
6762,16657794,"Aromal vK","2026-08-06 15:35:11",531.6,2,aromalvk
6763,16937883,Philip,"2026-09-21 21:27:47",531.5,2,timmi22194
6764,16675264,"Alon Bar Koter","2026-08-06 16:16:43",531.5,2,alonbarkoter
6765,16917921,xxxx333,"2026-09-19 03:58:31",531.3,2,xxxx333
6766,16760226,"Erich Hofstötter","2026-08-24 15:49:06",531.2,2,erichhofsttter
6767,16681509,"Kethan Sai","2026-09-18 09:53:32",531.1,2,kethansaikoneru
6768,16749764,Aquaflame,"2026-09-11 16:41:58",531.0,2,aquaflame
6769,16865454,"Zhihuan Xue","2026-09-16 11:16:53",530.8,2,xuantianfengwu
6770,16701795,Proshian,"2026-08-11 00:01:04",530.7,2,proshian
6771,16794491,"Sushant Pargaonkar","2026-09-02 02:59:45",530.7,2,sushantpargaonkar
6772,16775749,Yurikada,"2026-09-03 11:13:54",530.6,2,yosukeinada
6773,16718042,"Muddassir Shah","2026-09-02 21:49:44",530.4,2,wisemanseed
6774,16892437,chukbert,"2026-09-26 06:29:07",530.4,2,chukbert
6775,16839030,minedmap,"2026-09-07 20:19:52",530.3,2,minedmap
6776,16669545,"Rishabh Gupta","2026-08-06 18:19:04",530.3,2,rishabhguptajs
6777,16899050,SerenaLsr,"2026-09-16 03:35:02",530.3,2,serenalsr
6778,16723045,"Albert Einstein F Muritiba","2026-09-19 02:35:02",530.0,2,spideryzarc
6779,16716632,shini47,"2026-08-22 20:30:17",530.0,2,shini47
6780,16778145,TW_益民_li,"2026-09-03 12:28:49",529.9,2,liyimintw
6781,16659309,irisV11,"2026-08-18 05:23:01",529.9,2,irisv11
6782,16692637,"Blox Amaze","2026-08-09 09:47:42",529.8,2,bloxamaze
6783,16658718,"Duong Bao Duy","2026-09-15 13:31:45",529.8,2,duongbaoduy
6784,16765031,"Allen JL Li","2026-08-27 06:12:23",529.7,2,allenjlli
6785,16673266,Preet,"2026-08-14 05:57:17",529.7,2,hpkaur34
6786,16672463,"Muzammil Baloch","2026-08-07 12:45:39",529.7,2,muzammilbaloch
6787,16702118,"cemal özdeniz","2026-08-10 20:27:17",529.7,2,cemalzdeniz
6788,16773779,"Daichi Tanaka","2026-08-31 03:38:48",529.7,2,daichit64
6789,16885591,Orange,"2026-09-13 11:30:58",529.6,2,orangecoppers
6790,16659813,"Uday Kumar R","2026-08-13 09:47:39",529.5,2,udaykumarramineni
6791,16730649,Mink,"2026-09-20 22:14:02",529.5,2,"mahendransaeyohnn,mysterious5577"
6792,16890221,"Kalebu Makombe","2026-09-14 10:07:31",529.4,2,kalebuomakombe
6793,16673923,"Gabriele Giacometti","2026-09-10 12:15:50",529.3,2,gabrielegiacometti
6794,16697681,"Mahfujur Rahman Rakib","2026-08-10 05:14:21",529.1,2,mahfujurrahmanrakib
6795,16709494,"Aditya Dushara","2026-09-10 22:24:55",529.1,2,adityadushara
6796,16735517,"Philipp k-s","2026-09-13 19:12:05",529.0,2,philippkeussenstrau
6797,16727376,"Roko Torbarina","2026-08-18 18:31:57",528.9,2,rokotorbarina
6798,16702359,"Ethan Pl","2026-08-11 19:43:21",528.9,2,ethanpl
6799,16840437,nick.ai007,"2026-09-10 06:36:01",528.6,2,nickai007
6800,16783367,hezhiqian,"2026-09-17 00:06:34",528.5,2,hezhiqian
6801,16664140,Sxwat,"2026-08-23 01:13:13",528.5,2,aybatov
6802,16657981,"Arijit Kar","2026-08-18 11:05:52",528.4,2,demonicak
6803,16712902,"Ethan Benjamin Cole","2026-08-13 12:19:26",528.4,2,ethanbenjamincole
6804,16736636,torch,"2026-08-18 10:35:29",528.1,2,rhtsingh
6805,16667794,knadithyavr,"2026-08-13 12:24:05",528.1,2,knadithyavr
6806,16668817,"Sean ODonnell","2026-08-08 03:27:47",528.0,2,sjean11
6807,16718565,Frankyface,"2026-08-13 18:54:37",527.9,1,frankyface
6808,16920613,"vietnam vo dich","2026-09-18 13:38:00",527.8,2,ctun12
6809,16743438,嘎嘎滴辣晒,"2026-08-24 09:30:32",527.7,2,yuhangzhang0621
6810,16825999,"Atsushi Yoshikawa","2026-09-07 02:06:13",527.7,2,atsushiyoshikawa
6811,16752665,"Dominik Toric","2026-09-14 17:20:14",527.6,2,dominiktoric
6812,16665462,ZSZ,"2026-08-12 13:55:00",527.6,2,zsuzsanna2
6813,16702481,"Scott G","2026-08-13 15:19:02",527.5,2,verifiedscott
6814,16849108,raypratik,"2026-09-25 10:19:40",527.4,2,raypratik
6815,16695799,Vaycheslav,"2026-09-22 08:05:40",527.3,2,vaycheslav
6816,16704569,"Lorenzo Grattarola","2026-08-16 22:24:15",527.3,2,lorenzograttarola
6817,16644508,"Vandana Pathania","2026-08-22 21:59:37",527.3,2,vandanapathania
6818,16730105,"Leonardo Palis","2026-08-17 03:35:05",527.2,2,leonardopalis
6819,16671364,"Mike Riggs","2026-08-09 03:22:55",527.1,2,riggsasi
6820,16658820,"Jonathan Ashenaf1","2026-08-11 16:59:20",527.1,2,jonathanashenaf1
6821,16773361,"tom yi","2026-09-24 08:56:59",526.9,1,tomyi1547
6822,16927406,wmar,"2026-09-25 17:51:43",526.9,2,wmar38334
6823,16732003,"HAO jia liu","2026-08-18 09:58:05",526.8,2,haojialiu
6824,16730922,"Shengyuan Yin","2026-09-24 10:49:46",526.8,2,flaming0
6825,16904318,"wofi poria","2026-09-18 01:33:18",526.8,2,wofiporia
6826,16632504,"[Deleted] c2f6c5d5-ecb1-4f92-95d7-7c9f0fd3474f","2026-07-31 16:04:32",526.8,1,ryota517
6827,16733910,davidsmith42,"2026-08-19 23:59:03",526.5,2,ananthvydianath42
6828,16730740,"claude opus5🏆","2026-08-19 09:58:24",526.4,2,yinpinggao
6829,16662313,"Maximus Sambucetti","2026-08-09 15:36:46",526.4,2,maximussambucetti
6830,16790206,"bogdan chirkov","2026-09-15 13:46:30",526.4,2,bogdannchirkovv
6831,16722028,"Aw Ming Xuan","2026-08-16 09:24:48",526.3,2,awmingxuan
6832,16671779,"Syed Jawad","2026-09-06 12:12:28",526.3,2,syedjawad11
6833,16664750,"shubham kumar","2026-09-13 16:24:23",526.3,2,shubzk17
6834,16624941,"KO Ho Tin","2026-08-10 03:33:47",526.2,2,b14ckc4tmr
6835,16690152,"The Ceris","2026-08-16 11:49:31",526.2,2,amedeopachera
6836,16827864,"Tùng Dương Bùi","2026-09-04 14:31:54",526.1,2,tdbui1209
6837,16743001,Nikhilasree,"2026-09-03 11:33:45",526.0,2,nikhilasree2003
6838,16747163,"Sarthak Patel","2026-08-21 06:36:26",526.0,2,sarthakpatel2028
6839,16682815,"Saiyam Bharara","2026-08-19 15:03:06",526.0,2,saiyambharara
6840,16714592,"Carey Casile","2026-08-14 18:34:16",526.0,2,ccasile
6841,16798918,"Toan Nguyen Mau","2026-09-07 08:39:35",526.0,2,toannguyenmau
6842,16762881,Yuki0x80,"2026-09-22 14:30:53",525.8,2,saiyuki1919
6843,16787010,"Samir Patel","2026-09-04 02:59:28",525.7,2,mesamirpatel
6844,16777150,Eduardo2c,"2026-09-06 14:23:04",525.7,2,eduardo2c
6845,16632253,nasuuuuun,"2026-08-04 13:30:11",525.7,2,hikarumatsuzaki
6846,16724904,"Carlos Eduardo De Paula Arantes","2026-08-15 15:48:43",525.6,2,carloseduardo1753
6847,16762831,026,"2026-09-07 00:58:19",525.4,2,thahaarsh
6848,16756858,"Rushi A.","2026-08-23 18:54:03",525.4,2,rushia
6849,16757417,otter_0714,"2026-09-21 02:42:56",525.2,2,otter0714
6850,16658738,Aman,"2026-08-05 11:12:10",525.1,2,amank95amank95
6851,16748774,"hakan ulucan","2026-08-25 19:19:11",524.9,2,hakanulucan
6852,16741766,lrik00,"2026-09-15 13:27:32",524.8,2,lrik00
6853,16710521,"Natpaphon Nukhunthod","2026-08-17 03:37:15",524.6,2,natpaphonnukhunthod
6854,16794797,zzzyan10,"2026-09-21 02:45:51",524.4,2,zzzyan10
6855,16692246,"Pamod Jayaneth","2026-09-08 05:13:09",524.4,2,pamodjayaneth
6856,16742172,"Felisitas Mellania","2026-09-11 06:39:04",524.4,2,felisitasmellania
6857,16727961,"Ebenezer Olumeyan","2026-08-22 15:54:00",524.4,2,eolumeyan
6858,16700484,白井孝太郎,"2026-08-15 01:08:02",524.3,2,kotaroshirai
6859,16740709,"Abimael Firstana #2","2026-09-11 07:19:13",524.3,2,abimaelfirstana99
6860,16659507,"Lokesh Lalan","2026-08-26 08:51:50",524.2,2,lokeshlalan
6861,16853582,"Qiao Ke","2026-09-09 09:44:44",524.2,1,bridgekk
6862,16764600,"Tanmay Shingavi","2026-09-03 05:43:57",524.1,2,decodingafterlife
6863,16756131,"Emre Atilgan","2026-08-24 20:20:06",524.0,2,emreatilgan
6864,16818405,MickyDot,"2026-09-08 08:16:06",523.9,2,mickydot
6865,16675585,"Jacob Joy","2026-08-11 12:13:06",523.9,2,jac0b1
6866,16784966,oouiaa,"2026-09-03 21:53:59",523.9,2,tomofumihata
6867,16686149,"Luc Mantoux","2026-08-09 20:25:33",523.9,2,lucmantoux
6868,16799485,"Bartholomew Jordan","2026-09-19 09:48:21",523.9,2,bartholomewjordan
6869,16719172,"Victor Carriço","2026-08-24 03:35:14",523.8,2,kronossaurus
6870,16635145,"Isaac Menard","2026-08-05 21:11:36",523.8,2,isaacmenard
6871,16666328,"Dornus !","2026-08-05 21:53:19",523.7,2,dornus
6872,16708625,"Lê Văn Pháp","2026-08-29 03:15:56",523.6,2,"linhsarah,lvnphp"
6873,16658074,"Qui Ngx","2026-08-05 05:57:15",523.6,2,quingx
6874,16673324,Amaranta,"2026-09-21 18:08:18",523.5,2,ulyanovantonamaranta
6875,16686645,Ornaat,"2026-09-25 10:39:18",522.9,2,ornaat
6876,16736261,"Saptanshu Samal","2026-08-22 12:02:42",522.9,2,saptanshusamal
6877,16914880,"Mohammed Afreed Pasha","2026-09-26 11:51:11",522.8,2,mohammedafreedpasha
6878,16635746,"jeon hyeon woo","2026-08-13 15:32:43",522.8,2,jeonhyeonwoo
6879,16663864,RamónLópez,"2026-09-25 21:45:37",522.7,2,lopeznomar
6880,16924914,AgriPredictors,"2026-09-26 21:29:03",522.7,2,"mehakiftikhar,mnkaggler"
6881,16659181,Hongjie04,"2026-08-05 04:07:04",522.6,2,hongjie04
6882,16657400,indrapurnama,"2026-08-08 05:42:05",522.5,2,indr0008
6883,16631772,yuki,"2026-08-03 17:39:58",522.5,2,yururoi
6884,16661066,"André Kuster","2026-08-06 00:54:20",522.4,2,andrkuster
6885,16658116,Emmy,"2026-09-26 08:34:35",522.3,2,emmyone
6886,16658779,"Richard G Atkinson","2026-08-05 00:29:59",522.2,2,richardgatkinson
6887,16678633,"Tanishq Tayade","2026-09-14 21:39:04",521.9,2,tanishqtayade
6888,16867745,"Carlos Uño Magne","2026-09-13 15:09:49",521.9,2,carlosuomagne
6889,16679671,Ash0666,"2026-08-09 19:28:52",521.9,2,ash0666
6890,16760190,"Florian Tigoulet","2026-08-24 12:37:14",521.8,2,floriantigoulet
6891,16686613,Zubatch,"2026-08-15 20:11:39",521.7,2,zubatch
6892,16704864,ksj00610,"2026-08-12 08:47:16",521.5,2,ksj00610
6893,16662293,"Alejandro Fonda","2026-09-25 00:56:43",521.5,2,alejandrofonda
6894,16731887,"hoo aam","2026-08-21 05:37:16",521.5,2,hooaam
6895,16723037,"Red Cat","2026-09-10 19:23:50",521.4,2,severl
6896,16740646,"Darren Chung","2026-08-25 18:00:27",521.4,2,chungdarren
6897,16666597,Ramkumar4240,"2026-08-10 12:19:20",521.4,2,ramkumar4240
6898,16780513,"Hugo JOBÉ","2026-08-27 20:51:09",521.3,2,hugojob
6899,16731013,"Abimael Firstana","2026-09-11 06:55:02",521.1,2,abimaelfirstana
6900,16670779,"Aditya Dube","2026-08-06 01:41:24",521.0,2,dubeaditya
6901,16661550,SeriouS_K,"2026-09-24 08:28:49",521.0,2,serious101
6902,16926574,"walid waccub","2026-09-19 22:12:00",520.9,2,walidwaccub
6903,16621354,pengshy,"2026-08-06 04:54:01",520.9,2,dm15336142
6904,16905582,Movilly,"2026-09-25 15:11:36",520.9,1,movilly
6905,16666055,Axit,"2026-08-06 10:16:15",520.9,2,axitslab
6906,16926699,"Juliano Batistim","2026-09-25 00:02:10",520.8,2,julianobatistim
6907,16929796,"Emre Balsar","2026-09-20 11:03:09",520.6,2,emrebalasar
6908,16723125,"Shubham Dhapola","2026-08-16 13:35:23",520.5,2,shubhamdhapola24
6909,16729157,HahaTaco,"2026-09-12 17:33:16",520.4,2,hahataco
6910,16845760,Alyosha85,"2026-09-07 05:42:01",520.3,2,alyosha85
6911,16915731,INF2_josallo4_anpego3,"2026-09-20 16:30:53",520.2,2,josepsalvador
6912,16669118,"yunus yavuz","2026-08-05 21:51:21",520.2,2,yunusyvz
6913,16752153,zhao569,"2026-09-17 08:34:24",520.2,2,zhao569
6914,16696163,"Romain Durand","2026-08-17 19:00:46",520.0,2,romaindurand1607
6915,16640077,larry54321zhao,"2026-09-09 08:48:32",519.8,2,larry54321zhao
6916,16710512,FishWotou,"2026-08-19 04:45:40",519.7,2,fishwotou
6917,16717716,"Диас Издибаев","2026-08-15 05:32:14",519.7,2,diasiz1
6918,16676259,Th_Gbay,"2026-08-19 20:42:35",519.6,2,thgbay
6919,16845161,"Abate etienne","2026-09-08 00:28:04",519.4,2,abateetienne
6920,16664142,"The Studio 1","2026-08-16 23:04:06",519.4,2,landonsheatsley
6921,16696020,"Hugo Voisin","2026-08-11 16:08:06",519.2,2,hugovoisin
6922,16759246,wangfeifei_si,"2026-08-26 14:27:19",519.1,2,wangfeifeisi
6923,16669028,"Atishay Kasliwal","2026-08-11 17:54:59",518.9,2,atishaykasliwal
6924,16793889,zhzz,"2026-09-01 11:28:52",518.9,2,ucsdzhengzeng
6925,16841858,"Aadit Agrawal","2026-09-08 07:23:56",518.9,2,aaditagrawal
6926,16795609,2023314806_이승민,"2026-09-04 10:21:31",518.5,2,sminleeee
6927,16773942,"Malhar Shah","2026-09-24 18:20:06",518.3,2,"malharshah2511,veervohra123"
6928,16673712,"Alejandro Betato","2026-08-16 10:48:24",518.2,2,alejandrobetato
6929,16753887,"Hong Tang","2026-08-24 21:41:20",518.1,1,hongtang15
6930,16865918,yh00722,"2026-09-14 04:52:38",518.1,2,yh00722
6931,16666371,jiten_topiwala,"2026-08-08 16:51:13",518.1,2,jitentopiwala
6932,16791027,"Ryan Cheung","2026-09-07 04:46:47",518.0,2,doggychip
6933,16667011,"Chung Yu Jin","2026-09-21 05:44:32",517.9,1,chungyujin24
6934,16712921,"Come Back","2026-08-20 00:45:45",517.7,2,amirhosseinltf
6935,16651167,ArmanVardanyan07,"2026-08-03 22:43:13",517.7,2,armanvardanyan07
6936,16808641,papajams,"2026-09-26 19:13:20",517.5,2,papajams
6937,16890133,Adsterr,"2026-09-19 07:58:59",517.4,2,adsterr
6938,16645446,gogo98415,"2026-08-29 06:04:15",517.2,2,gogo98415
6939,16654890,"Josh Hipps","2026-08-06 14:16:49",517.1,2,joshuahipps
6940,16892255,"Jegors Čemisovs","2026-09-23 21:02:44",517.0,2,fortemate
6941,16729202,Sven,"2026-08-27 21:55:40",517.0,2,sventleman
6942,16685652,LeonDuue,"2026-09-01 06:55:54",516.9,2,leonduue
6943,16654943,"Alexis Selorm Gbeckor - Kove","2026-08-10 11:44:58",516.9,2,advancedbeginner
6944,16630773,"An Hoang Vo","2026-09-05 14:49:25",516.9,2,anhoangvo
6945,16680108,dentalsoup,"2026-08-07 09:03:47",516.8,2,afinemonkey
6946,16906705,"Gaurav Vyas","2026-09-20 17:24:05",516.7,2,ctogaurav
6947,16676320,"Khôi Trần","2026-08-29 14:14:57",516.6,2,khoitrn
6948,16769793,"Shivam Batra","2026-08-26 14:21:49",516.5,2,shivam744
6949,16740894,BetOnMe,"2026-08-19 14:40:02",516.3,2,betonme
6950,16664370,"Joel Arias","2026-08-06 17:29:01",516.2,1,j4rias
6951,16717817,"Nick Stoddart","2026-08-14 05:15:23",516.1,2,nickstoddart
6952,16664143,"Lucas Henrique Mateo","2026-08-21 19:10:52",516.1,2,lucashmateo
6953,16858984,Katherine_2002,"2026-09-24 07:17:45",516.0,2,katherine2002
6954,16693207,"Vamshi Guntupalli","2026-08-11 22:40:36",516.0,2,vamshiguntupalli
6955,16840480,jignesh13,"2026-09-16 19:33:04",516.0,2,jignesh13
6956,16846845,Shunsuke,"2026-09-07 15:25:38",516.0,2,shunsukeisono
6957,16740534,"Gao Wenjiang","2026-09-02 09:48:37",515.9,2,gaowenjiang
6958,16665281,"[Deleted] 899172b8-e148-4564-ba8c-c46356105ab8","2026-08-05 09:55:11",515.8,2,del=cd7e9a4014b872ef
6959,16855185,ArdiaNova,"2026-09-18 11:08:04",515.6,2,ardianova
6960,16688366,yokoikazumasa,"2026-08-08 19:25:58",515.4,1,yokoikazumasa
6961,16660173,"PAULO HENRIQUE DE LIMA","2026-08-06 02:42:20",515.3,1,paulohenriquedelima
6962,16661832,"Roberto Garcia","2026-08-08 15:09:39",515.2,2,robertogarciada
6963,16907148,Blooriculture,"2026-09-23 15:02:43",515.1,1,"aarnsantosgonzlez,danireyna08,fernandopardoalonso,marcobarrancomoreno"
6964,16731635,懒惰的金枪鱼,"2026-09-23 06:45:21",515.0,2,jiaclv
6965,16660364,dadandsats,"2026-08-14 11:41:04",515.0,2,continuingdev
6966,16715897,shettynaisha,"2026-09-06 17:28:58",514.9,2,shettynaisha
6967,16863015,"Carlos Jaime","2026-09-24 03:14:47",514.9,2,cjaime708
6968,16664119,FSzekut,"2026-08-07 00:03:04",514.8,2,fszekut
6969,16861492,Adi_271,"2026-09-10 09:47:25",514.7,2,adi271
6970,16654596,"khusham sheth","2026-08-13 05:28:55",514.5,2,khushamsheth
6971,16640845,"tang yangzhou","2026-08-04 21:36:09",514.3,1,tangyangzhou
6972,16666614,"Arjun Annamalai","2026-08-18 09:23:28",514.3,2,arjunannamalai
6973,16682076,"Igor Riegel","2026-09-02 14:49:12",514.3,2,igormriegel
6974,16665046,"Srish Jana","2026-08-06 18:12:59",514.0,2,srishjana
6975,16810343,"Aleksandr Borodin","2026-09-02 20:29:06",514.0,2,aleksandrbor
6976,16686150,"Aek KunKub","2026-08-14 05:21:43",513.5,2,aekkunkub
6977,16674714,"Kaaleedass Manoharan","2026-08-31 19:07:47",513.5,2,kaaleedassmanoharan
6978,16668022,"Lady and tech","2026-08-19 04:08:50",513.5,2,ladyandtech
6979,16660214,ytddsyt1214,"2026-08-09 12:32:06",513.2,2,ytddsyt1214
6980,16632118,nk,"2026-09-11 09:55:01",513.1,2,nagatakengo
6981,16671648,"[Deleted] 05e6ae2c-c72f-4044-b02f-dc74277e34ab","2026-08-09 07:21:22",512.9,2,del=871ca06d8c734ede
6982,16795997,"Boyu Wan","2026-09-04 04:58:57",512.9,2,pupudan
6983,16769648,"Alok Kumar","2026-08-28 18:04:50",512.8,2,shadowserpent
6984,16705363,"Matt Hall","2026-08-16 01:44:32",512.6,2,matthall0
6985,16720714,"Lithole Munangiwa","2026-08-19 11:23:49",512.6,2,litholemunangiwa
6986,16808750,ssssying,"2026-09-11 14:41:53",512.5,2,ssssying
6987,16678644,"Kanik Aggarwal","2026-08-13 19:01:16",512.4,2,roronoazoro200
6988,16675801,"Neeraj Jha","2026-09-27 07:38:16",512.2,2,neerajjha1996
6989,16661927,JHCodeQuest,"2026-08-25 11:36:46",512.2,2,josephkhassan
6990,16685582,Wasaanyi,"2026-08-18 09:21:30",512.1,2,"cnakakeeto,wasaanyi"
6991,16709885,"Manuel Pérez","2026-08-14 01:54:02",512.1,2,manuelperezzz
6992,16669397,"Abed Kibbe","2026-09-13 06:09:10",512.1,2,abedkibbe
6993,16731729,"Sumit Bopche","2026-08-21 15:53:56",512.1,2,sumitbopche
6994,16714335,"Jake Mordan","2026-09-24 08:39:37",512.0,2,jakemordan
6995,16915853,popwenman,"2026-09-19 08:21:09",511.7,2,popwenman
6996,16662875,Jimmy,"2026-09-21 04:29:42",511.6,2,jiyo4476
6997,16656913,"Inna Davidov","2026-08-20 04:43:47",511.5,2,innadav
6998,16658160,yunquer,"2026-08-17 07:18:53",511.5,2,yunquer
6999,16781545,"Jake Lin","2026-09-23 01:14:34",511.3,2,jakelinai
7000,16669470,"ASDM HUB","2026-08-12 20:13:20",511.3,2,jesushechavarria
7001,16743282,"Srivishnu Charan","2026-09-03 14:06:54",511.3,2,srivishnucharan
7002,16659645,Drakus_Julia,"2026-08-09 02:15:20",511.2,2,drakus74
7003,16664348,"Rocket Zech","2026-08-29 08:23:04",511.2,2,isaactunglaw
7004,16929820,sdssJ0,"2026-09-23 09:57:21",511.0,2,sdssj0
7005,16677360,"Jatin Chawla","2026-08-08 13:45:06",510.9,2,jatin221
7006,16660361,"Abhishek Sharma","2026-09-26 16:41:40",510.6,2,abhisheksharma425
7007,16735475,SunjaeLee02,"2026-08-19 08:12:41",510.6,2,sunjaelee02
7008,16914771,"Moritz Schobesberger","2026-09-17 15:21:34",510.6,2,moritzschobesberger
7009,16677585,Pan,"2026-08-07 13:54:22",510.5,2,mehdiacho
7010,16871854,"Tanvi Parsam","2026-09-13 16:07:41",510.3,2,tanviparsam
7011,16947214,bzttub,"2026-09-23 07:25:28",510.3,2,"bzttub,hehahakl,michaelyu99,y1jun0000"
7012,16932020,Syedxd,"2026-09-24 12:53:04",510.3,2,syedxd
7013,16678602,"hassan manour","2026-08-07 12:52:23",510.3,1,hassanmanour
7014,16672078,vietlinhh02,"2026-08-08 07:46:53",510.2,2,vietlinhh02
7015,16652952,lackmind,"2026-09-04 18:46:11",510.2,2,lackmind
7016,16832891,"Kana Kuroyanagi","2026-09-23 05:10:12",510.2,2,kanakuroyanagi
7017,16688646,lakranitesh,"2026-08-08 12:49:18",509.8,2,lakranitesh
7018,16655072,Sonuaswar1,"2026-08-04 07:33:47",509.7,2,sonuaswar1
7019,16691807,lbs-vadar,"2026-08-26 18:29:57",509.6,2,lbsvadar
7020,16630438,"Aayush Bansal","2026-09-25 13:35:55",509.6,2,aayushbansal0330
7021,16649339,"华东 朱","2026-09-22 16:35:19",509.6,2,mgdbzny
7022,16862225,"Dmitriy Ershov","2026-09-09 19:38:26",509.5,2,bejeweled
7023,16774333,"Nazim Shoikot","2026-09-03 11:20:20",509.5,2,nazimshoikot71
7024,16661432,"Ange Adantchede","2026-09-21 09:00:05",509.4,2,angeadantchede
7025,16757407,"Dylan Bailes","2026-08-26 07:11:56",509.3,2,dylanbailes
7026,16658031,BSam79,"2026-09-12 09:12:39",509.1,2,bsam79
7027,16749371,"Renisa Assyifa Putri","2026-08-21 05:24:07",509.1,1,renisaassyifaputri
7028,16662201,"Saumitra Verma","2026-08-04 18:28:36",509.0,2,saumitraverma
7029,16833476,"Richard Pagan","2026-09-05 03:01:54",508.7,1,richardpagan
7030,16928039,"Hideki Fujiwara","2026-09-27 00:14:55",508.6,2,hidekifujiwara
7031,16887274,Shakeel,"2026-09-14 09:55:20",508.5,2,shakeel787
7032,16696460,"Enzo 7mlk","2026-09-16 15:19:51",508.4,2,enzo7mlk
7033,16738456,"Pritul Raut","2026-08-21 08:45:04",508.4,2,pritulraut
7034,16771171,Manfucci,"2026-09-12 14:08:47",508.3,2,manfucci
7035,16708230,"jose manuel Tinajero","2026-08-25 15:02:46",508.2,2,josemanueltinajero
7036,16669408,"Josaphat Adjele","2026-08-31 17:26:56",508.2,2,josaphatadjele
7037,16713033,Contact-Nade,"2026-09-10 07:44:18",508.1,2,"masanammedha,rayofc"
7038,16795624,"Shashwat Khare","2026-09-02 01:46:54",508.0,2,shshwtkhr
7039,16786461,"Caleb Bredlow","2026-09-07 04:17:50",507.9,2,calebbredlow
7040,16854398,"VALERIY MIKHALEV","2026-09-08 16:27:24",507.8,2,valeriymikhalev
7041,16730749,"Đông Hà","2026-09-23 10:43:32",507.8,2,phapsucongu
7042,16760352,"Romain Bomba","2026-08-24 01:27:23",507.7,2,romainbomba
7043,16693033,AgriBot,"2026-08-13 23:53:10",507.6,2,prcieuxcomlan
7044,16657401,korpo,"2026-08-25 20:18:13",507.5,2,krisko
7045,16889005,Dino,"2026-09-23 08:43:11",507.5,2,ngohongthai
7046,16676663,"This cat is called Fumi","2026-08-11 18:21:43",507.4,2,qwer556617123
7047,16658973,"not today","2026-08-05 05:57:14",507.4,2,cemhan44
7048,16939419,goat,"2026-09-26 18:39:28",507.4,2,vinhdang2006
7049,16685618,"Krupa Vardhan","2026-08-28 09:24:21",507.3,2,krupavardhan
7050,16658327,pocari1,"2026-08-19 07:17:28",507.2,2,pocari1
7051,16631981,"Karen Letir","2026-08-10 09:21:51",507.0,2,karenletir
7052,16700661,"Aakash Kavuru","2026-08-12 05:13:05",507.0,2,aakashkavuru
7053,16884148,mengxc410,"2026-09-18 03:42:08",506.8,2,mengxc410
7054,16663188,"Ethan Feng","2026-08-05 22:09:38",506.8,2,xenon111231
7055,16664841,vohi01,"2026-09-26 06:42:32",506.8,2,vohi01
7056,16884997,"Le Huy Tuong","2026-09-17 12:55:49",506.8,2,lehuytuong
7057,16679771,Coolgolf,"2026-09-02 13:56:54",506.6,2,coolgolf
7058,16907151,"Susana Horias","2026-09-23 14:46:43",506.5,2,"diegobarriosalonso,noelcalvoortega,robertocanrubio,rubnvalcarcelvarez"
7059,16844334,lsnm,"2026-09-07 15:02:17",506.4,2,eliasnema
7060,16918629,humblegod,"2026-09-20 19:49:23",506.3,1,sophatodom
7061,16683918,Thuytien,"2026-08-07 17:20:33",506.2,2,thuytien200529
7062,16795284,"Kostas Tsolis","2026-09-14 09:14:56",505.8,2,tkostas
7063,16779813,zitihc,"2026-08-29 14:18:49",505.8,2,zitihc
7064,16947496,"lit tlemiaos","2026-09-26 19:12:25",505.7,2,littlemiaos
7065,16740840,"Huchen Jiang","2026-09-02 09:18:47",505.5,2,huchenjiang
7066,16658925,CYBWithFlourish,"2026-08-06 15:56:28",505.5,2,cybwithflourish
7067,16761589,"Eren -","2026-08-27 08:48:44",505.4,2,erenozyurek
7068,16674076,rigsutra,"2026-09-12 16:57:45",505.3,2,rigsutra
7069,16664605,"Nathaniel Shou","2026-08-05 17:51:47",505.2,2,nathanielshou
7070,16761751,KrishnaKumar_AIML,"2026-09-02 14:38:24",505.2,2,krishnakumarcsr
7071,16740248,KK_nut,"2026-08-25 03:26:52",505.2,2,k0k0nut
7072,16715711,"Shawon Biswas","2026-08-19 10:42:24",504.9,2,shawonbiswas11
7073,16664502,"Alejandro Morales","2026-08-10 01:05:59",504.8,2,langley96
7074,16662043,"Hengcong Zhu","2026-08-05 14:46:24",504.8,2,hengcongzhu
7075,16728137,mchicen,"2026-08-20 16:48:10",504.8,2,"iyaiji,mchicen"
7076,16663232,"Marco Mangan","2026-09-06 21:20:24",504.7,2,masmangan
7077,16735251,AlviH47,"2026-08-19 14:25:48",504.6,2,alvih47
7078,16623316,"Ondrew Zudin","2026-08-06 23:08:41",504.5,2,ondrewzudin
7079,16648589,"Yilan Zhu","2026-08-05 11:23:23",504.4,2,yilanzhu
7080,16655424,Fayche,"2026-08-10 16:50:28",504.3,2,fayche
7081,16660360,"Joey Gonzales","2026-08-05 00:00:47",504.2,2,joeygonzales
7082,16857732,bzczz123,"2026-09-17 09:52:43",504.0,2,bzczz123
7083,16657807,"Ragav Rida","2026-08-07 16:22:34",503.8,2,ragavrida
7084,16745655,巴啦啦能量,"2026-09-08 01:30:14",503.8,2,wsh10086
7085,16778813,ShotDownInMay,"2026-09-27 07:37:25",503.7,1,shotdowninmay
7086,16656871,"Pedro Henrique","2026-08-07 03:37:29",503.6,2,pedrohets
7087,16875818,Mateollqw,"2026-09-12 22:08:38",503.4,2,mateollqw
7088,16697730,JCN2365,"2026-08-13 18:06:35",503.3,2,jcn2365
7089,16668606,"Hasith Kulathilaka","2026-08-31 19:09:39",503.3,2,hasithkulathilaka
7090,16887642,"Dimitrios Giannoulis","2026-09-14 12:38:24",503.3,2,plagiagia
7091,16661507,Siddharth1984,"2026-08-06 13:39:22",503.2,2,siddharth1984
7092,16872190,"Zephyr Pong","2026-09-11 11:07:15",503.1,2,zephyrpong
7093,16674540,"Pratik Priyanshu","2026-08-07 18:28:12",502.8,2,pratikpriyanshu5
7094,16661397,"T. Scharf","2026-08-05 02:54:36",502.7,2,scharf
7095,16946591,zahid11177700,"2026-09-25 05:38:44",502.6,1,zahid11177700
7096,16926609,SunriseL,"2026-09-20 07:56:01",502.6,2,sunrisel
7097,16925216,krigga,"2026-09-21 09:35:00",502.4,2,krigga
7098,16906032,Volkan,"2026-09-22 08:59:20",502.3,2,volkan97
7099,16687330,"Mehmet Ensar Çetin","2026-09-20 07:45:48",502.3,2,mehmetensaretin
7100,16693738,"Sonu Jha","2026-08-14 20:32:37",502.2,2,sonujha090
7101,16922976,kotemendo,"2026-09-20 00:43:54",502.1,2,kotemendo
7102,16661099,TheSven,"2026-08-06 17:05:25",502.0,2,thesven
7103,16765380,jslee_homeofson,"2026-08-25 13:10:22",501.8,2,jsleehomeofson
7104,16707159,"Toua Innocent TIA","2026-08-17 16:28:36",501.6,2,centino
7105,16939706,"Priyanshu Patel","2026-09-22 17:54:24",501.5,2,"abuzarkhan99,priyanshupatel007"
7106,16661858,"Lukas Lee e","2026-08-18 00:58:12",501.5,2,lukasleee
7107,16630903,"Hrushikesh Pawar","2026-08-09 14:44:37",501.5,2,hrushikeshpawar
7108,16682707,"AJAY KUMAR","2026-08-07 19:13:08",501.5,2,worldsslayer
7109,16907592,may2223,"2026-09-21 06:31:05",501.4,2,may2223
7110,16877016,"Jasper Wessing","2026-09-18 14:08:07",501.4,2,jasperwessing
7111,16899234,vimes1984,"2026-09-17 01:19:19",501.4,2,vimes1984
7112,16806084,"DSDgsdgs SDgsdfgs","2026-09-03 05:19:11",501.2,1,dsdgsdgssdgsdfgs
7113,16886832,"Ayush Patel","2026-09-13 16:25:18",501.2,2,ayushpatel02
7114,16768178,Scarttish,"2026-08-26 22:44:26",501.0,2,scarttish
7115,16843316,"Felipe Chiarini","2026-09-12 12:03:15",501.0,2,felipechiarini
7116,16705183,"Tong Jiakai","2026-08-14 08:23:26",500.9,2,tongjiakai
7117,16786450,fujii,"2026-09-15 14:01:51",500.8,2,kojisoemi
7118,16798775,Lissabon,"2026-09-07 03:36:41",500.8,2,lissabon
7119,16657674,Warriors,"2026-08-29 14:12:29",500.6,2,"karthikreddykarri,kovvurisaimohanreddy,vikramadityaabhiram"
7120,16885124,"LABHESH YAWALKAR","2026-09-25 16:40:50",500.6,2,labheshyawalkar
7121,16735702,opflare,"2026-09-04 23:47:49",500.5,2,opflare1144user
7122,16870372,ALİHAKANÜNAL,"2026-09-23 14:59:55",500.5,1,needdata123456
7123,16705480,Mint120,"2026-08-19 05:49:10",500.5,2,mint120
7124,16756987,"Joseph Paggeot","2026-08-24 04:32:57",500.3,2,josephpaggeot
7125,16668678,"Madhur Sabherwal","2026-08-14 02:47:14",500.2,2,madhur321
7126,16885828,U-Bex,"2026-09-21 16:03:53",500.2,2,shuichiurabe
7127,16654970,"Maycon Coutinho","2026-08-27 21:28:32",500.1,2,coutinhomaycon
7128,16680562,devsloppy,"2026-08-10 20:02:19",500.1,2,twu1738
7129,16862188,KJ007123,"2026-09-10 07:02:20",500.1,2,kj007123
7130,16662741,"Abhiraj Govind","2026-08-04 18:01:16",500.0,1,abhirajgovind
7131,16738640,"Tjay Burger","2026-08-18 17:35:39",499.7,2,tjayburger
7132,16714363,guohaowen,"2026-08-13 14:25:48",499.6,2,guohaowen1910
7133,16725123,"Pham Quang Nghia","2026-08-22 15:00:51",499.4,2,phamquangnghia
7134,16664652,QuasarHeart,"2026-09-04 14:00:05",499.4,2,quasarheart
7135,16688134,"Marc Dakuginow","2026-08-13 01:40:44",499.3,2,marcdakuginow
7136,16629002,Alpro,"2026-09-08 23:32:24",499.3,2,"dogaakal,egekemalkaraca"
7137,16685349,Onelux,"2026-08-13 12:58:31",499.0,2,leehomhuang
7138,16666709,JSQL,"2026-09-02 18:52:37",499.0,2,jeffreyschott
7139,16888000,Akhilesh,"2026-09-19 00:03:29",498.9,2,akhilkas
7140,16669699,nikesh23,"2026-08-08 01:52:56",498.9,2,nikesh23
7141,16638645,ChrisDavis,"2026-08-03 23:29:34",498.6,2,alpacas
7142,16687538,aefinityaiinc,"2026-08-27 20:59:35",498.5,2,aefinityaiinc
7143,16826447,"Absara viswanathan","2026-09-07 06:16:20",498.4,2,viswanathanabsara
7144,16628487,"Koichi HIRAOKA","2026-08-01 08:42:40",498.3,2,koichihiraoka
7145,16728014,Alpha223,"2026-09-05 15:51:24",498.1,2,alpha223
7146,16661402,"Abin Biju","2026-08-11 18:00:35",498.0,2,abinbiju1
7147,16724395,"Hampton Yeh","2026-08-22 04:07:32",498.0,2,hamptonyeh
7148,16666988,"Sarthak Vedant Mohanty","2026-08-08 00:10:11",497.9,2,sarthakvedantmohanty
7149,16662751,ZeD,"2026-08-06 10:11:24",497.8,2,hussamcheema
7150,16664913,"ABHISHEK KUMAR","2026-08-17 04:20:56",497.5,2,abhishek6545
7151,16672333,"Giovanny Rodríguez","2026-09-17 16:32:24",497.4,2,giovannyrodrguez
7152,16851553,Sentinel,"2026-09-24 04:01:47",497.3,2,atlasar
7153,16685800,"Sumit Ridhal","2026-09-05 11:44:15",497.2,2,sumitridhal
7154,16722252,pwdh2026,"2026-08-14 22:16:22",497.2,2,pwdh2026
7155,16947207,"Ayush Khandwe","2026-09-24 07:37:55",497.1,2,ayushkhandwe
7156,16674308,"Ayush Roy","2026-08-06 20:28:57",497.1,2,ayushroy39
7157,16755101,"Thomas van der Meer","2026-08-26 11:19:19",497.1,2,tvdermeer
7158,16641622,datajanko,"2026-08-22 07:40:54",497.0,2,jankoch
7159,16659025,"Mohammed Naseef","2026-08-05 09:01:20",497.0,2,mohammednaseef
7160,16698292,"Dallas Manning","2026-08-17 14:29:53",496.9,2,dallasmanning
7161,16701454,"André-Marie BEHANZIN","2026-09-15 11:42:17",496.8,2,andremariebehanzin
7162,16672657,"Lochan Naik","2026-08-07 08:41:44",496.4,2,lochannaik
7163,16663093,"Akul Sareen","2026-08-21 23:49:50",496.2,2,akulsareen
7164,16659896,TedT,"2026-08-11 19:36:14",496.1,2,fdsaur
7165,16666637,"Uttam Limbani","2026-08-07 13:41:14",496.0,2,uttamlimbani
7166,16870486,"Sincere Bailey","2026-09-25 01:03:44",495.9,2,sincerebailey
7167,16896566,Bleriot11,"2026-09-15 15:08:27",495.7,2,bleriot11
7168,16848498,KeiroS,"2026-09-11 07:59:01",495.7,2,keiros
7169,16752191,"Wenxuan Ye","2026-09-04 07:10:28",495.5,2,akomwins
7170,16664706,olivbhxf,"2026-08-06 07:10:34",495.4,2,olivbhxf
7171,16658391,"Jack #2","2026-09-23 17:30:45",495.3,2,jack1233
7172,16655899,"Dominic Tedrow","2026-08-17 20:37:28",495.1,2,dominictedrow
7173,16662060,"Richard Valino","2026-08-06 16:03:36",494.9,2,richardvalino
7174,16692644,"Achille Gohin","2026-08-10 00:26:26",494.9,2,achillegohin
7175,16778579,"Jiajia Zhang","2026-08-29 18:19:12",494.9,2,jiajiazhang01
7176,16941927,想想偶像怎么做,"2026-09-24 08:47:33",494.7,2,fjt12138
7177,16720760,ysteh05,"2026-08-15 05:14:53",494.7,2,ysteh05
7178,16705149,"Allen Chun","2026-08-15 04:59:05",494.6,2,allenchun
7179,16726445,"James Patounas","2026-08-19 08:37:06",494.6,2,jamespatounas
7180,16829729,NoobMaster69,"2026-09-06 09:12:58",494.4,2,thelegend007
7181,16706985,Valmrnch,"2026-08-24 07:57:56",494.3,2,valmrnch
7182,16694171,"guanran wang","2026-08-11 05:57:12",494.3,2,guanranwang
7183,16823067,Francisco,"2026-09-10 18:00:57",494.3,2,cheneblanc
7184,16763351,shutong114,"2026-09-20 18:38:08",494.2,2,shutong114
7185,16632100,"Mohit Shirke","2026-08-07 17:55:11",494.0,2,orcivion
7186,16686109,"Triple Tensor","2026-08-17 08:24:26",494.0,2,"adinathjagtap777,pds178,prajwalzolage05"
7187,16711812,"zhan renyi","2026-08-31 05:24:39",493.6,2,zhanrenyi
7188,16780592,sergey,"2026-08-27 19:09:25",493.3,2,sadsdfsdf
7189,16723737,HaruhiroKazami,"2026-08-21 16:12:04",493.2,2,haruhirokazami
7190,16802663,ipefix,"2026-09-01 17:34:35",493.0,2,nmsis91
7191,16661934,"Viacheslav Kasatkin","2026-08-10 10:48:25",492.9,2,viacheslavkasatkin
7192,16796164,harsh,"2026-09-22 16:02:23",492.8,2,harshdeshwar
7193,16670218,"What is Coding?","2026-08-07 01:47:17",492.5,2,matthewshvarts
7194,16868761,TboneBrown,"2026-09-11 17:14:42",492.4,2,tbonebrown
7195,16845696,Huskkky,"2026-09-07 03:47:13",492.3,2,huskkky
7196,16890884,"Michael Swartz","2026-09-14 17:50:04",492.2,2,michaelbruwerswartz
7197,16722561,Asia214,"2026-08-30 02:26:16",492.2,2,asia214
7198,16693522,shadycoderalltime,"2026-09-21 00:01:59",492.2,2,shadycoderalltime
7199,16691007,"Nhật Khoa Phạm","2026-08-14 16:15:43",492.2,2,pnk123456
7200,16639244,"Romone Dunlop","2026-08-11 10:19:49",492.1,2,romonedunlop
7201,16654174,"Dharmeswar Basumatary","2026-09-09 11:09:15",492.0,2,dharmeswarbasumatary
7202,16698103,JJ,"2026-09-02 09:46:15",492.0,2,jianjinchen
7203,16687604,Harrislrobinson,"2026-08-11 00:25:10",491.7,2,harrislrobinson
7204,16631480,"Kumar Abhijeet","2026-07-31 13:29:40",491.7,1,krabhijeet
7205,16668461,SobanAli,"2026-08-19 15:49:03",491.5,2,soban256
7206,16789996,"Chen Jiaqi","2026-09-02 15:48:25",491.4,2,elaemchen
7207,16697568,"Sergey Fedorov","2026-08-20 21:25:34",491.1,1,bd01ar
7208,16655630,askBillyWhatMamaDid,"2026-08-28 02:06:18",491.0,2,askbillywhatmamadid
7209,16663777,"Mortis Beans","2026-08-24 05:27:44",491.0,2,mortisbeans
7210,16890155,GSD,"2026-09-26 14:24:03",490.8,2,gsdeepakkumar
7211,16778947,mart3104,"2026-09-05 15:31:43",490.7,2,mart3104
7212,16733948,novodude,"2026-09-06 18:41:26",490.7,2,novomont
7213,16718295,doinggyu,"2026-08-18 12:56:58",490.6,2,doinggyu
7214,16654485,"Mahbub Alam","2026-08-04 02:08:23",490.6,2,mahbubalam214
7215,16623302,"Raffi Ardhi Naufal","2026-07-31 18:31:57",490.4,1,raffiardhi
7216,16775131,"Re Son","2026-08-27 14:29:31",490.3,2,lemelson
7217,16774134,kokdonbaq,"2026-08-30 14:07:52",490.2,2,darkhan14
7218,16718338,"Oladimeji Adeyemi","2026-08-17 15:33:50",490.1,2,adeyemioladimeji
7219,16749038,Seuz,"2026-09-23 08:08:39",489.8,2,kohdawei
7220,16726854,"Tâm La Thành","2026-08-27 08:55:02",489.7,2,tmlathnh
7221,16673034,"Milos Vlainic","2026-09-26 09:00:25",489.7,2,wlakinsson
7222,16675477,"Joanne Yun","2026-08-07 13:40:53",489.7,2,joannejyun
7223,16858250,"ayush kumar","2026-09-14 10:35:32",489.7,2,ayushkumar1610
7224,16726913,"T T‗Worker","2026-08-22 11:08:14",489.6,2,ttworker
7225,16773195,"Pham Nguyen Thanh Huy","2026-08-27 05:25:55",489.5,2,huyphmnguyenthanh
7226,16659183,"Leonard Yaw Mensah","2026-08-05 02:22:25",489.4,2,leonardyawmensah
7227,16658344,SOONHANKWON,"2026-08-28 02:00:59",489.2,2,soonabletv
7228,16641009,"Marius Kirschner","2026-08-03 08:41:47",489.2,2,mariuskirschner
7229,16668509,HarryZ,"2026-09-13 04:29:04",489.2,2,mzhumzhu
7230,16668612,"raffael prem","2026-08-06 08:02:13",489.1,2,raffaelprem
7231,16685722,"Jiahan Cao","2026-08-12 09:01:22",489.0,2,jiahancao
7232,16684024,"Work From Home 3.0","2026-08-14 12:33:30",488.8,2,"direct1,gongyiqian,jovansee,maxtankialok,n00bcak"
7233,16891695,yuruihito,"2026-09-16 14:04:22",488.6,2,yuruihito
7234,16771340,pang,"2026-09-05 16:41:51",488.4,2,pangwenfeng
7235,16660081,fakyyy,"2026-08-09 11:19:15",488.1,2,manideepreddyakula
7236,16914539,Kou111111,"2026-09-18 10:32:09",488.0,2,kou111111
7237,16709522,"Sanjay Dilip","2026-09-23 23:11:27",487.9,2,sanjaydilip
7238,16687942,"Arya Arun","2026-08-16 08:52:26",487.7,2,aryaarun07
7239,16631919,"Ghinwa Allaoui","2026-08-04 16:27:17",487.6,1,ghinwaallaoui
7240,16692263,"ADITYA CHAVAN","2026-08-09 17:44:15",487.6,2,adityasnr7
7241,16661443,"STEPHEN ASANTE OPOKU","2026-08-04 16:45:41",487.5,1,stephenasanteopoku
7242,16665511,phoenix_merk,"2026-08-05 09:46:25",487.3,2,phoenixmerk
7243,16725757,AchyutKishore123,"2026-09-25 10:58:03",487.3,2,achyutkishore123
7244,16772455,dextrecity,"2026-08-30 11:37:56",487.3,2,"dextrecity,leo0pa"
7245,16653118,"Elmira Yekani","2026-08-18 17:05:20",487.3,2,elmirayekani
7246,16878695,"Yang Lv","2026-09-25 05:41:36",487.3,2,lvyang199888
7247,16675060,"Xinger Gao","2026-08-31 08:52:07",487.1,2,xingergao
7248,16742059,dafei2025,"2026-09-03 09:19:34",487.1,2,dafei2025
7249,16725483,PQ_Marz,"2026-08-15 16:25:50",487.1,2,pqmarz
7250,16719257,"Alexander Morozov","2026-08-14 23:53:53",487.0,2,scanhex
7251,16809898,wodDAOdun,"2026-09-14 07:14:35",486.9,2,kylaucode
7252,16729152,Antoine,"2026-08-17 10:12:04",486.9,2,a11t01n3
7253,16659681,"Aditya Seth","2026-09-04 13:12:36",486.7,2,adityaseth777
7254,16635481,Jamaisvu,"2026-08-20 15:39:29",486.7,2,jamaisvu
7255,16656797,"رحيم محمد","2026-08-04 20:05:45",486.6,2,darkmaxedwe
7256,16799023,"Alkava Ind","2026-09-21 14:40:10",486.5,2,alkavaind
7257,16724842,"Mikaela Gkolemi","2026-08-21 19:04:38",486.4,2,mikaelagkolemi
7258,16656470,Glimmeron,"2026-08-12 02:01:48",486.3,2,rishabhraushan
7259,16755781,NaveenManwani,"2026-08-28 05:37:31",486.2,2,naveenmanwani
7260,16733644,Gavilán,"2026-08-23 19:41:22",486.1,2,gaviln
7261,16688383,plong2101,"2026-08-18 06:21:34",485.9,2,plong2101
7262,16709880,"Javier Pérez Robles","2026-08-15 02:21:07",485.9,2,javierprezrobles
7263,16931219,AzureYu,"2026-09-21 10:44:17",485.9,2,azureyu
7264,16693797,"Riyaz Ur Rehman","2026-08-17 02:21:15",485.8,2,riyazurrehman
7265,16640399,Hubbahub,"2026-08-04 20:40:39",485.8,2,hubbahub
7266,16665257,"Ken Li","2026-08-09 12:59:32",485.7,2,kenliwt
7267,16705661,"Toshiki Touda","2026-08-13 06:51:05",485.7,2,toshikitouda
7268,16756561,"Eren Tekin","2026-09-14 23:41:50",485.7,2,erennntkn
7269,16791550,Team21,"2026-09-08 12:53:38",485.6,2,"fchen121,muktharam"
7270,16745065,MrEvidentYew,"2026-08-24 18:36:02",485.4,2,mrevidentyew
7271,16701250,T00bii,"2026-08-11 16:11:06",485.4,1,t00bii
7272,16661950,moonmelonpizza,"2026-08-09 12:25:23",485.1,2,moonmelonpizza
7273,16683837,"Blessed Ngorima","2026-08-18 09:40:53",485.0,2,blessedngorima
7274,16857013,Dote,"2026-09-25 01:48:04",485.0,2,"shriramgunasekar,valid22"
7275,16777132,"Soham Dave","2026-08-27 14:51:01",484.9,2,sohamdave19
7276,16678083,"Abdeljalil Idalahaj","2026-09-05 04:28:08",484.9,2,abdeljalilidalahaj
7277,16883234,Cpleasance,"2026-09-14 00:24:24",484.8,2,cpleasance
7278,16737362,"moushun chen","2026-08-20 06:45:46",484.7,2,moushunchen
7279,16657601,Simon,"2026-08-05 15:59:44",484.6,2,benten10
7280,16668324,"Alden Jenish S","2026-08-06 14:02:09",484.6,2,aldenjenishs
7281,16691466,"Jeeta Nandi ","2026-09-04 09:23:34",484.5,2,jeetanandi
7282,16940953,"Bob Liu","2026-09-26 10:39:56",484.5,2,bobliu02041302
7283,16920464,reddishregent,"2026-09-18 11:40:22",484.4,1,reddishregent
7284,16675468,"atakan akgün","2026-08-13 15:32:32",484.4,2,atakanakg
7285,16692480,"Khalis Murfid","2026-08-24 07:03:02",484.4,2,khalismurfid
7286,16657929,Robert-zwr,"2026-08-05 11:15:48",484.3,1,robertzwr
7287,16701761,BalaVignesh,"2026-08-11 17:04:37",484.3,2,balavignesh
7288,16659558,Ayuroshbo,"2026-09-23 09:28:54",484.2,2,ayuroshbo
7289,16925815,"[Deleted] c3923c6e-1011-4da1-9c40-584a2fcbcc36","2026-09-20 01:04:14",484.1,1,del=0e85502e1e45d7da
7290,16627009,c0sm1c,"2026-08-01 11:06:14",484.1,1,tanghao111
7291,16683309,"Zealous Sebastian","2026-08-09 12:45:32",484.0,2,zealoussebastian
7292,16666652,"Mohamed Fanni","2026-08-17 00:51:38",483.9,2,"arachid,mohamedfanni,soukaynamokhtari"
7293,16658627,"Osman Can ÇETLENBİK","2026-08-05 15:25:30",483.8,2,osmancancet
7294,16694146,"JIlong Zhou","2026-08-26 15:04:38",483.7,2,acemaker
7295,16668562,"Anthony LOISEAU","2026-08-06 16:07:52",483.6,2,anthonyloiseau
7296,16662715,"Great Okwuma","2026-08-17 00:10:46",483.6,2,greatokwuma2
7297,16645302,LuCcc,"2026-08-03 09:45:35",483.6,2,luuuuccccc
7298,16843921,Ruijiehe1213,"2026-09-13 03:40:30",483.5,2,ruijiehe1213
7299,16729081,"Venkata Y","2026-08-19 00:45:13",483.5,2,venkatayerrapothu
7300,16662722,"Ajeet Jain","2026-08-07 06:32:10",483.4,2,jainajeet29
7301,16717601,"Mariem Fersi","2026-08-24 23:22:14",483.2,2,"mariemfersi,yassinebrahem2"
7302,16661596,t@got@go,"2026-08-10 06:24:24",483.0,2,kamdaanahessod
7303,16665424,taaaaanq,"2026-08-17 14:23:35",482.9,1,"chuayaplong,flashtigro,huayu05,taaaaanq"
7304,16673214,Boiga7,"2026-08-06 14:03:53",482.9,2,lewiselliot
7305,16675900,"Pranav Advani","2026-09-26 11:23:53",482.8,2,pranavadvani
7306,16660089,ChristosGrigoras,"2026-08-07 22:41:49",482.6,2,cgrigoras
7307,16825996,"Alex Li","2026-09-04 08:02:19",482.6,2,alexli1998
7308,16943979,"Joshua Willie","2026-09-26 16:12:25",482.4,2,joshuawillie
7309,16645870,"Barathan Aslan","2026-08-03 08:21:55",482.4,2,barathanaslan
7310,16634790,"Steven Lui","2026-08-03 12:22:08",482.4,2,stevenlui
7311,16814952,"Ngọc Huyền","2026-09-15 03:55:18",482.3,2,ngchuynss
7312,16895340,Prakhareshwar,"2026-09-22 15:22:36",482.2,2,prakharpathak12
7313,16701847,"Xi Li","2026-09-27 06:41:55",482.1,2,bruhuh
7314,16778703,kamaras,"2026-08-30 11:58:07",482.1,2,kamaras
7315,16679958,Bum_Fy_Mz,"2026-08-13 20:31:44",482.0,2,bumfymz
7316,16672105,"Natural Stupidity","2026-08-10 19:39:53",482.0,2,"parthb21,sujaygolla"
7317,16688296,"Michael Pollind","2026-08-28 13:30:32",481.9,2,mpollind
7318,16656689,"Vansh Gupta","2026-08-11 08:56:56",481.9,2,vanshrl9ine
7319,16852342,"Minh Đăng Lê","2026-09-08 17:30:17",481.7,2,minhngle
7320,16871538,freesoso,"2026-09-15 13:11:39",481.6,2,freesoso
7321,16736951,giacomovin,"2026-08-25 20:14:52",481.4,2,giacomovin
7322,16805196,"Sebastian Griesbach","2026-09-22 11:47:22",481.3,2,sebastiangriesbach
7323,16685028,"serene ng","2026-08-13 14:53:37",481.1,2,sereneng
7324,16725847,"Shel Horta","2026-08-18 04:29:55",481.1,2,shelhorta
7325,16679096,WilliamXylean,"2026-09-26 00:33:23",481.1,2,williamxylean
7326,16768939,"Pratham Sonawane","2026-08-30 17:37:23",481.0,2,prathamsonawane1
7327,16694314,"Ali Abbas Baig","2026-08-28 19:55:16",480.9,2,aliabbasbaig
7328,16674943,feyZERO,"2026-08-16 10:48:50",480.9,2,faezamora
7329,16637649,cameronezrajones579,"2026-08-15 15:49:12",480.6,2,cameronezrajones579
7330,16660462,"Vishwanath N Iyer","2026-08-07 07:22:17",480.5,2,vishwanathniyer
7331,16725938,"Ben Cheng","2026-09-05 16:03:36",480.5,2,benczb
7332,16656410,Sam,"2026-08-14 01:58:04",480.4,2,beartrader
7333,16662643,Mohit_Singh,"2026-09-26 06:30:36",480.2,2,mohitsingh955
7334,16783713,Gale,"2026-09-05 02:29:43",480.2,2,na1vel
7335,16709487,Kohei,"2026-08-19 20:54:42",480.1,2,kshintani
7336,16683934,"Teja Madala","2026-08-10 14:46:07",480.0,2,tejamadala
7337,16695400,"Karam Khasawneh","2026-08-10 20:29:16",479.9,2,karamkhasawneh
7338,16895121,Timmmmmmmy,"2026-09-17 05:51:31",479.7,2,"molic1,timmmmmmmy"
7339,16947257,"Hassan Bazzoun-dev","2026-09-26 23:53:13",479.6,2,hassanbazzoundev
7340,16880843,"Triều Đinh Hải","2026-09-12 19:41:11",479.6,2,triuinhhi
7341,16715126,준환,"2026-09-10 11:28:25",479.6,2,paulguilbert
7342,16705415,"Mauro Najera","2026-08-11 05:30:13",479.2,2,mauronajera
7343,16725955,"Aditya Pandey","2026-08-17 00:10:10",479.2,2,adipandey777
7344,16659261,PromptEngineer48,"2026-08-04 16:44:46",479.0,2,promptengineer48
7345,16819549,APEX101,"2026-09-06 06:16:51",478.9,2,"akshitasrivastava1,irongm"
7346,16926532,"Akash Shah","2026-09-26 20:20:50",478.8,2,akashshah3
7347,16658115,SantaClaws,"2026-08-10 14:50:31",478.8,2,vovikdrg
7348,16798074,"Akkapop Prasompon","2026-09-09 12:17:36",478.6,2,akkapopprasompon
7349,16672798,yaphanqiii,"2026-08-27 07:55:23",478.6,2,yaphanqiii
7350,16680799,zixma13,"2026-08-25 13:12:44",478.6,2,zixma13
7351,16630163,"SEREENA JERRY","2026-08-06 08:59:17",478.6,2,serenajerry
7352,16799797,"Zimin Zhong","2026-09-23 15:17:43",478.5,2,"dracfy,lyylyy2,zhongzinmin"
7353,16846143,germanyum,"2026-09-13 14:32:05",478.3,2,germanyum
7354,16797002,ZhixinLuo,"2026-09-01 14:16:09",478.3,2,zhixinluo
7355,16796273,"Kiplangat Vincent","2026-09-22 13:52:17",478.2,2,balvins
7356,16818158,Noza,"2026-09-16 04:36:09",478.1,2,harukanozato
7357,16689908,Hyun777,"2026-08-14 01:11:17",478.0,2,hyun777
7358,16668589,"Gleb Naumkin","2026-08-05 22:46:26",477.9,1,glebnaumkin
7359,16715769,Ethereallll1,"2026-08-14 15:21:12",477.7,2,ethereallll1
7360,16658476,"goksel yesiller","2026-08-04 11:07:53",477.6,2,gokselyesiller
7361,16649077,"Yifan Yang 135","2026-08-11 06:22:40",477.6,2,yifanyang135
7362,16769170,"Hardik Savaliya211","2026-08-25 11:07:10",477.5,2,hardiksavaliya211
7363,16630335,"Solve Langseth","2026-08-05 06:48:57",477.4,2,solvelangseth
7364,16762427,Raj_craj,"2026-08-30 20:27:00",477.4,2,rajcraj
7365,16888050,"Ayoub Fliless","2026-09-14 17:56:12",477.3,2,ayoubfliless
7366,16678154,"Hashim Far","2026-08-08 04:20:32",477.1,2,hashimfar
7367,16764751,"Abhishek Parmar","2026-08-26 04:06:39",477.1,2,abhisheknparmar
7368,16649421,Eltormtace,"2026-08-14 04:35:15",476.9,2,eltormtace
7369,16633577,Boxy,"2026-08-15 18:55:40",476.8,2,boxyml
7370,16686972,"Ankit Maurya","2026-08-23 07:05:44",476.7,2,"ankitmaurya16,rudraprasadsah"
7371,16627463,dnish,"2026-08-05 07:37:16",476.7,2,dnishio
7372,16880689,yasmine0809,"2026-09-12 16:19:37",476.5,2,yasmine0809
7373,16626105,sasaki,"2026-08-24 02:34:55",476.5,2,rsasaki
7374,16659505,"Duleeka Mevan","2026-08-06 09:32:46",476.4,2,duleekamevan
7375,16682984,"Rishikesh Bharat Koli","2026-08-08 04:18:06",476.4,2,rishikeshbharatkoli
7376,16656317,"Manu Rahi","2026-08-06 16:43:55",476.2,2,manurathi
7377,16699707,"Afana Khalit putra","2026-08-11 08:57:25",475.9,2,afanakhalitputra
7378,16664608,sid,"2026-08-07 18:18:04",475.9,2,sidshastri04
7379,16639814,"Nikhil Krishna A","2026-09-07 07:37:56",475.9,2,techmasternikhil
7380,16687293,"Aurelie Jodelle Kemme","2026-08-20 00:25:43",475.8,2,"audreydemafo,aureliejodellekemme"
7381,16636973,"Ali Ali G","2026-08-03 18:36:40",475.6,2,alialig
7382,16678613,iBooNDK,"2026-08-09 19:03:37",475.6,2,iboondk
7383,16664252,"Huy Hoang","2026-08-15 03:59:40",475.5,2,themeend
7384,16661930,zzangsunghyeon,"2026-08-08 16:22:21",475.3,2,zzangsunghyeon
7385,16775214,"Sambhav R","2026-08-27 15:34:44",475.2,2,sambhavr
7386,16771972,"Vansh Ahlawat","2026-09-22 15:35:39",474.9,2,vansh5126
7387,16713179,"Enise Zengin","2026-09-15 02:53:02",474.9,2,enisezengin
7388,16779152,"taijiu int","2026-09-04 22:22:20",474.5,2,taijiuint
7389,16761979,"Chaitany Patel","2026-09-17 14:59:29",474.3,2,chaitanypatel
7390,16743494,"ROHAN Exploit","2026-09-08 11:13:08",474.3,2,rohanexploit
7391,16660413,Ritesh-2006,"2026-09-24 05:25:22",474.2,2,ritesh2006
7392,16876700,"Omar Mukhtar","2026-09-18 10:05:32",474.2,2,omarmukhtar3
7393,16810019,M&S,"2026-09-02 17:19:11",474.1,2,"martinhma,yishusheng"
7394,16744610,"Safiullah Baig","2026-08-20 13:16:58",474.1,1,safm1rza
7395,16665080,"RAVI KUMAR696996","2026-08-05 06:14:29",473.9,2,ravikumar696996
7396,16715942,_@HimShukla23,"2026-09-19 18:14:05",473.8,2,himshukla23
7397,16693795,kurt,"2026-08-30 15:22:47",473.8,2,syarht
7398,16702281,"Dhruv Patel #2","2026-08-10 21:25:08",473.7,2,dhruvpatel1972
7399,16867680,Asuka,"2026-09-11 05:45:46",473.6,2,asuka0langley0soryu
7400,16886765,LZWang,"2026-09-13 22:00:47",473.6,2,wlzwlz
7401,16663618,Anthaus,"2026-08-09 17:06:35",473.6,2,anthaus
7402,16676613,LCZ1996,"2026-08-29 02:02:59",473.4,2,lcz1996
7403,16645936,"Abhy Rejikumar","2026-08-22 19:26:23",473.4,1,abhyrejikumar
7404,16668108,"Suresh Chandra Mangena","2026-08-11 09:32:31",473.4,2,sureshchandramangena
7405,16657681,"Prince Raj","2026-08-11 22:49:02",473.1,2,princerajmdb
7406,16623198,"Chris D'Mello (ineligible)","2026-07-31 17:32:46",473.1,1,cdmello
7407,16884418,xuechengzou,"2026-09-13 12:22:43",473.1,2,xuechengzouinkaggle
7408,16831839,404_Brains_Not_Found,"2026-09-20 12:36:19",473.0,2,"manavtejani,rohangadhiya1911,sakshamdubeynew,trushankvaghasiya"
7409,16658702,sherlockwatson007,"2026-08-29 08:48:53",473.0,2,sherlockwatson007
7410,16689372,"Kiran Yerpude","2026-08-12 05:39:43",472.9,2,kiranyerpude
7411,16914972,cdwswb,"2026-09-19 02:25:22",472.9,2,cdwswb
7412,16655069,"Jason Harrison","2026-08-05 20:56:59",472.6,2,jasonharrisonco
7413,16768079,Sohee087,"2026-08-24 20:21:01",472.4,1,sohee087
7414,16729914,Christina,"2026-09-14 11:16:46",472.4,2,geekycb
7415,16762168,Lewbei,"2026-09-10 04:58:43",472.4,2,lewbei
7416,16656745,"BHARATH KOWSHIK ULLANGULA","2026-09-25 10:30:21",472.2,2,"bharathkowshik25,honeyharshith,kesanibhargavaram"
7417,16933345,"Sourin Rakshit","2026-09-21 09:32:28",472.2,2,sourinrakshit01
7418,16645841,Lucien,"2026-09-24 07:55:19",472.0,2,lucienhu6775765
7419,16726155,miyawakiayaka,"2026-08-15 18:50:10",471.8,2,kanatakon
7420,16700080,Kaushik,"2026-08-10 11:11:18",471.8,2,kgarumugam
7421,16809022,CheeseFunction,"2026-09-05 06:58:36",471.8,2,cheesefunction
7422,16665436,Aeternum,"2026-08-15 18:31:32",471.6,2,"donbinoy2004,surajkumarks"
7423,16692168,"Kinshuk Aggarwal","2026-08-09 04:23:32",471.6,1,kinshukaggarwal
7424,16662995,"carlos mario de oro aguado","2026-08-06 21:08:28",471.6,2,cdeoroaguado
7425,16920641,"Tailee Kim_7","2026-09-19 11:52:02",471.3,2,emilykim01
7426,16729510,ARM,"2026-09-08 13:01:17",471.3,2,"midhun4126,mrohithjohn"
7427,16887058,"Michael Eberhard","2026-09-15 20:29:09",471.2,2,michaebe
7428,16794309,"Sanyam Jain","2026-09-25 22:15:39",471.1,2,sjain03
7429,16644577,"Arthur Merritt","2026-08-04 07:11:11",471.0,2,jarthuph
7430,16731636,関西人,"2026-08-24 06:23:14",470.8,2,m1333666888
7431,16655881,"Zhuoran Zhao","2026-08-07 16:50:04",470.7,2,yearcakes
7432,16660060,AnkitGoyal,"2026-08-05 15:33:29",470.5,2,goyalankit
7433,16728933,dOvOb,"2026-09-08 14:51:10",470.5,2,waytosleep
7434,16706143,Adityaupadhyay0805,"2026-08-20 04:28:06",470.4,1,adityaupadhyay0805
7435,16638883,LeiYang,"2026-08-03 15:04:07",470.3,2,leiyangcq
7436,16843511,"JiaHui Ni ","2026-09-13 14:59:35",470.1,2,jiahuini
7437,16774958,"Charles Wuytack","2026-08-27 14:58:07",470.0,2,charleswuytack
7438,16811454,"Zakaria Taouil","2026-09-07 16:11:13",469.8,2,ztaouil
7439,16707986,Pones_kaggle,"2026-09-01 22:08:32",469.6,2,pyd966
7440,16886012,smartkdy7,"2026-09-13 11:37:51",469.5,1,smartkdy7
7441,16681924,WEcoS,"2026-08-10 04:32:03",469.5,2,aungkhainghtun
7442,16655415,"Ivan Jarp","2026-08-29 17:07:03",469.4,2,ivanjarp
7443,16663267,"Sravya Isukapatla","2026-08-11 10:14:54",469.4,2,sravyaisukapatla
7444,16774035,"Shengfeng Wang","2026-08-26 07:28:46",469.4,1,shengfengwang
7445,16831819,"Roy Lampe","2026-09-24 11:46:45",469.2,2,roylampe
7446,16640516,"Alfandi Hassan","2026-08-08 03:41:33",469.2,2,alfandihassan
7447,16688873,cancel,"2026-08-18 06:50:33",469.0,1,rugaru
7448,16691628,"Gavin Walsh (N1DGE11)","2026-08-08 16:07:24",469.0,2,gavinwalshn1dge11
7449,16665364,"Shien Zhang","2026-08-06 06:50:46",469.0,1,shienzhang
7450,16758526,"sudo give_me_the_prize","2026-08-24 16:34:02",468.9,2,ibrahimab2
7451,16632368,"Yuelin Bai","2026-08-03 08:15:12",468.9,2,paralym
7452,16752081,"Ahmad Dehaini","2026-08-30 06:04:54",468.8,2,ahmaddehaini
7453,16893233,"Garrick Lai","2026-09-15 08:44:07",468.8,2,garricklai
7454,16851860,"Senih Bayankulu","2026-09-08 03:13:24",468.7,2,senihbayankulu
7455,16744572,DivyanshAgg,"2026-08-31 19:30:49",468.7,2,divyanshagg
7456,16667078,dprinzensteiner,"2026-08-05 14:06:26",468.7,2,dprinzensteiner
7457,16940818,Laiba,"2026-09-24 11:45:36",468.6,1,laibasm01
7458,16745574,"Yadunandan Raman","2026-08-22 12:20:06",468.1,2,yadunandanraman
7459,16719857,"Howey do it","2026-08-14 23:06:06",468.1,2,ronincoppins
7460,16699207,"Bipin Rimal","2026-08-10 07:45:21",467.8,2,bipinrimal314
7461,16665865,"Agrippa Beaulieu","2026-08-08 19:09:28",467.5,2,agrippabeaulieu
7462,16672473,goldfish,"2026-08-13 03:34:21",467.5,2,dolgfish
7463,16722793,Murphyzz,"2026-09-19 23:32:31",467.4,2,theophileperez
7464,16783677,"Đặng Anh Thịnh","2026-08-28 08:31:12",467.3,1,nganhthnh
7465,16662938,CarlitrosParra,"2026-08-05 21:34:52",467.3,2,carlitrosparra
7466,16693003,ShirrleyChen,"2026-08-15 12:54:58",467.3,2,shirrleychen
7467,16681637,nasu01,"2026-08-07 10:14:10",467.1,2,nasu01
7468,16726211,RepeatAfterMe,"2026-08-17 08:21:41",467.0,2,bekirsciftler
7469,16696061,Mingyuan2002,"2026-09-22 04:17:12",467.0,2,mingyuan2002
7470,16668698,Addie,"2026-08-08 05:21:08",466.9,1,addie999
7471,16915448,asdfghjklbelinda,"2026-09-26 11:59:24",466.8,2,"asdfghjklbelinda,yyyemin,zhouqingwen"
7472,16651872,Evgen21,"2026-08-05 14:03:50",466.7,2,evgen21
7473,16721814,"DOAMBA Jean Edouard Odilon","2026-08-24 14:48:43",466.7,2,doamba
7474,16662690,"Pablo Gomez Perez","2026-09-04 16:45:32",466.7,2,pablogp
7475,16897899,templar7245,"2026-09-27 05:15:34",466.5,2,templar7245
7476,16724470,"Mahdi Rafati","2026-08-24 15:32:51",466.4,2,mahdirafati
7477,16681655,"Tae seong Gim","2026-08-14 14:14:10",466.3,2,taeseonggim
7478,16760191,"Kushal Shiva1","2026-08-26 20:19:36",466.3,1,kushalshiva1
7479,16632105,"shreyas sangalad","2026-08-02 12:01:08",466.2,2,spoortisangalad
7480,16701046,"Thanakorn Kaewwiang","2026-08-14 17:13:39",466.2,2,deweytng
7481,16733785,"Stuart Gilbert","2026-08-30 01:52:41",466.1,2,stuartgilbert
7482,16628268,toxic_2499,"2026-09-14 13:39:02",466.0,2,toxic2499
7483,16668137,"Thomas De Sousa","2026-08-06 06:34:48",466.0,2,thomasdesousa
7484,16870864,"Overfitting Is All You Need","2026-09-18 09:25:23",466.0,2,ryylll
7485,16722109,Navneet,"2026-08-14 14:02:35",465.9,2,zxcdfg
7486,16773194,NgNhan3110,"2026-08-27 09:36:17",465.8,2,ngnhan3110
7487,16656573,"Ashiq Firoz","2026-08-17 18:20:11",465.7,2,ashiqfiroz
7488,16712380,Rdjarbeng,"2026-09-26 22:02:34",465.7,2,rdjarbeng
7489,16717018,"Urvashi Bansal","2026-08-17 09:12:29",465.7,2,urvashibansal123
7490,16774849,RiyadhLakadimu123,"2026-08-31 19:51:17",465.5,2,riyadhlakadimu123
7491,16728318,T3jas06,"2026-08-22 19:45:13",465.5,2,t3jas06
7492,16773020,HyperNeonByte,"2026-09-23 00:23:03",465.4,2,hyperneonbyte
7493,16663327,Gnr8tr,"2026-08-13 14:16:44",465.3,2,wilburjpereira
7494,16664251,zzy123123,"2026-08-08 09:22:51",465.3,2,zzy123123
7495,16739711,SBC,"2026-08-20 10:16:10",465.2,2,"anusasaha2406,harshkumar3014,rahulmaity"
7496,16889822,CornReform,"2026-09-21 01:01:52",465.2,2,cornreform
7497,16875460,"Safa Nasrin","2026-09-24 07:30:11",465.1,2,safanasri
7498,16926614,"Mike Codispoti","2026-09-19 18:17:10",464.9,1,mikecodispoti
7499,16938142,"Pavel Krotkov","2026-09-23 20:23:34",464.9,2,pashkal
7500,16665949,Rbda,"2026-08-06 14:18:03",464.9,2,brazvan
7501,16719742,"Varun Dave","2026-08-31 22:56:07",464.1,2,"pranavtrivedi02,varundave95"
7502,16656431,"Venetta Smithen","2026-08-20 02:19:45",464.0,2,venettasmithen
7503,16792069,"Yen Hung1021","2026-09-03 16:09:33",463.4,2,yenhung1021
7504,16717679,mureee,"2026-09-26 06:28:10",463.4,2,"hosyan3279,mureee54"
7505,16627324,"Attack on Kaggle","2026-08-06 13:27:22",463.2,2,user19394494
7506,16641948,JustForFun,"2026-08-18 08:00:36",463.2,2,thangphung215
7507,16664211,"Ben Wilson","2026-08-06 23:57:29",463.1,2,crispyryse
7508,16755677,"Rutwik Kumar M","2026-08-26 16:31:00",463.0,2,rutwikkumarm
7509,16667517,"Recep Barkın Topcu","2026-08-31 05:30:02",463.0,2,recepbarkntopcu
7510,16658149,X,"2026-09-21 13:42:54",462.9,2,lohithhb
7511,16804924,"Kevin L.","2026-09-09 07:04:46",462.8,2,zorgis
7512,16847947,"Phongwit Sri","2026-09-22 04:30:08",462.8,2,phongwitsri
7513,16679872,"Kirby Won","2026-09-22 22:10:05",462.7,2,kirbywon
7514,16883859,"Carlos Daniel Polanco","2026-09-19 18:45:16",462.7,2,carlospolanco00
7515,16935530,"[RU] Evgeniy Kamyshan (sharing)","2026-09-26 05:24:25",462.6,2,svo1488zov
7516,16909602,jack1e32,"2026-09-18 02:32:58",462.5,2,jack1e32
7517,16707951,K_ChanHo,"2026-09-17 11:40:29",462.4,2,kchanho
7518,16889078,"Md Waquar Ahmad","2026-09-16 02:52:56",462.4,2,mohdwaquarahmad
7519,16765194,henry,"2026-08-24 13:39:29",462.1,2,zchenry
7520,16778127,Nimmokumar,"2026-09-20 18:45:50",462.0,2,nimmokumar
7521,16623824,zhangende02,"2026-08-01 01:15:21",461.7,2,zhangende02
7522,16794499,smileMAN13912339850,"2026-09-07 10:01:07",461.6,2,smileman13912339850
7523,16738145,綿鍋だよん,"2026-09-25 08:28:07",461.5,2,potrue
7524,16665374,UmangDobhal03,"2026-08-06 03:46:29",461.5,2,umangdobhal03
7525,16916625,"Dhoni Theja007","2026-09-25 19:34:04",461.3,2,dhonitheja007
7526,16662790,"Derek Earnhart","2026-08-04 18:04:01",461.1,1,derekearnhart
7527,16773043,"Petani Baik","2026-09-03 00:56:35",461.0,2,durrahandri
7528,16765688,jihunai,"2026-08-26 23:15:54",461.0,2,jihunai
7529,16720049,"aditya emmadishetty","2026-08-14 13:20:54",461.0,2,adityaemmadishetty
7530,16675000,"Carl Bell","2026-09-16 20:55:33",460.9,2,allegedcarlbell
7531,16674605,Versilogic,"2026-08-16 07:54:48",460.8,2,versilogic
7532,16631547,"Chong Xuan Ng","2026-08-08 15:38:52",460.4,2,chongxuanng
7533,16847740,FarmAre,"2026-09-07 17:31:01",460.2,2,abishekak
7534,16661105,"Vignesh Murugan","2026-08-04 19:57:46",459.8,2,vigneshv1cky
7535,16667042,"Adarsh Mukundan","2026-09-20 14:16:32",459.8,2,aadarshmukundan
7536,16681778,kzeus@003,"2026-08-12 05:12:15",459.7,2,kzeus003
7537,16718828,"Tejas Nisar","2026-08-23 17:04:45",459.7,2,tejasnisar
7538,16840130,tkm_ktn,"2026-09-05 15:48:40",459.3,2,takumikotani
7539,16623006,"Aaradhy Singhvi","2026-09-08 12:48:10",459.3,2,aaradhysinghvi
7540,16688662,"Faz Forward","2026-08-08 09:03:10",459.3,2,fazforward
7541,16784417,"Dallas Odem","2026-08-29 13:14:30",459.2,2,dallasodem
7542,16786281,"Saumya Prasad","2026-09-24 19:16:29",459.1,2,saumyaprasad2004
7543,16885999,"Vansh #2","2026-09-20 14:22:18",459.0,1,vanshnavi
7544,16663368,"Laurence Dale","2026-08-12 18:00:07",459.0,2,laurencedale
7545,16847224,Kfarmer,"2026-09-19 12:51:27",459.0,2,"cwy0904,jasonchao89,jaspersooks,makomek,peiyingtok"
7546,16862542,"Mitchelle's Team","2026-09-23 20:10:55",458.9,2,mitchellluciana
7547,16756812,"Alex Amirkhanyan","2026-08-24 05:51:16",458.7,2,aleksamirkhanyan
7548,16654885,"Jason Kong","2026-08-04 06:52:19",458.7,2,jasonkongie
7549,16892006,"Leul Hailemichael","2026-09-16 21:00:15",458.5,2,leulhailemichael
7550,16852845,quantumgeek,"2026-09-12 06:54:58",458.4,2,yk1598
7551,16668154,JuanEspana,"2026-08-09 11:38:32",458.3,2,juanespana
7552,16706277,"ratat Zheng","2026-08-12 10:25:38",458.2,2,ratatzheng
7553,16747670,"Luis Molina","2026-09-21 14:34:46",457.8,2,micuentadecasa
7554,16661449,"Samarjeet Singh","2026-08-23 04:32:19",457.7,2,samarjeet010
7555,16855836,"Srinivasan Raghavan","2026-09-08 18:07:38",457.7,1,srinivasan1812
7556,16732200,"Louis WhoEat","2026-08-24 12:02:40",457.5,2,louiswhoeat
7557,16663594,"NGU BLACK SANTA","2026-08-05 15:23:10",457.5,2,ngublacksanta
7558,16757135,Agrihand,"2026-09-02 15:00:23",457.4,2,mayur756
7559,16751058,"Henrique Loyola ","2026-08-21 05:29:59",457.4,2,henriqueloyola
7560,16668068,"Neural Harvest","2026-08-27 19:23:44",457.4,2,meghashyampawar
7561,16654984,"Guseinov Elvin","2026-08-08 21:44:00",457.4,2,guseinovelvin
7562,16780783,pri,"2026-08-28 15:10:15",457.2,2,priscilamaria5363
7563,16695692,Saadii2279,"2026-08-11 16:44:39",457.2,2,saadii2279
7564,16786351,"Pradeep P","2026-09-14 16:39:50",457.1,2,pradeeppuranam
7565,16670651,Echare,"2026-09-15 23:28:38",457.1,1,echare
7566,16661382,CBenaventte,"2026-09-02 13:35:27",457.0,2,cbenaventte
7567,16701871,"Raj Nandan","2026-08-10 15:13:30",456.9,1,imrajnandan
7568,16621437,AdamBelniak,"2026-08-03 18:15:21",456.9,2,adamos581
7569,16663822,BhavyaSaini001,"2026-08-29 23:10:34",456.8,2,bhavyasaini001
7570,16625808,"Etsushi Yamamoto","2026-08-09 16:50:41",456.7,2,etsushiyamamoto
7571,16661154,"gronky goobers","2026-08-15 14:39:05",456.6,2,"viktoriusontop,yoshisurjuise"
7572,16741053,"Bui Minh Thanh","2026-09-07 18:50:23",456.6,2,buiminhthanh
7573,16770440,"Tegar Putrayas Dentatama","2026-09-27 06:32:14",456.3,2,tegarputrayasd
7574,16916293,Hun731r,"2026-09-17 20:49:12",456.3,2,hun731rkooki
7575,16714488,"HusseinNadem Nadem","2026-08-26 01:53:13",456.2,2,husseinnademnadem
7576,16670719,SimoImane,"2026-08-05 23:36:09",456.2,2,simoimane
7577,16871722,agenlu,"2026-09-27 07:30:37",456.0,2,agenlu
7578,16657383,"Shih Hua Chou","2026-08-18 03:51:08",455.9,2,shihhuachou
7579,16922524,"Aleksandar Belic","2026-09-24 20:48:44",455.9,2,aleksandarbelic
7580,16767585,Hyena,"2026-08-25 22:17:26",455.9,1,hemant0
7581,16666071,"Arda Yıldız","2026-08-20 09:33:54",455.8,2,xreina8
7582,16760480,yat0i811,"2026-09-13 14:13:59",455.7,2,yat0i811
7583,16655080,"Mohamed Judi","2026-09-07 19:18:31",455.6,2,mhjudi
7584,16794052,"Sarthak Mishra","2026-09-24 18:06:07",455.4,2,"aarushverma04,pg541425,sarthak25b15310182,yadavup50"
7585,16757204,hhcjj,"2026-08-22 06:42:32",455.3,2,hhcjjkk
7586,16636333,xiaoyang66,"2026-08-17 13:35:28",455.1,2,kennethhao8
7587,16623712,Dapp,"2026-08-03 23:09:19",455.1,2,lgloria
7588,16763898,"Tarık Sarıcı","2026-08-24 09:54:31",454.9,2,ssarici
7589,16687237,Khalibryler,"2026-08-11 09:17:03",454.9,2,khalibryler
7590,16876859,Broncat,"2026-09-15 02:27:28",454.8,2,broncat
7591,16756900,Kome_Sh,"2026-08-30 13:40:56",454.8,2,komeshun
7592,16730870,"Jiang Ryan","2026-09-03 03:37:12",454.8,2,jiangryan
7593,16690698,posty_melek,"2026-08-15 05:06:40",454.7,2,srisaraswati
7594,16665184,woorym,"2026-08-10 03:04:12",454.6,2,woorym
7595,16762154,lli,"2026-09-07 19:04:26",454.4,2,colesuoseue
7596,16737532,lsystudyhard,"2026-08-22 12:16:47",454.4,2,lsystudyhard
7597,16661682,"Rishi Gupta","2026-08-05 07:46:38",454.3,2,rishigupta07
7598,16775236,hohohoZzZ,"2026-09-16 16:14:37",454.1,2,hohohozzz
7599,16888067,Van,"2026-09-21 01:29:39",453.8,2,lanxirye
7600,16683316,moonriver0922,"2026-08-11 07:04:11",453.8,2,moonriver0922
7601,16840624,Deepakexplores,"2026-09-11 17:51:43",453.7,2,deepakexplores
7602,16655600,"VYSHAKH G NAIR","2026-08-04 21:31:24",453.7,2,vyshakhgnair
7603,16695102,whitelok,"2026-08-11 12:54:41",453.6,2,whitelok
7604,16644410,"Swaroop Kallakuri","2026-08-04 15:40:29",453.6,2,ksjpswaroop
7605,16646286,"C Aravindhan","2026-08-04 05:03:22",453.5,2,caravindhan
7606,16653809,acbabc123,"2026-08-04 13:53:53",453.2,2,acbabc123
7607,16639577,Haitaks,"2026-08-16 09:42:16",453.1,2,haitaks
7608,16726044,"Lena Traczuk","2026-08-22 12:03:58",453.1,2,lenatraczuk
7609,16690793,"MOHAMMAD ALRASHED","2026-08-08 18:33:34",452.9,2,mohammadalrashed
7610,16903680,"marwan na","2026-09-19 09:27:52",452.9,2,marwanna
7611,16657664,"Nguyễn Anh Kiệt 28","2026-08-06 04:17:40",452.9,2,nguynanhkit28
7612,16676803,"Josue Villao","2026-08-14 05:20:13",452.9,2,josuevillao
7613,16670155,Kiznaiver,"2026-08-23 14:27:19",452.8,2,kiznaiver
7614,16767147,"Hacker Trinity","2026-09-09 12:20:12",452.8,2,hackertrinity
7615,16653049,"Umut Doruk Öztürk","2026-09-02 09:52:16",452.7,2,umutdorukztrk
7616,16794598,"Andrew Yu","2026-09-02 04:51:57",452.6,1,andnyu
7617,16880953,IAMNAMNAM,"2026-09-23 14:12:56",452.6,2,iamnamnam
7618,16685570,"Micah Fernando","2026-08-07 19:46:31",452.1,2,micahfernando
7619,16721940,DarkLayer,"2026-08-22 02:07:13",452.1,2,nnpaopao
7620,16625216,"Emre Can","2026-08-01 17:05:51",451.7,2,seicatsu
7621,16658521,"Vishal Dhariwal","2026-08-08 11:43:36",451.5,2,user412
7622,16838981,"Adil Shamim","2026-09-09 13:55:52",451.5,2,adilshamim8
7623,16682386,"Charbel Nehme","2026-09-24 07:58:33",451.4,2,charbelnehme
7624,16654974,"ACd Rooy","2026-08-11 06:35:28",451.4,2,acdrooy
7625,16661460,Lucky,"2026-09-03 07:49:58",451.3,2,tmiya0107
7626,16677524,"Phúc Phạm","2026-08-07 20:16:24",451.2,2,phucpham77
7627,16663258,sawe,"2026-09-16 09:10:13",451.1,2,boiihhh
7628,16915747,xiao,"2026-09-17 17:03:40",450.9,2,xiao789
7629,16668813,zhaowang,"2026-08-06 05:19:52",450.7,2,zhaowangwang
7630,16654347,"aarav maheshwari1","2026-08-26 05:57:03",450.7,2,aaravmaheshwari1
7631,16882021,"lucas honoratodesouza","2026-09-14 05:21:58",450.7,2,lucashonoratodesouza
7632,16776824,"Manuel Santiago Atencio","2026-09-23 00:46:42",450.5,2,manuelsatencio
7633,16759112,songxin,"2026-09-27 03:54:32",450.3,2,likewaterandwind
7634,16687959,"Destin Nedjou","2026-08-27 05:45:33",450.1,2,destinnedjou
7635,16757806,Richardwe,"2026-09-08 08:43:12",450.1,1,richardwe
7636,16908418,Ayush_1319,"2026-09-17 11:59:04",449.8,2,ayush1319
7637,16755394,"Ruben Lucas","2026-08-21 21:50:16",449.7,2,rubenlucas
7638,16879532,kiwamizamurai,"2026-09-14 20:27:53",449.6,2,kiwamizamurai
7639,16670634,"Narayan Sharan","2026-09-12 06:55:27",449.6,2,narayansharan
7640,16792630,Vipluv1,"2026-09-04 20:32:56",449.6,2,vipluv1
7641,16666716,"Fanis Alexakis","2026-08-17 11:59:15",449.6,2,fanisalexakis
7642,16705276,layr0,"2026-08-14 00:53:11",449.4,2,layr0dotdev
7643,16932257,"Joumier Loick","2026-09-25 05:25:04",449.4,2,loickjoumier
7644,16786280,Shambhavi21,"2026-09-24 18:04:34",449.2,2,shambhavi21
7645,16661628,PradipBanerjee,"2026-08-05 21:03:11",449.1,2,pradipbanerjee
7646,16704597,"Wallace Switzer","2026-08-12 01:09:49",449.1,2,wallaceswitzer
7647,16881765,"aakriti & tanya","2026-09-18 11:53:42",449.0,2,"aakritiinchaos,tanyac1"
7648,16694330,"Jack Way","2026-08-10 11:48:42",449.0,2,jackway05
7649,16660330,wangyikai,"2026-08-09 07:59:45",448.8,2,wangyik
7650,16844010,"Nori Miya","2026-09-06 15:17:38",448.8,2,norimiya
7651,16669117,"Shrikant Lambe","2026-08-10 23:31:50",448.8,2,shrikantlambe
7652,16662111,"Mood Vikram","2026-09-05 23:15:35",448.7,2,"moodvikram,sidhantchauhan"
7653,16656641,AndrewEly8,"2026-08-05 00:56:32",448.6,2,andrewely8
7654,16893255,"Amal Raj Singh","2026-09-19 08:37:00",448.5,2,amalrajsingh
7655,16738218,kiyo,"2026-09-10 13:01:37",448.5,2,kiyohiro
7656,16757366,"Sean Connolly","2026-09-05 04:10:21",448.5,2,seanconnolly
7657,16719521,xarquin,"2026-08-25 03:16:23",448.4,2,xarquin
7658,16661287,"Jacob Hanlon","2026-08-11 13:59:58",448.2,2,jacobhanlon
7659,16936983,"hanlin zhu","2026-09-22 13:06:50",448.0,2,dhanlinzhud
7660,16657528,"Symekah Shadrack Basweti","2026-08-05 10:17:09",447.9,2,symekah99
7661,16670986,"Anas Erami","2026-08-08 01:38:43",447.8,2,anaserami
7662,16793465,"Farming Sols","2026-09-03 23:40:36",447.7,2,rishitreddypalle
7663,16724984,anish711,"2026-08-22 17:54:18",447.7,2,anish711
7664,16809985,"ADOLE Edache","2026-09-25 11:47:46",447.6,2,adoleedache
7665,16698141,Zippo,"2026-08-16 05:44:18",447.5,2,gagemerrick
7666,16776990,"Yash Kumar #2","2026-09-26 12:43:51",447.4,2,yashkumargunnersshot
7667,16829367,"quant park","2026-09-15 10:29:07",447.3,2,quantpark
7668,16853895,sailohith07,"2026-09-08 10:49:11",447.2,2,sailohith07
7669,16838619,HeroGod,"2026-09-05 12:25:27",446.8,2,herogod
7670,16630520,dimitris_x94,"2026-08-23 21:10:57",446.7,2,dimitrisx94
7671,16621572,"Abdulazeez AbdulMumeen","2026-08-05 10:59:27",446.7,2,ayobeen
7672,16758970,"Jason Wong","2026-09-16 16:00:15",446.6,2,jsin27
7673,16664327,"Maged Hegazy","2026-08-06 13:13:28",446.5,2,magedhegazy
7674,16711823,Abi_e,"2026-09-07 09:47:37",446.5,2,abidjacquelineanadi
7675,16656568,"FARIATHTHEEN F","2026-08-04 11:44:49",446.1,2,fariaththeenf
7676,16675916,Lorenzo176ITA,"2026-08-14 11:02:15",446.1,2,"alessiopap,lorenzo176ita"
7677,16930490,freesunp,"2026-09-21 02:48:31",446.0,2,freesunp
7678,16749271,"Shoki Suzuki","2026-09-26 15:00:23",445.9,2,shokisuzuki
7679,16684031,"Phillip Kamundia","2026-08-14 20:35:15",445.9,2,phillipkamundia
7680,16785568,"Sneha Bhargava4","2026-09-16 17:56:17",445.8,2,snehabhargava4
7681,16729086,samanyu,"2026-08-23 10:13:11",445.7,2,samanyu1808
7682,16667722,Radhouen911,"2026-08-06 21:37:37",445.5,2,radhouen911
7683,16636719,"Naman Durve","2026-09-12 16:14:56",445.5,2,namancdurve
7684,16687602,"jithin manoj","2026-08-12 13:00:23",445.4,2,jithingmanoj
7685,16867305,Prikat,"2026-09-26 23:21:26",445.4,2,prikat
7686,16661786,Nagaraju,"2026-08-10 01:53:04",445.2,2,orugantn
7687,16659919,"SILVISTON EMMANUEL","2026-08-06 06:51:55",445.2,2,silvistonemmanuel
7688,16641501,Sonal,"2026-08-08 22:07:46",445.1,2,sonalm13
7689,16664205,"shr Wei","2026-09-03 06:00:47",444.9,2,shrwei
7690,16621367,Numari,"2026-07-31 16:30:01",444.7,2,numaritaisei
7691,16663040,"BARBARA GASKINS","2026-08-12 01:08:47",444.4,2,barbaragaskins
7692,16657312,"baolood herid","2026-08-06 13:13:48",443.9,2,baoloodherid
7693,16861019,CloriTeam,"2026-09-09 15:34:28",443.7,2,lorenzocomis
7694,16674266,HamYad,"2026-08-06 18:19:46",443.3,2,hamyadlab
7695,16635818,F.A.Nina,"2026-09-27 07:28:33",443.2,2,nina2025
7696,16663707,DotBix,"2026-08-12 21:45:54",443.2,2,dotbix
7697,16660899,"Clarence Trinidad","2026-09-16 18:28:20",443.1,2,claree007
7698,16652661,"Petru-Mihai Craciun","2026-08-05 14:55:07",443.1,2,petrumihaicraciun
7699,16692128,gibocx,"2026-08-10 18:10:34",443.0,2,gibocx
7700,16925447,"Peter Tinashe Mundowa","2026-09-20 09:37:57",443.0,2,petermundowa
7701,16675686,"PRERIT MAURYA","2026-08-14 06:37:51",443.0,2,preritmaurya
7702,16842936,"Sreejit Pradhan","2026-09-12 19:11:37",442.9,2,sreejitpradhan
7703,16799224,"Tian Yan666","2026-09-03 14:48:42",442.7,2,tianyan666
7704,16804902,"aitahmed amina","2026-09-08 16:15:15",442.7,2,aitahmedamina
7705,16664558,"Praneeth Annapureddy","2026-08-05 04:52:45",442.7,2,praneethannapureddy
7706,16888455,Erin,"2026-09-14 02:55:17",442.5,2,eringobyte
7707,16631609,dlougen,"2026-08-04 16:40:03",442.4,2,dlougen
7708,16713218,"Julien Baumgartner","2026-08-14 08:36:27",442.2,2,julienbaumgartner
7709,16661360,"Jasper Jiss","2026-08-13 18:45:37",442.2,2,jasperjiss
7710,16657502,Jasmeen,"2026-08-16 08:59:05",441.7,2,jasmeen0207
7711,16640965,jidaoluckey,"2026-08-08 07:10:45",441.7,2,jidaoluckey
7712,16666878,aaronykchen,"2026-08-17 15:06:13",441.5,2,aaronyukuchen
7713,16661576,"Yash Jumde","2026-08-15 20:09:59",441.4,2,yashjumde
7714,16670090,"Gianpaolo Nettis","2026-08-24 08:42:07",441.3,2,rakes7
7715,16663622,sammuq1,"2026-08-10 23:56:19",441.3,2,sammuq1
7716,16841679,Chafuuu,"2026-09-09 16:26:02",441.2,2,chafuuu
7717,16785352,"joão Vitor","2026-09-05 20:19:12",441.2,2,jaov30718
7718,16885346,"Michael Handal","2026-09-13 16:23:03",441.2,1,michaelhandal
7719,16661233,"Uriel Johnson","2026-08-05 08:45:24",441.2,2,urieljohnson
7720,16668267,Saran,"2026-08-27 14:18:05",441.1,2,saran2
7721,16654394,sserges,"2026-08-08 20:46:14",440.9,2,sserges
7722,16659520,"Play Code","2026-08-05 14:28:00",440.8,2,codenya
7723,16802580,WarlockCode,"2026-09-03 14:07:58",440.8,2,maktub83
7724,16659658,"Tim Wong","2026-08-06 02:02:30",440.7,2,wai0186
7725,16686093,"Muhammad Usman Butt","2026-08-07 22:00:04",440.7,2,debugdemon
7726,16761148,Deku,"2026-08-23 13:36:57",440.7,1,piyushsharma5654
7727,16892719,"Sandeep Guttavalli","2026-09-21 11:33:21",440.6,2,sandeepguttavalli
7728,16671602,"Nithin Nambi","2026-08-07 00:09:31",440.3,2,nitthewit
7729,16700596,"Markel Iru","2026-08-13 15:52:53",440.2,2,markeliru
7730,16932760,"Ian Hsu I guess","2026-09-23 01:09:40",440.2,2,ianhsuiguess
7731,16859368,"Emmanuel King Christopher","2026-09-09 23:31:24",440.1,1,emmanuelkingchris
7732,16707331,"Simon Ziegs","2026-08-23 22:54:11",440.0,2,simonziegs
7733,16726441,Enrique.rfm,"2026-09-14 16:40:46",439.9,2,enriquerfm
7734,16764151,Jpadilla987@gmail.com,"2026-08-25 21:00:27",439.8,2,jpadilla987gmailcom
7735,16683761,"Chiefmen749 Aris","2026-08-10 07:42:42",439.6,2,saysplayz
7736,16944547,アライグマ,"2026-09-23 12:54:39",439.5,1,alaiguma
7737,16838929,Charlesm85,"2026-09-06 05:56:26",439.3,2,charlesm85
7738,16662133,"Ding Lifeng","2026-08-29 08:20:49",439.3,2,dinglifeng
7739,16708348,"Edilaine Arceno","2026-09-25 16:16:44",439.2,2,edilainearceno
7740,16718517,"Jessica Yin","2026-08-17 00:10:31",439.1,2,jeqyin
7741,16795330,"Alejandro Villacampa","2026-09-02 17:32:11",438.9,2,avillacampa
7742,16658678,"Manav Aghera","2026-09-06 18:16:28",438.9,2,manavaghera
7743,16786101,Cai0Emanuel,"2026-08-29 01:11:51",438.8,1,cai0emanuel
7744,16644053,Rafiozoo,"2026-08-03 19:26:40",438.5,2,rafiozoo
7745,16728845,"Mohamed Kaleel","2026-08-22 16:12:58",438.4,2,mdkaleel
7746,16785932,"Thomas Yi","2026-09-04 00:33:06",438.3,2,tyyslashd
7747,16660484,"Waiswa Geoffrey","2026-08-31 08:29:58",438.2,2,waiswageoffrey
7748,16654312,Xmeeeee,"2026-08-05 00:11:29",438.1,2,xmeeeee
7749,16661751,"Shailaja J","2026-08-12 14:51:15",437.9,1,shailajaj
7750,16877297,"Aaryan Gole","2026-09-15 09:37:08",437.7,2,aaryangole
7751,16676497,"Non-veg plants","2026-08-07 09:54:00",437.7,2,mohammadshadabshaikh
7752,16697448,"Mykola Mazniuk","2026-08-15 17:57:39",437.6,1,mykolamazniuk
7753,16676482,GitLyf,"2026-08-16 12:47:59",437.5,2,"jaideva30,rohithkrishnaak"
7754,16709918,GUI666,"2026-08-26 16:17:40",437.5,2,gui666
7755,16728394,"Aisultan Davletkan","2026-08-16 13:01:38",437.5,1,aisdav
7756,16731790,"A random farmer","2026-08-18 02:19:53",437.4,1,hinatatokuda
7757,16659080,VENKY,"2026-08-07 17:22:03",437.4,2,venkateshthatha
7758,16641513,"Sameer Chakravedi","2026-08-15 16:06:11",437.1,2,sameerchakravedi
7759,16728414,"Pedro Caycho","2026-08-16 12:40:26",437.1,1,pjcc1123
7760,16668810,ZZZZGOD,"2026-08-07 19:11:09",437.0,2,zzzzgod
7761,16677047,LINOXYR,"2026-08-15 13:13:58",436.7,2,linoxyr
7762,16709512,Rustamdurdyyev,"2026-08-31 19:59:56",436.7,2,rustamdurdyyev
7763,16853371,JIAWEILI0001,"2026-09-23 15:42:25",436.7,2,jiaweili0001
7764,16658520,drownedsnake,"2026-08-05 01:03:22",436.6,2,makerplay
7765,16667601,"Audrius Molis","2026-08-27 19:30:39",436.6,2,vienas
7766,16717051,"Chirag Hosdurga","2026-08-13 13:38:41",436.3,2,chiraghosdurga
7767,16660697,"Dannis Wong11","2026-09-09 10:07:46",436.3,2,danniswong11
7768,16663871,"Iyed Djebbi","2026-08-07 09:25:07",436.2,2,iyeddjebbi
7769,16634060,"Chí Thành Đỗ","2026-08-02 05:11:58",436.2,2,chithanhdeptrai
7770,16668331,"Maitreya Mohapatra","2026-09-23 22:26:09",436.2,2,maitreyamohapatra
7771,16726765,"Ali Al-Killidar","2026-08-16 09:47:37",436.1,1,alialkillidar
7772,16716636,"Mahamane Lawaly","2026-08-13 10:22:51",436.1,1,mahamanelawaly
7773,16699633,Nafmo,"2026-08-11 17:10:53",435.9,2,nafmo2
7774,16691761,"Evie Barker","2026-08-15 13:40:05",435.9,2,eviebarker
7775,16666132,andres555,"2026-08-28 14:36:21",435.7,2,"andres555,violalin"
7776,16632503,"Wei Hsiang Lin111","2026-08-01 07:42:33",435.7,2,weihsianglin111
7777,16713723,"Jyot Buch","2026-08-12 23:09:41",435.5,2,jyotbuch
7778,16892976,"Tony He","2026-09-19 17:41:31",435.5,2,tonyyang0504
7779,16656627,"Soykot Podder","2026-08-14 05:39:06",435.5,2,diptopodder
7780,16838460,"Yash Vardhan","2026-09-08 07:39:50",435.3,2,poruskapil1
7781,16771725,"Rijusmit Biswas","2026-09-18 10:55:33",435.3,2,rijusmitbiswas
7782,16654458,"Likith Narakala","2026-09-10 20:27:03",435.2,2,likith17052004
7783,16793145,KarlNUrban,"2026-09-05 12:19:50",435.2,2,karlnurban
7784,16711918,"Pavel Filin","2026-08-13 05:23:28",435.1,2,pavelfilin
7785,16706790,"Stas Chereshkevich","2026-08-19 12:23:33",435.1,2,staschereshkevich
7786,16735177,shilpa.rpns,"2026-08-22 04:57:10",435.0,2,shilparpns
7787,16654401,ChronoForensics,"2026-08-08 17:26:11",435.0,2,ryanwollmuth
7788,16917703,"Tommy Mac Bird","2026-09-18 02:14:59",434.9,1,tommymacbird
7789,16726285,Dhananjay,"2026-08-15 18:48:20",434.9,2,dhananjaylakkawar
7790,16719679,ZhiruiLuo,"2026-08-25 15:52:57",434.9,1,zhirluo
7791,16815817,haiy_qq,"2026-09-04 01:41:26",434.8,2,haiyqq
7792,16745980,"Arif Amijoyo","2026-08-30 07:54:40",434.7,2,arifamijoyo
7793,16705510,"Palak Choudhary","2026-08-11 07:12:44",434.6,2,palak2564
7794,16632855,Shreyash_Automation,"2026-08-21 00:06:49",434.5,2,shreyashautomation
7795,16671033,"Alexandr Shustikov","2026-09-17 22:35:17",434.4,2,alexandrshustikov
7796,16723490,"Panashe Arthur Mhonde","2026-08-22 11:41:19",434.3,2,panashearthurmhonde
7797,16858543,"Fakhar Mustafa","2026-09-10 05:07:39",434.3,2,fakhar90
7798,16644765,MoeCode,"2026-09-12 16:46:28",433.4,2,syrianeagle
7799,16723614,"James Atteh","2026-09-12 06:28:17",433.2,2,jamesatteh
7800,16692618,"Ali Zakaee","2026-08-09 10:13:02",432.9,1,itheequalizer
7801,16735206,"Shiyal Kishan","2026-08-20 04:01:28",432.9,2,shiyalkishan01
7802,16662079,"Farrukh Hussain","2026-09-08 11:36:07",432.8,2,farrukhhussai
7803,16713557,kaggri-kal-chal,"2026-09-16 18:53:51",432.8,2,"nainikaanish,shrivastavaaryan"
7804,16690221,"HISOKY DEV","2026-08-10 09:42:03",432.4,2,omarfahid
7805,16624414,"Chaitanya Jamble","2026-07-31 05:42:10",432.4,1,chaitanyajamble
7806,16716002,"Preethi Gnanaprakasam","2026-08-14 09:10:46",432.2,2,preethignanaprakasam
7807,16773264,LA28,"2026-09-03 19:44:02",431.9,2,saisreelasyaappali
7808,16729214,kisamaki0815,"2026-08-28 01:21:57",431.6,2,kisamaki0815
7809,16759239,SunYaoXi,"2026-08-27 09:32:42",431.3,2,sunyaoxi
7810,16623528,"Faijur Rahaman","2026-08-20 09:40:07",431.3,2,faijurrahaman
7811,16743032,"Sabarishvar S S","2026-09-03 17:49:08",431.2,1,sabarishvarss
7812,16623271,"William Morley","2026-07-31 10:09:16",431.0,2,williamkmorley
7813,16665647,hr15de,"2026-09-25 08:52:49",431.0,2,hr15de
7814,16633786,tuannm3812,"2026-08-28 08:00:42",430.9,2,tuannm3812
7815,16728821,"Alen Maria Nirmal","2026-08-17 21:51:03",430.6,1,alenmarianirmal
7816,16706843,"yh z","2026-08-11 09:32:56",430.5,1,yhz123456
7817,16625149,Rubylicious,"2026-07-31 07:53:00",430.3,2,labibahalya
7818,16683390,Christopher34,"2026-08-08 00:20:59",430.3,2,christopher34
7819,16675631,"Aswini Gowda","2026-08-10 05:37:33",430.1,2,aswinigowda
7820,16661323,mzyktkhs,"2026-08-10 13:21:59",430.1,2,mzyktkhs
7821,16633984,"Mongkhon Hatit","2026-08-04 11:58:56",430.0,2,mongkolhatit
7822,16845679,"Wenhai Tang (raisin)","2026-09-07 03:33:14",430.0,1,wenhaitangraisin
7823,16760377,"Yuxuan Qian","2026-08-29 23:45:28",429.9,2,yuxuanqian
7824,16726882,"Albert Yu","2026-08-17 00:01:53",429.7,2,yukinying
7825,16696271,"Neeta Sanjay Gajabi","2026-08-09 14:48:42",429.7,2,neeta2574
7826,16938771,"Daniel Peng","2026-09-22 03:53:05",429.6,2,codewithdaniel1
7827,16728945,"Suryansh Kulshreshtha","2026-09-26 05:57:16",429.5,2,"busyfellow,suryanshkulshreshtha"
7828,16880350,喜欢逢坂大河,"2026-09-16 08:36:54",429.1,2,yhsno69
7829,16651042,Mira_332,"2026-08-27 04:58:29",429.0,2,ichiiohno
7830,16755159,"Kay Gijzen","2026-08-23 11:51:31",428.9,2,kaygijzen
7831,16656989,Crunchex,"2026-08-29 10:52:11",428.8,2,"asmo04,chinmaysoni48,codencry"
7832,16692782,"Andres Regino","2026-08-23 20:26:03",428.8,2,andresregino
7833,16766803,"Kanishk Sharma","2026-09-01 23:52:42",428.5,2,kan1shq198
7834,16671670,"Karla Ziegler","2026-09-24 00:26:42",428.3,2,karlaziegler
7835,16825489,"Monishwar S","2026-09-24 18:56:22",428.1,2,monishwar2718
7836,16676256,"Kotaro Nakamura","2026-08-11 22:18:41",428.1,2,kotaroma
7837,16734601,sweetlesson,"2026-08-18 00:40:55",427.9,2,sweetlesson
7838,16791617,"Neil Li","2026-08-30 00:10:32",427.9,1,neilliroub
7839,16729996,"Michael Roust","2026-08-18 16:09:56",427.4,2,michaelroust
7840,16885547,L0k1xd,"2026-09-13 10:04:10",427.4,2,l0k1xd
7841,16775069,JWlKIM,"2026-08-26 23:22:43",427.2,2,jwlkim
7842,16668095,Menna_Allah_Samy12,"2026-08-15 15:04:56",426.9,2,mennaallahsamy12
7843,16891504,"Taha N Kaya","2026-09-14 14:03:21",426.9,1,tahankaya
7844,16890511,"Alex Solonsky","2026-09-14 08:57:30",426.8,1,alexsolonsky
7845,16654175,abhiv142,"2026-08-11 13:22:03",426.8,2,abhiv142
7846,16820596,Karina,"2026-09-16 11:36:45",426.7,1,karinajoey
7847,16658051,SethuMadhavan004,"2026-08-09 09:38:27",426.6,2,sethumadhavan004
7848,16663976,"wangyang denis","2026-08-12 06:26:08",426.2,2,wangyangdenis
7849,16637342,SupremeWarrior108,"2026-09-20 19:21:39",426.0,2,supremewarrior108
7850,16809943,"A Rook","2026-09-03 19:06:08",425.9,2,rookcastle
7851,16661014,manu,"2026-08-16 04:45:12",425.7,2,manupandit
7852,16701367,CryptoQuant1992,"2026-08-11 13:04:12",425.7,2,cryptoquant1992
7853,16792685,李明,"2026-09-22 08:03:47",425.6,2,liming2026good
7854,16695095,"Jayanth Chowdary","2026-08-22 17:50:39",425.5,2,jayanthchowdary24
7855,16854332,kotaross,"2026-09-09 15:18:06",425.5,2,kotaross
7856,16657201,ShayML,"2026-08-08 09:02:05",425.5,2,shayml
7857,16725065,"Maxim Smirnov","2026-08-15 13:21:05",425.3,2,smirnoffmg
7858,16892644,ElKnilcho,"2026-09-14 19:01:37",425.3,2,elknilcho
7859,16911283,"Apratim Bajpai","2026-09-18 17:19:51",425.1,2,apratimbajpai
7860,16719460,"Amon #2","2026-08-15 12:40:41",425.0,2,ezjameng
7861,16702200,"ANGAD JANGIR","2026-08-11 02:01:38",425.0,2,angadjangir
7862,16792392,pansya,"2026-09-20 10:00:15",424.9,2,pansya
7863,16699436,"Oluwaseun O Adeya","2026-08-23 01:22:24",424.9,2,oluwaseunoadeya
7864,16941095,"P. Sewmuthu Abewickrama Singhe","2026-09-23 12:34:39",424.8,2,psewmuthu
7865,16912864,zhzhang,"2026-09-19 12:54:48",424.7,2,lililizh11
7866,16659414,TTGP_TEAM,"2026-08-06 15:33:09",424.6,2,phttrntrnggia
7867,16663804,"Fredy Meyer","2026-08-05 20:19:51",424.5,2,alexmeyerm
7868,16848309,"Angela Wu","2026-09-09 03:56:03",424.5,1,angelawurx
7869,16668241,"Shreyansh Kanotra","2026-08-08 19:56:15",424.4,2,shreyanshkanotra
7870,16732513,Taogege,"2026-09-22 09:17:12",424.4,2,"liyiyiyi6,taogege520"
7871,16773032,fecrescencio22,"2026-09-02 21:07:10",424.3,2,fecrescencio22
7872,16706184,"Lingaraju Saikumar","2026-08-16 11:51:34",424.2,2,lingarajusaikumar
7873,16696993,healer2408,"2026-08-15 07:10:57",424.1,2,healer2408
7874,16666066,Khush3e,"2026-09-16 23:20:51",424.1,2,khush3e
7875,16872182,yxxchh,"2026-09-11 13:18:38",424.0,1,yxxchh
7876,16665470,KanakoS,"2026-08-18 13:13:58",424.0,2,kanakos
7877,16693255,"Carlos Hideo Yamaguchi","2026-08-10 00:59:12",423.8,2,carloshy
7878,16671665,"Kobata Sota","2026-08-06 07:17:03",423.8,1,kobatasota
7879,16742009,"Mutyam kavyanjali","2026-08-19 10:25:06",423.3,1,mutyamkavyanjali
7880,16765863,MADUPU.SRINIDHI,"2026-09-05 10:31:08",423.3,2,madupusrinidhi
7881,16796102,yiliang,"2026-08-31 12:55:20",423.3,2,yilianglv
7882,16660455,"Alex Kapend","2026-08-05 08:42:26",423.2,2,alexkapend
7883,16634911,onlytimeknows,"2026-08-22 12:31:11",423.2,2,onlytimeknows
7884,16664129,"Mr M 8641","2026-08-06 18:57:45",423.0,2,mrm8641
7885,16925537,pballurkar,"2026-09-19 13:08:26",423.0,1,pballurkar
7886,16689017,"Mounica Challa","2026-09-17 19:39:39",422.9,2,mounicachalla
7887,16785010,"Victor Wangles","2026-08-28 16:01:17",422.8,1,victorwangles
7888,16897148,"Ikrame Ibn Hayoun","2026-09-15 14:26:06",422.7,2,ikrameibnhayoun
7889,16629201,"GUILLERMO REY PANIAGUA","2026-08-01 16:41:58",422.7,2,guillermoreypaniagua
7890,16638967,"Jenny Luo","2026-08-01 23:55:07",422.7,2,"jennyluo96,kyeoh92"
7891,16664352,"Shreyash Asati","2026-08-06 10:40:56",422.6,1,shreyashasati
7892,16890098,"Binief Ta","2026-09-14 14:08:36",422.4,2,biniefta
7893,16663104,Sohan,"2026-08-23 14:42:40",422.1,2,sohansinghrawat
7894,16670464,halfpintcider,"2026-09-16 08:50:31",422.1,2,"amoghdeshpande2021,visspric7"
7895,16675340,"SHAURYA SHARMA","2026-09-03 00:57:48",422.0,2,shauryas555
7896,16778886,"Sandeep Das","2026-08-31 09:48:37",421.9,2,sandypos
7897,16918087,Kenyo8,"2026-09-21 07:47:02",421.8,2,kenyo8
7898,16640814,"Kritika Adhikari","2026-08-07 09:25:26",421.8,2,kritikaadhikari
7899,16651939,"Yogesh Jadhav","2026-09-17 06:54:06",421.8,2,dynamo14324
7900,16666447,"Shuaib ayad Jasim Jasim","2026-08-06 20:51:47",421.8,2,shuaibayadjasimjasim
7901,16862497,DefiAudit,"2026-09-27 01:40:33",421.6,2,defiaudit
7902,16633097,"Matheus Bonjour Laviola da Silva","2026-08-02 11:08:21",421.2,2,matheusbonjour
7903,16790603,xinbao,"2026-09-22 05:21:16",421.1,2,zww123456
7904,16807636,"Liu Panfeng","2026-09-05 00:30:20",421.0,2,liupanfeng
7905,16623631,SeaEag1e,"2026-07-31 06:26:17",421.0,1,seaeag1e
7906,16660990,"Bunny Tang","2026-09-10 14:33:23",420.8,2,tanghung64
7907,16805621,"DIVYANSH KUMAR SINGH CHAUHAN","2026-09-02 04:04:53",420.8,2,capdiv
7908,16662167,"Tara Singh Kharwad","2026-08-05 17:13:10",420.8,2,tarasi7261
7909,16698570,MurphyIIVan,"2026-08-10 03:35:41",420.7,2,murphyiivan
7910,16656579,"Riad Rayhan","2026-08-15 06:40:35",420.6,2,riadrayhan
7911,16786264,"THISHA S","2026-09-06 06:53:09",420.5,2,thishas
7912,16621518,jaccobian,"2026-08-29 08:11:50",420.4,2,harshraj22
7913,16627313,"Zafer Liu","2026-08-03 05:13:39",420.4,2,zaferliu
7914,16630896,OpenBuilder,"2026-08-08 12:09:06",420.3,2,weijunguo
7915,16662095,"Buzz shocker","2026-09-13 20:28:48",420.2,2,buzzshocker
7916,16664044,IntentionalSayshara,"2026-09-05 14:45:02",420.2,2,jaelle
7917,16655783,KonaKonaz,"2026-08-04 09:36:57",420.1,2,konakonaz
7918,16686796,"Harinath Reddy A","2026-08-23 21:23:45",420.0,2,harynath
7919,16716299,Biwaaa67,"2026-08-13 19:57:06",419.9,1,biwaaa67
7920,16722819,Anna,"2026-08-21 15:01:26",419.7,2,annatmp
7921,16804803,"01000110 01010101 01000011 01001011 00100000 01011001 01001111 01010101 00100001","2026-09-14 16:38:59",419.6,1,f01010101
7922,16656608,"Jeffrey Dilley","2026-08-04 15:40:08",419.5,1,jeffreydilley
7923,16668093,Sai_Dattu,"2026-08-07 07:35:01",419.5,2,saidattu2003
7924,16734096,"Cem Ali Görmez","2026-09-06 10:48:37",419.5,2,cemaligrmez
7925,16751796,"Leo Pallorina","2026-08-23 14:06:17",419.4,2,lelelsp
7926,16653429,mktdev,"2026-08-10 12:19:54",419.3,2,mktdev
7927,16677166,Spectrobot,"2026-08-08 11:11:46",419.3,2,spectrobot
7928,16729522,all-coder,"2026-08-16 17:55:08",419.0,2,allcoder
7929,16723072,Arthurt1,"2026-09-23 22:09:27",419.0,1,arthurt1
7930,16717912,"Anu Kumari","2026-08-13 18:03:07",418.9,1,anuk16020
7931,16926757,MengXun326,"2026-09-20 21:55:59",418.7,2,mengxun326
7932,16675215,"Viljen Apalset Vassbø","2026-08-06 22:24:44",418.7,2,viljenapalsetvassb
7933,16625434,"Chirapathleo Saelim","2026-09-08 08:40:06",418.4,2,chirapathleosaelim
7934,16623503,"D Mohith","2026-08-01 01:06:22",418.2,2,dmohith
7935,16659269,"Bedirhan Dinçer","2026-08-10 20:26:46",418.2,2,bedirhandiner
7936,16926880,KarthikeyaAnna,"2026-09-20 13:40:19",417.9,2,karthikeyaanna
7937,16697396,"Collective Win","2026-08-18 05:10:12",417.9,2,collectivewin
7938,16856112,"Thomas White","2026-09-08 19:39:13",417.7,1,leopardguy
7939,16709299,"Divyanshu Choudhary","2026-09-04 13:13:32",417.4,2,divyanshuchoudhary25
7940,16664512,oggyiu,"2026-09-01 07:46:10",417.3,1,oggyiu
7941,16778939,"Stepan Antonov","2026-08-27 07:59:30",417.3,1,stepanantonov
7942,16623135,mohduwaishchaudhary,"2026-07-30 22:05:45",417.2,2,muwaish5
7943,16809998,chzCharbs,"2026-09-15 08:14:49",417.2,2,chzcharbel
7944,16748500,stimmie,"2026-08-30 16:11:56",417.1,2,stimmie
7945,16644023,"Yiğit Efe Albaş","2026-08-02 18:34:39",417.1,1,yiitefealba
7946,16768262,"Brayan Miranda G","2026-08-26 19:40:15",417.1,2,brayanmirandag
7947,16931956,Aari101,"2026-09-20 19:23:51",417.0,2,aari101
7948,16700627,"Benedict Ebito Boyubie","2026-08-10 11:03:38",416.7,1,bboyubie
7949,16669170,AsadUsmanFAST,"2026-08-05 22:37:33",416.6,2,asadusmanfast
7950,16660420,tipofyzik,"2026-09-05 14:34:30",416.5,2,tipofyzik
7951,16666873,"linli duan","2026-08-12 15:06:42",416.4,2,linliduan
7952,16845067,"Vineet Gupta","2026-09-14 09:08:20",416.2,1,"graceydugar,vineetgupta2023"
7953,16665040,"Arnav Yashlaha","2026-08-05 05:44:26",415.9,2,arnavyashlaha
7954,16717420,"Muhammad Yasir Sarwar","2026-08-13 14:40:09",415.8,2,muhammadyasirsarwar
7955,16653998,www1727,"2026-09-15 16:45:05",415.6,2,www1727
7956,16706054,"ErrorX Info","2026-08-20 11:30:03",415.6,2,"errorxinfo,shyampatel47"
7957,16624935,"Anjana mohan","2026-08-01 06:06:39",415.6,2,anjanamohan13
7958,16802866,"Antonio Di Cecco","2026-09-01 18:37:02",415.5,1,antdic
7959,16692373,"Ornevis Montero","2026-08-20 01:59:43",415.4,2,ornevisbolaosmontero
7960,16925224,Raosaheb,"2026-09-20 08:17:04",415.4,2,raosahebmore
7961,16669703,AnubhavBhadani142,"2026-08-15 06:32:19",415.1,2,anubhavbhadani142
7962,16664004,"Me, Myself, and I","2026-08-11 03:57:46",415.1,2,notlunarxd
7963,16661194,"Sandeep Vanapalli","2026-08-04 15:37:06",415.1,2,mrleaf
7964,16907577,"Дмитрий Витальевич","2026-09-17 07:59:28",415.0,2,mtkrqt
7965,16802750,"[Deleted] fafa60dd-8026-43cc-b656-34ca4625ef7d","2026-09-01 12:22:13",414.9,1,del=e2a734cecd171934
7966,16707437,"Ivan Plekhanov","2026-08-11 12:03:11",414.9,1,nnob0dy
7967,16660318,"Aiman Al-Shalfi","2026-09-14 12:39:08",414.7,2,aimanalshalfi
7968,16668522,"Moatez Litaiem","2026-08-06 16:57:54",414.6,2,moatezlitaiem04
7969,16768578,"Patrick Lzz","2026-08-25 02:56:30",414.6,2,patricklzz
7970,16728839,Mharfe,"2026-09-06 23:26:08",414.5,2,mharfe
7971,16729155,WangZihao5649,"2026-08-24 02:32:08",414.4,2,wangzihao5649
7972,16735012,"Shuvam Swapnil Dash","2026-08-28 19:56:48",414.3,2,"shashwatmandal,shuvamswapnildash"
7973,16735934,"Uday Kiran003","2026-08-18 06:23:18",414.1,1,udaykiran003
7974,16684776,"D Rithika","2026-08-10 18:36:30",414.1,2,drithika
7975,16721942,"Daniel Rodriguez Bothe","2026-08-18 16:57:00",414.0,2,danielrodriguezbothe
7976,16784400,K_DHEERAJ_11,"2026-08-31 02:58:38",413.8,2,kdheeraj11
7977,16682906,Masiki,"2026-09-05 13:55:54",413.8,2,blackseed
7978,16668185,"Swayam Chavan","2026-08-09 01:12:23",413.8,2,swamboy
7979,16655820,"Cory Tortorici","2026-08-08 15:20:42",413.6,2,corytortorici
7980,16657520,"Joel De la Cruz Fuertes","2026-08-12 16:33:48",413.5,2,joeldcf
7981,16660923,naganikshith,"2026-08-06 08:01:09",413.5,2,naganikshith
7982,16896794,Cidoai,"2026-09-18 08:45:45",413.4,2,cidoai
7983,16694497,Kawai,"2026-09-25 17:21:01",413.3,2,"lavendermoon19,sumitwod"
7984,16811013,"Sara Vahidestakhri","2026-09-03 00:32:07",413.2,1,saravahidestakhri
7985,16712259,geqiulin,"2026-08-13 04:46:11",413.0,2,geqiulin
7986,16919106,Jocelyn--JY03,"2026-09-23 05:45:05",412.9,2,jocelynjy03
7987,16705640,"Dongre Laxman","2026-08-12 12:36:29",412.9,2,dongrelaxman
7988,16714240,"The Shovel","2026-08-26 03:21:18",412.8,2,"astapasta0,qotqat"
7989,16761319,Yuvraj,"2026-08-23 07:29:44",412.7,1,yuvrajkr01
7990,16751979,"Sasha Sam","2026-08-27 20:02:46",412.6,2,sashasam
7991,16662896,"Adrian Dubois","2026-09-21 03:33:43",412.2,2,adriandubois
7992,16883044,"Muhammad Olamide","2026-09-16 10:59:44",412.2,2,muhammadolamide
7993,16725957,"Ayman Tarig Mohammedosman Elgadi","2026-08-24 02:57:16",412.2,2,aymantarig17
7994,16662985,DanTheDataScienceMan,"2026-08-05 17:40:06",412.1,1,danthedatascienceman
7995,16857747,ru-shao,"2026-09-24 15:30:00",412.1,2,"shaoxw,souwaka"
7996,16630020,"Piotr Gabrys","2026-08-09 16:53:59",412.1,2,piotrekga
7997,16712488,"Vansh Bhura","2026-08-12 14:23:18",412.1,2,vanshbhura
7998,16638704,"Lee Yen Fei","2026-09-01 03:31:45",412.0,2,leeyenfei
7999,16927170,"çağrı okan","2026-09-19 23:33:54",412.0,2,cagrokan
8000,16758987,"Irtaza Ahmed Khan","2026-09-08 06:38:25",411.8,2,yrrebeere
8001,16670475,Adib,"2026-08-06 02:02:27",411.7,2,adibemohamed
8002,16678819,"Digant Kathiriya","2026-08-07 02:07:51",411.6,2,digantkathiriya
8003,16827781,c1626343198,"2026-09-04 14:50:37",411.3,2,c1626343198
8004,16665152,"Ahmed Karim","2026-08-17 11:32:15",411.2,2,versusic
8005,16662646,"Jay Parsana","2026-08-09 18:07:10",410.8,2,jay051
8006,16723411,CaZen,"2026-08-15 10:48:16",410.6,2,cathzwah
8007,16662089,"Alonso Gallego Pacho","2026-08-27 13:27:36",410.6,2,alonsogallegopacho
8008,16715456,"wilson LUNG","2026-08-17 23:54:10",410.5,2,wilsonlung
8009,16745485,"Thamires dos Santos ","2026-09-25 01:42:25",410.4,2,thasantos
8010,16934824,Ken,"2026-09-21 09:28:50",410.4,2,kensuke77
8011,16623582,yunsuxiaozi,"2026-08-01 13:59:57",410.3,2,yunsuxiaozi
8012,16638953,"Joe Young","2026-08-03 19:23:13",410.3,2,jsphyg
8013,16750435,"Oleksandr Zalievskyi","2026-08-23 18:34:59",410.3,2,sashaworker
8014,16695828,rihiRule,"2026-08-11 13:40:24",410.0,2,rihirule
8015,16660073,"Mahad Kakooza","2026-09-06 20:30:18",409.8,2,mahadkakooza
8016,16663055,jainish_d24ce180,"2026-08-10 13:54:40",409.7,2,jainishshah35
8017,16919693,Maham1199,"2026-09-25 13:08:46",409.1,2,maham1199
8018,16660343,"Mert Olgun899","2026-08-05 13:05:07",409.0,2,mertolgun899
8019,16676327,shu10038,"2026-09-14 12:07:16",408.9,2,shu10038
8020,16662726,"Juan Carlos González Aguilar","2026-08-14 19:54:48",408.9,2,juancg
8021,16763523,"Nam Khánh Lê","2026-09-02 06:28:44",408.9,2,"khanhss,khimbodoi"
8022,16818498,"AARYAN VISHAL","2026-09-07 11:53:23",408.8,2,aaryanvishal
8023,16746562,"The Learning loop","2026-09-24 10:32:16",408.8,2,"jananikasenthilkumar,ssjaswanth"
8024,16716657,"Jasti Phani","2026-08-19 08:38:00",408.8,1,jastiphani
8025,16804231,illegalplumbing,"2026-09-16 02:55:22",408.6,2,illegalplumbing
8026,16698029,"Meet Vachhani","2026-08-10 18:34:55",408.4,2,meetvachhani7
8027,16908873,KelOliHar,"2026-09-18 20:02:58",408.4,2,kelolihar
8028,16663259,erush,"2026-09-08 03:16:44",408.3,2,erushia
8029,16941853,"Prem Raga1809","2026-09-23 18:27:49",407.9,2,premraga1809
8030,16659018,"Ramziddin Toxirov","2026-08-11 04:58:03",407.9,2,ramziddintoxirov
8031,16715404,"karthik reddy","2026-09-04 01:34:50",407.7,2,karthikreddyp
8032,16796474,"Chaitanya Mundhe ","2026-09-13 12:27:10",407.7,2,chaitanyamundhe
8033,16655997,tanatet8,"2026-09-05 11:00:05",407.6,2,tanatet8
8034,16660531,greySnow,"2026-09-10 23:39:09",407.5,2,shlomoron
8035,16808233,"Yash Hingane","2026-09-04 12:53:43",407.5,2,yashhingane
8036,16657545,"Deepak Singh","2026-08-11 13:50:31",407.5,2,vihaannegi
8037,16857871,SHP123SHP,"2026-09-10 03:20:57",407.5,2,shp123shp
8038,16671913,res67,"2026-08-07 16:22:30",407.4,2,junyeanyap
8039,16657574,harikrishnacs,"2026-08-04 12:28:53",407.3,2,harikrishnacs
8040,16669168,"Kingsley Jide","2026-08-31 21:30:18",407.3,2,kingsleyjide
8041,16696959,"Joe Filfli","2026-08-11 10:47:03",407.2,2,joefilfli
8042,16768174,lambdap,"2026-09-06 13:25:29",407.2,2,lambdap
8043,16700294,"SWAPNEEL BANERJEE","2026-09-24 15:53:50",406.9,2,swapneelbanerjee
8044,16691704,"Rahman Aliyev","2026-09-10 17:59:57",406.8,2,rahman4li
8045,16808646,"Yimeng Wang","2026-09-08 06:33:38",406.8,2,yimengwang0814
8046,16757351,SaiVenkatesh,"2026-09-05 10:30:00",406.7,2,nothingnew
8047,16669229,"Kayvan Sinha","2026-08-11 15:23:35",406.6,2,kayvansinha
8048,16757336,Stevejustin,"2026-08-31 04:18:31",406.5,2,stevejustin
8049,16632841,AGG,"2026-09-05 18:33:20",406.4,2,aleixgim
8050,16725349,"Saj Patel","2026-08-15 21:55:42",406.4,2,sajpatel15
8051,16793657,Xin_T,"2026-08-30 16:48:11",406.3,1,xint666
8052,16840668,"Aratrika Ruhal","2026-09-13 23:35:13",406.0,2,aratrikaruhal
8053,16689256,"Pavan Pusapati","2026-09-17 11:26:52",406.0,1,pavanpusapati
8054,16686954,"Davie Mdumuka","2026-08-09 19:40:56",405.9,1,daviemdumuka
8055,16759916,"Jeevith G","2026-08-23 06:58:50",405.8,2,jeevithg090
8056,16732395,"Nikita Antonov","2026-08-23 08:33:03",405.6,2,nantonov
8057,16656156,"Kshitij aucharmal","2026-08-06 04:35:27",405.6,2,narutoaucharmal
8058,16660317,esgranja,"2026-08-04 18:58:48",405.5,1,esgranja
8059,16622809,"German Vdovin","2026-08-03 00:38:01",405.4,2,ertrerhtytmnbdsefdw
8060,16681209,AgenticBuilder,"2026-08-13 18:44:29",405.3,2,gau2112
8061,16721530,revv0o,"2026-08-15 13:58:34",405.2,2,revv0o
8062,16674278,"Niels de Gier","2026-08-07 15:57:04",405.1,2,nielsdegier
8063,16716488,"Will Henderson290","2026-09-21 13:11:11",405.1,2,willhenderson290
8064,16849620,rgbweston,"2026-09-07 18:00:17",405.1,1,rgbweston
8065,16786328,"DanishGW School","2026-09-02 03:50:19",404.9,2,danishgwschool
8066,16734431,"Maxwell Herron","2026-08-19 02:06:34",404.9,2,maxwellherron
8067,16668368,"Waleed Hasan","2026-08-12 01:42:22",404.6,2,whasan
8068,16790718,"Carlos Alves","2026-09-02 04:29:42",404.5,2,carlosone
8069,16668141,"Soichiro Mochizuki","2026-08-07 22:13:36",404.4,2,soichiromochizuki
8070,16701713,"Максим Хованский","2026-08-10 14:35:38",404.3,1,yeezynaizi
8071,16854266,もふもふ神,"2026-09-12 16:26:42",404.3,2,mohumohukami
8072,16738351,"Haidar Faruqi","2026-08-25 05:00:00",404.2,2,haidarfaruqi
8073,16839457,HugoLee_dreamer,"2026-09-14 01:18:31",404.1,2,hugoleedreamer
8074,16669434,"Saugat Kannojia","2026-08-07 11:45:47",403.9,2,saugatkannojia
8075,16723779,Matheubern,"2026-09-07 02:24:32",403.8,2,matheubern
8076,16658366,kuroneko,"2026-08-04 10:43:29",403.8,2,kurorosuke
8077,16777612,"zebra G","2026-08-27 15:46:59",403.8,1,zebrag
8078,16798347,"Mr Michael Chung","2026-09-14 19:39:17",403.6,2,mrmichaelchung
8079,16675232,"Rafif Ariq Rabbani","2026-08-27 19:37:32",403.5,2,rafifariqrabbani
8080,16708896,"Alberto Scinetti","2026-08-13 19:18:11",403.3,2,albertoscinetti
8081,16655891,"Yukihito Ikoma","2026-08-27 03:55:41",403.2,2,yikoma
8082,16809931,"john crick","2026-09-16 02:07:20",403.1,2,johncrick
8083,16728017,"medkhalil hawachi","2026-09-25 10:02:52",403.1,2,medkhalilhawachi
8084,16665228,Jason_Qian,"2026-08-05 16:00:43",403.0,2,jasonqia
8085,16696939,"Keaton Zang","2026-08-10 21:24:20",402.9,1,keatonzang
8086,16654947,"Ömer Hüseynov","2026-08-08 22:06:03",402.9,2,omarhuseynov
8087,16864670,"Takahiro Cho","2026-09-10 04:55:10",402.8,1,takahirocho
8088,16898808,katoue,"2026-09-16 21:47:46",402.7,2,katoue
8089,16700685,"Preeti Dhotmal","2026-08-27 11:25:29",402.6,2,preetidhotmal
8090,16666944,"Meghnath S","2026-08-11 01:56:22",402.3,2,meghnaths
8091,16681441,"Lamiaa Al-bdrani","2026-08-07 04:25:50",401.8,1,lamiaaalbdrani
8092,16840626,"Christopher Márquez","2026-09-12 22:23:02",401.4,2,christophermrqz1174
8093,16795877,"Marco Polo","2026-09-16 00:02:55",401.4,2,zhesong1
8094,16639727,"Andres Mohali","2026-08-13 23:03:25",401.2,2,mohax3
8095,16657712,"samuel job Adeola ","2026-09-20 22:25:10",401.2,2,samueljobadeola
8096,16676205,"Alhassan Fedawy","2026-08-14 17:15:07",401.2,2,alhassanfedawy
8097,16630662,Akshatjhawar777,"2026-08-05 12:18:30",401.0,2,akshatjhawar777
8098,16753895,Andrew98,"2026-08-22 13:10:58",400.8,2,vitem98
8099,16656951,"[Deleted] 6015b650-8e16-4705-8036-db40bdd2d353","2026-08-04 09:08:05",400.8,1,del=084ea76838ad756b
8100,16690299,"EL GORRIM MOHAMED","2026-09-01 10:59:10",400.8,2,elgorrimmohamed
8101,16661966,Rocket,"2026-08-29 18:05:35",400.7,2,"aarchie4,nick16541,siddharthdongardive"
8102,16657054,"ömer umut güngör","2026-08-05 06:10:22",400.6,2,merumutgngr
8103,16708409,toshiconner,"2026-08-12 06:30:06",400.6,2,toshiconner
8104,16659588,"Priya J","2026-08-14 05:57:46",400.4,2,priyaj21
8105,16695627,"Xu Lou","2026-08-09 13:01:23",400.4,2,xuxiaozhou666
8106,16639916,BloomBerry,"2026-08-12 12:38:31",400.3,2,kagglepalandata
8107,16664406,"MURDER GOOSE","2026-08-05 09:45:33",400.1,2,ujjwalar
8108,16671911,"Dwi Eflatino","2026-08-16 10:44:17",400.1,2,eflatino
8109,16659459,"Akandé Philippe ABIODOUN","2026-08-06 11:58:09",399.9,2,vrmelo
8110,16938488,Firdannn,"2026-09-22 20:12:18",399.8,2,firdannn
8111,16661453,"Disleve Kanku","2026-08-14 15:32:51",399.6,2,dislevekanku
8112,16930439,wessa0,"2026-09-22 13:42:39",399.0,2,wessa0
8113,16944152,JanGO,"2026-09-24 00:35:44",399.0,2,jankoai
8114,16702980,GCSudarshanReddy,"2026-08-15 17:32:06",398.9,2,gcsudarshanreddy
8115,16719296,Mr.TtT_Games,"2026-08-14 04:58:39",398.5,2,mrtttgames
8116,16666479,"Prajwal Nivangune","2026-08-09 18:33:51",398.5,2,prajwalnivangune
8117,16679904,"Joshua Bensemann","2026-09-12 12:08:09",398.5,2,qazcat
8118,16664514,"Henry Adjanor tetteh","2026-08-12 00:43:41",398.4,2,henryadjanortetteh
8119,16715416,"Md. Adnan","2026-09-20 08:53:58",398.4,2,mdadnan96
8120,16707987,"Big Balls Entertainment","2026-08-12 10:18:24",398.3,2,"pavivin,semenkolesnikov"
8121,16716589,"Shaik Adilazeez","2026-08-13 09:29:44",398.2,1,shaikadilazeez
8122,16701064,KMishra011,"2026-08-20 20:30:34",398.2,2,kmishra011
8123,16664401,"Pranav Premchand","2026-08-05 03:07:24",398.1,1,pranavpremchand
8124,16672292,"KARTIKEY PANWAR","2026-08-06 05:46:16",398.0,2,kartikeypanwar
8125,16670387,"Oracle69 AI","2026-09-26 21:10:07",398.0,2,princeadewaleadewumi
8126,16663815,"Tetsuya Sasaki","2026-09-05 00:00:30",398.0,2,sasakitetsuya
8127,16686411,NeoCodes.Dev,"2026-08-23 23:53:10",397.9,2,neocodesdev
8128,16669945,"Turab Zaidi","2026-08-07 13:27:44",397.8,2,turabzaidi
8129,16671773,"Sawyer Lundberg","2026-08-07 03:33:23",397.8,2,sawyerlundberg
8130,16763400,"Parth Sarnobat","2026-09-24 18:54:48",397.8,2,parthsarnobat
8131,16661717,"Yaswanth Ippili","2026-08-06 11:32:13",397.4,2,yaswanthippili
8132,16757017,"William Green","2026-09-05 01:33:23",397.2,1,dskswu
8133,16712633,"Andy Andy","2026-08-13 08:11:38",397.2,2,andy3373
8134,16653006,"anthony mbadiwe ikeme","2026-08-18 09:08:02",397.1,2,anthonymbadiweikeme
8135,16888334,"Ohene A","2026-09-14 17:36:00",397.1,2,pamo12
8136,16750743,"Nagimov Timur","2026-08-20 21:10:30",397.1,2,nagimovtimur
8137,16791546,fatimakhlid,"2026-09-10 21:00:33",397.0,2,fatimakhlid
8138,16689877,Amr_Said1233,"2026-08-08 08:48:28",396.9,1,amrsaid1233
8139,16758093,_student,"2026-08-23 22:21:25",396.9,2,drvtalan
8140,16919222,"Lakshmi Sayyapureddy","2026-09-20 12:41:09",396.7,2,lakshmisayyapureddy
8141,16661633,"Joseph Garcia","2026-08-19 16:28:08",396.6,2,josephpgar
8142,16690197,"Ankit Kushwaha_06","2026-08-18 08:10:12",396.6,2,ankitkushwaha06
8143,16666596,"Daumas Benjamin","2026-09-03 10:05:38",396.5,2,daumasbenjamin
8144,16726052,"Peter Mugoya","2026-09-17 08:35:32",396.4,2,petermugoya
8145,16639764,CortexExplorer,"2026-09-20 15:15:59",396.4,2,cortexexplorer
8146,16693307,"Vlad Gavrilov","2026-08-09 04:00:29",396.2,2,vladgavrilov
8147,16834632,casua132,"2026-09-05 07:56:17",396.1,1,casua132
8148,16658202,"SNAEHATH P","2026-08-06 13:51:15",395.9,2,snaehath
8149,16640810,まさやん,"2026-08-12 15:22:53",395.7,2,masayam1234
8150,16729708,msmsuman,"2026-09-06 11:11:45",395.7,2,msmsumanmuskan
8151,16675385,Apex🦾,"2026-08-14 18:00:17",395.6,2,"raghadabdullara,renadahmadalamri,zzainh"
8152,16701885,"Mehdi L.","2026-08-13 13:41:14",395.6,2,lmehdi
8153,16667615,"Zayd Mulani","2026-08-08 23:05:57",395.5,2,zaydmulani
8154,16817520,shreyansh0103,"2026-09-15 09:18:38",395.3,2,shreyansh0103
8155,16666334,UnderBlade,"2026-08-05 09:56:11",395.0,2,"athillazaidan,kurtmikhael"
8156,16663674,"Mason Mahar","2026-08-30 04:00:17",395.0,2,masonmahar
8157,16790615,"Suryansh Vashisth","2026-08-31 10:38:54",395.0,2,songoku2005
8158,16744018,"ZK Adam","2026-08-27 17:40:04",395.0,2,zkadam
8159,16726168,"Shrey Modi","2026-08-15 19:42:14",395.0,2,shreymodi2
8160,16881479,GG,"2026-09-13 11:27:34",394.9,2,ggroth
8161,16715033,"Colton Byers","2026-08-17 10:41:50",394.9,2,coltonbyers
8162,16890562,Names231,"2026-09-14 16:08:48",394.6,2,names231
8163,16805176,"Hritvika Tawde","2026-09-13 11:22:46",394.5,2,hritvikatawde
8164,16736432,"Sarthak #2","2026-08-18 12:33:53",394.4,2,srthkdixit
8165,16656023,JD_Mello,"2026-09-06 01:41:52",394.4,2,jdmello
8166,16664818,"B M Dimpu Shree","2026-08-21 10:51:22",394.3,2,bmdimpushree
8167,16779823,"Jean Dem","2026-08-31 12:38:41",394.3,2,jeandem
8168,16658219,"Deepesh Pankaj","2026-08-15 05:58:07",393.9,2,deepeshpankaj
8169,16763938,"joel paul","2026-08-26 02:05:07",393.7,2,joelpaulf
8170,16780101,jjjhoon,"2026-08-28 04:04:26",393.7,2,jjjhoon
8171,16931682,"Vijay kumar Gandem","2026-09-20 18:04:40",393.5,2,vijaykumargandem
8172,16716702,"majjati khalid ","2026-08-19 14:12:32",393.5,2,khalidma
8173,16808705,Danielaijdkx,"2026-09-03 11:29:34",393.4,1,danielaijdkx
8174,16906688,"Qiao Ruicheng","2026-09-17 11:47:47",393.4,2,qiaoruicheng
8175,16671532,"Yuri Nakayama","2026-08-13 11:34:55",393.4,2,yurinakayama
8176,16661990,"Olaoluwa Abiodun","2026-08-05 14:57:07",392.8,2,laoluwaa
8177,16913940,"Mustafa Rehman","2026-09-21 09:33:59",392.7,2,mustafar34
8178,16843393,"Rizki Syawaldi","2026-09-20 08:55:34",392.6,2,rizkisyawaldi
8179,16695479,Anandhasabesan,"2026-08-09 13:50:37",392.6,1,anandhasabesan
8180,16666216,missss,"2026-08-06 06:49:00",392.3,2,missssb
8181,16802028,Dong,"2026-09-11 03:53:23",392.2,2,protostar
8182,16659659,"michael J king","2026-09-22 02:24:45",392.0,2,michaeljking
8183,16689286,"Telman Yusifov","2026-08-09 07:08:46",391.9,2,yusifovtelman
8184,16664064,lookapmaka,"2026-08-10 17:19:05",391.9,2,lookapmaka
8185,16665988,"Ronel maamoc","2026-08-31 09:37:13",391.9,2,ronelmaamoc
8186,16759765,"Ososanwo Idris Olaitan","2026-09-11 18:38:06",391.9,2,ososanwoidrisolaitan
8187,16660287,BhatNasir,"2026-08-04 16:29:18",391.9,2,nasir94
8188,16732340,"BJ Kim","2026-08-19 15:17:16",391.5,2,doitdoit80
8189,16658498,cheesama,"2026-08-04 23:36:18",391.3,2,cheesama
8190,16666958,TinkerBotics,"2026-08-05 20:29:19",391.1,2,salosojaedwin
8191,16947693,"Mohammad Rashid Pathan","2026-09-26 16:47:36",390.9,2,pathanmohammadrashid
8192,16776777,cerceanit,"2026-08-29 14:51:48",390.9,1,uaisamangeldi
8193,16691891,"Gagan Thakur","2026-08-16 04:36:51",390.9,2,gaganthakur2006
8194,16732355,"Nagesh gite","2026-09-06 07:44:05",390.7,2,"kuberb,nageshgite,vasugupta1121"
8195,16658535,khanna.rohit5,"2026-08-10 05:00:31",390.6,2,khannarohit5
8196,16768884,z y f 007,"2026-08-31 05:39:35",390.5,2,zyf007
8197,16654290,"Srinivasa Ranga","2026-09-23 20:38:38",390.5,2,srinivasaranga
8198,16659720,Project_Kurukshetra,"2026-08-16 05:01:34",390.0,2,"chaitanyaterli05,lavanyayandapalli"
8199,16747782,"Muhammad Agam Febryan","2026-08-29 18:22:04",390.0,2,muhammadagamfebryan
8200,16675462,bkcoban,"2026-08-07 18:22:48",389.7,2,bkcoban
8201,16783050,"Charles Chen","2026-09-07 06:24:21",389.7,2,charles2580
8202,16719603,"sravan Tirumala","2026-08-14 03:05:43",389.5,1,sravantirumala
8203,16941652,里奥梅东,"2026-09-25 10:55:28",389.2,2,lionalmedong
8204,16711374,Jascha,"2026-08-13 11:22:30",388.9,2,lippja
8205,16686726,"Skander Neffati","2026-09-19 12:40:23",388.8,1,skanderneffati007
8206,16738441,"Moritz Huber","2026-08-30 21:00:10",388.8,2,moritzhuber
8207,16624879,indira,"2026-07-31 06:52:02",388.7,2,inansia
8208,16850232,"Kharchenko Bogdan","2026-09-09 18:57:16",388.7,2,kharchenkobogdan
8209,16671512,"Darren Grendi","2026-08-10 00:38:51",388.6,1,darrengrendi
8210,16661095,"AAYUSHMAAN PATEL","2026-08-09 08:16:53",388.5,2,aayushmaanpatel
8211,16660294,"Mohamed Amadu Bangura","2026-08-04 16:14:07",388.4,1,mohamedamadubangura
8212,16730589,山谷知輝,"2026-09-02 02:03:05",388.4,2,tomokiyamaya
8213,16876529,"Νικόλαος Μπριάκος","2026-09-17 09:06:24",388.3,2,bnikos
8214,16657063,"those how","2026-08-04 07:50:57",388.2,2,thosehow
8215,16676397,Rohan_Joshi6404,"2026-08-13 13:58:56",388.2,2,rohanjoshi6404
8216,16759225,"Andrea Jordan Paro","2026-08-24 11:24:14",387.9,2,andreajordanparo
8217,16662267,"Fahim Montasir","2026-08-10 16:15:10",387.8,2,fahimmontasir
8218,16735307,"Ayush Dhabsa_real","2026-09-10 09:13:50",387.8,1,ayushdhabsareal
8219,16772511,"Max Gläser","2026-08-26 23:39:34",387.5,1,maxglser
8220,16669102,Ritik,"2026-08-07 18:11:13",387.4,2,xritikx
8221,16667759,"Nafis Fuad Shahid","2026-08-05 19:21:39",387.1,2,nafisfuadshahidd
8222,16894573,VISHWAPRIYAI,"2026-09-26 05:20:43",387.1,2,vishwapriyai
8223,16717447,zhiyue666,"2026-09-10 09:01:07",387.0,2,zhiyue666
8224,16782192,"Marcelo Correa","2026-09-25 11:24:09",386.9,2,mvcorrea
8225,16860003,"Aatif Sayyad","2026-09-10 21:31:13",386.9,2,aatifsayyad
8226,16673009,CruelShow,"2026-09-13 10:36:40",386.6,2,cruelshow
8227,16712906,"Sharad Garg","2026-08-13 14:54:43",386.3,2,sharadgarg
8228,16691565,"Blu cky","2026-08-09 19:13:27",386.0,2,llmdablucky
8229,16623054,"Max Bond ABE","2026-08-15 22:43:34",386.0,1,maxbondabe
8230,16851939,"Naoya Mieno","2026-09-11 06:19:02",386.0,2,naoyamieno
8231,16685904,KavYaHD,"2026-08-10 13:02:45",385.9,2,kavyahd
8232,16665449,AgroVisionAI,"2026-08-11 19:52:49",385.6,2,"aishwaryvarshney,bhuppisharma,kirtisharmaphd,pragyasingh59,priyasingh0590"
8233,16757615,"Muhammad Umer Khan","2026-09-26 09:01:02",385.3,2,mehmedumer0028
8234,16622943,"Erwin Huizenga","2026-09-06 15:04:57",385.1,2,erwinh
8235,16710241,"Julien Serbanescu","2026-08-12 14:32:50",385.1,2,julienserbanescu
8236,16758681,"Sahil suman","2026-08-26 16:26:13",384.9,2,gruntingtorch
8237,16655372,abobakrosman87,"2026-09-26 04:03:07",384.8,2,abobakrosman87
8238,16673583,"Priyanshu Jha","2026-08-16 08:10:08",384.6,2,codewithjha
8239,16660489,"Luca Lullo","2026-09-24 06:56:17",384.4,2,lucalullo
8240,16675043,malibu_orange,"2026-09-05 13:27:13",384.3,2,malibuorange
8241,16689349,"Adunola Abdulrahman","2026-08-10 17:38:47",384.3,2,adunolaabdulrahman
8242,16656902,"Ram Chandra Gupta","2026-08-05 10:18:41",384.2,2,ramchandra142
8243,16662319,ethan.ai,"2026-08-13 18:16:35",383.7,2,ethanai
8244,16709337,"Chris Turnbull","2026-08-11 22:15:57",383.6,2,christurnbull
8245,16892509,"Konko M","2026-09-14 18:52:34",383.6,2,konkomaji
8246,16677747,"Yuvraj Bhatt","2026-08-10 08:38:11",383.5,2,bhattyuvraj22
8247,16638938,Light&Thunder,"2026-08-09 06:39:19",383.4,2,yerne39
8248,16676726,"Manaswi Bansal","2026-08-16 06:28:05",383.4,2,manaswibansal
8249,16663286,"Fan Wang","2026-08-10 21:12:40",383.3,2,wangfan420
8250,16738335,"Xuzhou Dong","2026-08-20 14:39:16",383.3,2,xuzhoudong
8251,16625418,"Hariprasanth Paranjothy","2026-08-01 05:52:19",383.3,2,hariprasanth8
8252,16668286,"Sabari V","2026-08-15 14:38:41",383.1,2,sabari112005
8253,16727920,"Youssef Yacoup","2026-09-27 02:17:18",383.1,2,youssefyacoup
8254,16685615,Spectra,"2026-08-07 16:14:32",383.1,2,thomaskressig
8255,16839419,"Gunratna borkar","2026-09-05 23:32:33",382.9,2,gunratnaborkar
8256,16658227,Gugu888,"2026-08-14 04:27:57",382.9,2,gugu888
8257,16660852,"K VISHALINI","2026-08-13 06:59:27",382.9,2,kvishalini
8258,16794302,bettta11,"2026-09-04 23:25:27",382.8,1,bettta11
8259,16793391,"Muhammad Ussman","2026-09-24 20:18:29",382.8,2,muhammadussman
8260,16790076,Jessewudao,"2026-09-04 16:54:58",382.7,1,"jessewudao,zongruixie"
8261,16793944,"Grupo 808","2026-08-30 22:36:59",382.5,1,grupo808
8262,16689344,"Shalini Gangrade","2026-08-09 13:17:30",382.3,2,shalinig1
8263,16716670,"Aremanda Yasaswini","2026-08-13 09:27:46",382.2,1,aremandayasaswini
8264,16669516,GorgeousCookie,"2026-08-06 09:17:13",381.9,2,axellindqvist
8265,16668431,"Harshpreet Singh #2","2026-08-06 01:06:28",381.8,1,harshpreetsingh45
8266,16784030,"Pooja Gera","2026-09-02 15:10:47",381.8,2,poojagera00
8267,16709179,"SATENDRA SINGH","2026-09-17 03:39:22",381.8,2,satendrasingh9876
8268,16856809,"Mateusz Kuzniar","2026-09-08 22:14:50",381.7,2,mateuszkuzniar
8269,16677804,"Pravin Takpire","2026-08-11 08:17:51",381.1,2,pravintakpire
8270,16625770,"Đức Trung Trần","2026-08-24 11:01:33",381.1,2,ctrungtrn
8271,16704985,"Ethan Marchisano","2026-08-24 21:36:54",381.1,2,ethanmarchisano
8272,16691790,"Akshay Sawant","2026-08-08 19:33:14",380.7,2,akshaysawant8983
8273,16693087,osprey2k,"2026-09-09 02:34:27",380.5,2,osprey2k
8274,16779805,"Ákos Blaschek","2026-09-01 17:21:44",379.9,2,kosblaschek
8275,16774921,"conor lowth","2026-08-28 10:46:42",379.8,2,conorlowth
8276,16732041,"Vallapu Nandini","2026-08-17 10:22:47",379.8,1,nandinivallapu
8277,16898258,"Eugene Blackman","2026-09-22 22:46:05",379.6,2,eugeneblackman
8278,16765643,canwind,"2026-09-25 14:19:51",379.6,2,canwind
8279,16664617,BarkeviousBingo,"2026-08-19 04:34:59",379.5,2,barkeviousbingo
8280,16661659,"Ivan Zagorulko","2026-08-05 10:53:13",379.2,2,normaldaki278
8281,16662081,Ayush_Bhaskar_25323010,"2026-08-08 19:49:56",379.2,2,ayushbhaskar25323010
8282,16690812,zhangkai_0121,"2026-08-09 01:40:21",379.1,2,zhangkai0121
8283,16663990,"OURNO PAPA SALIF","2026-08-07 23:18:43",379.1,2,belfiremine
8284,16664454,"Naga Vinay Avvaru","2026-08-05 07:04:44",378.9,2,anagavinay
8285,16662162,"THE predict","2026-08-13 21:18:25",378.8,2,vikaspal505
8286,16658367,"Prachii Sonii","2026-08-31 17:28:45",378.7,2,prachiisonii
8287,16897491,"Santipab Tongchan","2026-09-15 14:39:58",378.7,1,santipabtongchan
8288,16661476,slowpoke,"2026-08-29 16:33:07",378.7,2,banboyechristains
8289,16915490,"Rounak Mukherjee","2026-09-26 09:11:58",378.7,2,zade799
8290,16689718,HumsAuraTech,"2026-08-21 17:11:42",378.6,2,humaima03
8291,16936198,"Greedy Acres","2026-09-25 06:32:24",378.4,2,axelmd
8292,16654758,f--n,"2026-09-06 13:37:43",378.3,1,a17442473
8293,16896549,"Nived P A","2026-09-15 16:39:35",378.1,2,nivedpa
8294,16658304,"KETHAVATH Aadarsh","2026-08-05 21:00:45",377.9,2,kethavathaadarsh
8295,16796468,suin7328,"2026-09-05 02:05:08",377.8,2,suin7328
8296,16794153,"harshita harshita","2026-08-31 17:47:11",377.6,2,harshitaharshitaaaa
8297,16643278,"Giovani Moresco","2026-08-06 05:30:45",377.5,2,giovanimoresco
8298,16729351,vlad.shorodok,"2026-08-16 18:05:09",377.4,2,vladshorodok
8299,16848262,Philedo,"2026-09-12 14:33:59",377.1,2,philedo
8300,16726569,"Andrey Balvaneda","2026-08-17 20:59:45",377.1,2,andreybalvaneda
8301,16698188,"Smartex Dan","2026-09-25 22:13:17",377.0,2,smartexdan
8302,16702935,"Defne Demir","2026-08-11 18:27:36",377.0,2,defnedemir
8303,16792567,"Karan Rai","2026-09-24 22:40:06",376.9,2,karanrai248
8304,16774592,"Oliad Dandana","2026-08-27 09:28:20",376.8,2,olidan
8305,16662854,"NISCHAY SANJAY JIWANKAR 23115098","2026-08-13 05:38:18",376.8,2,nischay2908
8306,16658286,"Jatin Gujarathi","2026-09-20 08:36:06",376.8,2,jatingujarathi
8307,16670257,RonitKhanna333,"2026-08-12 12:22:11",376.6,2,ronitkhanna333
8308,16663981,"Steven Pun","2026-08-07 01:59:52",376.6,2,stevenpunn
8309,16668268,"Kunal Rout","2026-08-06 05:48:25",376.5,2,charlotte26
8310,16659247,cindrella_18,"2026-09-22 09:10:52",376.4,2,"ankithraj30,neharaj1518"
8311,16735580,"Dhiya Nachimuthu","2026-08-30 06:13:38",376.3,2,dhiyanachimuthu
8312,16673201,"Sanjay Varma Malladi","2026-09-18 07:00:17",376.0,2,sanjayvarmamalladi
8313,16660228,"Ochuwa Pearl Isa","2026-08-06 09:29:36",376.0,2,pearlisa
8314,16758663,"Light In","2026-08-22 19:18:51",375.8,2,lightin45
8315,16629742,yun,"2026-08-15 09:10:21",375.8,2,yuyumarupython
8316,16660515,"pooja sandali","2026-08-08 05:51:03",375.8,2,poojasandali
8317,16685207,"Koushik Thummu","2026-08-07 18:15:47",375.5,2,koushikthummu
8318,16741746,"Ahmed Harfoush","2026-08-19 09:47:45",375.2,1,ahmed1harfoush
8319,16681188,"Tresor Mufalme.","2026-08-08 09:29:05",375.0,2,tresormufalme
8320,16670188,orivael,"2026-08-05 21:20:17",374.9,2,orivael
8321,16656860,SamReiswig,"2026-09-02 04:04:09",374.8,1,sreiswig
8322,16658512,fatariq,"2026-08-10 21:18:35",374.6,2,fatariq
8323,16660929,ttkk,"2026-08-12 16:39:58",374.6,1,optimavia
8324,16905792,"Omar Tarek Fahmy","2026-09-16 10:59:04",374.1,1,omartarekfahmy
8325,16714425,sileza,"2026-08-13 12:57:35",374.0,1,azelis
8326,16657438,"Udit Aggarwal1","2026-08-08 19:09:27",373.8,2,uditaggarwal1
8327,16943817,Ranbeer06052009,"2026-09-27 01:29:59",373.8,2,ranbeer06052009
8328,16667987,"Kunj Kansara","2026-08-05 13:41:26",373.6,1,kunjkansara
8329,16654788,bumbum,"2026-08-14 12:59:51",373.6,2,krzysztoff1
8330,16692825,"Saad Arain","2026-08-09 12:27:08",373.4,2,saad451
8331,16656932,"Thivvin Raj","2026-08-13 03:53:35",373.4,2,thivvinraj
8332,16733318,"Anuj Bolewar","2026-08-18 11:11:01",373.3,2,anujbolewar
8333,16867865,"ADITYA RAJ","2026-09-20 17:14:43",373.1,2,adityaraj2026yp
8334,16844246,"CS Abhinay","2026-09-17 08:56:32",373.1,2,csabhinay
8335,16692710,"Baran Haydar","2026-08-12 06:56:50",373.0,2,baranhaydar
8336,16896207,"Bùi Cao Trí","2026-09-15 16:17:43",372.7,1,bicaotr
8337,16654258,"Ashray Bagde","2026-08-13 08:13:00",372.6,2,ashrayaaaaa
8338,16875657,"Валерия Захарова","2026-09-12 23:53:56",372.5,2,melomanpanda
8339,16920572,"Mahalakshmi boga","2026-09-26 12:26:50",372.4,2,mahalakshmiboga
8340,16662791,"Shiva Neshan yuva","2026-08-15 18:39:16",372.4,2,shivaneshanyuva
8341,16890222,"Borisov Emilian","2026-09-18 05:14:34",372.2,2,emili123
8342,16727480,MSAM,"2026-09-07 13:43:02",372.1,2,arashdeepsinghmaan
8343,16731108,"Vipparla Nandini","2026-08-17 06:29:48",371.9,1,vipparlanandini
8344,16664450,"Fritz Adelbertus","2026-08-10 01:13:44",371.8,1,fritzadelbertus
8345,16761784,"Ghaith Kammoun","2026-08-24 21:19:54",371.8,2,ghaithkammoun
8346,16727326,AhmedMousaHassan2510,"2026-08-17 12:56:01",371.7,2,ahmedmousahassan2510
8347,16710244,Bytemindd,"2026-08-26 10:20:45",371.7,2,"daisy023,sruthikanv,thasneemj,uthayanandhini,vajraparameswari"
8348,16666257,"Shijian Wen","2026-08-06 09:40:44",371.6,2,shijianwen
8349,16706257,dlv,"2026-08-13 11:11:14",371.6,2,ducott1
8350,16809202,amano,"2026-09-03 13:44:49",371.2,2,amanoshotaro
8351,16695177,"Ajith Bagali","2026-08-15 12:23:37",371.2,2,ajithbagali
8352,16894517,kuchinwei,"2026-09-17 14:52:52",371.1,2,kuchinwei
8353,16794088,"Felipe Colombarolli","2026-08-31 00:46:32",370.9,2,felipecolombarolli
8354,16675324,"Attempt Seven","2026-08-10 10:13:50",370.9,2,attemptseven
8355,16684225,"Aum Savaliya","2026-08-10 20:10:02",370.6,2,aumsavaliya
8356,16730745,"Aymerou Yaya Koné","2026-09-26 01:30:11",370.6,2,aymerouyayakon
8357,16671613,Tyler_026,"2026-09-26 09:44:50",370.6,2,tyler026
8358,16890976,zyh222,"2026-09-24 04:52:22",370.5,2,"eason0407,hrj314,tanghuan2005,zyh222"
8359,16705696,"TS Farmer","2026-08-13 11:22:09",370.4,2,"shivangkainth,tusharsekhri27"
8360,16749503,ally,"2026-08-23 11:48:49",370.3,2,phamngoclinh
8361,16670565,"Grant Biellak","2026-08-05 22:52:01",370.3,2,grantbiellak
8362,16891519,SongShijieCC305,"2026-09-14 16:03:59",370.1,2,songshijiecc305
8363,16690947,"Veiled Star","2026-08-10 13:36:49",370.1,2,veiledstar
8364,16727022,Saharkh99,"2026-09-01 00:18:26",369.6,2,saharkh99
8365,16628404,theken,"2026-08-09 12:19:19",369.5,2,theken
8366,16658519,"David kinyanjui","2026-08-31 07:10:00",369.3,2,davidkinyanjui
8367,16673825,h_jun,"2026-08-10 06:21:12",369.2,1,lhjoon77
8368,16757236,"Erlanda Miko P","2026-08-23 07:02:01",369.1,2,snneva
8369,16635130,Pongsaky,"2026-08-01 12:56:02",369.0,2,gantanch
8370,16721529,"Danny De Bree","2026-08-20 09:46:36",368.7,1,dannydebree
8371,16668479,"Muneera Mahjabeen","2026-09-15 03:45:05",368.6,2,muneeramahjabeen
8372,16662197,"Zehra Basaral","2026-08-07 10:42:57",368.5,2,zehrabaaral
8373,16690029,Nitesh_Prajapati2569,"2026-09-15 07:04:17",368.4,2,niteshprajapati2569
8374,16706516,"Mohit Khade13","2026-08-26 16:03:22",368.4,2,mohitkhade13
8375,16729669,HYPEREUCLIDEAN,"2026-08-19 07:47:48",368.3,2,hypereuclidean
8376,16764608,messibeatgravity,"2026-08-24 05:34:05",368.1,1,messibeatgravity
8377,16689943,"NAM NGUYỄN CÔNG","2026-09-24 12:41:05",368.0,2,namnguyenhcmut
8378,16773370,"Nishant #1","2026-08-26 06:11:42",367.9,1,nishanttomar110
8379,16888733,"Sébastien Callegari","2026-09-14 03:49:42",367.8,1,sbastiencallegari
8380,16710417,"Aryant Jadhav","2026-08-15 18:57:18",367.8,2,aryantjadhav
8381,16669218,"Shaik Sabiya","2026-08-12 09:15:22",367.5,2,shaiksabiya55
8382,16924761,"Chang Loukas","2026-09-24 06:22:27",367.3,2,changloukas
8383,16730191,rRTZZZ,"2026-08-17 02:43:14",367.2,2,rrtzzz
8384,16682869,"Sepideh Rahmati","2026-09-14 09:43:57",367.2,2,sepidehrahmati
8385,16796572,"Phan Van Hieu ","2026-08-31 14:23:03",367.2,2,phnvnh
8386,16679392,Dickie,"2026-08-09 09:05:10",367.0,2,dickieho
8387,16758192,"Dev Monk","2026-08-29 14:03:22",367.0,2,devmonk63
8388,16870467,wentingyun,"2026-09-11 10:21:01",366.9,1,wentingyun
8389,16722757,"Sebastian Adamatzky","2026-08-14 19:10:23",366.8,2,sebastianadamatzky
8390,16658960,"Amit Kumar","2026-08-06 05:44:30",366.6,2,anmitkumar
8391,16679850,AryaGarg23,"2026-08-09 03:33:14",366.3,2,aryagarg23
8392,16678298,"RITIK CHAUDHRY","2026-08-10 13:34:35",366.1,2,ritikchaudhry13
8393,16691753,"Jan Moilanen","2026-08-09 12:02:17",365.9,2,janmoilanen
8394,16668673,"kyran sinha","2026-08-14 14:21:34",365.7,2,kyransinha
8395,16723569,"Trishanth Mellimi","2026-08-15 07:09:55",365.5,2,trishanthmellimi
8396,16855738,"Anuj Gupta","2026-09-09 07:38:48",365.5,2,anuj6540
8397,16634352,"sovit karki","2026-08-12 17:21:13",365.5,2,sovitkarki
8398,16700876,"Oyegoke Emmanuel","2026-09-27 07:00:14",365.4,2,oyegokeemmanuel
8399,16657687,"Siddardha Shayini","2026-09-15 12:52:57",365.1,2,siddardhashayini3
8400,16770085,AllenCheng329,"2026-08-25 10:05:43",365.0,1,allencheng329
8401,16906238,Naaz,"2026-09-17 06:33:26",365.0,2,naaz03
8402,16799743,"Luc Tellier","2026-09-05 08:31:17",365.0,1,luctellier
8403,16662964,"Tim Ogilvie","2026-08-13 13:18:59",364.7,2,timogilvie
8404,16867501,aueurm,"2026-09-11 05:07:13",364.7,2,aueurm
8405,16662967,"Amalio Gomez","2026-08-04 22:07:16",364.6,1,amaliogomez
8406,16671714,"Donnell Layne","2026-08-07 15:40:35",364.5,2,jupiter1127
8407,16828390,Yuhuping,"2026-09-04 11:22:14",364.5,1,yuhuping
8408,16717797,"patan hashmi","2026-08-13 15:02:52",364.4,1,patanhashmi
8409,16780915,"Aravind S","2026-09-22 14:16:59",364.1,2,aravind20061981
8410,16723947,"Ariel GNANSOUNOU","2026-09-22 21:11:28",364.1,1,arielgnansounou
8411,16655737,Dharshini,"2026-08-08 15:00:05",363.9,2,dharshini1812
8412,16739939,crescent_star,"2026-09-09 04:42:10",363.9,2,cenzop
8413,16634219,"Michael J Hammel","2026-08-01 11:37:10",363.5,2,michaeljhammel
8414,16769110,tianlululing,"2026-08-26 13:09:45",363.3,2,tianlululing
8415,16665959,"Lourenz Baliber","2026-08-18 00:34:06",363.2,1,lourenz
8416,16628521,arai9953,"2026-08-24 22:46:57",363.1,2,arai9953
8417,16685625,"silvan ion","2026-08-08 13:05:39",362.9,2,john1one
8418,16779769,"Pravin jeyavel","2026-09-14 05:39:48",362.9,2,pravinjeyavel
8419,16784379,超级陆战队,"2026-08-29 14:43:33",362.7,2,luyi61227
8420,16633475,betagammashtrit,"2026-08-29 16:24:03",362.7,2,betagammashtrit
8421,16652230,BorisSpider,"2026-08-13 11:34:46",362.6,2,borisspider
8422,16665400,FieldOps,"2026-08-10 16:16:03",362.6,2,sycpr1me
8423,16705300,T3485D5T,"2026-09-03 08:20:18",362.6,2,"danijelbilalli,t3485d5t"
8424,16747683,"Jianyu Lin","2026-08-27 13:05:05",362.5,1,jianyulin1999
8425,16696384,Sisu16,"2026-08-13 20:13:27",362.4,2,sisu16
8426,16702771,n_samii,"2026-08-14 01:20:08",362.4,2,nsamii
8427,16779505,"Prasad Ovhal","2026-09-24 13:31:06",362.4,2,prasadovhal
8428,16771187,FernandoRB,"2026-08-26 15:53:49",362.4,2,fernandorb
8429,16657883,jps,"2026-08-06 08:36:04",362.3,2,jahaziel
8430,16668523,Bumblerrr,"2026-08-06 19:46:02",362.3,2,bumblerrr
8431,16668696,Fabian,"2026-09-03 15:52:06",362.0,1,fabiantoh98
8432,16658882,"toukali samir","2026-08-07 13:43:05",362.0,2,toukalisamir
8433,16891781,"mohamed saafan","2026-09-14 14:54:04",361.9,2,mohamedsaafan
8434,16666590,"Hoàng Anh Tú","2026-08-12 23:59:58",361.7,2,anhtu9999
8435,16701060,"Paula Jimenez","2026-08-22 16:18:37",361.6,2,paulajimenez
8436,16747544,OliverYip,"2026-08-25 06:01:07",361.1,2,oliveryip
8437,16677761,"Rithuraj Nambiar","2026-08-06 18:11:41",360.8,2,rithurajnambiar
8438,16688381,"Teresa Fitzgerald","2026-09-13 21:02:07",360.6,2,teresafitzgerald
8439,16653001,"Alexey Kuleshov","2026-08-04 12:07:51",360.6,2,alexkulll
8440,16634720,Thiyo,"2026-08-18 11:51:04",360.5,2,thimirajayasekara
8441,16794431,"Yash Apps","2026-09-08 04:12:52",360.5,2,yashwanthgajji
8442,16675093,"Nikhil Srivastava","2026-08-15 08:47:12",360.4,2,nikhilsrivastavark
8443,16656190,"Akshaj Shandilya","2026-08-06 03:14:36",360.3,2,akshajshandilya
8444,16689970,"Константин Паращук","2026-08-08 09:15:08",360.2,1,kangchenxi
8445,16641330,"Takuya Yoshimi","2026-08-04 05:16:22",360.1,2,tkyysm
8446,16895317,MrUserm,"2026-09-25 18:18:10",359.9,2,mruserm
8447,16624102,Khadersha.sk,"2026-08-03 02:45:03",359.9,2,khadershask
8448,16801437,"Koh Saito","2026-09-05 06:01:20",359.7,1,kohsaito
8449,16670724,"Neel Patel","2026-08-14 19:33:43",359.7,2,n33lpat3l
8450,16730060,"Enzo Pio","2026-08-21 16:44:03",359.6,2,enzopio
8451,16693098,broken_gpu,"2026-08-30 10:07:27",359.5,2,brokengpu
8452,16673310,dffzno1,"2026-08-14 01:44:55",359.4,2,joyzip
8453,16638343,"Phong Khoi","2026-08-04 12:20:52",359.2,2,phongkhoi
8454,16759115,chabinhwang,"2026-08-22 14:33:59",359.2,1,chabinhwang
8455,16803129,hdttnk,"2026-09-02 14:13:00",359.1,2,hdttnk
8456,16894000,"Vivek Silimkhan","2026-09-15 11:11:29",359.0,2,viveksilimkhan
8457,16659312,qwertyDmitry,"2026-08-05 13:44:24",358.9,2,qwertydmitry
8458,16715097,"Yusuf Yavuz","2026-08-13 00:25:40",358.8,1,yusufyavuzz
8459,16659394,"יוסף בש","2026-08-09 15:11:23",358.8,2,josiii123212
8460,16674012,ahankesumah,"2026-08-16 07:34:05",358.8,2,ahankesumah
8461,16907754,Shenghan,"2026-09-22 16:17:41",358.6,2,shenghanxie
8462,16717522,kyunyoung,"2026-08-14 07:16:00",358.4,2,kyunyoung
8463,16641665,huangjunjia,"2026-08-04 14:12:26",358.4,2,huangjunjia777
8464,16684677,"Sean Southwick","2026-08-27 14:45:32",358.3,2,seansouthwick
8465,16663969,"Aarush Kute","2026-09-21 17:06:14",358.2,2,aarushkute
8466,16763255,"I P Tharun Gowda","2026-09-16 17:24:11",358.2,2,iptharungowda
8467,16771216,"Hugo Ponce","2026-08-25 17:54:30",358.2,2,hugoskn
8468,16669176,"Karakam Sridevi","2026-08-11 07:44:48",358.1,2,karakamsridevi
8469,16660397,Divyansh82Raj,"2026-08-04 15:01:28",358.0,2,divyansh82raj
8470,16728881,Ch.Manvita,"2026-08-16 16:33:52",357.8,2,chmanvita
8471,16796834,"Harsh Gupta #2","2026-09-09 19:20:48",357.7,2,harshgupta0415
8472,16933436,"Shi Chen","2026-09-22 07:39:57",357.5,2,hjhhhk
8473,16716497,xpxg,"2026-08-16 17:04:22",357.5,2,deepxchat
8474,16708723,zaltark,"2026-09-25 12:29:49",357.4,1,zaltark
8475,16866482,"Sunday Ibidapo","2026-09-10 21:46:49",357.3,1,sundayibidapo
8476,16702742,"Kavyanshu Singh","2026-08-11 10:47:02",357.2,2,kavyanshusingh
8477,16681638,aadi_065_,"2026-09-27 03:50:16",356.9,2,aadi065
8478,16715988,"Hsyn Kskn","2026-09-03 12:08:15",356.9,2,hsynkskn
8479,16668592,"Ashutosh jatav","2026-08-09 13:34:45",356.8,2,ghost1412
8480,16710564,"Clarice Harijanto","2026-08-14 04:28:13",356.7,2,clariceting
8481,16688364,"Om Raval08","2026-08-21 02:57:23",356.6,2,omraval08
8482,16696419,detectivseb,"2026-08-12 10:34:45",356.6,2,detectivseb
8483,16733007,"Not Found","2026-08-17 16:32:16",356.5,4,"ammarkhan05,zainabirfanansari"
8484,16664671,Acteus,"2026-08-06 00:01:12",356.2,2,acteus
8485,16630772,"Mitsuhiro Iizuka","2026-08-04 10:31:00",355.9,2,mitsuhiroiizuka
8486,16721615,"Dai Dai","2026-09-08 07:59:14",355.7,2,jumpingdaidai
8487,16668159,ABDELGHANY,"2026-08-12 11:04:36",355.3,2,abdelghanyrageh
8488,16662577,"Shreyash Suryawanshi","2026-09-02 19:42:31",355.2,2,shreyashsuryawanshi
8489,16662647,"Ruben Maya","2026-09-23 22:06:52",355.2,2,rubenmaya
8490,16739447,"Jacob Stambaugh","2026-08-19 17:53:29",355.2,2,jacobstambaugh
8491,16677470,"Saish Walavalkar02","2026-08-09 12:44:51",355.0,2,"harichaudhari1,kaiserjayin,meetramjiyani,nirbhaygajabi30,saishwalavalkar02"
8492,16909521,"Rabs Cats","2026-09-17 02:10:02",355.0,1,rabscats
8493,16881853,Sleepyman,"2026-09-15 09:22:24",354.8,2,alishakeri1
8494,16831875,"Hamza Mughrabi","2026-09-06 19:10:53",354.7,2,hamzamughrabi
8495,16655257,"Afia Animah Fosu","2026-08-04 18:21:50",354.7,2,afiaanimahfosu
8496,16667177,"Raunak Phull","2026-08-10 11:14:44",354.6,2,raunakphull4
8497,16655689,花朝,"2026-08-05 04:10:02",354.5,2,xhxyyds
8498,16709519,"p pxl16","2026-08-19 09:49:35",354.3,2,ppxl16
8499,16638383,"Yunus Emre Sarıduman","2026-08-12 12:57:08",354.2,2,emresariduman
8500,16637762,"Greek olive oil","2026-08-09 19:56:48",353.9,2,alexanderchar
8501,16903827,"joy lul","2026-09-24 06:52:11",353.5,1,joylul
8502,16755264,wsdsby,"2026-08-21 15:16:42",353.4,2,wsdsby
8503,16745497,"Handsome Heretic","2026-08-21 19:14:30",353.2,2,handsomeheretic
8504,16661891,BALLEN1337,"2026-08-04 19:22:30",353.1,2,ballen1337
8505,16785676,Bilal11122,"2026-08-29 08:15:46",352.7,1,bilal11122
8506,16877927,"EFE ULKER","2026-09-12 00:13:05",352.5,2,efeulker
8507,16793536,yukko08,"2026-09-25 12:09:25",352.3,2,yukko08
8508,16721948,ziszim,"2026-08-26 14:38:30",352.3,2,ziszim
8509,16656946,"Sambit Padhan","2026-08-05 10:10:10",352.2,2,sambitpadhan
8510,16733961,"Julia Fredo","2026-09-27 00:20:10",352.1,2,juliafredo
8511,16640901,"Kian Maghsoodi","2026-08-20 23:01:51",352.1,2,kizmodo
8512,16890029,"Siqing Jing","2026-09-15 02:53:04",352.0,2,siqingjing
8513,16762854,J8young,"2026-08-26 13:52:54",351.9,1,j8young
8514,16665460,"Shubham kumar jha","2026-08-23 07:36:36",351.9,2,shubhamjhakr
8515,16778526,starkhushi,"2026-08-27 07:01:28",351.6,2,starkhushi
8516,16633944,Toru59er,"2026-09-27 03:24:04",351.4,2,toru59er
8517,16666997,"Krishnamurthy Venkatasubramanian","2026-08-05 15:09:46",351.4,2,krishnamurthyvenkat
8518,16711573,"Sushmitha Vasantha","2026-08-13 09:08:29",351.2,1,sushmithavasantha
8519,16661002,"Eliyas sk","2026-09-02 12:32:51",351.1,2,eliyassk
8520,16882081,Aabualella,"2026-09-13 00:58:37",351.0,1,aabualella
8521,16933048,"Anusuya Gurusamy","2026-09-23 04:45:03",350.9,2,anusuyagurusamy
8522,16770758,"Maor talker","2026-08-26 20:18:59",350.9,2,maortalker20
8523,16697627,abinandhan03,"2026-09-01 10:38:15",350.8,2,abinandhan03
8524,16670988,"Pavle Skoric","2026-09-24 21:18:17",350.7,2,pavleskoric
8525,16641140,NITISH_GOYAL1,"2026-08-27 06:42:29",350.7,2,nitishgoyal1
8526,16654330,"Perumalla Pujitha","2026-08-12 18:09:24",350.7,2,perumallapoojitha
8527,16654213,"Hojin Jang","2026-08-20 09:59:20",350.7,2,hojinjang
8528,16656472,angusdddsa,"2026-08-04 06:04:22",350.6,2,angusdddsa
8529,16738581,"mr moradi1","2026-08-18 14:31:26",350.3,1,mrmoradi1
8530,16858795,"Радик Владимирович Хорошев","2026-09-10 07:59:02",350.3,2,rodionkh
8531,16747403,"Kanchan Chavan","2026-09-12 17:46:56",350.2,2,momovedant
8532,16722122,Abhas20,"2026-08-19 10:02:51",349.9,2,abhas20
8533,16666218,"sugan Chandrasekar","2026-08-16 11:02:09",349.8,2,suganchandrasekar
8534,16662589,"Arunagirinadan Sudharshan","2026-09-20 10:20:48",349.7,2,sudhanaruna
8535,16660980,"João Marcelo Curi","2026-08-05 18:31:19",349.6,2,joomarcelocuri
8536,16785821,"Naresh Meena","2026-08-28 21:24:31",349.6,1,nareshmeena12
8537,16709754,"Simon Preuss","2026-08-12 16:39:55",349.4,2,simonpreuss01
8538,16629476,NOOBS,"2026-08-09 19:58:48",349.4,2,"patelkrishna8,sakshamranawade,shravanideshpande25"
8539,16752067,neuroxaker,"2026-08-22 14:50:32",349.0,2,neuroxaker
8540,16657658,"Esther Usman","2026-08-25 23:45:50",348.9,2,estherusman
8541,16693147,"Oliver Curtis1","2026-08-09 14:51:57",348.9,2,olivercurtis1
8542,16691027,"Jelle Maas","2026-08-08 14:58:19",348.8,2,jellemaas
8543,16738563,"Amrutha H","2026-09-16 13:19:31",348.6,2,amr13utha
8544,16780268,"SAI ESHWAR S","2026-08-29 06:26:11",348.4,1,saieshwars
8545,16666275,HeatS33ker,"2026-08-15 14:37:36",348.4,2,byronokou
8546,16773402,齐乐,"2026-09-27 04:01:47",348.4,2,qile200107
8547,16898498,"Prakash Bandi","2026-09-21 01:59:35",348.3,2,prakashbandi
8548,16937616,"ZIYU NI","2026-09-21 17:26:32",348.2,1,jacsonpercy
8549,16739702,"Vasantha Kumar552","2026-08-19 07:22:10",348.2,2,vasanthakumar552
8550,16770039,"Yevhen Tsyba","2026-09-23 06:25:44",348.1,2,yevtsy
8551,16740197,Winssk,"2026-08-27 01:55:06",347.9,2,winssk
8552,16659533,"Pavan Desai","2026-08-10 16:29:20",347.9,2,pavancdesai
8553,16661331,"John Wessel","2026-09-26 20:15:27",347.7,2,johnwessel
8554,16685164,cleanledger,"2026-08-07 13:38:23",347.6,2,cleanledger
8555,16732296,"duong nguyen","2026-08-20 14:51:38",347.4,1,duongnguyen161
8556,16656480,"Dip Biswas","2026-08-07 04:35:56",347.4,2,dipjacobiswas
8557,16716585,"tejaswini kakollu","2026-08-13 09:12:37",347.3,1,tejaswinikakollu
8558,16792188,anisotropies,"2026-09-12 05:25:04",347.2,2,achan31
8559,16716649,"Meghana Busse","2026-08-13 09:33:08",347.2,1,meghanabusse
8560,16624029,"Miguel Angel Rodriguez Fonseca","2026-08-07 03:55:38",346.9,2,miguelangelrodriguez
8561,16735393,Dai_Research,"2026-08-18 10:40:17",346.8,2,dairesearch
8562,16870360,"Tedi Septiana","2026-09-14 06:57:54",346.8,2,tediseptiana
8563,16665907,"Jonathan Saina","2026-09-15 23:12:31",346.4,2,jonathansaina
8564,16655250,"Juan Pablo Ponce","2026-08-08 03:34:18",346.4,2,juanpabloponce28
8565,16755029,"Jashan Bajwa","2026-08-22 12:56:30",346.1,2,jashanbajwa
8566,16641606,"Tanisha Sahu","2026-08-02 14:39:27",346.0,2,tanisha3
8567,16848598,"Work 3","2026-09-12 09:26:57",345.9,2,nanisriram
8568,16777515,Abhimanyu21,"2026-08-27 13:33:38",345.9,2,abhimanyu21
8569,16716322,zhaimh,"2026-08-14 02:43:21",345.8,2,zhaimh
8570,16831170,"None #2","2026-09-05 04:16:51",345.8,2,mdmorshalinemojumder
8571,16876354,A_Mose,"2026-09-12 08:57:15",345.7,2,mmameh
8572,16927163,1234321,"2026-09-23 18:14:38",345.7,1,sakamoto1234
8573,16656135,"JAYASURYA R","2026-08-05 15:43:01",345.7,2,suryar261
8574,16628409,"yann sadowski","2026-07-31 09:39:25",345.3,1,yannsadowski
8575,16657142,"Vishisht Gupta","2026-08-16 16:16:54",345.2,2,vishishtgupta
8576,16841549,"Ayush Kumar #4","2026-09-06 03:30:02",345.1,2,akyushumar
8577,16794285,Penelope.pnlp,"2026-09-01 15:38:43",345.1,2,penelopepnlp
8578,16831106,asd1984,"2026-09-05 17:40:01",345.0,2,asd1984
8579,16726381,"Adriana Redondo","2026-08-15 19:39:41",344.9,1,adrianaredondo
8580,16659410,TTH,"2026-08-07 08:21:16",344.9,2,tthungdz
8581,16913989,Sanatan21,"2026-09-18 11:41:17",344.7,2,sanatan21
8582,16718662,Safin,"2026-08-22 17:50:27",344.6,2,safinlynx
8583,16732936,"Kateryna Dudko","2026-08-25 12:15:40",344.5,2,dudkiina
8584,16661351,"Adekojo Adeyemi","2026-08-04 15:25:52",344.4,1,adekojoadeyemi
8585,16682108,"Shadow Monarch","2026-08-17 06:45:10",344.3,2,avinashk01
8586,16667105,"Vikram Tiwari","2026-08-10 11:12:26",344.3,2,vikramtiwari
8587,16876167,"kjl jkl","2026-09-17 15:51:01",343.9,2,kjljkl
8588,16947575,Rekh_Sharath_Chandra,"2026-09-26 07:37:12",343.8,2,rekhsharathchandra
8589,16690098,"Akshay Kashyap","2026-08-10 17:10:28",343.7,2,akshaykashyapakku
8590,16927652,"Mukilan A.R.","2026-09-27 03:40:27",343.1,2,mukilanar
8591,16681397,"Vishal Dubey","2026-08-11 08:51:13",343.0,2,visha1dubey
8592,16666577,"Jatin khandelwal112","2026-08-05 11:26:41",342.8,2,jatinkhandelwal112
8593,16680015,"Khôi Trương","2026-08-10 01:11:55",342.8,1,kiykhoi
8594,16723273,"Bradley ZODOME","2026-08-19 07:06:18",342.6,2,bradleyzodome
8595,16917267,"jean-thomas Dauchel","2026-09-18 21:41:23",342.6,1,jeanthomasdauchel
8596,16716594,"U Anand Williams","2026-08-13 09:19:09",342.4,1,uanandwilliams
8597,16649794,"Wanzhu Zhao","2026-08-04 13:04:05",342.4,2,wanzhuzhaora
8598,16683400,"wo zhe yi sheng ru lu bo bing","2026-08-10 16:53:48",341.9,2,"ivanlo103,panckck,waijai"
8599,16677950,"Rounak Laddha","2026-08-15 01:47:41",341.7,1,rounakladdha
8600,16633133,Holeneckles,"2026-09-25 05:06:07",341.5,2,holeneckles
8601,16741512,Offenders,"2026-08-30 15:08:39",341.5,2,"karthicchockalingams,shakil2411,shehnaaz01"
8602,16783322,kentaro,"2026-08-29 03:55:45",341.4,2,kentarokujo
8603,16662428,"Sonu kumar","2026-08-24 05:18:49",341.3,2,sonukumar9142
8604,16927761,"M Asghar Shakir","2026-09-21 04:04:32",341.3,2,masgharshakir
8605,16654808,Vishwajeet-maker,"2026-08-17 21:17:02",341.1,1,vishwajeetmaker
8606,16757338,Dewakaran,"2026-08-22 05:34:35",341.1,1,dewakaran
8607,16690077,"GOMATHI PRIYA","2026-08-13 06:38:45",340.8,2,gomathipriyaraj22
8608,16630007,"Yuankun Liu","2026-07-31 15:48:13",340.8,2,lyk1652
8609,16656919,Sumaiya,"2026-09-09 18:09:44",340.8,2,ayeshasummaiyya
8610,16665996,AVATAR3905,"2026-08-06 18:14:01",340.5,2,avatar3905
8611,16770270,"salthiel nishimwe","2026-08-25 10:45:23",340.5,2,salthielnishimwe
8612,16674725,"rajan jha","2026-08-13 12:05:42",340.3,2,rajan1673
8613,16646644,BeyondBirthday,"2026-08-09 06:39:01",339.1,2,near07
8614,16658817,"Andrew Glez","2026-08-04 12:10:17",338.6,1,andgos
8615,16652422,Kite,"2026-08-17 16:26:55",338.6,1,kiteyinlong
8616,16940601,ShreyanshK099,"2026-09-23 07:57:43",338.6,2,shreyanshk099
8617,16683087,qiuchenglong,"2026-08-07 09:25:48",338.5,2,qiuchenglong
8618,16697694,"Adithya Thiruvalluvan","2026-08-29 17:28:42",338.4,1,forestfire7
8619,16937995,"Aleksandr Rybin","2026-09-21 22:21:56",338.3,2,aleksandrrybin
8620,16690775,"Prasanna Raut","2026-08-08 20:41:38",338.3,2,prasannaraut
8621,16661191,"Yudha Eka Saputra","2026-08-04 19:28:31",338.3,2,yudhaekasaputra
8622,16949156,"shamaev dimon PR-3-1","2026-09-23 19:16:32",338.1,1,shamaevdimonpr31
8623,16641294,YogeshG22,"2026-08-03 17:58:51",338.0,2,yogeshg22
8624,16735966,kyone,"2026-08-18 08:09:32",337.9,1,xtraky
8625,16657145,"Shudipto Trafder","2026-08-04 19:25:24",337.9,1,iamsdt
8626,16879281,"Monesh M","2026-09-25 19:41:47",337.7,2,moneshm908
8627,16716713,"T Vamsi Krishna","2026-08-13 09:37:43",337.6,1,vamsee3763
8628,16666719,helenkwok,"2026-09-12 06:53:13",337.5,2,helenkwok
8629,16658733,luoqiuy,"2026-08-04 10:46:04",337.5,2,luo912
8630,16862308,"Furkan CAT","2026-09-10 15:07:24",337.5,2,furkancat
8631,16715791,CustardApple47,"2026-09-06 11:34:26",337.4,2,custardapple47
8632,16682229,"mayuri sarangi","2026-08-29 14:03:36",337.3,2,mayurisarangi
8633,16668091,Solidscripts.io,"2026-09-24 02:14:47",337.3,2,juancamera1
8634,16700360,"Thanush Soma","2026-08-10 09:49:02",337.3,2,thanushsoma
8635,16711497,"Korvi sai kumar","2026-08-13 08:02:21",337.2,1,korvisaikumar
8636,16664147,JordanM10,"2026-08-05 19:54:08",337.2,1,jordanm10
8637,16912504,"Zongyi Zhou/ Joe","2026-09-22 15:24:35",336.9,1,zongyizhoujoe
8638,16936809,"Caleb Ibeh","2026-09-22 08:34:43",336.8,2,calebibeh
8639,16743604,KeswaniRohit,"2026-08-22 17:19:18",336.8,2,keswanirohit
8640,16691153,"Hafsa Rouchdi","2026-09-26 12:25:36",336.5,2,hafsarouchdi
8641,16623739,SarsaShen,"2026-08-05 07:12:00",336.4,2,sarsashen
8642,16751311,JoangHZ,"2026-08-21 09:18:57",336.3,2,joanghz
8643,16661390,"Raúl García Gómez","2026-08-04 17:04:39",336.1,2,corso138
8644,16624235,appu2431,"2026-08-11 15:56:41",336.1,2,appu2431
8645,16696439,VaraPrabha,"2026-08-10 04:36:00",336.0,2,galiveetipoornima
8646,16660246,taqnik,"2026-08-08 11:54:39",336.0,2,taqnik
8647,16792703,yuvansh,"2026-09-27 07:21:13",335.9,2,yuvansh
8648,16673167,Karam96,"2026-08-08 11:40:36",335.7,2,karam96
8649,16696800,"VEER GOMA","2026-08-14 15:42:47",335.7,2,novaxoxo
8650,16692906,CodeZee,"2026-08-09 19:50:49",335.5,2,codewithzaeem
8651,16858496,"Aziz Alqwm","2026-09-27 07:00:55",335.4,2,azizalqwm
8652,16768551,"AAYUSHMAAN SINHA","2026-08-25 02:43:00",335.2,2,aayushmaansinha
8653,16867163,"Harikesh Shukla","2026-09-14 05:04:51",335.1,2,harikeshshukla
8654,16639624,"Nishanth Rajan","2026-08-02 03:25:35",334.7,2,nishanthrajandev
8655,16721675,stork8i,"2026-08-14 13:16:26",334.5,1,stork8i
8656,16844410,ナポレオン,"2026-09-07 15:46:40",334.5,2,naporeondesu
8657,16682632,Sebastiaan,"2026-08-27 18:24:40",333.9,2,sebastiaanreinders
8658,16622097,"Garrick C.P.","2026-08-10 18:12:06",333.9,2,garrickchinnis
8659,16723047,"Matheus Finger","2026-09-11 19:15:11",333.8,2,matheusfinger
8660,16666171,"JD Crew","2026-08-06 12:52:58",333.8,2,"abhijnanpodder,ahsafabid"
8661,16711383,"Monika Kocianova","2026-08-14 11:01:11",333.7,2,monikakocianova
8662,16795163,"Nguyễn Đỉnh","2026-09-14 05:05:43",333.5,2,nguyendinh1507
8663,16652805,"Rodrigo Batista da Silva","2026-08-13 13:35:19",333.4,2,eurodrigobatista
8664,16658319,"Huỳnh Nguyễn Trọng Tín","2026-08-06 06:23:40",333.3,2,tnhunhnguyntrng
8665,16767037,"Yubraj Sigdel","2026-08-24 15:45:56",333.2,1,yubraj11
8666,16655446,"Ismael Omar Leonidas Hurtado Vargas","2026-08-04 00:07:01",333.1,1,ihurtadov
8667,16691936,"Adhar Chaudhari 07","2026-08-09 08:13:35",332.9,2,adharchaudhari07
8668,16659260,hitesh,"2026-08-05 19:29:28",332.9,2,shahhs
8669,16735080,"SARTHAK PATIL","2026-09-02 19:23:03",332.4,2,sarthakpatil23
8670,16735751,"Hasan Taşkın","2026-08-24 19:36:02",332.2,2,hasantaskin
8671,16654688,"Terrell Millz","2026-08-10 16:08:33",332.2,2,terrellmillz
8672,16657056,"Jacob Ross Piedad","2026-08-06 12:15:14",332.2,1,jacobrosspiedad
8673,16732873,"Yash Rana","2026-08-18 04:57:04",332.1,2,yashrana24
8674,16852606,Hallucinators,"2026-09-26 08:59:16",331.9,2,samikshakamdi
8675,16668471,Broomva,"2026-08-05 14:57:35",331.6,1,broomva
8676,16845081,"Sera Ria Gomes","2026-09-10 12:28:43",331.6,2,serariagomes
8677,16655555,Bharath2411,"2026-09-03 07:14:26",331.5,2,bharath2411
8678,16692427,"Infy ","2026-08-09 20:48:09",331.4,2,infydes
8679,16683178,soulasin,"2026-08-07 14:32:26",331.1,2,soulasin
8680,16795677,"Carol bright","2026-08-31 09:30:28",330.7,2,carolbright
8681,16656732,"Shivam Kashyap","2026-08-04 05:28:03",330.6,1,shiyan0090
8682,16883375,"Sam Robin Singh E","2026-09-14 22:42:51",330.6,2,samrobinsinghe
8683,16654407,"Serendeep Rudraraju","2026-09-04 03:17:43",330.4,2,serendeeprudraraju
8684,16758426,"Attique Ansari","2026-08-22 11:50:42",330.2,2,attiqueansari
8685,16658011,"Arooba Hanif","2026-08-05 07:24:53",330.1,2,aroobahanif
8686,16928286,sofonias201012,"2026-09-20 09:33:20",329.7,1,sofonias201012
8687,16754141,SicilyTing,"2026-09-08 14:53:25",329.6,2,sicilyting
8688,16691667,jeremyllll,"2026-08-12 03:30:26",329.6,2,jeremyllll
8689,16705798,"orhun uygun","2026-09-24 08:48:21",329.4,2,orhunuygun
8690,16659234,"MARY RAISA P","2026-08-27 07:06:43",329.3,2,"harinimala21,maryraisap,saha0102"
8691,16687699,jegazhu,"2026-08-13 22:25:15",329.3,2,jegazhu
8692,16709165,"Yooraj Gole","2026-08-13 18:10:17",329.1,1,yoorajgole
8693,16706276,MitulbhBhatia,"2026-08-18 04:02:38",329.1,2,mitulbhbhatia
8694,16659415,PincheCabrón,"2026-08-17 17:34:01",329.1,2,pinchecabrn
8695,16670812,"Brian Toman","2026-08-09 15:56:22",329.0,2,briantoman
8696,16668340,"Sibi Vishnu","2026-08-08 10:35:33",328.9,2,sibivi
8697,16778327,WangYingChen,"2026-08-28 03:11:28",328.9,1,wangyingchen
8698,16712257,Banarto,"2026-08-13 07:49:16",328.8,1,banarto
8699,16670881,"Amir Y. Sajjadi","2026-08-05 23:56:26",328.6,1,amirysajjadi
8700,16694264,"Vansh Visariya","2026-08-10 09:00:11",328.4,2,vanshvisariya
8701,16676974,"Deveshwar U","2026-08-31 01:10:42",328.2,2,deveshwaru
8702,16661212,AnkitRaj4004,"2026-08-23 13:17:37",328.2,2,ankitraj4004
8703,16653105,James,"2026-08-17 16:52:18",328.1,2,jamesquirk
8704,16660341,"Nefise Aybar","2026-08-04 12:37:29",328.0,2,nefiseaybar
8705,16774954,Ye_xz233,"2026-08-26 15:35:23",328.0,2,yexz233
8706,16710906,Krunal.ix,"2026-08-12 07:06:58",327.9,1,krunalix
8707,16882973,"Omar Tarek Abdelkader Ahmed El Belbeisy","2026-09-12 22:59:07",327.7,2,patmux
8708,16678653,Wzjj98,"2026-08-06 19:31:39",327.7,1,wzjj98
8709,16735593,"timur tytrin","2026-08-18 07:37:46",327.6,2,timurtiutrin
8710,16686332,毛治钦,"2026-09-01 05:05:37",327.3,2,maozhiqinf
8711,16676416,"Abhishek Mishra","2026-08-10 10:09:30",327.1,2,abhishekmishra23
8712,16755377,"Rishi Sutar","2026-09-26 18:22:49",326.7,2,rishisutar
8713,16725769,NikunjMakhija_,"2026-08-19 13:01:57",326.6,2,nikunjmak
8714,16926528,"Badri Vishal","2026-09-19 18:42:19",326.4,2,badrivishal90
8715,16669298,"Dinesh Naveen Kumar Samudrala","2026-09-27 03:10:36",326.4,2,dnkumars
8716,16639067,"ToMY F.","2026-08-11 11:34:31",326.3,1,tomyfdev
8717,16894314,curious007hi9387983,"2026-09-17 07:41:07",326.0,1,curious007hi9387983
8718,16655652,Emergence,"2026-08-10 03:21:04",325.9,2,daylighth
8719,16690166,"Niteshwar Mishra","2026-08-08 10:02:22",325.9,2,niteshwarmishra
8720,16633330,"danielle Ange","2026-08-12 16:26:03",325.7,2,danielleange
8721,16660658,Shlok_Sharma0001,"2026-08-19 09:31:48",325.5,2,shloksharma0001
8722,16660099,Desireog71,"2026-08-08 15:01:19",325.5,2,desireog71
8723,16688859,"Muhammad Fayaz Khan","2026-08-08 06:36:02",325.2,2,mfayazkhan
8724,16672138,mostafa69ca,"2026-08-06 05:03:43",325.0,1,mostafa69ca
8725,16683136,"Stefano Ciaci","2026-08-16 14:47:29",325.0,2,stefanovcciaci
8726,16667033,"Geethika Sandireddy","2026-08-15 07:04:31",324.9,2,geethikasandireddy
8727,16893490,"Thales Galuchi","2026-09-27 02:20:04",324.8,2,thalesgaluchi
8728,16706181,"Juvenal Pedro Baptista","2026-08-16 14:58:40",324.7,2,juvenalpedrobaptista
8729,16628296,NoxMetenis,"2026-08-15 17:54:03",324.7,1,avasgaire
8730,16661551,SimonAx,"2026-08-10 09:41:59",324.6,2,simonaxel
8731,16731458,"Arthur Baygildin","2026-08-17 10:06:55",324.6,1,arthurbaygildin
8732,16730679,"Hoàng Trọng Hiếu","2026-09-13 08:32:32",324.3,2,hongtrnghiu
8733,16686716,"menna hassanM","2026-08-28 21:49:51",324.3,2,mennahassanm
8734,16668453,"Kawish Hassan","2026-08-05 16:51:03",324.2,2,kawishhassan
8735,16636643,"Babul Kumar","2026-08-02 07:46:50",324.0,2,babulkumar07
8736,16662659,"Chiziterem Eze","2026-08-11 12:20:48",323.9,2,chiziteremeze
8737,16854519,nmw,"2026-09-09 15:23:56",323.9,2,rubikkaggle
8738,16655919,"Tạ Minh Lễ","2026-08-04 06:46:45",323.9,2,tminhl
8739,16757689,YanXiaohan666,"2026-09-14 03:29:51",323.6,2,yanxiaohan666
8740,16777489,"Yousef Elbaz","2026-08-27 11:18:54",323.2,1,yousefelbaz
8741,16658320,"Justin Eight","2026-08-27 07:29:52",323.1,2,justineight
8742,16670600,"Leon Lum","2026-08-20 14:58:27",322.9,2,leonlum
8743,16782747,goodgreen,"2026-09-19 07:55:18",322.9,2,goodgreen
8744,16672689,"Yusuf Yemez","2026-08-06 06:51:07",322.7,1,yusufyemez
8745,16802128,"vaman soni","2026-09-02 10:08:49",322.5,1,vamansoni
8746,16741982,barry_Paddi,"2026-08-27 07:10:52",322.4,2,barrypaddi
8747,16859646,Andy2009,"2026-09-09 12:12:02",322.4,2,andy2009
8748,16654348,rkeshwani,"2026-08-07 16:17:49",322.1,2,rkeshwani
8749,16632620,"[Deleted] d9d74cbb-c76e-4fbb-a4bf-35e25b48627d","2026-08-08 16:00:16",321.5,2,del=c21e6a8a03ad3b3c
8750,16671519,"Mandhati Sai ganesh","2026-08-06 06:36:45",321.5,2,mandhatisaiganesh
8751,16929788,"Yusuf Sanusi","2026-09-21 00:50:47",321.5,2,mindbender7
8752,16661012,"Tesfahun Feleke","2026-09-24 09:04:19",321.3,2,tesfahunfeleke
8753,16881665,"Negar Hassantabar","2026-09-27 03:29:07",321.1,2,negarhassantabar
8754,16865101,"Hanlinh ","2026-09-11 03:58:09",321.0,2,hanlinh227
8755,16733886,LuisMV8,"2026-09-19 16:51:14",321.0,2,luismv8
8756,16689923,Dhinesh,"2026-08-09 08:39:37",321.0,2,dhineshwarrs
8757,16659688,Daniel,"2026-08-05 12:21:37",320.8,2,danielyazgi
8758,16677732,"Alessandro Mermali","2026-08-06 20:52:35",320.7,2,alessandromermali
8759,16662874,"Dev Shah","2026-08-08 01:52:52",320.5,2,imdevshah11
8760,16855459,"Shune Lae lae Khaing","2026-09-11 17:55:19",320.5,2,shunfloryn
8761,16728261,"Smit Deshaval","2026-08-24 17:44:12",320.5,2,smitdeshaval11
8762,16683075,"Manuel lasarte León","2026-09-04 10:27:02",320.5,2,manuellasarte
8763,16666115,"Iam Intolerable","2026-08-06 07:48:28",320.4,2,iamintolerable
8764,16682342,"Jebez Oswald","2026-08-10 05:38:15",320.3,2,jebezoswald
8765,16759407,"Giovanni Colpani","2026-08-22 17:02:37",320.2,2,giovannicolpani
8766,16663738,"Handre Bezuidenhout","2026-08-04 23:27:08",319.9,2,handrebezuidenhout
8767,16628190,Horizonx30,"2026-08-09 18:06:56",319.8,2,horizonx30
8768,16624990,"Tanjim Ahmed Kingshu","2026-08-02 07:05:52",319.8,2,tanjimahmedkingshu
8769,16713319,"David Tilman","2026-08-12 18:56:13",319.7,2,davidtilman
8770,16851029,john01234,"2026-09-08 04:57:12",319.7,2,john01234
8771,16656351,"Triet Ho","2026-08-07 07:27:33",319.4,2,trietho247
8772,16657729,"Kandregula V S S V P Krishna Murthy","2026-08-08 15:29:35",319.0,2,kkandregula
8773,16660436,turkenm,"2026-08-06 13:03:36",318.8,2,turkenm
8774,16658897,"Teja Pattem","2026-08-07 10:42:44",318.6,2,tejapattem
8775,16669725,chosunghwan,"2026-08-06 03:52:24",318.4,1,chosunghwan
8776,16682454," Vandanaa R","2026-09-02 09:48:24",318.3,2,vandanaar
8777,16666056,"sarthak gupta1303","2026-08-05 11:01:04",318.3,2,"sarthakgupta1303,sathviktummalapenta"
8778,16663351,MiguelS,"2026-08-07 15:25:29",318.2,2,lordm758
8779,16726021,"The Farm Game","2026-09-02 13:23:00",317.9,2,"tacostew,thomasbower6"
8780,16765805,"sayyad karimun","2026-08-25 10:14:26",317.9,1,sayyadkarimun
8781,16941648,ITibe88,"2026-09-22 19:04:58",317.8,2,itibe88
8782,16693821,"DARSHAN A","2026-08-11 18:02:26",317.7,2,ad12345kag
8783,16665980,cshara,"2026-08-06 08:41:16",317.3,2,cshara
8784,16742209,"melih Bektaş","2026-09-26 19:31:08",317.2,2,melihbekta
8785,16714418,AdriMonFer,"2026-09-01 12:15:21",317.2,2,adrimonfer
8786,16746121,Nononoi,"2026-08-21 07:18:02",316.7,1,nononoi
8787,16783863,"Vivek Vardhan Reddy","2026-08-31 06:14:34",316.6,2,vivekvardhanreddy77
8788,16668012,"Aleksander Iżemski","2026-08-05 20:52:54",316.4,2,aizemski
8789,16665360,"Ayush Bhadauria","2026-08-19 11:11:51",316.2,2,ayushbhadauria50
8790,16667406,"Abdulrahman AlAsali","2026-08-05 13:20:41",316.2,1,abdulrahmanalasali
8791,16896350,"Abdelghani M'BAREK","2026-09-20 11:26:09",316.0,1,abdelghanimbarek
8792,16740191,"Arjun Dhillon","2026-08-19 15:15:57",315.6,2,arjundhillon07
8793,16659453,"Ishwar Rathod","2026-08-06 03:29:27",315.5,2,ishwarrathodofficial
8794,16727044,"Kai Leisten","2026-08-16 10:19:42",315.2,2,kaileisten
8795,16659523,"Ahmad Khidir","2026-08-27 22:33:31",315.1,1,ahmadkhidir
8796,16633737,nrg,"2026-08-04 20:19:50",315.1,1,nargizaskarbekkyzy
8797,16691813,Hyezir4,"2026-08-10 08:36:47",315.1,2,hyezir4
8798,16925237,"Abdullah Ahmed saeed","2026-09-22 09:42:28",315.0,2,abdullahahmedsaeed
8799,16800468,Vaishnavi,"2026-09-01 11:13:30",314.9,1,vaishnavisri09
8800,16916821,"Amjath S","2026-09-19 18:03:15",314.9,2,amjaths
8801,16695592,"André Luiz Pedroso","2026-08-09 11:59:19",314.9,1,andreluizpedroso
8802,16660369,"Dev MCP","2026-08-04 12:59:09",314.8,1,nishant2905
8803,16672168,"Justin Rutkowski","2026-09-13 08:13:41",314.8,2,justinrutkowski
8804,16625011,"Heng Yu","2026-08-18 06:30:56",314.8,1,megalobox1
8805,16698739,"Sahrul Adicandra","2026-08-11 04:06:08",314.2,2,sahruladicandra
8806,16713082,"Siyam Molla","2026-09-06 08:06:43",314.2,2,siyammolla
8807,16723046,"Pedro Joás","2026-09-11 14:59:09",313.6,2,pedrojos
8808,16823229,aper,"2026-09-05 08:42:58",313.2,2,todaya
8809,16755632,"Adarsh Yadav","2026-08-21 16:34:37",313.1,1,adarsh12yadav
8810,16724976,Soham,"2026-08-18 11:28:07",313.0,2,soham308
8811,16794729,Copperford,"2026-09-08 00:41:27",312.6,2,copperford
8812,16677312,"Kavuri Sravya","2026-08-19 02:33:01",312.3,2,kavurisravya
8813,16757557,BitxWolf,"2026-08-22 19:06:48",312.2,2,bitxwolf
8814,16661157,Shenlai,"2026-09-17 14:02:50",311.9,2,shenlai
8815,16664469,"Thorlapati Nikhil","2026-08-11 19:11:09",311.9,2,thorlapatinikhil
8816,16662856,"Pranjal Arya","2026-09-11 09:30:08",311.3,2,pranjalaryaa
8817,16838913,LunaT2,"2026-09-05 09:10:21",311.0,1,lunat2
8818,16720606,Williamtime,"2026-08-17 03:11:34",311.0,2,williamtime
8819,16719709,Rishiii360,"2026-08-18 03:46:23",310.9,2,rishiii360
8820,16635243,MlMlDev34,"2026-08-01 11:26:52",310.9,2,mlmldev34
8821,16664718,Vedika_,"2026-08-11 18:28:09",310.7,1,lighjt
8822,16657616,"Manikumar Kundena","2026-09-20 17:25:19",310.6,1,manikumarkundena
8823,16709910,Spinort,"2026-09-19 07:37:27",310.2,2,spinort
8824,16943467,"Goose Gang","2026-09-26 16:26:37",310.2,2,"itzpk16,mohamedfarih,radeshl"
8825,16660568,Fascetta,"2026-08-07 20:48:53",310.1,2,fascetta
8826,16777607,"je nap","2026-08-30 01:56:28",310.0,2,johnenapoles
8827,16675048,Wizard_King,"2026-08-06 19:35:41",309.9,2,anshumanrayy
8828,16661690,codefusiondu,"2026-08-06 04:53:25",309.3,2,codefusiondu
8829,16868034,"Vivek Teja","2026-09-14 19:25:09",309.0,1,vivektejaraju
8830,16666639,"Dheeraj Pranav","2026-08-24 19:38:42",309.0,1,dheerajpranav
8831,16623730,"Ethan Higgins","2026-07-31 02:25:21",308.9,2,ethanhigginz
8832,16739356,Renuka,"2026-09-22 11:47:53",308.8,1,alphy1603
8833,16686700,"Hakkı selim Ak","2026-08-07 17:06:03",308.6,1,hakkselimak
8834,16689841,Pavani2325,"2026-08-08 10:00:56",308.3,2,pavani2325
8835,16784712,SIDDpat,"2026-08-30 08:13:50",308.3,2,siddpat
8836,16633982,Nikunj1375,"2026-08-07 08:40:29",308.3,2,nikunj1375
8837,16665252,"Harsh Katara","2026-08-05 06:51:14",308.1,1,harshkatara
8838,16687648,"RSJ CorneR","2026-09-23 19:07:08",308.0,2,rsjcorner
8839,16690183,ankit8924praj,"2026-08-14 15:43:56",307.7,2,ankit8924praj
8840,16698591,FestusKipkoech,"2026-08-28 18:58:28",307.5,2,festuskipkoech
8841,16791786,BladeOffline,"2026-08-30 03:42:42",307.3,1,bladeoffline
8842,16655729,"Arnab Mallick","2026-08-04 02:41:48",307.1,2,arnabmallick24
8843,16674678,"Tinotenda Garikayi","2026-09-24 06:22:44",307.0,2,tinotendagarikayi
8844,16632558,RUI,"2026-09-18 11:34:17",306.5,2,zaiwubian
8845,16729572,"Aswin Ramanathan","2026-08-17 16:17:38",306.4,1,aswinramanathan
8846,16668271,"Shashank Raj","2026-08-06 14:27:00",306.4,2,ssr6156
8847,16700187,"adrian purnama","2026-08-10 10:50:45",306.3,1,adrianpurnama
8848,16659865,Rithikaaaaah,"2026-08-17 07:09:08",306.2,2,rithikaaaah
8849,16898267,Tannybro,"2026-09-20 09:31:41",306.2,2,tannybro
8850,16661639,"Jayanth Kumar D","2026-08-06 13:36:46",306.0,2,jayanthkumard
8851,16623405,nbarlow,"2026-08-12 20:01:08",305.7,2,nickbarlow
8852,16672020,"Arum Puri ","2026-08-18 14:03:33",305.3,2,arumpuri
8853,16728948,L3MG,"2026-08-16 21:17:06",305.3,2,lemgyy
8854,16866140,Mantis,"2026-09-22 16:59:18",305.1,2,orchidmantis
8855,16662491,Rudra070311,"2026-08-11 17:06:39",304.9,2,rudra070311
8856,16655811,"Duy Trần","2026-08-04 08:23:27",304.8,1,duyqtrn
8857,16763916,"Mohamed Nchourupouo","2026-08-24 09:28:47",304.7,2,mohamednchourupouo
8858,16932204,"Doğuş Özel","2026-09-20 22:27:23",304.6,2,dozel7
8859,16770232,MinhTran2346,"2026-09-07 14:12:04",304.5,2,minhtran2346
8860,16701902,"Matthew Souza Chong","2026-08-11 05:58:50",304.3,2,matthewsouzachong
8861,16681177,"Ivan Kevin Garcia Hernandez","2026-08-17 19:25:34",304.1,2,jedilgh
8862,16732315,"Filip Chladek","2026-08-17 13:37:38",304.0,2,filipchladek
8863,16665661,Ikhbar,"2026-08-05 09:50:57",303.7,2,ikhbar
8864,16844194,小林周人,"2026-09-17 14:57:34",303.0,2,kobashu
8865,16634769,Fivingone,"2026-08-03 03:47:43",302.9,2,fivingone
8866,16660996,"Thịnh Nguyễn Chí Tiến","2026-08-08 01:49:40",302.7,2,thnhnguynchtin
8867,16765997,"Diya Sharma","2026-09-13 18:08:07",302.7,2,diyasharmanexa
8868,16624553,"Abiram Bharathi S.A","2026-09-08 11:40:32",302.7,2,abirambharathisa
8869,16701924,"Uma maheshwari T","2026-09-23 15:36:09",302.6,1,umamaheshwarit
8870,16660473,"Owen M Kelley","2026-08-10 00:53:11",302.5,2,owenmkelley
8871,16669204,Scout,"2026-09-26 23:48:19",302.4,2,"aeryst,divyanshxanshu,mridulahluwalia06,shlokgoyal1234,smaggr"
8872,16784538,"mou1234568 fdsfds","2026-08-28 18:05:29",302.3,2,mou1234568fdsfds
8873,16789486,TanjiahaoXX,"2026-08-29 07:47:37",302.2,1,tanjiahaoxx
8874,16673152,"Arijit Raj","2026-08-06 08:23:14",301.9,2,arijitraj02
8875,16711348,ticoraph,"2026-08-21 18:55:56",301.8,2,ticoraph
8876,16810051,Reddi_twelve,"2026-09-03 23:26:30",301.8,1,redditwelve
8877,16707092,"Asharani Sahu","2026-08-11 11:19:08",301.5,1,asharanisahu
8878,16823858,"James Mills","2026-09-23 17:08:00",301.0,2,jamesmills1975
8879,16774471,"Seymour Schmidt","2026-09-16 10:56:11",300.9,2,angrybread
8880,16687403,"Raja Sai Vardhan","2026-08-09 08:19:22",300.7,2,rajasaivardhan
8881,16706591,"Poorvi Shetty","2026-09-25 14:34:13",300.4,2,poorvishetty1
8882,16652970,"Abhay sarkar","2026-08-05 14:40:05",300.3,1,abhaysarkarai
8883,16660992,"Vishnu Vardhan Dumpala","2026-08-05 18:17:30",300.2,1,vishnuvardhandumpala
8884,16749568,"Nana Hung","2026-08-23 02:17:34",300.0,2,nanahung
8885,16807668,kilariHemalatha,"2026-09-05 04:33:19",299.9,1,kilarihemalatha
8886,16681801,majj,"2026-08-11 03:07:46",299.7,2,m313786372
8887,16702052,"Beny Pratama Putra","2026-08-12 16:18:20",299.5,2,benypratamaputra
8888,16668166,Pikachu,"2026-08-05 14:52:15",299.5,2,"arpankumarsinha,phantomboy69,subhojitpaul2006"
8889,16771870,"kumi cho","2026-09-22 14:52:46",299.5,2,kumicho
8890,16627796,tizawa3,"2026-09-26 23:29:16",299.4,2,tizawa
8891,16659493,"Ori Glisko","2026-08-09 14:27:44",299.4,2,origlisko
8892,16805109,"иван астахов","2026-09-10 21:30:35",299.4,2,iastakhov
8893,16690163,"Abhay Upadhyay","2026-08-08 18:05:54",299.3,2,abhay18s
8894,16686789,Hay-gent,"2026-09-07 05:37:52",299.1,2,"alagusuriyas,gayathrisrimai"
8895,16682345,Gordy,"2026-08-31 07:39:13",299.0,2,gordyii
8896,16659975,"Rahul Sain","2026-08-05 18:54:58",298.7,2,rahulsain2001
8897,16766823,suikkee,"2026-09-02 05:05:50",298.6,1,suikkee
8898,16912620,"Mitul Khemani","2026-09-17 09:25:17",298.0,2,mitulkhemani
8899,16655621,xia0910,"2026-08-08 11:03:21",297.7,2,xia0910
8900,16721533,"Lakshya Sharma","2026-08-16 06:01:34",297.4,2,lakshyasharma007
8901,16686941,vishu,"2026-09-24 12:47:08",297.1,1,vedanthshetty
8902,16653054,Khongor2424,"2026-08-03 15:32:17",297.1,2,khongorkikaik21
8903,16690514,"Aditya #3","2026-08-09 06:29:48",297.0,1,a0x1ab
8904,16673753,hmmmSure,"2026-09-15 18:13:47",296.8,2,gerardnitt
8905,16712089,"yui seya","2026-08-12 12:17:02",296.7,2,yuiseya
8906,16652899,Isha,"2026-08-22 05:51:50",296.4,2,aarohi20
8907,16656506,"Piyush Harde","2026-08-04 12:54:26",296.2,2,piyushharde
8908,16830884,"Khalil hafni","2026-09-14 23:51:56",296.1,1,hafnix
8909,16684308,Itsside_jay,"2026-08-07 11:46:48",296.1,1,itssidejay
8910,16883188,gunnarrrr,"2026-09-27 02:29:26",296.0,2,gunnarrrr
8911,16658452,Hillclimber,"2026-09-13 01:50:22",295.9,2,driessmit1
8912,16660543,"BUTUH DUIT","2026-08-06 07:39:16",295.8,2,abulkahfi
8913,16849173,"Sarvajith Adyanthaya","2026-09-07 16:51:17",295.7,1,sarvajithadyanthaya
8914,16855181,Komal_Rani,"2026-09-08 16:39:15",295.3,2,komalvinayak
8915,16690882,"Meet P. Shah","2026-09-05 04:32:03",295.0,2,meet47
8916,16845556,"li Insomenia","2026-09-07 04:07:10",294.5,2,liinsomenia
8917,16705294,"zhenf Liu","2026-08-11 07:51:06",294.4,2,zhenfliu
8918,16785111,"JEFFREY KIRUBA J ","2026-08-28 18:07:41",294.4,1,jeffreykirubaj
8919,16818690,"Arionchen TitanTeam","2026-09-04 08:52:16",294.0,2,arionchentitanteam
8920,16809426,"The Nafl","2026-09-10 11:20:55",293.7,2,nafalrust
8921,16721849,ayushai8714,"2026-08-28 09:36:41",293.5,2,ayushai8714
8922,16667773,ShashankJha,"2026-09-25 17:08:01",293.4,2,shankinfy
8923,16643303,sigireddyBalasai,"2026-09-12 11:40:23",293.4,2,sigireddybalasai
8924,16671959,"Sintu Verma","2026-08-09 05:44:56",293.4,2,sintuverma
8925,16682559,"Punit Pritam Mohanty","2026-08-11 06:21:03",293.3,2,punitpritammohanty
8926,16666353,"Pal Savani","2026-09-14 19:01:01",292.9,2,palsavani
8927,16698920,"Rishabh Bhartiya","2026-08-12 13:48:26",292.9,2,rishabhbhartiya
8928,16728465,"Abdurrahman Assegaf","2026-08-16 12:13:15",292.9,2,amanshop
8929,16659060,Pratham3gewg,"2026-08-06 18:26:51",292.9,2,pratham3gewg
8930,16653903,Manav2805,"2026-08-04 09:25:08",292.2,2,manav2805
8931,16915613,MDM,"2026-09-17 16:03:54",292.1,2,themdm
8932,16694673,"B T Chinmayi","2026-08-27 19:47:10",291.9,2,btchinmayi
8933,16674394,"Ishant Mittal","2026-08-08 09:24:57",291.8,2,ishantmittal95
8934,16725135,"clement cg","2026-08-19 07:54:00",291.6,2,clementcg
8935,16655315,SL,"2026-08-13 01:50:18",291.0,2,xndr007
8936,16664218,"Nguyen Vu Tue Khang","2026-08-24 03:32:10",290.4,2,nguyenvutuekhang
8937,16757233,"Tet Toe Wai","2026-08-24 07:51:45",289.8,1,tettoewai
8938,16657891,"Joshua Kinnah","2026-08-07 23:00:45",289.7,2,joshuakinnah
8939,16661955,Bingos,"2026-08-05 11:43:07",289.6,2,bingos
8940,16662054,"phantom of shubh","2026-08-11 07:54:46",289.6,1,shubhamkumar123490
8941,16685996,"Universal Entropy","2026-08-07 16:22:28",289.5,1,fennerjw
8942,16794647,"Michael Cahill","2026-09-01 07:46:28",289.4,2,michael1232
8943,16690055,"Prem Kumar","2026-09-02 05:56:28",289.4,2,premkumar099
8944,16624246,"xu j1ayang","2026-08-11 05:12:47",289.4,2,xuj1ayang
8945,16838645,"Deepak #2","2026-09-06 10:20:54",289.3,2,deepakup85
8946,16692084,"Kaggri Farmers","2026-08-29 19:47:29",289.2,2,"jayant99acharya,satvikkolluru"
8947,16882689,Soodari,"2026-09-12 21:56:31",289.0,2,soodari
8948,16885028,"wen yimeng","2026-09-13 09:26:04",288.7,1,wenyimeng
8949,16659696,"Lakshyaraj Singh Rathore","2026-09-05 18:47:32",288.6,2,lakshyarajrtm
8950,16662495,Earth,"2026-08-15 10:54:03",288.4,2,earthearth
8951,16683421,"Ruchita Yadav","2026-08-13 18:09:54",288.3,2,ruchitayadav20
8952,16784605,"Iniyan M D R","2026-08-28 13:53:22",288.2,1,iniyanmdr
8953,16684168,"Roaya Saed","2026-08-10 14:36:20",288.0,1,roayasaed
8954,16676302,Arnav,"2026-08-08 06:10:01",288.0,2,arnav03101
8955,16646076,"Ajeet Krishnasamy","2026-08-04 19:52:27",287.8,2,ajeetkrish
8956,16652397,"Aniket Kumar","2026-08-06 13:29:50",287.2,2,kalkiavatar3
8957,16668333,VishalVivek,"2026-08-07 09:46:17",287.1,1,vishal14332
8958,16732280,"Akarsh kumar shukla","2026-08-18 20:38:35",287.0,1,akarshkumarshukla
8959,16658990,"Muhammad Burhan SE-45-02","2026-08-07 04:26:18",286.7,2,muhammadburhanse4502
8960,16672670,RonTroy,"2026-08-13 04:46:15",286.7,2,rontroy
8961,16668559,Goups,"2026-08-22 09:11:46",286.5,2,hervrenard
8962,16658450,"Krish Singh","2026-08-05 16:11:00",286.3,2,krishsingh2283
8963,16707372,"zidu cheng","2026-08-11 13:30:40",286.0,1,ziducheng
8964,16814858,"Sankalp Patidar","2026-09-15 08:57:20",286.0,2,sankalppatidar
8965,16882182,":T Eh?","2026-09-13 09:16:32",285.5,1,goulustis
8966,16665758,"Oladipo Bashir","2026-08-31 10:23:51",285.4,1,oladipobashir
8967,16920837,"Borys Koza","2026-09-18 13:00:28",285.2,1,boryskoza
8968,16677034,gollapallysaikiraan2,"2026-09-18 21:45:24",285.2,2,gollapallysaikiraan2
8969,16736202,杨雨灿,"2026-09-08 00:51:59",285.1,2,yucanyang
8970,16729246,"Ayodeji Akinola","2026-08-29 19:45:30",284.7,2,ayodejiakinola
8971,16650070,"jakub slavíček","2026-08-04 12:58:40",284.5,2,jakubslavicek
8972,16682262,"Pardeep Singh","2026-09-01 11:01:27",284.3,2,pardeep06
8973,16730653,"Daham Dissanayake","2026-08-21 03:17:15",284.3,1,"dahamdissanayake,dinuginimnara"
8974,16784225,sulala,"2026-08-29 08:51:26",284.1,2,sulala
8975,16658620,"Dina Chettouh","2026-08-04 09:13:27",283.7,2,dinachettouh
8976,16662403,"ulaş özen","2026-08-05 19:49:16",283.3,2,ulazen
8977,16682623,"Aditya Paul","2026-08-14 12:44:45",283.2,2,adityapaul634
8978,16748410,Lemons,"2026-08-21 19:44:07",283.2,1,takahiromatoba
8979,16755664,"Shivam Rajdev","2026-09-04 19:28:36",283.0,2,shivamrajdev
8980,16792780,"Sreekar Reddy","2026-09-01 15:33:38",282.9,2,eshured
8981,16641866,"Prem Gandhi","2026-08-06 19:48:18",282.9,2,gprem352
8982,16796258,"Lanzhi Jiao","2026-09-03 08:31:13",282.8,1,lanzhijiao
8983,16893131,"Jenny Dinh","2026-09-21 13:27:12",282.7,2,"jeanguo000,jenny125,keytran8850"
8984,16911725,"casey blanche","2026-09-18 23:50:00",282.6,2,caseyblanche
8985,16675218,데미안과마루,"2026-08-18 14:16:13",282.6,2,siver3
8986,16654430,"Rishoban Y","2026-08-07 13:46:37",282.4,1,rishoban
8987,16698562,Kyoko004,"2026-08-11 04:38:18",282.3,1,kyoko004
8988,16663600,"Adrián Flores","2026-08-05 00:38:36",282.2,2,foward2892
8989,16858604,"Ye Naing","2026-09-10 02:42:59",282.1,2,yenaing
8990,16678362,"Mitiku Yohannes","2026-08-07 00:00:37",282.1,2,mitiku
8991,16634016,"Adrien Thomas","2026-09-21 17:32:37",282.0,2,adrienthomas
8992,16676305,JTHEFROG,"2026-08-08 12:09:45",282.0,2,joshyuasa
8993,16658383,"SIVA S","2026-09-27 06:35:32",281.8,2,codingmaster24
8994,16669576,"zarnab waheed","2026-08-17 19:20:34",281.8,2,zarnabwaheed
8995,16716592,"Poma Mikhail","2026-09-10 09:08:04",281.7,2,ambisinistra
8996,16697373,"Sumit Bhattacharjee","2026-08-29 18:29:11",281.4,2,sumitbhattacharjee
8997,16761994,"Talha Sayyad faim","2026-08-23 11:32:37",281.3,1,talhasayyadfaim
8998,16797284,Alice7371,"2026-08-31 17:58:22",281.0,1,alice7371
8999,16658489,小出和見,"2026-08-13 23:23:04",281.0,2,kzmk8d
9000,16684223,"Aayush Shah","2026-08-13 17:57:28",281.0,2,aayushshah265
9001,16682422,"SABBIR HOSSAIN 2029","2026-08-16 14:23:24",280.8,2,sabbirhossain2029
9002,16748092,Luckshith,"2026-08-20 12:59:43",280.6,2,luckshith
9003,16659581,"isah ridwan","2026-08-07 09:02:00",280.5,2,isahridwan
9004,16707118,"DEVEN BAGADE","2026-08-11 11:24:10",280.5,2,devenbagade
9005,16679389,"JOMIN URK21CS1077","2026-09-27 05:49:23",280.1,2,jominurk21cs1077
9006,16919058,"Bethany Stringer","2026-09-19 10:18:38",280.1,1,bethanystringer
9007,16862181,"M chetin","2026-09-12 18:51:14",280.0,2,cetin95
9008,16662913,"IYAMPAYE ribert","2026-08-04 19:01:38",280.0,1,iyampayeribert
9009,16661290,"Kelian Esteve","2026-08-04 14:33:13",279.9,1,kelianesteve
9010,16658725,"syed jawad","2026-08-17 08:49:32",279.7,1,syedjawad663
9011,16868524,"Chutayu Adhittayawong","2026-09-11 03:30:13",279.6,2,arteezy009
9012,16915237,"Greg Spitz","2026-09-25 22:26:24",279.4,2,gregspitz
9013,16839939,Lemonabc,"2026-09-05 12:56:42",279.3,1,lemonabc
9014,16631989,"VIDIT SHRIMALI","2026-07-31 17:13:46",279.2,1,viditshrimali
9015,16675037,"Stanislav Pashkov","2026-08-08 20:50:16",279.0,2,stanislavpashkov
9016,16778585,Deepa,"2026-09-27 02:46:31",279.0,2,deepa42639
9017,16654253,"Gaius K Biju","2026-08-03 18:51:18",279.0,2,gaiuskbiju
9018,16791680,"Surja Sarker","2026-09-04 12:12:24",278.9,2,surjasarker
9019,16657426,"M.Mukunda Reddy","2026-08-17 06:18:11",278.7,2,mmukundareddy
9020,16688231,"Antoine Matemane Mahirwe","2026-08-10 19:40:15",278.7,2,antoinemah
9021,16707179,"Achintya Rai","2026-08-12 11:15:16",278.4,2,achintyarai
9022,16623161,"Charles Kalaba","2026-08-08 13:06:02",278.3,2,charleskalaba
9023,16655875,PLLZ,"2026-08-17 01:11:41",277.8,2,pllzzz
9024,16669535,sakshitantak,"2026-08-08 05:16:32",277.5,2,sakshitantak
9025,16632319,Valentin,"2026-07-31 21:14:24",277.5,1,vaha94
9026,16660308,zhangzhenman,"2026-08-25 06:14:26",277.4,1,zhangzhenman
9027,16862268,"Vishal Harry","2026-09-12 21:26:48",277.2,2,vshr777
9028,16652276,Phare111,"2026-08-04 15:09:55",277.0,1,phare111
9029,16759726,Phoenix,"2026-08-22 19:43:10",276.9,1,seanht1
9030,16785050,"MITHIL J URK26CS7067","2026-08-28 18:29:14",276.9,1,mithiljurk26cs7067
9031,16666316,adityakr1001,"2026-08-05 09:33:41",276.9,1,adityakr1001
9032,16765570,"Akhand Soni","2026-08-24 12:47:42",276.7,1,akhandsoni
9033,16660529,Imaanga,"2026-08-10 11:41:21",276.4,2,imaangababy
9034,16724743,"Dr. James Gambrah","2026-08-17 08:48:47",276.2,2,jamesgambrah
9035,16747086,Karma_350234,"2026-08-20 09:56:52",275.8,1,karma350234
9036,16741555,"Rushikesh Shirwalkar","2026-08-19 11:02:46",275.5,2,rushikeshshirwalkar
9037,16637025,kodalien,"2026-08-10 15:21:00",275.4,2,kodalien
9038,16723487,RoboDavo,"2026-08-19 00:36:17",275.2,2,robertdavidson1911
9039,16841154,Kinjal,"2026-09-05 22:13:51",274.9,2,kinjalparmar5009
9040,16847927,"Laiba Hameed","2026-09-12 09:00:51",274.7,2,laibahameed08
9041,16758856,"Ali Zaib","2026-08-27 20:12:02",274.7,2,alizaib001
9042,16657159,"Amey Malpurkar","2026-08-11 07:35:27",274.4,2,"ameymalpurkar,siddheshsadarao"
9043,16654306,Shubham,"2026-08-03 19:09:40",274.1,2,sanjayshubham24
9044,16669188,Sebastián,"2026-09-25 21:30:33",274.0,1,sebatl
9045,16665114,"Francesco Benincasa","2026-08-05 09:56:52",273.8,2,francescobenincasa
9046,16769212,"jason vetter","2026-08-25 05:48:22",273.7,1,jasonvetter
9047,16734670,Sparsh,"2026-08-22 01:48:51",273.6,2,sparshsinha24
9048,16690187,"Amrita Singh","2026-08-08 10:34:51",273.4,2,amrita004
9049,16716476,lnssan,"2026-08-20 13:05:18",273.2,2,lukanilssandmayr
9050,16655734,dworld,"2026-08-05 04:13:18",273.0,2,jagdishhalde
9051,16683284,"Haha Farming","2026-08-07 14:38:04",272.2,1,"akshitharamesh,harinir1423"
9052,16761731,"James Hu","2026-08-23 17:50:28",272.0,1,cnjameshu
9053,16730086,HanaGhanem,"2026-09-20 22:15:11",271.5,2,hanaghanem
9054,16663253,"Albert Benjamin Asare","2026-08-06 19:29:05",271.5,2,albertbenjaminasare
9055,16715576,bhavnachavda21,"2026-09-26 15:26:41",271.5,2,bhavnachavda21
9056,16753817,Karmers,"2026-09-24 08:52:46",271.5,2,"prasenjittadake,swapnilpatil2737"
9057,16691354,"Vedika Gupta","2026-08-08 14:20:25",271.5,1,vedikagupta0
9058,16761681,"Ming Myung","2026-08-24 05:12:56",270.8,2,vanhaminhquan
9059,16665614,MesonLabs,"2026-08-11 06:17:27",270.5,1,mesonlabs
9060,16665243,"Harshit Jha","2026-08-05 13:40:16",270.4,2,harshitjha28
9061,16746682,"julio cesar valencia","2026-09-24 04:19:19",270.2,2,juliocesarvalencia
9062,16865663,GauravPramodJain,"2026-09-10 09:44:04",270.1,1,gauravpramodjain
9063,16748712,"Amit Kumar Gupta","2026-08-21 13:33:00",269.8,2,eramitg
9064,16813582,Soham_7391,"2026-09-16 09:59:13",269.8,2,soham7391
9065,16690161,"Sudipto Event","2026-08-11 09:25:00",269.6,2,sudiptoevent
9066,16684191,"Patel Aryan D","2026-08-10 07:36:13",269.6,2,patelaryand
9067,16661879,"Pham Truc","2026-08-07 07:21:46",269.3,1,genti1206
9068,16839430,EliaSav,"2026-09-06 15:33:34",269.1,2,eliasav
9069,16756768,"Sayeed Ibrahim","2026-08-22 01:32:12",268.9,2,sayeedibrahim
9070,16724204,chestnut,"2026-08-21 02:15:17",268.7,2,yskkrbysh
9071,16822259,"Craig Goldswain","2026-09-07 14:52:01",268.4,2,craiggoldswain
9072,16677629,"XIE Jintao","2026-08-06 18:47:28",268.3,2,xiejintao
9073,16748206,ArtlexYang,"2026-08-25 08:43:28",267.9,1,artlexyang
9074,16670674,"Foodle Jang","2026-08-19 22:14:34",267.8,2,foodlejang
9075,16790545,Adnane,"2026-09-01 02:18:09",267.7,2,adnaneel
9076,16790483,"ivo nahuel jasinskas","2026-08-29 14:08:28",267.5,1,ivonahueljasinskas
9077,16929898,"Senadie Damsini Fernando","2026-09-20 10:49:49",267.1,1,senadiefernando
9078,16762045,ADV,"2026-08-23 13:28:56",266.7,1,shuntianjiang
9079,16749514,"M Harini","2026-09-21 14:52:15",266.5,2,rvmharini
9080,16712086,"Zubair Shafi","2026-08-16 23:23:04",265.8,2,zubairshafi5050
9081,16651668,Haiku,"2026-08-05 06:28:54",265.3,2,yangjiefu
9082,16840506,"Jayanth Earla","2026-09-10 16:46:21",265.3,2,jayanthearla
9083,16750033,davidw001,"2026-08-20 17:13:07",265.2,1,davidw001
9084,16676007,"Lao KENAO","2026-08-15 01:15:48",265.0,2,laokenao
9085,16711610,cc_z_kaggle,"2026-08-12 09:33:23",264.4,1,cczkaggle
9086,16773545,faithk7u,"2026-08-31 21:57:43",264.3,2,faithk7u
9087,16713204,Mohamedg,"2026-08-24 23:15:06",264.3,2,mohamedgcroesus
9088,16660957,CREVATEC,"2026-08-11 09:30:33",263.9,2,"olakunleolalekan,samueloladeji"
9089,16658676,"Abdul Roheem Abdul Warith","2026-08-04 18:59:04",263.8,1,albasoliyy
9090,16697283,Puranjay02,"2026-09-10 07:09:06",263.8,2,puranjay02
9091,16663945,anyasri,"2026-09-22 18:19:28",263.3,2,anyasri
9092,16739918,POLAROID_86,"2026-08-18 21:56:04",263.3,2,polaroid86
9093,16658065,"Parul Mittal","2026-08-06 13:55:51",263.0,1,pisces83
9094,16939560,"Zhi Quan","2026-09-22 05:35:09",262.6,1,zhiquannn
9095,16659203,"Praful Nayak","2026-08-05 08:17:06",262.5,2,prafulnayak2003
9096,16654568,Samiksha_Chan1022,"2026-09-20 14:26:32",262.5,2,samikshachan1022
9097,16676084,"Abir Majdi","2026-08-24 00:24:35",262.3,2,abirmajdi
9098,16736084,"Kaishang Zhang","2026-09-02 13:41:28",262.2,2,kaishangzhang
9099,16658941,Matts6591,"2026-08-17 07:59:36",262.1,1,mathwithmatt
9100,16926905,"George Quadros","2026-09-21 21:56:55",261.7,2,georgequadros
9101,16654293,"Jatin N. Soni","2026-08-18 09:59:05",261.6,2,jatinsoni111
9102,16707941,ニイエチカイン,"2026-08-14 15:28:42",261.1,2,j4ck99
9103,16718890,"Andy Symonds","2026-08-19 23:04:11",261.1,2,andyivanhoe
9104,16765329,"Bart Woz","2026-08-31 14:18:24",261.0,2,bartwoz
9105,16882350,akacome,"2026-09-12 18:32:37",260.9,1,akacome
9106,16662039,"Ajat Rosadi","2026-08-04 16:58:10",260.7,2,ajatrosadi
9107,16922872,EricWang,"2026-09-18 23:56:44",260.6,1,ericwang915
9108,16756174,"Mateo Coelho","2026-09-02 19:10:01",260.6,2,mathsco
9109,16649650,"Ashish Barnawal","2026-08-11 04:08:04",260.3,1,klein4
9110,16656881,"Eugene Nyondo","2026-08-30 22:33:50",259.9,2,eugenenyondo
9111,16656595,"Sithija Amarathunga","2026-08-04 10:09:50",259.7,2,sithijaamarathunga
9112,16665461,"Krishna Golwala","2026-08-24 18:39:08",259.7,2,krishnagolwala
9113,16665371,"Kevoh Mutwiri","2026-09-20 20:33:29",259.5,2,kevohmutwiri
9114,16938753,"Kedar K0","2026-09-22 03:42:53",259.5,1,kedark0
9115,16687151,harshi101,"2026-08-08 06:32:37",258.9,2,harshi101
9116,16929949,"mohamed seddik sakai","2026-09-22 13:32:24",258.5,2,mohamedseddiksakai
9117,16889340,aryansaini1612,"2026-09-15 04:04:12",258.4,1,aryansaini1612
9118,16762084,"Krishna Lokhande","2026-08-23 14:08:48",258.4,1,krishnalokhande8080
9119,16663869,CYBER_TECH99,"2026-08-05 01:40:15",258.2,2,cybertech99
9120,16670185,"Odilon Yehouenou","2026-08-13 20:23:58",258.1,2,odilonyehouenou
9121,16809620,"Mohamed Alaa Elboraay","2026-09-02 19:11:42",257.9,2,mohamedalaa10
9122,16661213,"Daniel Siersleben","2026-08-05 12:53:41",257.7,1,danielsiersleben
9123,16668464,Mauro,"2026-08-05 15:57:27",257.6,2,ilmaurino
9124,16822994,"Peter Danilov","2026-09-03 18:16:23",257.0,1,pndanilov
9125,16918745,Xstella,"2026-09-24 08:11:56",256.8,2,xstella
9126,16887893,"Sridhar C","2026-09-13 20:12:56",256.7,2,sridharchinnasamy
9127,16936360,nicapotato,"2026-09-21 13:51:51",256.7,1,nicapotato
9128,16842088,"Hrithik Reddy","2026-09-07 09:46:01",256.3,1,hrithik22122
9129,16740506,Growingduck,"2026-09-02 03:18:21",256.3,2,jaeminkang2021
9130,16669523,Jackson55171,"2026-08-05 18:21:00",256.3,2,jackson55171
9131,16759675,TianKitty,"2026-08-27 04:43:06",256.3,1,tiankitty
9132,16658357,heetmehta18,"2026-08-07 13:30:40",256.1,2,heetmehta0000
9133,16643821,"arnav chaturvedi123","2026-08-02 22:16:08",256.1,2,arnavchaturvedi123
9134,16657777,"sandeep kumar","2026-08-04 11:41:21",255.9,2,sandeep088
9135,16889111,"Abel Garza-Ramírez","2026-09-19 01:12:05",255.8,1,abelgarzaramrez
9136,16922932,Anteee231,"2026-09-21 04:19:19",255.7,2,anteee231
9137,16632881,"Brisa Marina","2026-08-07 16:13:15",255.7,1,brisamarina
9138,16695733,"Imad Zaanine","2026-08-11 02:11:15",255.5,2,imadzaanine
9139,16740950,Shaw,"2026-08-23 10:07:14",255.4,2,shaw06
9140,16661587,"Debashis Mohapatra","2026-08-05 09:05:50",255.1,2,debashismohapatra
9141,16689903,wangbohuan,"2026-08-08 09:35:12",255.1,2,wangbohuan
9142,16677788,DorianCo,"2026-08-06 18:10:06",254.9,2,dorianco
9143,16703295,Yuting,"2026-08-13 20:42:16",254.9,2,yutinghanuxd
9144,16809584,"Kinnal Rutu","2026-09-02 15:01:01",254.8,2,kinnalrutu
9145,16655508,bigsea,"2026-08-04 01:31:58",254.5,2,sakamakihiromi
9146,16821068,"Danila Goncharenko","2026-09-03 15:22:12",254.3,2,danilegovich
9147,16658795,"Case Seller","2026-08-30 06:46:45",254.2,2,caseseller
9148,16662861,"Chirag Tutlani","2026-08-04 19:13:05",253.9,1,chiragtutlani
9149,16657378,doteeee,"2026-08-14 11:43:40",253.9,2,narendra
9150,16667700,"Omar Mohammad","2026-08-05 15:52:54",253.6,2,omarmohammadw
9151,16733752,Abhi,"2026-08-17 19:34:16",253.6,1,zeroday19
9152,16707228,"Milind Bansal","2026-08-11 11:45:00",253.5,1,milindbansal18
9153,16686950,"Kittikhun Pachana","2026-08-08 00:16:11",253.3,2,kittikhunpachana
9154,16755126,"Goosing around","2026-08-21 14:01:59",253.2,2,"annood,davidterkuile"
9155,16669314,"Editor Jugnu AI","2026-09-06 08:31:32",253.0,2,editorjugnuai
9156,16723726,"Erika Worrall","2026-08-15 23:09:17",252.9,1,erikaworrall
9157,16713601,"Omar spok","2026-08-19 13:27:13",252.8,2,omarspok
9158,16740795,Yanshaoo2026,"2026-08-19 08:40:17",252.4,1,yanshaoo2026
9159,16725104,ManasviVarma,"2026-08-23 10:20:35",252.3,1,manasvivarma
9160,16924232,Heshwa,"2026-09-19 08:08:28",252.2,2,heshwa
9161,16727383,"Minchul Shin","2026-08-20 07:50:37",252.2,1,nashory
9162,16932531,"Ankur Agarwal","2026-09-20 22:56:55",252.0,1,ankur98
9163,16780106,"Mirangga Jakti","2026-09-09 20:05:22",251.9,2,miranggajakti
9164,16676991,"Jack Hopkins","2026-08-19 19:11:37",251.6,2,jackhopkins
9165,16655003,"Paramjeet Kaur","2026-08-04 21:09:02",251.4,1,kauxp26
9166,16683970,"Zakhar Homyakov","2026-08-07 11:14:41",251.4,2,zakharhomyakov
9167,16662105,PunnatatJAY,"2026-08-04 16:22:50",251.3,1,punnatatjay
9168,16659804,"Gashahun Demise","2026-08-04 13:23:20",251.2,2,gashahundemiset
9169,16706312,"shabbar taj","2026-08-11 16:35:57",251.1,2,shabbartaj
9170,16661469,"Qiqi Xie","2026-08-06 20:53:32",251.0,2,qiqixie123
9171,16725288,mustafasadiqi,"2026-08-15 12:26:35",250.9,1,mustafasadiqi
9172,16669756,AlgSaid,"2026-08-05 18:54:07",250.8,1,imabdallah
9173,16856961,"Victor Egbo","2026-09-10 08:38:48",250.5,2,victoregbo
9174,16644398,Nurkan123,"2026-08-16 21:20:24",250.5,2,nurkan123
9175,16830761,Skarmory,"2026-09-04 13:05:56",250.4,1,syarnorke
9176,16708246,StudyForUse01,"2026-08-11 16:58:19",250.3,1,studyforuse01
9177,16880785,"CHIDANANDA G L","2026-09-12 11:18:48",249.9,2,chidanandagl
9178,16649074,nanato,"2026-08-28 04:27:29",249.8,1,nanato
9179,16701041,"Meet Babariya","2026-08-10 14:21:06",249.8,1,meetbabariya
9180,16660144,"Léandre ELISHA","2026-08-09 12:25:44",249.8,2,landreelisha
9181,16731278,"hayim lusthaus","2026-09-25 20:20:52",249.6,2,haimlust
9182,16849556,"Peter Bull","2026-09-08 12:41:45",249.5,2,peterbull
9183,16811524,PeiyuQian,"2026-09-11 16:00:55",249.2,2,peiyuqian
9184,16922345,"MESK WADHAH ABDULQADER ABDULQADER","2026-09-18 19:20:58",249.1,1,meskelemin
9185,16762167,"Arkoday Roychowdhury","2026-08-24 01:29:19",249.1,2,arkodayroychowdhury
9186,16785789,"Mateus Sousa do Carmo","2026-08-28 21:23:10",248.9,2,mateaadsaf
9187,16660579,mayank,"2026-08-06 14:41:12",248.8,2,mayank921
9188,16660471,"Obsessed Beings","2026-08-24 16:44:48",248.8,2,"meur99,muhammedsaeed315,obsessedbeing,studentwork01"
9189,16864283,"Nguyễn Cường","2026-09-20 11:41:20",248.5,2,nguyncngo
9190,16772388,XiaozhenWu2002,"2026-08-29 16:21:55",248.4,2,xiaozhenwu2002
9191,16670506,"Juan Andres Bravo Mejia","2026-08-05 21:40:17",248.4,1,juanandresbravomejia
9192,16669411,"Atta Ullah","2026-08-10 13:28:30",248.3,2,attaullahqau
9193,16724512,"Diw Gupta","2026-08-21 13:45:51",248.2,1,diwgupta
9194,16658888,NovaBytes,"2026-08-06 07:06:34",248.1,2,"drashtisingh14,kjjkjjk3107"
9195,16684875,"Amitrakshar Mukherjee","2026-08-07 13:21:32",248.0,2,amitraksharmukherjee
9196,16784952,"Adria Barreto","2026-08-28 16:06:57",248.0,1,adriabarreto
9197,16665704,"Sreesanth M S","2026-08-05 07:12:05",248.0,1,sreesanthms
9198,16942668,"Levreau Camille ","2026-09-22 16:30:19",247.8,2,"dechant,levreaucamille"
9199,16806577,ShinYAM1002,"2026-09-06 17:33:20",247.7,1,shinyam1002
9200,16639684,Rubel,"2026-08-05 18:49:11",247.4,2,rubel01
9201,16676501,"[Deleted] cf820879-5b51-45ff-9f0a-1d88833299b5","2026-08-08 08:32:10",247.3,2,kamraanmulani
9202,16664863,zzzhhcc,"2026-08-13 06:15:42",247.2,2,zzzhhcc
9203,16679467,"Ahmed Zedan","2026-08-18 00:28:27",247.1,2,ahmedzedan11
9204,16761134,mash3gt,"2026-08-23 06:10:12",247.1,1,shiroguitar
9205,16632145,kazuki_kazukazu,"2026-07-31 14:53:13",247.0,1,kazukikazukazu
9206,16670004,Zinc-Eater,"2026-08-19 22:50:41",247.0,2,zans7331
9207,16758090,"JOYMIE TALICUAD","2026-08-22 10:07:40",246.8,1,joymietalicuad
9208,16785434,"[Deleted] 044034de-be4c-465c-ad6d-a40fcc0bf77c","2026-08-28 18:05:21",246.7,1,del=78dbd787081be305
9209,16658152,MingSUN007,"2026-08-04 13:46:29",246.6,2,mingsun007
9210,16758007,stoicsatvik,"2026-08-22 12:37:48",246.5,1,stoicsatvik
9211,16633833,"mohammad javad Kamali","2026-08-19 05:13:42",246.4,1,mohammadjavadkamali
9212,16768507,"Dhanush Ballanki","2026-08-25 00:33:27",246.3,1,dhanushballanki
9213,16783872,"Soupau Lev","2026-09-01 09:50:33",246.3,1,olivierauffret
9214,16686316,"Ali mohon","2026-08-07 16:16:43",246.1,2,alimohon
9215,16811014,"Overfit and Chill","2026-09-18 12:41:38",246.0,2,toyeshchakravorty
9216,16656679,"Sadiqa Bibi","2026-08-27 09:52:29",245.9,2,sadiqabibidata
9217,16712979,"Yusuke Tsukuda","2026-08-12 14:58:39",245.6,1,yusuketsukuda
9218,16699790,Aryanpal07,"2026-08-16 12:28:53",245.5,1,aryanpal07
9219,16676003,franck,"2026-08-06 14:59:55",245.4,2,bakura
9220,16665719,"[Armenia] Narek Petrosyan1","2026-08-05 07:49:34",245.2,1,narekpetrosyan1
9221,16819370,"István Csik","2026-09-03 13:39:36",245.2,2,istvncsik
9222,16841277,"Luis Garza Gonzalez","2026-09-08 05:07:26",245.2,2,luisgarzagonzalez
9223,16712990,shreyaaaaa9,"2026-08-12 16:17:06",245.1,1,shreyaaaaa9
9224,16733204,"Sompalli Akhil Kumar","2026-08-18 10:14:08",245.0,2,sompalliakhilkumar
9225,16659280,"yahaya zayyan","2026-08-04 10:51:16",244.9,1,yahayazayyan
9226,16683428,"Darsh Jilka","2026-08-19 09:03:08",244.8,2,darshjilka
9227,16760903,"Derrick Lace","2026-08-23 04:23:40",244.7,2,derricklace
9228,16697712,"Daniel Hebenstreit","2026-09-06 11:53:20",244.3,2,danielhebenstreit
9229,16818924,"super penguin king","2026-09-03 12:35:44",244.0,1,superpenguinking
9230,16744954,charley8,"2026-08-22 06:23:36",244.0,2,charley8
9231,16793148,"Hoàng Trung Nguyễn","2026-09-26 08:51:17",244.0,2,hongtrungnguyn
9232,16941661,Parthasaradhy,"2026-09-22 16:02:49",244.0,2,parthasaradhy
9233,16723583,"varun chindage","2026-09-25 01:13:18",244.0,2,stormy420
9234,16667365,"leul dereje","2026-08-08 06:54:54",243.9,2,leuldereje
9235,16678647,"Zorawar Singh","2026-08-06 19:55:53",243.8,2,zorawarsingh677
9236,16768453,phicis8911,"2026-09-16 00:41:21",243.6,2,phicis8911
9237,16684535,Moonlight,"2026-09-07 14:16:17",243.5,2,rajesh1joc
9238,16637845,"Hadjmohamd Seif","2026-08-08 21:47:53",243.3,2,hadjmohamdseif
9239,16672982,"Enes Aytaç","2026-08-14 12:12:24",243.3,2,enesayta
9240,16633483,"benkerrouche abdelbasset","2026-08-07 16:11:50",243.0,1,bassetkerouche
9241,16677517,justnyoike,"2026-08-10 01:12:56",242.8,2,justnyoike
9242,16683998,"Mahoraga save me","2026-08-07 22:09:22",242.8,2,yqngyv
9243,16756743,"Ismail Alli Adekunle","2026-08-21 22:59:18",242.8,1,ismailalliadekunle
9244,16653997,"Alekya Valapushetty","2026-08-05 13:52:08",242.5,2,alekyavalapushetty
9245,16673369,Frame,"2026-08-06 07:59:47",242.4,1,rainorwang
9246,16738539,"Sharath S","2026-08-21 05:19:45",242.3,2,akicodes
9247,16641331,ushi,"2026-08-05 13:33:18",242.3,1,yuki508
9248,16768456,清水一希,"2026-09-21 10:57:30",242.1,2,kazukishimizu0427
9249,16660450,"prashant prakash","2026-08-08 09:45:36",241.9,2,prashantprakash28
9250,16796678,ka,"2026-08-31 16:16:03",241.8,1,kandruszek
9251,16696266,"Pandarasamy Arjunan (Samy)","2026-08-09 14:16:03",241.7,1,samy101
9252,16621290,"Muhammad Ahsan","2026-07-30 17:35:00",241.7,2,ahsanneural
9253,16795353,BlurreA,"2026-08-31 06:42:30",241.7,1,blurrea
9254,16663003,devzohaib,"2026-08-04 21:27:30",241.5,1,devzohaib
9255,16695937,Ryckiii,"2026-08-09 13:03:24",241.5,1,ryckiii
9256,16667063,"Amiksha S","2026-08-09 15:16:49",241.4,1,amikshas
9257,16708480,"Omar M.Moustafa","2026-08-11 18:55:58",241.4,2,omarmmoustafa
9258,16737009,"Alexandre Pedrosa","2026-09-03 07:42:20",241.4,1,alexandrepedrosai
9259,16657440,Lz7_129,"2026-08-04 15:26:01",241.3,1,lz7129
9260,16658783,"Devesh Choudhury","2026-08-07 17:08:33",241.1,2,deveshchoudhury
9261,16790992,"Matthew Knyazev","2026-08-29 17:53:40",240.5,1,matthewknyazev
9262,16750526,"Marcel Biezunski","2026-09-05 16:44:52",240.4,1,marcelbiezunski
9263,16920587,"Agnieszka Jabłońska","2026-09-18 14:17:48",240.3,1,agnieszkajaboska
9264,16728350,fajarnadeem808,"2026-08-16 13:07:59",240.1,2,fajarnadeem808
9265,16663459,"Cristian Yeanpaul Palomino Calderon","2026-08-06 04:14:17",240.0,2,dawo0t
9266,16656198,N9uy3nPham,"2026-08-06 10:56:04",239.9,2,n9uy3npham
9267,16689933,"Anjali Shah","2026-08-17 09:30:28",239.8,2,anjalishah0306
9268,16627717,da_pond,"2026-07-31 08:33:57",239.8,1,dapond
9269,16659698,"Duy Anh Nguyễn","2026-08-07 10:23:27",239.6,1,duyanhnguyn
9270,16701143,macneil,"2026-08-14 14:53:54",239.3,2,macneil
9271,16666553,DevChheda26,"2026-08-05 09:53:22",239.1,1,devchheda26
9272,16743603,tanmoypal11,"2026-08-19 15:19:36",239.0,1,tanmoypal11
9273,16817626,"Jaya Singh","2026-09-15 13:30:37",238.8,2,jayasingh12
9274,16654853,"Saketh Rao","2026-08-03 21:43:14",238.1,1,sakethrao
9275,16772089,"Ana Riquele","2026-08-26 18:11:38",237.7,2,anariquele
9276,16949878,ZaitsevOleksandr,"2026-09-24 13:31:25",237.6,1,zaitsevoleksandr
9277,16659374,"[Deleted] 8f7327b9-2576-439b-bd6e-3f5fde366ebe","2026-08-04 10:12:44",237.4,1,del=8b215115eb53cbc1
9278,16923722,Coders,"2026-09-26 16:02:31",237.3,1,"dhanalakshmi33,sruthi007,subbanbeeepanagandla"
9279,16769754,daguniang,"2026-08-26 00:44:59",237.2,2,daguniang
9280,16744221,Dizzy1829,"2026-08-29 04:15:48",236.3,1,dizzy1829
9281,16658761,!Aman212,"2026-08-04 12:10:28",236.2,2,aman9142424
9282,16757098,"Tharun kumar Jaya kumar","2026-08-30 02:29:39",235.9,1,tharunkumarjayakumar
9283,16831820,"Raihan Saladin","2026-09-12 17:21:34",235.8,2,raihansaladin
9284,16719618,Javierrcs,"2026-08-14 13:16:05",235.8,1,javierrcs
9285,16659387,dharssshiniii,"2026-08-04 09:48:15",235.7,1,dharssshiniii
9286,16660321,syafanidwina,"2026-08-05 00:41:33",235.5,1,syafanidwina
9287,16785175,SonOfNike,"2026-08-28 17:20:58",235.4,1,sonofnike
9288,16774202,Wrs,"2026-08-26 09:21:40",235.3,1,wrsarch
9289,16666574,"hrishit prakash","2026-08-05 13:26:37",235.3,2,hrishitprakash
9290,16671302,"Pratish Chaudhary","2026-08-10 00:35:01",235.1,1,pratishchaudhary
9291,16711673,losingself,"2026-08-12 09:07:45",235.1,1,level14taken
9292,16751488,Klixel,"2026-08-21 03:35:28",235.1,1,klixel
9293,16672767,"FasterYouChase FasterIRun","2026-08-09 13:15:12",235.0,2,icoguser
9294,16948529,"Daria Liubarets","2026-09-23 16:33:49",234.9,1,dariisss
9295,16662048,"Deekshitha Prabhakar","2026-08-06 18:15:45",234.7,2,deekshithaprabhakar
9296,16665701,ManuelWick-Eckl,"2026-08-27 16:01:18",234.5,2,manuelw
9297,16661231,"R Ajay Kumar12","2026-08-04 14:12:11",234.5,1,rajaykumar12
9298,16740800,"Shiva Sai","2026-08-19 03:54:27",234.5,1,shivasai846
9299,16712844,"ray hengbo","2026-09-01 03:35:31",234.4,1,rayhengbo
9300,16790137,sinchir0,"2026-08-30 12:52:05",234.4,1,sinchir0
9301,16668654,"Zharkyn Makhanbet","2026-08-10 18:28:08",234.0,1,imadparadoxi
9302,16691583,Caleb,"2026-08-09 14:32:52",234.0,2,collev
9303,16623823,"Julieta Rubis","2026-07-31 04:45:53",233.8,2,julietarubis
9304,16632795,"vishwottam kudekar","2026-08-05 18:19:02",233.6,1,vishwottamkudekar
9305,16664157,"Runjie Zhu","2026-08-10 11:49:13",233.5,1,damiendesolei
9306,16659900,"Abu Bakr","2026-08-04 18:30:29",233.4,2,mohamed32010
9307,16687891,qklent,"2026-08-09 19:44:12",233.4,1,qklent
9308,16903922,"Lim Ba Su","2026-09-20 04:22:33",233.2,2,limbasu
9309,16625775,liubingxin205,"2026-08-15 06:29:40",233.1,2,"hongjuw,liubingxin205"
9310,16811774,"Eduardo Hoffmann","2026-09-23 22:33:16",232.5,1,hoffmanna
9311,16708091,"Dipak Kumar Samanta","2026-08-11 15:17:04",232.5,1,dipak889
9312,16663191,"Arnav Anand","2026-08-04 19:53:08",232.5,1,arnavair27
9313,16667691,alexanderctrl,"2026-08-18 10:10:51",232.4,2,alexanderctrl
9314,16681959,"shun takinami","2026-08-07 05:43:47",232.4,1,shuntakinami
9315,16656692,"kinza aftab 714","2026-08-04 05:43:51",232.0,2,kinzaaftab714
9316,16635098,"Charvi Upreti","2026-08-15 05:43:59",231.7,1,charviupreti
9317,16762081,VKAUL3,"2026-08-23 12:09:08",231.5,1,vkaul3
9318,16653319,"Md. Rasel Meya","2026-08-06 14:42:18",231.4,2,raselmeya
9319,16767173,AgriNexus,"2026-09-12 12:58:54",231.1,2,rashmirajput0102
9320,16655159,"Marcel Relaford","2026-08-13 01:26:26",231.0,1,marcelrelaford
9321,16782525,"Ashish Mittal","2026-08-28 05:27:46",230.8,2,ashish1502g
9322,16659001,"Tim Wanjohi","2026-08-12 11:43:16",230.2,2,timwanjohi
9323,16654067,DataForge,"2026-08-05 10:19:25",229.5,2,"chanduchandini,goriparthiramatulasi,srilakshmipanitini,suryachakradhar"
9324,16725615,carside,"2026-08-29 04:49:31",229.4,1,carside118
9325,16894802,"phus sea","2026-09-15 16:23:01",229.3,2,phussea
9326,16685128,"Rohan Hake","2026-08-10 12:48:36",229.3,2,rohanhake
9327,16771048,"Aditya Pawar","2026-08-25 16:55:04",229.3,1,aditya22102001
9328,16707519,"Pradnya Khanse","2026-08-11 12:52:07",229.2,1,pradnyakhanse
9329,16680521,"Luis Enrique Dalmau","2026-09-04 09:45:18",228.2,2,luisenriquedalmau
9330,16779857,0x74,"2026-09-03 14:03:17",228.0,1,i0x74i
9331,16687574,"Yash Raghuvanshi","2026-08-07 22:09:38",227.6,2,yashraghuvanshi25
9332,16654329,"Aby K Prakash","2026-09-17 17:04:51",227.2,1,abykprakash
9333,16723467,"Vladas Verkelis","2026-08-15 14:23:42",227.2,1,vlaveris
9334,16659703,"Ananya #2","2026-08-04 12:00:26",226.7,1,ananyax8
9335,16739908,"Asfam Parvez Kawser","2026-09-10 09:42:54",226.6,2,asfamparvezkawser
9336,16684908,"Nidal Saleh","2026-08-08 14:08:20",226.5,2,nidalsaleh
9337,16850036,Sumzali083,"2026-09-07 19:23:11",226.4,1,sumzali083
9338,16949285,"Subham Sharma","2026-09-26 20:53:31",226.3,2,subsh2004
9339,16883962,"Ilakk manoharan","2026-09-27 04:54:02",226.0,2,ilakkmanoharan
9340,16667550,"Oseni Sakariyau Oluwadamilare ","2026-08-23 10:05:56",225.9,2,sakabambam
9341,16716407,"Ibrahim Adamu Anka","2026-08-13 09:01:38",225.6,2,ibrahimadamuanka
9342,16663066,"Mithun Kore","2026-08-29 19:18:28",225.5,1,mithunkore
9343,16798369,"Olabode James","2026-09-01 20:40:53",225.3,1,olabodejames
9344,16653941,"Sachin Kumar Kushwaha","2026-08-11 08:45:11",225.3,2,sachinkumarkushwaha
9345,16698987,"Shree Ashok L","2026-09-01 05:16:16",225.0,2,"praneelbaskar,rishivarathan,santhoshkumarp24,shreeashok72"
9346,16913778,"Ugwushi Chijioke","2026-09-17 12:30:36",224.3,2,ugwushichijioke
9347,16654318,"Aryan Raj Ayush","2026-08-23 08:34:14",224.1,1,aryanrajayush
9348,16690286,imunderthetree,"2026-08-08 12:25:51",224.1,2,imunderthetree
9349,16729884,"Chaimaa Matrag","2026-09-05 19:51:34",224.0,2,chaimaamatrag
9350,16948168,"Анна Кондратенко","2026-09-23 16:03:20",224.0,2,"anetka2006,serhiibarsul"
9351,16714263,Lmfm24,"2026-08-12 20:38:01",223.9,2,lmfm24
9352,16675104,"khwaja Moula'Ali","2026-08-06 11:30:49",223.9,1,khwajamoulaali
9353,16623099,"Bovard Doerschuk-Tiberi","2026-07-30 21:04:23",223.7,1,bovard
9354,16644210,"حسنين ساجد","2026-08-07 22:08:44",223.7,2,kutghngf98687er
9355,16690494,StevenBeyen,"2026-08-13 07:55:32",223.7,2,beyensteven
9356,16731838,"zhexun Liu","2026-09-20 01:03:46",223.4,2,zhexunliu
9357,16861601,aliksey,"2026-09-11 17:22:46",223.2,2,aliksey
9358,16635610,JeffFosterUK,"2026-08-01 17:16:52",223.0,2,jefffosteruk
9359,16667684,"Tim Neale","2026-08-06 13:01:12",222.9,1,timothyjneale
9360,16680789,Marouane,"2026-08-15 02:41:18",222.9,2,marouanealahyane
9361,16678355,"Tanuj Saxena","2026-08-07 10:10:24",222.5,2,tanujsaxena
9362,16655292,"Ingrid Fellah","2026-08-04 06:31:35",221.7,2,ingvor
9363,16654314,Mahamudul_Hassan_8012,"2026-08-03 18:33:07",221.4,2,mahamudulhassan8012
9364,16942073,nagissan,"2026-09-22 14:10:52",221.3,2,nagissan
9365,16691322,"Anita rai98765","2026-08-16 19:05:43",221.1,2,anitarai98765
9366,16698399,liuzhangzhen,"2026-08-10 09:49:23",221.0,1,liuzhangzhen
9367,16725537,"Ayan Bashir Sheikh","2026-08-15 18:02:07",220.7,2,ayanbashirsheikh
9368,16633342,farm75,"2026-08-03 14:03:14",220.5,2,sakthi75
9369,16659910,"Shraddha Kumbhar","2026-08-07 09:55:58",220.3,2,raj113
9370,16928100,babakara,"2026-09-24 08:37:28",220.1,2,babakara
9371,16845903,"Tsubasa Hizono","2026-09-07 05:47:46",220.0,2,tsubasahizono
9372,16668024,"Igor Burkov","2026-08-07 04:35:37",219.6,2,igorburkov
9373,16723075,"Cauã Freitas","2026-08-28 17:35:54",219.5,1,cauafreitas
9374,16655762,"Idrisse Moundhir","2026-09-05 08:21:45",219.4,1,idrissemoundhir
9375,16664199,SomyaSingh_07,"2026-09-27 06:22:12",219.4,2,somyasingh07
9376,16682051,"Noorjahan Siddiqui","2026-08-10 09:33:35",218.5,2,noorjahansiddiqui
9377,16778545,Mizunooo,"2026-09-10 10:16:12",217.9,2,mizunooo
9378,16728152,"Kenji Tai","2026-08-16 18:27:33",217.8,2,kenjitai
9379,16701138,superpig,"2026-08-19 09:43:31",217.5,1,geniussuperpig
9380,16658644,"Hitarth Pandey","2026-08-09 03:04:42",217.5,1,hitarthpandey
9381,16809006,Ilya,"2026-09-02 13:23:05",217.3,1,zhukov
9382,16840168,"gratefully dumb","2026-09-23 03:01:31",217.2,2,gratefullydumb
9383,16675956,"Hassan Alghamoudi","2026-08-10 02:36:36",217.0,2,hassanabdulhafid
9384,16665264,Andyxie2050,"2026-09-25 00:58:20",216.8,2,andyxie2050
9385,16921430,"Vaibhav Nhayade","2026-09-20 06:49:01",216.6,1,nhayadevaibhav
9386,16748882,gsv,"2026-08-20 16:13:45",216.6,1,ram1o1
9387,16698886,pied_piper,"2026-08-10 14:11:15",216.6,2,ahanhalder
9388,16762459,GNR_network,"2026-08-23 13:59:19",216.4,1,gnrnetwork
9389,16666512,RexHuang936,"2026-08-07 08:51:41",216.1,2,rexhuang936
9390,16947253,"Chen Kuan-Chin","2026-09-23 22:10:38",216.0,2,chenkuanchin
9391,16687337,"sravani kamjula","2026-08-07 19:38:39",215.7,2,sravanikamjula
9392,16784360,"Suraj Kumar","2026-09-08 10:20:42",215.7,2,suraj99km
9393,16942701,"Tasmin Ara Chowdhury","2026-09-25 19:36:54",214.9,2,tasminarachowdhury
9394,16668506,"Louie Tang","2026-08-08 06:56:52",214.9,2,louietang
9395,16645300,szyulian,"2026-08-04 04:42:36",214.7,1,szyulian
9396,16895750,"charles Ndemo","2026-09-23 23:20:39",214.6,2,charlesndemo
9397,16655813,minerppdy,"2026-08-04 06:06:58",214.3,1,minerppdy
9398,16918569,"Ashee Softworks","2026-09-18 05:59:35",214.3,1,asheesoftworks
9399,16658567,"Sharif Mohamed (1)","2026-08-04 13:16:47",213.8,1,sharifmohamed1
9400,16658457,"Uchiha Eren","2026-09-26 14:33:34",213.7,2,lucsanjay
9401,16656633,N25H03A1028,"2026-08-05 05:18:45",213.5,1,pardhusadhu
9402,16684891,SARTHAK,"2026-08-14 19:07:26",213.4,1,s4rth4k01
9403,16892144,"Ruichen Yin","2026-09-17 16:10:38",213.4,2,superaier
9404,16867344,"shayan yadegaridehkordi","2026-09-12 17:05:44",213.1,1,shayanyadegari32
9405,16689364,"Udbhav Purwar","2026-08-11 10:12:00",213.1,1,udbhavpurwar
9406,16658311,zkskhurram,"2026-08-05 07:59:40",213.1,2,zkskhurram
9407,16660291,"Abhijit Rajkumar","2026-08-04 13:27:44",213.0,2,abhijitrajkumar
9408,16891082,"surya prakash Nayak2","2026-09-14 10:56:23",213.0,1,suryaprakashnayak2
9409,16639692,"Nirmal Patel","2026-08-06 03:05:27",212.9,2,nirmalpatel02
9410,16831130,"Khushar Pal","2026-09-06 15:21:15",212.8,2,khusharpal
9411,16773557,"Rudra kalyan","2026-08-26 09:08:54",212.7,2,rk1144
9412,16668032,pat999,"2026-08-08 08:30:58",212.5,2,pat999
9413,16735735,Rishabh@1304,"2026-09-12 10:08:51",212.4,2,rishabh1304
9414,16666383,"Sindhi Vishal","2026-08-14 10:46:32",212.1,2,sindhivishal
9415,16662603,"Shem Gikunda","2026-08-06 17:24:48",211.4,1,shemgikunda
9416,16656900,Hxrsh09,"2026-08-10 14:39:46",210.9,2,hxrsh09
9417,16948546,MostatabiZahra,"2026-09-25 11:30:56",210.6,1,mostatabizahra
9418,16623274,Mhmda81,"2026-08-03 00:10:04",210.4,2,mhmda81
9419,16663658,oriolgalceran,"2026-09-16 05:10:58",210.2,2,oriolgalceran
9420,16672284,"Dhruv | AI/ML Engineer in Progress","2026-08-07 06:55:13",209.7,1,dhruvdipakchudasama
9421,16750285,LeEmperor,"2026-08-22 04:36:18",209.7,2,leemperor
9422,16931407,"Marcel S","2026-09-22 16:50:57",209.6,1,marcel78
9423,16866478,aktk,"2026-09-10 16:43:56",209.6,2,aniltk
9424,16777986,小雨姑娘,"2026-08-27 21:51:19",209.1,2,skewcy
9425,16773358,yogeshgoudapatil,"2026-08-27 14:59:13",208.9,2,yogeshgoudapatil
9426,16706557,"Nurullah Gundogdu","2026-08-11 17:52:07",208.5,2,nurullahgundogdu
9427,16659283,"DILEEP POTHULA","2026-08-08 06:43:15",208.5,2,dileeppothula
9428,16660930,"Chung Ching Yeh","2026-08-04 14:44:34",208.5,2,chungchingyeh
9429,16661810,AGNES33,"2026-08-16 19:09:18",208.0,2,agnes33
9430,16675428,"Farhan Khairullah","2026-08-09 16:22:00",208.0,2,farhankhairullah06
9431,16937822,"Ehab Ibrahim Khalil Mohamed","2026-09-21 17:58:38",208.0,1,ehabkhalil0
9432,16732342,"Viktor Antonov","2026-08-18 10:22:32",207.7,1,viktorantonov
9433,16723404,"Mahdi Al Hajji","2026-08-20 02:13:12",207.1,2,mhh1430hacker
9434,16717555,"Mariem GLIOUEZ","2026-09-10 15:21:07",207.1,1,mariemgliouez
9435,16660749,"PavanK Saketh","2026-08-04 13:38:48",206.6,2,pavanksaketh
9436,16661689,"David Rao","2026-08-04 18:27:01",206.6,1,davidrao63
9437,16660309,"Hazem Mahmoud Elsayd","2026-08-04 16:34:31",206.1,2,hazemmahmoudelsaid
9438,16863892,brunoarpa,"2026-09-10 02:43:09",205.8,1,brunoarpa
9439,16716386,"Dev Marya","2026-08-13 09:26:18",205.3,1,devmarya
9440,16700832,Blitz,"2026-08-10 11:37:18",204.9,1,premshinde
9441,16745293,Harvey,"2026-08-22 04:20:10",204.6,2,celestia0113
9442,16666027,CropBOTS,"2026-08-13 16:12:42",204.5,2,"anshultickoo,itsmepooja,manuakumar,sapnajain115"
9443,16681610,"team maccy","2026-08-07 20:27:06",204.5,1,robertgama
9444,16655786,leavts,"2026-08-04 02:35:50",204.5,1,leavts
9445,16895191,"Oluwatobi Ojekanmi","2026-09-16 12:53:27",204.3,2,oluwatobiojekanmi
9446,16711840,OverfitMilkCake,"2026-08-13 06:36:21",204.3,1,overfitmilkcake
9447,16623846,"masatoshi hiraki","2026-07-31 07:52:39",204.1,2,masatoshihiraki
9448,16656287,sandip_shaw123,"2026-08-05 10:02:07",203.9,1,sandipshaw123
9449,16915627,"Yash Pratap Singh","2026-09-17 14:59:02",203.8,1,yashpratapsingh10
9450,16653906,swaroop41,"2026-08-04 05:53:29",203.8,2,swaroop41
9451,16655482,Apoorv007,"2026-08-04 01:55:41",203.5,1,apoorv007
9452,16674093,"Hoàng Trần Đặng Minh","2026-08-06 08:54:38",203.4,1,hongtrnngminh
9453,16654482,SarahShams,"2026-08-14 16:36:06",203.2,2,sarahshams
9454,16717586,wangjialu2333,"2026-08-15 09:29:36",203.0,1,wangjialu2333
9455,16760920,"Román Eliezer Pérez Ríos","2026-08-31 18:07:43",203.0,2,perezrios
9456,16624000,Leneen,"2026-08-31 16:02:47",203.0,1,leneen
9457,16632724,"Sayan Dutta","2026-08-04 07:47:42",202.6,1,sayan1507
9458,16871895,"Sahil Raval","2026-09-15 10:57:48",202.4,1,sahilraval1311
9459,16710929,"Pooja Divekar","2026-08-16 08:22:48",202.3,1,poojadivekar123
9460,16671342,"Danh Nguyen 1303","2026-08-09 14:47:52",202.0,1,danhnguyen1303
9461,16659572,"ABHILASH PRAHARAJ","2026-08-04 11:24:21",201.6,1,abhilashpraharaj
9462,16760392,Владимир,"2026-08-23 00:19:23",201.1,1,vgkuvshinov
9463,16780411,K.Satwik,"2026-08-27 16:23:04",201.1,2,ksatwik3220
9464,16657525,"Alae Lakhdar","2026-08-05 08:10:49",200.8,1,alaelakhdar
9465,16636540,"Burkova Nastia","2026-08-01 13:34:02",200.7,2,"burkovanastia,ellvalerie"
9466,16762162,"Shota Hirao","2026-08-23 12:34:05",200.6,1,shotahirao
9467,16697020,"Hossam elden Mohamed","2026-08-15 01:13:51",200.4,2,hossameldenmohamed
9468,16670747,"Aryan Kumar Chaudhary","2026-08-11 22:46:05",200.4,2,"aryankumarchaudhary,rakshitmundra"
9469,16654827,"ADITYA KUMAR MISHRA","2026-08-03 20:07:22",200.1,1,aditya1kumarmishra
9470,16663525,"Eric Hilary Smith","2026-09-22 16:36:18",199.8,2,erichilarysmith
9471,16639615,rickzai,"2026-09-01 05:37:21",199.7,2,rickzai
9472,16668379,dccgps,"2026-08-08 05:44:36",199.7,1,dccgps
9473,16794720,"paola hernandez55","2026-08-31 04:19:31",199.7,1,paolahernandez55
9474,16891711,"Michael Odoemelam1","2026-09-21 21:38:22",199.3,1,michaelodoemelam1
9475,16859770,"Praful Tiwari1","2026-09-14 10:37:58",199.0,1,prafultiwari1
9476,16744545,"Aditya Kumar Singh 013","2026-08-19 18:45:42",198.9,1,adityakumarsingh013
9477,16724325,Melancholian,"2026-08-15 06:43:12",198.9,1,kasaneru
9478,16654256,"KONGARA PRASANTH","2026-08-04 03:40:27",198.9,2,prasanth2008
9479,16666414,salyamq,"2026-08-05 16:41:38",198.6,1,salyamq
9480,16860921,jayjayfff,"2026-09-10 01:25:36",198.3,2,jayjayfff
9481,16877079,"Saptak Banerjee","2026-09-11 19:09:58",198.1,1,saptakbanerjee123
9482,16688190,"Win M","2026-08-08 00:28:18",198.0,1,winmet
9483,16669346,"Jalpesh Vasa","2026-09-24 19:02:56",198.0,2,"deep1812,jalpeshvasa"
9484,16751141,DeadJed,"2026-08-26 11:10:40",197.6,2,deadjed
9485,16885883,"Stepan Kobaidze","2026-09-16 18:12:28",197.5,2,stepankobaidze
9486,16906790,"Jean-Luc Hayes","2026-09-21 10:21:36",196.8,1,kingjuc
9487,16858512,lkjmo123,"2026-09-09 06:45:18",196.8,1,lkjmo123
9488,16743329,"Daniel Obioma emenike","2026-09-11 12:32:22",196.8,2,danielobiomaemenike
9489,16749225,"Hisyam Prasetyo","2026-08-27 11:26:07",196.6,2,hisyamprasetyo
9490,16898240,jimmy5566,"2026-09-15 17:41:24",196.5,1,jimmy5566
9491,16712395,"Zuohong Pan","2026-08-12 12:15:40",196.0,1,pshuaibi
9492,16656196,"Vishwash Golakiya","2026-08-27 01:07:00",196.0,1,vishwashgolakiya
9493,16676992,NIDHIHEER01,"2026-08-16 17:09:00",196.0,1,nidhiheer01
9494,16759205,MartinaF95,"2026-09-22 12:55:32",195.8,1,martinaf95
9495,16664315,happy_boy_2007,"2026-08-12 09:04:40",195.7,1,happyboy2007
9496,16684237,Zen_0910,"2026-08-07 17:07:02",195.6,1,zendeptrai
9497,16685568,Secertive,"2026-08-08 17:59:52",195.5,1,secretiveplotter1863
9498,16700992,Abhishek_1355,"2026-08-25 09:17:08",195.5,1,abhishek1355
9499,16769069,"HAL's Kaggle Dojo","2026-09-23 12:07:37",195.0,1,kafein
9500,16744461,"Adiratna Kamble","2026-08-21 22:05:13",194.5,1,adiratnakamble
9501,16887039,"Angella Semu","2026-09-21 15:26:56",194.0,2,angellasemu
9502,16841294,"Annu Rana1","2026-09-09 18:12:34",193.9,1,annurana1
9503,16687514,Dark_1926,"2026-08-07 20:30:33",193.9,1,dark1926
9504,16728249,"Ahmet Kiraz","2026-08-17 07:23:30",193.7,1,ahmetqiraz
9505,16736759,"Lavesh Kadam","2026-08-18 10:55:05",193.4,1,laveshk314
9506,16662353,"LAYAL ALNASHMI","2026-09-12 11:37:55",192.9,2,waitups
9507,16692652,"Harsith R","2026-08-08 20:26:56",192.5,1,chiefofpredicitions
9508,16890196,hello518123,"2026-09-14 08:51:52",192.5,1,hello518123
9509,16889817,"Om Patelxyz","2026-09-14 07:04:40",192.3,2,ompatelxyz
9510,16663333,"Iago Moura e Moreira","2026-08-04 20:05:06",192.1,1,iagomouraemoreira
9511,16702060,Mcusac,"2026-08-13 19:42:54",191.9,1,mcusac
9512,16663913,"Aanaa Kaliil","2026-08-05 15:15:31",191.1,2,aanaakaliil
9513,16741239,"fjf 1asd","2026-08-19 08:46:31",190.6,1,fjf1asd
9514,16657628,Hamo,"2026-08-07 12:00:21",190.1,2,mohamed2223
9515,16769114,angayoung,"2026-08-25 07:22:00",190.0,1,joaga0603
9516,16943142,"ravi AK","2026-09-26 07:57:28",190.0,2,raviak
9517,16663438,"Varun Prajapati","2026-08-08 21:54:54",189.3,2,"krunalasari,varun2206"
9518,16668438,"Sahil Suman","2026-08-16 17:09:20",189.2,1,sahilmanavraunak
9519,16663910,"Shivram Nekkanti","2026-08-07 14:38:04",188.8,1,shivramnekkanti
9520,16640914,inconnu,"2026-09-17 12:01:07",188.6,2,kajarnaklokossou
9521,16912044,"[Deleted] 0b2c3d58-9494-483e-ad4c-1465b66166ca","2026-09-17 08:46:46",187.3,2,del=2e39a6893da554dc
9522,16885565,"Shiva Rupan S","2026-09-13 11:19:14",187.2,1,shivarupan20me
9523,16682689,HenryRichardson1,"2026-08-07 10:00:12",186.9,1,henryrichardson1
9524,16881244,"Atharva Govind Salunke","2026-09-18 17:50:01",186.3,2,atharvagovindsalunke
9525,16663448,"Adel I.","2026-08-07 12:55:44",186.1,2,adelid
9526,16889852,"Abdikaliq osman","2026-09-16 00:48:05",186.1,2,abdikaliqosman
9527,16696952,tronxz8,"2026-09-09 13:51:31",186.0,1,tronxz8
9528,16661252,"Andrzej Walczak","2026-08-05 09:46:19",185.5,2,andrzej1983
9529,16623131,"Liam Carrig Newsam","2026-08-04 00:00:03",185.0,1,liamcarrignewsam
9530,16654244,"Saad Nanawala","2026-08-03 18:17:33",184.8,1,saadnanawala
9531,16639465,"Gabriel Aguiar Leao","2026-08-02 00:23:49",184.4,1,"gabrielaguiarleao,marcositta"
9532,16669060,Twansss,"2026-08-15 04:37:59",184.1,2,twansss
9533,16727681,JanV123,"2026-09-06 05:37:07",183.7,2,janv123
9534,16697628,"Yash Sharma","2026-08-17 15:33:32",183.2,2,yashsharma42
9535,16838890,"Yisher Xia","2026-09-05 16:09:13",182.7,1,yisherxia
9536,16665463,Seendon,"2026-08-06 19:19:25",182.5,2,informationminer
9537,16677786,"[Deleted] aec7dc1f-59cb-486f-998a-d2407e297536","2026-08-26 13:39:08",182.5,2,del=0fde9ba2630fee3c
9538,16644360,Mathous,"2026-08-02 20:28:00",182.4,1,mathisdac
9539,16752120,"Görkem Tuğ","2026-08-24 10:45:35",181.4,2,grkemtu
9540,16651507,jappanini,"2026-08-03 09:14:04",181.2,1,jappanini
9541,16826118,shishuyang11,"2026-09-04 06:50:04",181.0,1,shishuyang11
9542,16723262,"Tiago OliveiraLL","2026-08-28 18:22:12",181.0,1,tiagooliveirall
9543,16773333,"Abdullah javed Javed","2026-09-05 03:13:57",180.4,2,abdullahjavedjaved
9544,16904992,abdulkader1,"2026-09-27 06:44:06",180.1,2,abdulkader1
9545,16668048,"Gazi Sayem Uddin Samir","2026-08-05 14:29:51",179.8,2,gazisayemuddinsamir
9546,16734896,pattikamo,"2026-08-27 10:52:28",179.3,2,pattikamo
9547,16869551,"Adrien ple","2026-09-11 12:48:34",179.1,2,adrienple
9548,16669473,"William Bickelmann","2026-08-05 17:47:13",178.9,1,williambickelmann
9549,16823341,"Agnieszka Sobala","2026-09-03 20:15:55",178.6,1,agnieszkasobala
9550,16948144,"Muhammad Ali Amir","2026-09-23 15:36:25",178.5,1,malialice
9551,16652159,Boson328,"2026-08-04 10:06:13",178.4,1,boson328
9552,16769470,HaHHYbYY,"2026-08-26 07:52:33",178.0,1,hahhybyy
9553,16633003,"K Mukhiya ","2026-08-01 12:09:51",177.8,2,kmukhiya
9554,16889278,"Ari Kurniawan92","2026-09-14 08:32:53",177.8,1,arikurniawan92
9555,16700771,"Disuru Coba Ama Jaki","2026-09-20 16:44:11",177.7,2,reiiihel
9556,16679713,"John william Vicente 🇧🇷","2026-08-07 00:38:57",177.7,1,chrollo079
9557,16915882,BandaruLakshmi1234,"2026-09-17 16:50:15",177.6,1,bandarulakshmi1234
9558,16798447,"Sage Harley","2026-09-26 05:14:06",176.8,1,sageharley
9559,16693318,meow3301,"2026-08-09 02:33:34",176.4,2,meow3301
9560,16922154,"Olaoluwa Osho","2026-09-20 21:35:07",175.7,2,olaoluwaosho
9561,16915181,snesne123,"2026-09-25 07:14:21",174.6,1,snesne123
9562,16667238,"Srija ganguluri","2026-08-07 10:14:48",174.5,1,srijaganguluri
9563,16768568,Nour102006,"2026-08-27 04:46:00",174.0,2,nour102006
9564,16662108,nhkien,"2026-08-05 06:52:18",173.9,2,nhkien
9565,16792786,"Fusion Flux","2026-09-20 13:49:10",173.6,2,mithilleshkumar
9566,16677328,"Eng. Husnain","2026-08-08 13:13:23",172.6,2,enghusnain
9567,16791131,"Maria Carolina BRAY","2026-09-26 08:08:39",172.1,2,mariacarolinabray
9568,16886819,"Rebecca Shirievo","2026-09-16 17:29:07",171.9,2,rebeccashirievo
9569,16708194,"Amulya Kypa","2026-09-26 17:46:28",171.7,2,"aakankshakota,amulyakypa,gvvinaykrishna"
9570,16664116,"Bogdan Sburlea","2026-09-25 16:29:46",171.0,2,bogdan1405
9571,16679470,"GamaL Mahmoud","2026-08-08 13:33:52",170.8,2,gamalmahmoudtaha
9572,16661494,"Arulmaniyan Rajavel","2026-08-22 13:46:58",170.5,2,arulmaniyanrajavel
9573,16872073,"Positive Quark","2026-09-18 13:51:27",170.5,2,quarkliu
9574,16807557,coolz,"2026-09-09 06:35:51",170.0,2,cooolz
9575,16666037,"Matheus Marques","2026-08-06 06:03:28",169.8,2,mathmarquesbr
9576,16709957,"Lei Gao","2026-08-12 04:03:42",169.1,1,leigao31
9577,16657306,"Krunal Chavda","2026-08-07 21:38:11",168.8,2,krunalchavda21
9578,16795043,"SONU RAUT","2026-09-05 11:51:59",168.2,2,sonuraut
9579,16653462,"Ruchi Scott","2026-08-12 12:19:19",168.1,2,ruchiscott
9580,16697466,"hunain shahid","2026-08-11 06:12:38",167.8,2,hunainshahid230
9581,16858886,twispur,"2026-09-09 07:38:09",167.7,1,twispur
9582,16756344,"Pasindu Perera","2026-08-21 19:21:11",167.5,1,amavinperera
9583,16625043,"Ivan Litvak","2026-09-16 16:36:06",167.5,2,trydotatwo
9584,16807010,cjsrudals,"2026-09-13 08:33:47",167.4,2,cjsrudals
9585,16685093,"Huzaifa Inam","2026-08-07 13:47:15",166.9,2,huzaifainam
9586,16861721,"SJ Gamsyy","2026-09-11 09:40:23",166.6,2,sjgamsyy
9587,16706134,NK11FC,"2026-08-25 11:30:00",166.4,2,nk11fc
9588,16657578,raushancoursework,"2026-08-05 06:54:51",166.4,1,raushancoursework
9589,16686902,"Aaditya Jain","2026-09-14 06:22:21",166.0,2,aadityajain2312
9590,16810780,prachi.icy,"2026-09-23 13:29:25",165.8,2,prachinikalje
9591,16690199,"Lavkush Yadav","2026-08-08 10:20:55",165.7,1,lavkushyadavcse
9592,16843225,"Tobenna Okeke","2026-09-06 12:09:22",165.4,2,tobezzi
9593,16793392,"reda elkrouchni","2026-09-02 16:16:05",165.1,2,redaelkrouchni2
9594,16664586,"Owen Lim","2026-08-05 05:42:25",164.7,2,owenlim45
9595,16662933,"Marcelo Pereira","2026-08-19 01:14:40",164.5,2,marcekkusrp
9596,16793648,Sarda___,"2026-08-30 16:51:21",164.4,2,brainnotfound3
9597,16656771,"thushara bandara","2026-08-07 04:13:43",164.4,2,dushyanthibandara
9598,16690195,"Manshi Shukla","2026-08-08 10:12:24",164.1,2,manshishukla
9599,16730380,"FOKRUL ISLAM LECTURER","2026-08-19 01:56:28",163.9,2,fokrulislamlecturer
9600,16713002,"Adithya M","2026-08-13 15:42:17",163.9,2,adithya3907
9601,16881320,allen17179869184,"2026-09-19 13:17:49",163.8,2,allen17179869184
9602,16660285,"Sawan Kohli","2026-08-06 13:11:44",163.3,2,sawankohli
9603,16630041,"Devi prashad tripathi","2026-08-03 17:56:58",163.2,1,deviprashadtripathi
9604,16662269,"KAMLESH KUMAR POKHARNA","2026-08-06 17:25:51",163.0,2,kamleshkumarpokharna
9605,16669142,"Jaclyn Agee","2026-08-07 15:21:06",162.8,2,jaclynagee
9606,16674774,"Dine ALASSANE","2026-08-07 05:53:28",162.8,2,dinealassane
9607,16680858,"Harshul Gupta","2026-08-21 04:40:05",162.6,2,harshulgupta77
9608,16802035,"sanchit atre","2026-09-01 09:31:07",162.5,2,sanchitatre
9609,16698307,AnasAl7,"2026-08-10 13:08:08",162.4,2,anasal7
9610,16752481,"Thanh Toan","2026-08-21 08:33:13",162.1,2,tonnglthnh
9611,16811685,benhur0905,"2026-09-25 23:59:07",162.1,2,benhur0905
9612,16756887,"Rushika S","2026-09-13 12:26:14",162.0,1,rushikas
9613,16635248,eosphor,"2026-08-01 09:46:59",161.7,2,eosphor
9614,16633551,"Subarno Sen","2026-08-25 04:42:35",161.6,2,lordfiftyfive
9615,16715354,"Alyssa Clark","2026-08-14 02:52:26",161.4,2,a1yssaclark
9616,16690433,"Amar Amar Gupta","2026-08-15 10:08:37",161.4,2,amaramargupta
9617,16654098,"Mohd Zaki","2026-08-26 01:46:45",161.4,2,mdzaki08
9618,16692568,"Muhammed Gulfam Toor","2026-08-13 19:04:32",161.3,2,gultoor
9619,16748554,"victor lucas","2026-09-22 23:24:38",161.2,1,lucsxd
9620,16632418,"Bretokce 3amich","2026-08-07 12:18:26",160.8,2,bretokce3amich
9621,16936959,"Anthony Moorehead","2026-09-21 14:56:40",160.6,1,anthonymoorehead
9622,16688288,"Ojo Oluwadamilare","2026-08-08 01:43:30",160.0,2,ojooluwadamilare
9623,16712562,"Sagar Singh","2026-08-17 09:28:26",159.9,2,acrejzz
9624,16634761,"CHARHBILI Moad","2026-08-07 13:44:23",159.9,1,charhbilimoad
9625,16658693,leehuilong,"2026-08-06 12:49:22",159.8,2,leehuilong
9626,16660146,4Solver,"2026-08-08 02:06:19",159.6,2,msfbiolinhares
9627,16714589,xinsu9898,"2026-08-16 22:26:49",159.4,1,xinsu9898
9628,16785398,"Vitória Freitas","2026-08-28 20:07:12",159.3,1,vitoriafreitas13
9629,16668018,"DAVID CHEW HL","2026-08-06 06:36:34",159.1,2,davidchewhl
9630,16705360,Elahi,"2026-08-18 05:49:00",159.1,2,mmelahi
9631,16658635,"Deepak Kumar ","2026-08-05 02:38:29",159.0,2,deepak2026ml
9632,16662630,"M.mohamed Muhasir","2026-08-05 18:25:39",158.6,2,mmohamedmuhasir
9633,16683903,Saju,"2026-08-17 11:31:45",158.6,1,sajutr
9634,16701106,moshito,"2026-08-10 14:13:58",158.3,2,"danamaulana123,moshito,naufaldhiaulhaq01"
9635,16658969,"Yuri Maslov","2026-08-04 10:11:45",158.2,1,yurimaslov
9636,16701997,zran1t,"2026-08-15 14:10:18",158.2,2,zran1t
9637,16851731,"Amar 5454","2026-09-14 10:28:42",158.0,2,amar5454
9638,16893966,"Nguyễn Thái Duy","2026-09-15 08:12:14",158.0,1,nguyenthaiduytgu
9639,16686834,Kaabbil,"2026-08-09 16:14:49",157.7,2,"dr3aking,kaabbil"
9640,16729148,"Marco M","2026-08-16 22:51:36",157.7,1,marcoms1000
9641,16725990,"Parth Tomar","2026-08-24 12:35:45",157.7,2,parthtomar193
9642,16658362,MHaurel,"2026-08-09 15:32:45",157.6,1,hetax17
9643,16640468,"Sohangkumar Patel","2026-08-26 15:00:44",157.1,2,samsamurai
9644,16681895,Akshar,"2026-08-07 06:16:19",157.1,2,aks0625
9645,16629441,Sofia_Gilka,"2026-09-18 14:41:35",157.0,2,sofiagilka
9646,16680419,"Tech Changer","2026-08-17 12:31:58",156.9,1,johnbibin
9647,16756868,"Anisha Maurya","2026-09-05 19:29:41",156.8,2,anishamaurya
9648,16775493,"JOE DEVA JERRY D ","2026-08-26 15:41:55",156.6,1,joedevajerryd
9649,16780986,Azizbek,"2026-09-01 14:26:45",156.3,2,miracle88
9650,16661500,"yagnit sutariya","2026-08-04 15:34:39",156.1,1,yagnitsutariya
9651,16864193,"[Deleted] b3063c6b-024a-4ece-902e-6edde232fe9f","2026-09-10 06:27:50",155.9,2,del=d26e59586a26ce18
9652,16656954,"Marwan Elmetwally","2026-08-04 05:56:29",155.9,2,marwanelmetwally
9653,16718605,"صفاء عبد الرقيب","2026-09-06 19:27:10",155.6,2,bssgirl
9654,16658401,"Aryan Lonare","2026-08-04 09:55:47",155.5,2,aryandyalullonare
9655,16670662,"Gina Lee","2026-08-11 22:45:21",155.5,2,ginaleegdm
9656,16722089,"Saidjon Ramazonov","2026-08-16 05:51:50",155.5,2,saidjonramazonov
9657,16670777,"Aman Yitbark","2026-08-13 05:43:27",154.9,1,amanyitbark
9658,16658440,"Gloria Lourelynn S","2026-08-04 15:16:09",154.6,1,glorialourelynn
9659,16660978,"Maksym Khavil","2026-08-04 13:43:48",154.5,1,maksymkhavil
9660,16629426,"Abdullah Qureshi","2026-07-31 10:00:44",154.5,2,abdullahqureshi120
9661,16737641,"PATIL ATHARV VIJAYKUMAR","2026-09-07 05:35:17",154.5,2,"atharv095022,patilsarthakvilas,sonuretusharsuresh"
9662,16724995,dice1494,"2026-08-16 08:51:34",154.3,1,dice1494
9663,16757671,xxxxc47,"2026-08-22 08:25:52",154.1,1,xxxxc47
9664,16659036,"Mohammed Kaif","2026-08-04 10:41:22",154.0,2,mkaif001
9665,16656164,"Justin Schomer","2026-08-09 09:05:59",154.0,2,fathersecurity
9666,16802348,Shergill_17,"2026-09-01 11:17:15",154.0,2,shergill17
9667,16854169,"[Deleted] fe7af88d-d80f-4441-a8c5-3cca6b980e41","2026-09-09 12:41:02",153.3,2,del=0749851e202390c3
9668,16655573,"Probablyaphilosopher ","2026-08-16 00:01:40",153.3,2,probablyaphilosopher
9669,16750391,"Batuhan Yerebasmaz","2026-08-20 18:34:21",153.3,2,batuhanyerebasmaz
9670,16657892,"Boonanan namna","2026-08-17 04:36:04",153.3,1,boonanannamna
9671,16630725,"vaibhav vyas","2026-08-06 10:56:52",153.2,2,vaibhavvyas0
9672,16785085,"THEEPAN S.S","2026-08-28 16:35:39",153.1,2,theepanss
9673,16677081,"Brandon Gaston","2026-08-12 23:49:58",153.1,1,mushmon
9674,16832928,"Ilgar Gurbanov","2026-09-10 12:41:23",152.8,2,ilgargurbanov57
9675,16665223,"Sawon Mitra","2026-09-06 17:13:28",152.6,2,sawonmitra
9676,16674390,yangluo1,"2026-08-08 01:31:08",152.6,2,yangluo1
9677,16780057,"Njabulo Hope Makana","2026-09-23 17:55:48",152.5,2,njabulohopemakana
9678,16657344,"Ombayo fredrick","2026-08-04 14:04:04",152.3,2,ombayofredrick
9679,16743630,TRP,"2026-09-01 17:06:48",152.0,2,tejratanpaulrocky
9680,16664875,SaiSujitPunukollu,"2026-08-05 05:46:11",151.9,1,saisujitpunukollu
9681,16691502,"DILANE FOGUE KAMGA","2026-08-08 15:20:05",151.8,1,dilanekamga
9682,16712568,"Tanvi Dobariya","2026-08-14 17:39:52",151.7,1,tanvidobariya
9683,16756875,"Meryem Kevser Keskin","2026-09-01 21:30:35",151.7,2,meryemkevserkeskin
9684,16721941,"Rita Ohabuenyi","2026-08-14 12:57:37",151.0,2,ritaohabuenyi
9685,16729010,"karan sankhe","2026-08-16 15:15:45",151.0,2,karansankhe1356
9686,16657227,"Anusha Marla","2026-08-04 07:05:53",151.0,2,anushamarla
9687,16849230,"Md. Mahim Babu","2026-09-18 11:27:55",151.0,2,mdmahimbabu
9688,16658522,"Amna khanii23","2026-08-07 05:15:47",150.9,2,amnakhanii23
9689,16683577,"Ankush Kumar M","2026-08-07 13:19:05",150.8,2,ankushkumarm
9690,16658577,farmercode261,"2026-09-12 03:26:38",150.7,2,hifnikhakim
9691,16934489,Anushahs2026,"2026-09-21 08:28:06",150.4,2,anushahs2026
9692,16656278,"Bhuvaneshwari Rebba","2026-08-04 09:20:36",150.1,1,bhuvaneshwarirebba
9693,16715896,新木,"2026-08-18 05:25:46",150.0,1,sunchief
9694,16855448,MaryKEREN,"2026-09-25 16:00:05",149.8,1,marykeren
9695,16777666,Lithops1112,"2026-09-05 08:20:21",149.5,2,lithops1112
9696,16945119,Logicolist,"2026-09-23 13:03:16",149.5,1,logicolist
9697,16661447,"Sibel Özbek","2026-08-04 20:50:27",149.3,1,sibelzbek
9698,16677403,bababoy,"2026-08-15 14:55:17",149.1,2,adrienrenard
9699,16657462,"CROP CODERS","2026-08-10 18:00:28",149.0,2,"dhanvanthraj,raghavan9944,shanmugam666,sitha2345,sumaiyahibrahim"
9700,16664458,"Prantik Chandra","2026-08-05 05:47:10",148.9,1,prantikchandra
9701,16623563,"Jocelyn Dumlao","2026-09-01 02:35:54",148.8,2,jocelyndumlao
9702,16663265,"Darlington Ayakazi","2026-08-04 20:26:08",148.8,1,darlingtonayakazi
9703,16662859,"Mohamed Zahran","2026-08-05 04:41:56",148.7,1,zrnking2012
9704,16658033,"sanjay Ghalagi","2026-08-27 15:29:34",148.7,2,sanjayghalagi
9705,16670462,"Talha Kayar","2026-08-15 15:24:03",148.6,2,talhakayar
9706,16641277,Zenieverse,"2026-08-30 05:09:04",148.6,2,zenieverse
9707,16671232,"sms tcil","2026-08-07 13:03:30",148.5,1,smstcil
9708,16668495,Herisitraka,"2026-08-05 17:16:28",148.3,2,herisitraka
9709,16913975,"Tom Dooley","2026-09-17 11:48:20",148.2,2,tomdooley123
9710,16662803,"Ashish Gawade","2026-08-04 19:11:19",148.2,2,ashishgawade
9711,16690188,Anurag,"2026-08-08 10:20:42",148.1,2,kumaranu2007
9712,16672322,"khalil ur Rehman","2026-08-13 05:10:03",148.1,2,khalilurehman
9713,16755807,PokeTrader,"2026-09-26 18:14:14",147.8,2,poketrader
9714,16814946,"Bekama Regasa Negewo","2026-09-03 07:30:36",147.8,1,bekamaregasanegewo
9715,16674881,"Saisree Dhanasekaran","2026-09-23 11:54:42",147.8,2,saisreedhanasekaran
9716,16659929,"MAMADOU LY (LY BOUSSO 45)","2026-08-13 11:43:25",147.3,2,mamadoulylybousso45
9717,16875898,"Sai Krishna Pakkir","2026-09-11 17:30:49",147.1,2,saikrishnapakkir
9718,16667968,ChronosData,"2026-08-18 14:25:43",147.0,2,codex5843
9719,16841612,"Jordan #2","2026-09-10 16:51:25",146.9,2,jordantay
9720,16697143,"Jeisa Mathew","2026-09-06 13:04:00",146.8,2,jeisamathew
9721,16769419,dylanaki,"2026-09-23 14:48:32",146.7,2,dylanaki
9722,16690112,"Ayush Tripathi","2026-08-17 09:03:03",146.7,2,ayushtripathi112
9723,16662557,"Naman Sudershan","2026-08-05 13:21:08",146.7,2,namansudershan
9724,16681056,"Aryan Jhingan","2026-08-11 18:53:48",146.5,2,aryanjhingan
9725,16632111,"Arda Çiftçi","2026-08-04 20:03:37",146.3,2,ardaciftci
9726,16717600,"Collistus Kibe","2026-08-21 22:13:38",146.3,2,collistuskibe
9727,16654124,"Aditya Kumar Singh","2026-08-05 09:57:29",146.2,2,adityq121608
9728,16667231,bettsy,"2026-08-05 12:12:35",146.2,2,bettsy
9729,16671985,"vishal waghchaure","2026-08-07 09:25:36",145.9,2,vishalwaghchaure
9730,16723065,"Kaio Castro","2026-09-25 14:32:09",145.9,2,kaiocastro
9731,16738778,"DILIP BAVISKAR","2026-09-13 09:12:49",145.9,2,dilipbdilipb
9732,16676026,"Bedashree Swarupa Das","2026-08-06 14:14:21",145.8,1,ashokkumardasbedashr
9733,16784932,"Shefali Pradhan","2026-08-29 10:03:30",145.7,2,shefalipradhan
9734,16667886,"Ubaid ur rehman 0345","2026-08-05 15:23:12",145.6,2,ubaidurrehman0345
9735,16662099,"The Algorithmist","2026-08-04 23:41:59",145.4,2,riyagheewala
9736,16713329,qrcodeTH,"2026-08-13 08:22:40",145.0,2,thanaphumsaywonin
9737,16740144,Salmon,"2026-08-21 12:55:13",144.8,2,shin3110
9738,16658189,"Zale John","2026-08-26 00:48:24",144.5,2,zalejohn
9739,16748453,LINJINYAN,"2026-09-06 14:25:23",144.3,2,linjinyan
9740,16671827,"Shourya Gupta","2026-09-25 16:16:36",143.8,2,siriuspotter
9741,16737040,"Joseph Djian","2026-09-09 10:30:17",143.7,2,djian55
9742,16662662,"Joaquim Jose1","2026-08-04 17:57:03",143.3,1,joaquimjose1
9743,16669311,Schoki,"2026-08-17 22:26:49",143.2,2,jensdnisch
9744,16913466,abc1zzz,"2026-09-26 13:58:53",143.2,2,abc1zzz
9745,16632458,"RAMAN BANSAL","2026-08-24 04:35:56",143.0,1,ramanbansal
9746,16654384,"Alladi Sai Kalyan Raman 24BCE1509","2026-08-30 09:33:11",142.7,2,alladisaikalyanraman
9747,16631135,"Fernando Liazar Luemba Salvador","2026-09-18 21:41:27",142.4,1,fernandollsalvador
9748,16827437,kaedehs33-max,"2026-09-08 03:06:50",142.3,1,kaedehs33max
9749,16707062,"G DOLANARASIMHA","2026-08-11 12:18:02",142.1,2,gdolanarasimha
9750,16656210,"Sanjay Suthraye","2026-08-04 14:55:13",141.9,2,sanjaysuthraye96
9751,16625029,Hilarus,"2026-08-01 15:59:02",141.9,2,hilagbag
9752,16621770,"Rudraksh Zodage","2026-07-30 20:07:49",141.7,2,rudrakshzodage
9753,16789570,wyananwyanan,"2026-09-16 03:05:19",141.6,2,wyananwyanan
9754,16663334,"sameer mughal","2026-08-29 20:12:57",141.5,2,sameermughal109
9755,16697339,"Muhammad Safwan Ahmad Saffi","2026-08-15 00:28:21",141.1,2,safwanahmadsaffi
9756,16624973,"Mrunmayee Kulkarni","2026-07-31 06:16:46",140.8,1,kulmrun
9757,16688165,"David @ Koantek","2026-08-25 23:53:17",140.4,2,artificialbrilliance
9758,16772354,"Gleidistony Mendes","2026-09-18 12:01:25",140.2,2,gleidistonymendes
9759,16666018,"H vv sathwik","2026-09-24 09:27:00",139.8,2,hvvsathwik
9760,16778908,"PATIL ADITYA PANDURANG","2026-09-01 17:34:33",139.8,1,"jagdalepranavsagar,patiladityapandurang,pavankadam7005"
9761,16689389,Chukunder,"2026-09-24 12:38:14",139.6,2,"farbricated,sarikajivrajika"
9762,16713896,"Quantum Fusion","2026-08-14 12:12:34",139.6,1,gugurobotics
9763,16657322,"Ashwani Mahajan","2026-09-26 04:50:35",139.2,1,ashwanimahajan
9764,16797105,"Rahul vats","2026-09-25 02:06:31",138.6,2,rahulvats20
9765,16654556,anjipoo,"2026-08-05 15:33:04",138.6,2,anjana0812
9766,16882682,"BALQEES GHWANMEH","2026-09-18 20:24:43",138.5,2,balqeesghwanmeh
9767,16784431,"Régis Meyssonnier","2026-08-28 14:47:27",138.2,1,rgismeyssonnier
9768,16907555,"Pandidurai E","2026-09-17 16:08:13",138.0,2,pandiduraie
9769,16777407,"Fahrur Rozzi","2026-08-26 23:01:52",137.5,1,frozzi18
9770,16718139,"shah jatin","2026-09-25 01:37:35",137.4,2,shahjatin
9771,16659097,noril09,"2026-08-04 11:56:35",136.7,2,noril09
9772,16902494,FoodieJam,"2026-09-21 01:38:58",136.7,2,foodiejam
9773,16659271,Hamish,"2026-08-12 12:48:51",135.8,2,hamishdickson
9774,16805585,"Hrishikesh Dhuri","2026-09-27 07:07:39",135.6,1,hrishikeshdhuri19
9775,16754111,"Kalpana Patki","2026-08-22 16:05:10",135.4,1,kalpanapatki
9776,16705490,"KASTHURI DEVI M","2026-08-13 10:42:42",135.4,2,kasthuridevim
9777,16756264,query_stop,"2026-08-27 00:24:14",135.0,2,jaared
9778,16659062,"MOHAMMAD SUBHAN PASHA","2026-08-17 07:14:09",134.8,1,mohammadsubhanpasha
9779,16653934,"Ayomide Abdulrahmon","2026-08-03 19:22:32",133.4,2,ayomideabdulrahmon
9780,16723289,"Caio Saboia","2026-08-28 18:24:29",133.4,1,caiosaboia
9781,16662230,"Angus Mc Gregor","2026-08-13 21:25:46",132.8,2,angusmcgregor
9782,16662083,ihabkaggle,"2026-08-07 00:42:33",131.5,2,ihabkaggle
9783,16660342,"Adapa Gopireddy","2026-08-04 12:49:43",131.5,1,adapagopireddy
9784,16697716,ZEO,"2026-08-09 19:43:41",131.4,1,anuppatil29
9785,16666706,baijiachang,"2026-08-05 11:04:21",131.2,1,baijiachang
9786,16775483,"Parv Malav","2026-08-26 16:20:27",131.2,2,parvmalav
9787,16656643,"Willetta Dettore","2026-08-05 15:33:52",130.3,2,willettadettore
9788,16770924,rohit,"2026-09-12 05:08:35",130.2,2,rohitsrinivasan31
9789,16739102,"Mithulya Kumarapeli","2026-08-30 03:53:39",128.2,1,sandalim
9790,16636855,"Wynn Koo","2026-08-01 14:03:04",127.1,1,yongfenggg
9791,16660494,"Hòa Phùng Ngọc GIa","2026-09-22 08:11:18",126.9,2,haphngngcgia
9792,16940854,AmbujSingh11294,"2026-09-27 04:35:21",124.6,2,ambujsingh11294
9793,16662142,"Adnan Khan","2026-08-30 06:22:52",124.6,2,iamadnankhan313
9794,16656235,"Zain Ul Abideen Samo","2026-08-06 15:22:02",124.4,2,zainulabideensamo
9795,16794281,"adilio freitas","2026-08-30 22:25:36",124.3,1,adiliofreitas
9796,16731986,Vugar3,"2026-08-17 10:51:29",124.1,2,vuqarxudvrdyev001342
9797,16707146,kaganou,"2026-08-11 13:19:53",123.6,1,kaganou
9798,16691729,"ADOLF FAUSTINE","2026-08-18 02:42:39",123.6,2,adolffaustine
9799,16804859,DevashishSoni123,"2026-09-26 19:50:36",120.7,2,devashishsoni123
9800,16735064,"Harshada Thorat 129","2026-08-18 03:58:34",120.6,1,harshadathorat129
9801,16661969,"Raja T","2026-09-27 03:34:50",120.6,2,rajathiagaraj
9802,16868591,"Lucas A. Rizzieri","2026-09-11 00:22:41",120.4,2,lucasarizzieri
9803,16777923,Sho,"2026-09-26 15:16:05",119.4,2,shoito08190904
9804,16654363,"NIKHIL YADAV","2026-08-17 21:20:32",119.3,2,nikhilyadav232223
9805,16904721,"Creeper Thánh","2026-09-16 06:35:52",119.3,1,creeperthnh
9806,16755329,SBedrosian123@,"2026-08-21 15:07:41",119.3,1,sbedrosian123
9807,16640323,"KOUSHIK KUMAR DINDA","2026-08-29 01:55:31",118.7,2,koushikkumardinda
9808,16712406,"L Sangeetha","2026-08-18 01:56:24",117.5,2,lsangeetha
9809,16727876,"Harrison Wachira","2026-08-16 08:50:03",117.4,1,harrisonwachira254
9810,16662123,hannhu40022,"2026-08-04 18:45:07",117.3,2,hannhu40022
9811,16945034,divinesouljoy,"2026-09-23 04:59:46",117.2,1,divinesouljoy
9812,16662334,"Andres Beltran","2026-08-04 22:58:11",117.1,2,andresbeltran05
9813,16659871,"Abel Kpoton","2026-08-04 20:41:20",117.0,2,abelkpoton
9814,16623953,"Denuwan Wijesinghe","2026-08-01 07:57:04",116.9,2,denuwanwijesinghe
9815,16657486,"Turhan TAS","2026-08-10 09:21:40",116.1,1,turhantas
9816,16662809,"Chukwu Excellent","2026-08-08 22:06:34",116.0,2,chukwuexcellent
9817,16903793,"Zhongkai Shangguan","2026-09-25 23:44:13",115.6,2,leonshangguan
9818,16771841,"Panagiotis Alimisis","2026-09-14 19:04:58",114.5,2,palimisis6
9819,16658695,"Muskan Zahid","2026-08-04 14:14:02",114.1,2,artificial52
9820,16841368,lware5829,"2026-09-05 20:57:52",113.8,1,lware5829
9821,16894437,hondana29,"2026-09-27 00:11:27",113.5,2,tanadaaa
9822,16719809,"Milanto FR","2026-08-14 05:37:48",113.0,2,milantofr
9823,16713435,"Visruti Patidar","2026-08-16 11:18:23",111.9,2,visrutipatidar
9824,16633511,"joshan gladston","2026-08-01 01:19:57",111.7,2,joshangladston
9825,16690499,SuperAI@2615,"2026-08-11 16:42:48",111.4,2,superai2615
9826,16662455,"Nenavath Shashi","2026-08-04 18:04:52",110.0,2,nenavathshashi
9827,16674328,daniel,"2026-08-06 09:34:23",109.4,1,dkamgamegasoft
9828,16621565,"salih chindo","2026-08-12 19:45:58",108.8,1,salihchindo
9829,16848578,"Tuấn Anh","2026-09-09 04:28:16",108.7,2,tuananhdata
9830,16626218,"Srishti Gauraha","2026-08-08 05:40:23",108.1,1,srishtigauraha
9831,16765566,DIYANSH_JAIN7,"2026-09-03 10:56:38",107.7,1,diyanshjain7
9832,16726311,"Prince Diwakar","2026-08-16 12:55:18",106.9,2,princediwaker
9833,16683220,Kongali,"2026-08-10 01:24:37",106.9,2,kongali
9834,16658299,"Bakar Prabowo!","2026-09-05 08:14:32",105.6,2,"galihrattn,kingki19,ranggacarkawan"
9835,16656815,"Atharva S. Naladkar","2026-08-06 06:46:40",105.4,2,atharvasnaladkar
9836,16679979,Pranav6657,"2026-08-07 02:40:48",105.4,1,pranav6657
9837,16722827,Prathyyyyy,"2026-09-19 03:10:21",105.3,1,prathyyyyy
9838,16723091,"Naiely Silva","2026-08-28 00:53:34",105.2,1,naielysilva
9839,16731873,"Abhishek Singh Solanki","2026-08-19 07:24:47",104.9,1,realabhi5hek
9840,16880437,doublek,"2026-09-26 14:02:13",104.3,2,doublek
9841,16632375,"Vivien Jiaqian Zhu 朱嘉倩","2026-09-24 07:28:48",103.4,2,vivienjz
9842,16623660,"Taylor S. Amarel","2026-07-31 23:36:48",103.1,1,taylorsamarel
9843,16659840,"Dasari Giri Gabrelu","2026-08-05 13:41:11",102.6,2,giridasari
9844,16924962,XavierB5,"2026-09-19 10:26:33",102.3,1,xavierb5
9845,16857111,tfcygv,"2026-09-09 00:09:00",102.2,2,tfcygv
9846,16633417,"Handsonlabs Software Academy","2026-09-26 17:14:21",102.2,1,tobimichigan
9847,16680165,"Radwa ALkalifa","2026-08-23 08:39:37",102.1,2,radwahamada
9848,16800124,"Atharv Hirve","2026-09-20 08:44:54",101.7,2,atharvhirve14
9849,16717094,"[Deleted] 3efc3b54-b875-4c05-8e11-1214498e2853","2026-08-13 12:30:26",101.0,1,del=386289f87b91311f
9850,16799001,"Trịnh Quang Minh","2026-09-01 05:16:32",100.3,1,trnhquangminh140
9851,16661160,"Roobhasridevi P","2026-08-04 14:31:22",100.1,1,roobhasridevi
9852,16659308,Attaerabi,"2026-08-05 07:52:52",99.8,2,attaerabi
9853,16662714,"Amilcar Rodriguez","2026-09-01 04:22:39",99.5,2,amilcarskt
9854,16657303,"Tejas Tiwari","2026-08-04 07:32:17",98.7,1,tejaat
9855,16919907,"Álvaro Martínez González","2026-09-23 13:59:06",97.9,2,lvaromartnezgonzlez
9856,16661098,"Muhammad aufa azmi","2026-08-04 15:18:35",97.8,2,muhammadaufaazmi
9857,16891699,Sriram102,"2026-09-19 05:31:23",97.7,2,sriram102
9858,16659582,"Srikanth Adivanna","2026-08-04 11:25:45",97.7,1,srikanthadivanna
9859,16662243,"Cepeda Braxton","2026-08-04 19:31:54",97.6,2,cepedabraxton
9860,16670547,"Maduako Prince","2026-08-05 22:53:03",97.2,2,maduakoprince
9861,16840189,"Sneha yadav","2026-09-26 14:26:59",96.9,2,sneha463
9862,16657561,Roshdibenrojo83,"2026-08-04 07:19:05",96.6,2,roshdibenrojo83
9863,16654559,"Kerem Ali AVCIOĞLU","2026-08-03 19:28:49",96.0,2,keremaliavciolu
9864,16723068,Kaggricultors,"2026-08-27 16:33:10",95.4,2,"claralimasilva,roberthdouglasufc"
9865,16762458,"Promise Matorofa","2026-08-24 10:00:04",94.9,2,promisematorofa
9866,16847667,"Tushar Barman","2026-09-12 20:30:34",94.7,2,tusharbarman
9867,16656685,"Shravani Hibare","2026-08-05 10:15:36",94.4,2,shrahib4725
9868,16658297,"Charishma Pillapalem","2026-08-11 12:46:56",94.1,2,charishmapillapalem
9869,16662547,"hiteshsinh solanki","2026-08-05 07:59:16",93.2,2,hiteshsinhsolanki2
9870,16679847,"Julio Contreras","2026-08-21 20:29:09",93.1,2,juliocontreras
9871,16746655,"Charan Reddy321","2026-08-25 06:27:38",93.1,1,charanreddy321
9872,16924593,"Aarav Bajya","2026-09-27 04:25:45",93.1,2,aaravbajya
9873,16731142,yshinok,"2026-09-16 23:32:47",92.8,2,yukishinohara0114
9874,16728931,Sathwik2006,"2026-08-16 14:25:36",92.7,2,sathwik2006
9875,16743822,Surya,"2026-08-19 16:21:21",91.8,1,suryapandian
9876,16668691,BeltusTebid,"2026-08-05 16:01:45",91.4,1,beltustebid
9877,16659041,"uma mahesh23","2026-08-04 11:50:03",91.2,2,umamahesh23
9878,16676977,"Akash Babu","2026-09-04 06:45:03",90.5,2,akashbabu17
9879,16662295,"benja cooper","2026-08-04 17:41:28",90.2,2,benjacooper
9880,16691542,Tushar_SVC,"2026-08-11 04:12:09",89.6,2,tusharsvc
9881,16794292,"Taylor Clark","2026-09-22 22:49:20",89.3,2,taylorclark637
9882,16932358,"Ilfat Hismatullin","2026-09-20 21:41:28",88.1,1,izek123
9883,16654509,"Shruti Kondabathula","2026-08-07 18:17:56",87.9,2,shrutikondabathula
9884,16656485,stunningvn,"2026-09-08 07:40:44",87.2,2,dedquoc
9885,16811547,Merlin,"2026-09-24 14:33:04",86.3,1,huntergrey
9886,16677441,"ERREGUI YOUSSEF","2026-08-06 18:02:39",85.3,2,erreguiyoussef
9887,16641109,zzgtylors,"2026-08-06 06:21:50",84.6,2,zzgtylors
9888,16654711,"Rupam Bhattacharjee1","2026-08-14 16:43:07",84.5,1,rupambhattacharjee1
9889,16912163,"Umar Tabbsum","2026-09-17 14:36:46",84.3,2,umartabbsum
9890,16626159,"Cảnh Đinh Tiến","2026-08-02 09:17:36",82.9,2,tourist110406
9891,16748612,"Priyadharshini B","2026-08-24 12:06:18",82.4,1,priyadh29
9892,16743241,"Adhvaith KS","2026-09-02 14:30:35",81.4,1,adhvaithks
9893,16798631,dzlabs,"2026-09-01 09:57:10",80.5,2,dzlabs
9894,16670552,"Harsh Chaudhary ml","2026-08-05 22:16:25",80.3,1,harshchaudharyml
9895,16660340,"pawan sondhiya","2026-08-07 06:22:38",80.1,2,pawansondhiya
9896,16661419,"Shivansh Soni","2026-08-04 15:08:01",78.4,2,shivanshsonii
9897,16670368,"Gary Gitton","2026-08-19 17:03:04",77.2,2,garygitton
9898,16693819,"Hossein Shad Manaman","2026-08-12 03:14:58",76.4,2,hosseinshadmanaman
9899,16858278,"Sukma Ramadhan A","2026-09-12 13:22:49",74.8,2,sukmaramadhana
9900,16663897,jayaBhavagan,"2026-08-05 19:34:36",74.0,1,jayabhavagan
9901,16623094,"Claudia Arias Gonzalez","2026-09-24 21:54:03",73.8,2,claudiaariasgonzalez
9902,16785477,"ASHMIL P URK25CS7129","2026-08-28 18:26:11",73.5,1,ashmilpurk25cs7129
9903,16663161,"Pial Mahmud","2026-08-17 10:38:21",72.7,2,pialgroup
9904,16655748,revathip,"2026-08-06 06:00:14",71.6,2,revathiprakash
9905,16656240,"SACHIN KUMAR","2026-08-10 03:13:24",71.4,2,sackm123
9906,16808545,"Qinyong Wang","2026-09-02 11:53:03",71.3,2,magicwqy
9907,16657055,RedKiwi,"2026-08-05 05:57:34",71.0,2,tnmthai
9908,16665345,saurabh10june,"2026-08-05 11:53:47",71.0,2,saurabh10june
9909,16707468,"SBJ 2205","2026-08-12 09:59:33",70.9,1,sbj2205
9910,16886704,"mohammed alshokry","2026-09-15 14:06:43",70.7,2,mohammedalshokry
9911,16851038,"Ivan Danut","2026-09-26 12:47:36",70.3,2,ivandanut
9912,16659675,"M.Athallah Rafif Aldera","2026-08-06 12:40:14",70.1,2,mathallahrafifaldera
9913,16659451,anero98,"2026-08-22 20:47:29",69.6,2,anero98
9914,16700316,"Pranav Waghmare","2026-08-11 16:29:05",68.8,1,waghmarepranav6
9915,16668599,"Hafsa Anwaar","2026-08-05 17:43:21",68.7,2,hafsaanwaar
9916,16823197,Cowabunga,"2026-09-20 21:55:58",67.7,2,ameripreye
9917,16666273,"Wondu Zerihun","2026-09-08 07:55:57",66.8,2,zerihun369
9918,16621519,Ᏸ𐍂Ꭷ,"2026-07-30 17:30:30",66.0,2,dheerajkannaujiya
9919,16656777,"Salam Alqerem","2026-08-31 10:59:33",65.8,2,salamalqerem
9920,16663277,"Mariana Mejía","2026-08-24 23:58:54",65.2,2,marianameja
9921,16794173,"Kamran Arshad","2026-08-31 07:19:49",65.1,2,kamranarshad
9922,16920156,RoboSAL,"2026-09-26 13:55:41",64.4,2,salouaouarhlent
9923,16867334,"Connor Tran","2026-09-21 22:05:52",64.1,1,thlphero
9924,16666072,Abinash,"2026-08-05 15:07:52",64.1,2,abinashsinha1726
9925,16735323,"Souvik Routh","2026-08-18 04:30:21",63.9,1,souvikrouth
9926,16736939,"Flandre 29","2026-08-26 08:23:01",63.6,2,flandre29
9927,16678283,"Ajinkya Digurkar","2026-08-21 10:56:03",63.1,2,"ajinkyadigurkar,sakshiagrawal8818"
9928,16848280,"Oladipupo Olapoju","2026-09-08 00:24:32",62.9,2,pupoolapoju
9929,16803074,"fumihito mori","2026-09-01 14:00:16",62.2,1,fumihitomori
9930,16660886,"Dr.Eldirdiri Fadol ","2026-08-05 05:30:48",62.1,2,dreldirdirifadol
9931,16687628,ruchit,"2026-08-28 11:22:16",61.5,1,ruchitkhade
9932,16867360,kagg24293,"2026-09-11 08:19:36",61.4,2,kagg24293
9933,16867026,"Aashish Bagmar","2026-09-11 05:14:45",61.0,2,aashishbagmar
9934,16665079,"Maguluri Keerthi","2026-08-05 06:16:03",60.2,2,magulurikeerthi
9935,16735237,"YASH CHIMAN","2026-08-18 04:20:24",59.6,1,yashchiman
9936,16658666,"VMax Agents","2026-08-04 10:57:49",59.3,1,"akhiildheep,mithun5353"
9937,16680428,"Surabhi veda","2026-08-07 01:49:35",59.1,1,surabhiveda
9938,16667489,"Cornol Lieto","2026-08-05 12:31:14",58.6,1,lietocornol
9939,16846758,"Harish More","2026-09-07 07:44:25",58.1,2,harishmore812
9940,16784650,LukasM1,"2026-08-28 14:15:24",55.2,1,lukasm1
9941,16658100,"Nanda Riansyah","2026-08-04 08:55:54",55.2,2,nandariansyah
9942,16661711,"Wild Star217","2026-08-30 18:00:18",51.7,2,wildstar217
9943,16667339,"Victor Chege","2026-09-01 13:56:51",51.6,2,victorchege0
9944,16785053,"Rinosh Bethala","2026-08-28 17:52:26",51.0,1,rinoshbethala
9945,16666836,"Emir Ayvaz","2026-08-07 05:57:00",49.9,2,emirayvaz
9946,16679410,"Leke Glean","2026-08-07 17:29:04",47.4,2,lekeglean
9947,16925909,"Hopefrey Mosingi","2026-09-19 15:30:15",46.6,2,hopefreymosingi
9948,16692750,"Hoya need job","2026-09-26 09:18:09",46.1,2,pranavwankhade
9949,16780027,rotto,"2026-09-01 13:18:33",45.5,2,pirotototo4023
9950,16892319,"Shair Khan","2026-09-21 08:30:36",45.0,2,datascikhan
9951,16719441,Gatranova,"2026-08-14 04:11:54",44.4,2,rafiabiyyuairlangga
9952,16698958,"Shanjaya SK","2026-08-28 15:25:11",43.7,1,"payuu03,shanjayask"
9953,16716079,shaurya_pandey@19,"2026-08-13 09:27:49",43.4,2,shauryapandey19
9954,16938479,"Илья Попов ","2026-09-22 22:54:01",43.0,1,wingedwolf7
9955,16698953,Locked_in_hell,"2026-08-13 18:31:55",41.3,2,stealthknight
9956,16640594,Win2207,"2026-08-07 12:05:07",41.2,2,win2207
9957,16661068,ZeViX,"2026-09-25 16:23:22",41.2,2,"codinggeek101,vedantkhete"
9958,16663406,"Elshan Kazim","2026-08-16 08:38:43",41.1,1,elsnkazm
9959,16895738,suqingying,"2026-09-21 10:43:10",39.3,1,suqingying
9960,16673372,"Hadyan Adira","2026-08-14 03:16:30",38.6,2,hadyanadira
9961,16633018,purelilyth,"2026-08-20 19:43:09",38.5,2,purelilyth
9962,16761007,"Pankaj Nakhat","2026-08-23 11:48:21",36.9,2,pankajnakhat
9963,16710773,Openaiskrip,"2026-08-12 07:54:38",35.1,2,openaiskrip
9964,16835282,nico23t,"2026-09-07 14:18:22",35.1,2,nico23t
9965,16839644,Mikhail,"2026-09-06 06:52:57",33.6,1,mih2501py
9966,16868098,"Arya Patil","2026-09-11 08:00:49",33.3,1,shutterstack
9967,16723050,"Ítalo Albuquerque","2026-09-11 18:32:23",31.3,2,taloalbuquerque
9968,16730708,ysakuragi,"2026-08-19 01:30:12",30.4,1,ysakuragi
9969,16644474,"Vihaan Ahluwalia","2026-08-05 13:16:21",30.2,2,vihaanahluwalia
9970,16654087,Gabriela_Fernandes4,"2026-08-04 19:12:33",30.0,1,gabrielafernandes4
9971,16761521,"Artificial Silicon","2026-08-29 10:17:46",28.5,1,artificialsilicon
9972,16684847,"M.Harshavardhan Raju","2026-08-09 16:15:49",28.1,2,mharshavardhanraju
9973,16633932,omikbop,"2026-08-02 12:36:52",27.5,2,omikbop
9974,16948861,"PRATHAMESH ARUN JADHAV","2026-09-24 03:10:19",27.2,1,prathamesharunjadhav
9975,16770096,Program,"2026-09-14 11:35:12",26.6,2,panagiotapanora
9976,16675209,lavica,"2026-08-11 13:23:03",26.5,2,lavica
9977,16731524,"Tsyrenov Mergen","2026-08-17 09:42:39",26.3,1,tsyrenovmergen
9978,16665139,"Siddharaj Kulkarni","2026-08-16 05:23:21",25.7,2,siddharajkulkarni
9979,16773858,"Kundan Kumar","2026-09-25 09:49:06",22.6,2,edkundan
9980,16716562,"Ananya Maurya","2026-08-13 10:01:25",21.9,2,ananyamaurya
9981,16656753,"TAMAL SINGHA ROY","2026-08-05 07:57:48",21.5,2,tamalsingharoy
9982,16675819,RohitS001,"2026-08-11 18:05:54",16.5,2,rohits001
9983,16771156,"Ronald Ayamba","2026-08-25 19:16:26",11.8,1,ronaldayamba
9984,16705637,"Vedant Ghodekar","2026-08-11 05:28:57",9.7,1,vedantghodekar
9985,16654026,"joju shaji","2026-08-09 16:36:43",9.5,2,jojushaji
9986,16669011,"Siddiqui Rehan Ahmed Furqan","2026-08-07 05:24:38",6.4,2,siddiquirehanahmed
9987,16662721,"Manish Sharma","2026-08-12 17:44:16",6.1,2,themihirsharma
9988,16721495,"404 Crop Not Found","2026-09-01 08:45:29",5.7,2,"aiprojector,boazx15"
9989,16660161,"Antimo Carlino","2026-09-08 19:09:46",3.6,2,antimocarlino
9990,16624064,"Hemant Ahlawat","2026-07-31 15:52:56",3.4,2,happyahlawat
9991,16811344,"Vineeth Nannuri","2026-09-10 05:19:07",3.1,2,vineethnannuri
9992,16778494,"Agda Niya","2026-08-28 06:43:07",1.9,2,agdaniya
9993,16644519,"Shambhu Shekhar Sinha","2026-08-12 18:55:43",1.9,2,shambhushekharsinha
9994,16676428,wayzhengong27,"2026-08-08 06:34:59",1.8,2,"kkkuek,wayzhengong27"
9995,16714192,"Nishanth Palugula","2026-08-14 06:51:09",1.5,2,nishanthpalugula
9996,16721567,"Neeraj Sharma","2026-09-04 07:21:50",1.0,1,neerajsharma897
9997,16633250,Myst19,"2026-08-03 13:25:15",-0.0,2,jakeschweikhart
9998,16852322,"Harshit Varma45","2026-09-08 03:54:30",-0.4,1,harshitvarma45
9999,16747839,"Ich Schmid","2026-09-19 13:56:52",-1.0,2,ichschmid
10000,16687620,Goktug1,"2026-09-18 18:47:26",-2.3,2,goktug1
10001,16632413,"Varun Patil","2026-07-31 18:41:34",-3.6,1,varunpatil262005
10002,16938443,"zhichen huang","2026-09-21 21:54:55",-5.1,1,zhichenhuang
10003,16696104,"Harshit Meesari","2026-08-09 14:31:00",-6.8,1,harshitmeesari
10004,16658745,"Shabby farms 2.0","2026-08-16 03:10:28",-7.2,2,rahulk5418
10005,16673732,"Async Null","2026-08-06 16:55:26",-9.6,1,asyncnull
10006,16708290,"Hrishikesh Thakare","2026-08-12 14:45:08",-9.9,1,hrishikeshthakare
10007,16940668,"Lars Gade","2026-09-24 20:48:47",-12.8,2,larsgade
10008,16661152,"Dr.Abdulbaset Musleh","2026-09-19 17:40:52",-13.8,2,drabdulbasetaledresi
10009,16914127,"Aditya Jha","2026-09-20 04:35:47",-18.5,2,theadijha
10010,16731488,"James Kimani","2026-08-27 13:18:20",-18.6,1,jaykim122
10011,16689555,"kelvin waruingi","2026-08-09 22:45:23",-18.7,2,kelvinwaruingi
10012,16664822,"Prateek Singh","2026-08-05 05:30:22",-22.9,2,pra73ek
10013,16916794,SHUJAT,"2026-09-21 14:59:47",-24.4,1,syedshujathussain
10014,16809774,farmci,"2026-09-02 16:59:50",-24.4,1,ermismel
10015,16790678,Pujolaras,"2026-09-03 14:45:14",-24.6,1,pujolaras
10016,16780318,"Piyush Darinda","2026-08-27 17:28:07",-26.5,2,piyushdarinda
10017,16659501,Duckey,"2026-08-04 13:02:16",-28.5,2,bokangletsapo
10018,16654404,"Madhan Sidmal","2026-08-11 21:28:45",-29.4,2,madhansidmal
10019,16662922,BrandonDucar,"2026-09-12 23:12:40",-29.6,2,brandonducar
10020,16657568,"Manpreet Singh","2026-08-08 13:45:41",-30.6,2,manpreet1994
10021,16888204,"yunus yalman","2026-09-24 19:48:59",-31.7,2,yunusyalman
10022,16792531,"subash jayakumar","2026-08-30 20:14:56",-31.9,2,subashjayakumar
10023,16679250,srskat,"2026-08-16 08:26:30",-32.1,2,srskat
10024,16720136,"Roaring Cotton","2026-09-15 20:07:58",-37.9,2,daviddavidelijah
10025,16943065,"LOKHANDE HARSH","2026-09-23 16:45:21",-41.3,1,lokhandeharsh
10026,16732320,"Malik Muhammad Arbaz","2026-08-18 13:05:51",-44.0,1,malikmuhammadarbaz
10027,16644439," علي ساجد","2026-08-02 21:40:07",-45.0,2,jdvdjdv97171ushd
10028,16624666,"Avik Das","2026-08-21 08:57:10",-45.5,2,avikdas567
10029,16676890,luciferingstar256,"2026-08-20 15:40:55",-47.6,1,luciferingstar256
10030,16689681,"Prakash Rajan","2026-08-09 16:37:56",-48.6,2,prakashai
10031,16735078,"SUDHANSHU PATIL","2026-08-18 04:37:33",-52.9,2,sudhanshupatil10
10032,16659057,"Jolvin James","2026-08-07 08:04:22",-55.7,2,jolvinjames
10033,16941446,"Rehan Liaqat","2026-09-22 12:30:49",-56.7,1,rehanliaqat17
10034,16885604,dualcore,"2026-09-22 09:54:46",-57.8,2,"shashankkalled,tridiv14"
10035,16622991,"Fedor Grigorev","2026-08-27 15:30:57",-68.3,1,fedorgrigorev
10036,16755427,"Daksh Jain","2026-08-21 15:18:57",-75.9,1,dakshu081
10037,16663728,"Al'Humairah Ali","2026-08-10 17:28:01",-76.4,1,alhumairahali
10038,16885774,"Adama Savadogo","2026-09-14 17:34:16",-79.3,2,adamasavadogo
10039,16629006,ymym_tymblack,"2026-08-22 09:44:39",-79.7,2,ymymtymblack
10040,16802203,"Sadaf Mughees","2026-09-21 09:16:16",-82.1,2,sadafmughees
10041,16632266,"(ノ◡ <)","2026-09-25 04:46:33",-86.2,2,nawfeelrahman1124444
10042,16758417,AthulJenson,"2026-08-22 14:21:26",-86.4,1,athuljenson
10043,16709661,sapphirey,"2026-09-07 11:21:05",-93.4,2,sapphirey
10044,16707646,ppssbb09,"2026-09-17 13:40:43",-95.5,1,ppssbb09
10045,16805234,Ryuzaki2325,"2026-09-01 19:44:54",-97.3,1,ryuzaki2325
10046,16731829,"Alexandra Tricia","2026-08-19 07:03:33",-98.4,2,alexandratricia
10047,16683041,Abhishektyagi649,"2026-08-07 08:37:09",-104.0,2,abhishektyagi649
10048,16713011,"Tasmayu Swain","2026-08-14 15:49:35",-106.7,1,tasmayuswain
10049,16685888,LeulYT,"2026-08-10 05:35:44",-121.4,2,leulyt
10050,16637499,Yuchen20,"2026-09-19 14:06:24",-127.4,2,yuchen2066
10051,16808566,"contemporary dance","2026-09-02 22:44:14",-131.3,2,shigeria
10052,16657035,"Christvin Mathew","2026-08-04 08:55:56",-141.2,2,christvinmathew
10053,16719181,SaltyCode,"2026-08-16 04:56:22",-147.4,1,saltycode
10054,16671617,"Bennett Lien","2026-09-19 04:18:05",-159.7,1,"bennettlien,liamspaulding"
10055,16695221,"Muhammad Daud Abbas","2026-08-12 20:04:32",-183.8,2,muhammaddaudabbas
10056,16889642,"calvin Grimm","2026-09-14 06:15:04",-190.7,1,calvingrimm
10057,16692837,"Sai Uttam Gite","2026-08-09 11:36:32",-192.4,1,saiuttamgite
10058,16659881,SantosR,"2026-09-08 14:27:04",-193.7,2,santosr
10059,16668701,"Nihal Jamadar","2026-08-09 04:28:26",-196.0,2,nihaljamadar313
10060,16660261,"YO_ONE CHAUHAN","2026-08-08 23:49:54",-196.7,2,yoonechauhan
10061,16659864,"Twin Titans","2026-08-08 07:50:33",-196.8,2,"sivahokage,solaisararaju"
10062,16717416,"Timofey Kalyak","2026-08-20 07:04:06",-199.0,1,timofeytweaky
10063,16724138,"Tuna Xiao","2026-09-07 15:05:12",-200.2,1,tunaxiao
10064,16885473,Razazazazaza,"2026-09-15 13:23:00",-200.8,2,razazazazaza
10065,16665495,"sai chand Boppudi","2026-08-07 04:19:58",-201.4,2,saichandboppudi
10066,16728276,"ROHAAN ASIF","2026-08-16 11:20:59",-206.2,2,ordinarydev007
10067,16794008,HyperPlanz,"2026-08-31 13:08:38",-216.0,2,domiandr000
