Rank,TeamId,TeamName,LastSubmissionDate,Score,SubmissionCount,TeamMemberUserNames
1,16732748,DSM,"2026-09-26 15:21:43",3109.8,2,"denden12,masspeaks,shimishige"
2,16915014,Boey,"2026-09-24 12:57:23",3016.9,2,boeychenjun
3,16681125,"M & M & P & Q","2026-09-27 01:17:07",3011.7,2,"morimo,msd0110,piiiiiiiii,qistripute"
4,16718819,Majkel1337,"2026-09-26 10:48:06",2976.8,2,majkel1337
5,16770421,"Vadim Vasilenko","2026-09-27 07:51:35",2957.3,2,vadimvasilenko
6,16623559,DECEM,"2026-09-27 07:18:29",2944.2,2,zy1343930734
7,16730612,"Unknown Mother-Goose","2026-09-27 01:02:16",2940.5,2,linkinpony
8,16667959,"Fourth Quadrant","2026-09-26 22:46:41",2905.1,2,flynnfei
9,16654697,KawattaTaido,"2026-09-26 22:48:52",2902.3,2,kawattataido
10,16628664,"Anton Tikhonov","2026-09-27 07:59:43",2899.2,2,itwastony
11,16743356,"Azat Akhtyamov","2026-09-25 23:24:18",2888.6,2,azakhtyamov
12,16657750,"Just A game on your lips","2026-09-27 07:23:41",2880.2,2,proptiter
13,16887437,TheEggman,"2026-09-27 00:31:57",2865.0,2,ethanl67
14,16624026,"Russell Kirk","2026-09-27 04:26:41",2859.9,2,russcore
15,16712258,Yizhou,"2026-09-27 08:06:00",2853.8,2,yaphellee
16,16673205,"Arda Ceylan","2026-09-27 02:43:52",2849.8,2,ardacey
17,16730357,"My second life","2026-09-27 07:41:41",2841.4,2,"giovannibaldon,jjinho,pavelsavchenkov,ttyn4519"
18,16854176,吃白饭的大肥鱼,"2026-09-24 00:14:30",2840.9,2,"deepios,gengsr,tangdi24,tanpowasd"
19,16730524,"THIRD FARM CLUB","2026-09-25 04:01:11",2834.7,2,"bowwowforeach,mooegi,shunrcn,simann"
20,16758882,mtmr_s1,"2026-09-27 06:28:51",2833.6,2,mtmrs1
21,16734966,kigasudayooo,"2026-09-26 23:33:08",2821.8,2,argon1215
22,16658248,Aaweg,"2026-09-27 04:18:53",2816.0,2,aawegbhaladhare
23,16623697,yuto083,"2026-09-27 08:08:48",2810.8,2,yuto0712
24,16760569,"Otter Vibe","2026-09-27 03:16:28",2808.7,2,gyuminsong
25,16633132,"Kaggledew Valley 🏆","2026-09-27 05:23:02",2805.0,2,"jackvd,wscmisx,yanzhou06"
26,16811307,elmo,"2026-09-27 07:19:53",2799.3,2,mktakizawa
27,16763230,flg,"2026-09-25 10:41:13",2793.6,2,ferdinandlimburg
28,16752196,sekai013,"2026-09-26 12:43:59",2782.1,2,sekai013
29,16732403,ymg_aq,"2026-09-26 16:39:19",2771.8,2,ymgpalaqs
30,16634580,akmr,"2026-09-26 23:32:11",2770.7,2,akimaru
31,16760701,"Yannik Schiffner","2026-09-26 22:20:35",2766.2,2,yannikschiffner
32,16730326,atsushi11o7,"2026-09-27 05:56:19",2763.0,2,atsushi11o7
33,16709127,IsaiahP,"2026-09-26 18:50:39",2759.6,2,pressman1
34,16660137,Densike,"2026-09-27 06:27:12",2751.2,2,densike
35,16670384,"Gordeev Max","2026-09-27 03:52:55",2745.9,2,gordeevmax
36,16621497,"Victor @ Tufa Labs","2026-09-26 02:25:32",2744.2,2,vmerckle
37,16734901,Breaking1800,"2026-09-26 06:32:46",2740.0,2,breaking1800
38,16767215,keiz,"2026-09-27 05:28:08",2739.5,2,keizkeiz
39,16633178,"Cow Boy","2026-09-27 08:20:01",2736.2,2,shanzhong8
40,16864314,marwar22,"2026-09-24 00:21:57",2733.4,2,marwar22
41,16621799,"Artem The Farmer 🍅","2026-09-27 07:25:42",2732.1,2,veshkinartem
42,16758244,yumizu,"2026-09-26 14:30:50",2731.5,2,yumizzzz
43,16640510,SpaTaro,"2026-09-25 13:09:11",2729.0,2,tarosqrd2
44,16942123,dodsters,"2026-09-26 20:39:04",2727.7,2,"andreyakifev,friklez"
45,16629972,"forever young","2026-09-27 07:08:13",2726.9,2,keisukeyokota0428
46,16644287,"Ryo Hasegawa","2026-09-25 21:33:59",2726.2,2,ryohasegawa926
47,16740405,by,"2026-09-27 06:34:26",2725.6,2,ibyyue
48,16685634,"Syed Asad Ali","2026-09-27 02:52:11",2722.2,2,syed3000
49,16707990,Snorlax,"2026-09-27 00:30:21",2720.3,2,pku1400010735
50,16671741,Excluding,"2026-09-27 04:49:05",2718.3,2,excluding
51,16736435,Dieter,"2026-09-26 22:48:42",2716.6,2,"arc144,christofhenkel,crodoc"
52,16675778,"Orbital Terraformer","2026-09-26 07:43:57",2716.1,2,tubotubo
53,16623451,Ueddy,"2026-09-27 07:38:35",2715.2,2,ku0807
54,16717665,"Christoffer Thimsen","2026-09-27 06:50:14",2713.8,2,lowasitgoes
55,16926467,arutyunoff,"2026-09-27 06:59:24",2713.4,2,arutyunoff
56,16805699,"feel the agi","2026-09-26 16:43:58",2713.3,2,nulldata
57,16668998,WarRusher,"2026-09-26 16:53:28",2712.1,2,warrusher
58,16658349,lingxiaojun,"2026-09-26 05:42:55",2706.5,2,lingxiaojun
59,16664246,"Sida Zuo","2026-09-24 01:35:19",2705.7,2,sidazuo
60,16685950,"Planned Economy","2026-09-26 15:48:13",2700.4,2,alturutin
61,16871381,huaiyuyoung,"2026-09-26 09:05:31",2695.8,2,"huaiyuyoung,mushancui,nuoyixu,sdsnorth,yuantoby"
62,16630675,"Lucien de Rubempre","2026-09-26 22:00:05",2694.7,2,lucienderubempre
63,16866398,feles99,"2026-09-27 00:57:06",2690.4,2,feles99
64,16730676,ActiveMusyoku,"2026-09-26 21:02:03",2689.6,2,"daiki0381,kohei0okazaki,noriyukimori,ryonatori,seipon"
65,16735341,MacCook,"2026-09-26 22:31:30",2687.5,2,"ryui68925,uki706"
66,16784691,"ready or not here i come","2026-09-26 16:28:54",2686.0,2,emrekuruba
67,16622198,"THUNDER THUNDER","2026-09-21 07:08:52",2682.6,2,thunderthunder
68,16748733,"Driz Lo","2026-09-26 06:31:16",2682.6,2,"cieling,drizlo,kindinred"
69,16944414,Aguacates,"2026-09-26 19:53:29",2679.7,2,"carolinemercedes,joshdankworth"
70,16941436,fshindo,"2026-09-27 03:56:32",2678.6,2,ffsscf
71,16820794,"Yuxuan Ba","2026-09-26 03:37:23",2678.5,2,"cynthiaaaaa06,hyt9797,lynndai67,yuxuanba"
72,16723620,3정훈,"2026-09-27 04:31:25",2676.4,2,az05192000gmailcom
73,16891058,Navier-stokes,"2026-09-25 01:15:17",2674.0,2,"nguyenkhanhvu,nhtlongcs"
74,16705417,fuxi,"2026-09-23 13:20:03",2670.5,2,"padyue,pytorch5009asd"
75,16653199,Koba,"2026-09-27 08:31:24",2670.3,2,zone0906
76,16633950,"Matt Motoki","2026-09-26 23:50:56",2668.5,2,mmotoki
77,16756591,"Hamed Vakili","2026-09-27 08:11:26",2666.5,2,"hamedvakilit0,maryam7713"
78,16860907,kuengo,"2026-09-26 06:07:29",2655.7,2,"haojunwei,kuengo,leonstew,ruoguxu"
79,16945263,liyupengli,"2026-09-26 23:59:24",2655.3,2,"easonrao,huhuown,liyupengli,mikesun20110408"
80,16799266,"Kucing Garong","2026-09-26 23:06:53",2654.9,2,syaugialkaf
81,16882725,Ebi,"2026-09-20 08:09:48",2654.2,2,ebinan92
82,16690867,HowardLeeTW,"2026-09-27 07:35:19",2653.5,2,"binghua123,gisgisgis,howardleetw,william950615"
83,16732521,redblackbst,"2026-09-27 03:07:29",2653.4,2,redblackbst
84,16652446,"tine.sh agent","2026-09-26 15:12:05",2652.9,2,sidcodegg
85,16632021,istinetz,"2026-09-25 09:14:26",2652.8,2,istinetz
86,16811917,"Dipam Chakraborty","2026-09-26 17:16:32",2652.1,2,dipamc77
87,16623637,kuro0315,"2026-09-27 06:32:45",2651.7,2,skuro0315
88,16943306,liminhai,"2026-09-27 01:10:11",2651.2,2,"hungry1728,liminhai,mars086,yeukwanvickyli,yuchuanzhang1202"
89,16681007,AkiraOnojp,"2026-09-27 00:22:11",2646.9,2,akiraonojp
90,16930465,"Xuanhao Wang","2026-09-26 10:07:02",2644.4,2,xuanhao666
91,16672709,"RS Turley","2026-09-23 04:04:12",2639.7,2,rturley
92,16806195,unreal,"2026-09-26 22:20:05",2637.3,2,gauravgs1007
93,16663946,"Hello San Francisco","2026-09-27 00:01:28",2635.3,2,"circiumaru,dulgherustefan,radugoga"
94,16739633,kwa,"2026-09-24 23:47:16",2632.1,2,ikaroskaggle
95,16693904,DeeperNet,"2026-09-26 17:30:02",2629.3,2,"deepernet,kkkggg,xblade"
96,16659555,"Joseph Adamski","2026-09-25 18:11:35",2628.9,2,josephadamski91
97,16696703,Farmer,"2026-09-23 14:53:03",2626.0,2,alekseic
98,16652175,"Lucas Boesen","2026-09-25 18:21:03",2622.5,2,lucasboesen
99,16754022,Pico,"2026-09-25 18:41:56",2622.5,2,charithgr
100,16705790,clora,"2026-09-26 03:54:23",2621.3,2,clora16
101,16640785,"syouya tobita","2026-09-26 16:23:34",2620.5,2,syouyatobita
102,16743582,ShunkiKyoya,"2026-09-25 15:10:24",2619.6,2,shunkikyoya
103,16909118,loxigicck,"2026-09-27 06:43:59",2619.4,2,loxigicck
104,16690763,chungkuangwen,"2026-09-27 03:50:14",2614.2,2,chungkuangwen
105,16706321,lumen,"2026-09-27 03:04:19",2613.3,2,lumenyuto
106,16693965,ra5anchor,"2026-09-26 07:31:18",2613.2,2,junmitsui
107,16668783,Zyy7390,"2026-09-27 04:52:18",2611.2,2,"tigerrrrrr,zyy7390"
108,16637255,"leave you","2026-09-27 05:17:31",2611.0,2,superallen001
109,16621154,Zain96,"2026-09-25 19:39:01",2610.9,2,zain96
110,16678521,"techno coven","2026-09-27 01:06:06",2610.4,2,"blancaplanca,nevolinaa"
111,16779451,kibuna,"2026-09-27 08:20:00",2610.0,2,kibuna
112,16922539,Gatswei,"2026-09-25 05:54:37",2609.4,2,gatswei
113,16656941,"Winter Lamb","2026-09-27 06:15:58",2607.5,2,fabiansyahcahyo
114,16654783,quantara.cv,"2026-09-27 06:38:27",2606.0,2,goth55
115,16806938,boominginging,"2026-09-26 13:00:54",2596.5,2,"aviator22,boominginging,caiwenjie123,mikeintokyo"
116,16705390,"Subramanya N","2026-09-26 06:53:55",2593.9,2,subramanya1997
117,16621590,Yaroslav,"2026-09-25 09:38:23",2589.6,2,yaroslavrogoza
118,16823930,"Ghost Rule","2026-09-24 15:26:20",2588.6,2,yiyangxudmm
119,16659679,Civitasmass,"2026-09-27 02:28:17",2587.7,2,godhand
120,16856022,"fasith 007","2026-09-25 11:09:16",2585.5,2,fasith007
121,16748142,"Hikaru Umeda","2026-09-27 07:37:44",2581.3,2,hikarumeda1030
122,16629685,mikelou1,"2026-09-27 05:17:52",2581.2,2,mikelou1
123,16688294,"high frequency farming","2026-09-27 01:18:33",2581.0,2,"gunhcolab,hweowe,markslavin"
124,16632783,chocolat,"2026-09-27 06:04:43",2577.3,2,chocolatnya999
125,16677337,"xi luo","2026-09-26 10:43:06",2577.0,2,xiluo00
126,16929873,offhand,"2026-09-27 08:19:44",2575.3,2,offhand
127,16685763,"koren sabag","2026-09-26 23:35:15",2574.8,2,korensabag
128,16748173,pensukesan,"2026-09-26 22:16:43",2573.4,2,pensukesan
129,16796682,LK30,"2026-09-27 07:19:53",2573.1,2,louisklasing
130,16793083,"🐚seek inspiration🐚","2026-09-27 06:00:46",2571.7,2,kurupical
131,16651244,"Knight of Favonius","2026-09-27 06:18:40",2570.1,2,ladyfaye
132,16634537,d_tree_love,"2026-09-27 07:45:10",2569.1,2,yuki11ii
133,16660281,"xiy lin","2026-09-27 05:43:32",2567.4,2,xiylin
134,16806023,"Eesh saxena","2026-09-26 06:35:00",2567.2,2,eeshsaxena
135,16706222,"Xiangyu Liu","2026-09-26 21:31:12",2567.2,2,xiangyuliu007
136,16855492,"Matin Urdu","2026-09-26 18:17:59",2566.8,2,"amir314,arianurdu,benediktschink,matinurdu"
137,16845367,kyy666,"2026-09-27 06:09:52",2566.4,2,"kyy666,robertmcwang"
138,16750416,QQ农场,"2026-09-25 07:15:57",2565.7,2,"dqfeng,gvione"
139,16748154,taiseiu,"2026-09-26 07:46:57",2563.5,2,taiseiu
140,16644724,"Kaggriculture Agent","2026-09-26 23:53:14",2563.2,2,"jiweiliu,tonylica,yiheng"
141,16663626,"yvn kaggriculture","2026-09-26 20:59:12",2562.4,2,"garnikdavtyan,mikayelgr"
142,16667242,"Gleb Tumanov","2026-09-19 11:45:55",2560.9,2,crachton
143,16656496,"Vaibhav Gupta","2026-09-27 04:46:10",2560.8,2,vaihero
144,16882022,URAD,"2026-09-26 20:58:21",2559.9,2,uradkr
145,16850509,LS,"2026-09-27 00:00:33",2559.9,2,shannanl
146,16633790,curiosity,"2026-09-27 08:02:45",2559.6,2,chmffwn1
147,16862183,Smackaveli,"2026-09-27 07:36:21",2558.8,2,spoutop
148,16685548,"Erfan Eshratifar","2026-09-27 00:45:48",2558.3,2,erfaneshrati
149,16716558,"Evan Tobias","2026-09-27 00:52:22",2558.3,2,evantobias
150,16621163,john,"2026-09-26 21:32:50",2557.4,2,jaejohn
151,16731275,carbonapi,"2026-09-27 05:08:30",2557.3,2,nonempty
152,16759402,Capitaalgain,"2026-09-26 17:35:42",2555.3,2,capitaalgain
153,16798172,"Dmytro Maliarenko","2026-09-26 23:41:45",2553.6,2,arxitekton
154,16684202,Ignat,"2026-09-27 05:53:13",2553.4,2,ignatgotin
155,16700211,miya,"2026-09-27 06:12:42",2551.1,2,miyamuratakeki
156,16863959,Bông,"2026-09-27 06:42:21",2549.5,2,thangnm1
157,16669911,"Batuhan Ustun","2026-09-27 06:13:12",2546.8,2,batustun
158,16632327,"We wanna be tomatos","2026-09-27 08:24:10",2543.4,2,"behindkun,forrestxlz,konbu17,mechi22,midnqly"
159,16622349,"Mengfei Li","2026-09-27 05:07:46",2542.3,2,meli19
160,16730076,SJY321,"2026-09-25 19:16:09",2542.2,2,sjy321
161,16762319,"Shiji Zheng","2026-09-27 08:27:03",2542.1,2,"q20020006073,watcher996,zhengshiji"
162,16889691,"Evil Mango","2026-09-24 19:57:10",2541.6,2,"theevilpiggie,yangbai2026"
163,16656500,奶龙宝宝爱种田吖,"2026-09-27 06:15:49",2539.7,2,"a982295350,bertmacutata,blencanierice,dangzhiyuan,imoxzm"
164,16688159,"aildar &  slopernak & bobot","2026-09-26 23:44:36",2539.1,2,"eldarkhisamutdinov,mernak,vladimirbagmanov"
165,16897610,"in blue","2026-09-25 08:24:35",2538.0,2,bhatiji
166,16625908,trantrikien239,"2026-09-27 07:59:52",2537.9,2,trantrikien239
167,16806556,KyryloBakumenko,"2026-09-27 04:27:11",2537.8,2,kyrylobakumenko
168,16768065,"Gradient Grazing","2026-09-26 17:22:13",2537.3,2,adamhusein
169,16711376,"Arman Tuganbaev","2026-09-26 21:09:02",2536.9,2,armantuganbaev
170,16892288,"Omar Althobaiti","2026-09-25 23:47:36",2536.0,2,omarahmedalthbite
171,16645426,Jun_value,"2026-09-25 11:41:59",2535.3,2,junvalue
172,16736427,KouFu,"2026-09-27 07:05:07",2535.2,2,kouheif
173,16730946,"Bohann Wang","2026-09-25 09:11:47",2534.7,2,bohannnwang
174,16663649,"Akhil Chinta","2026-09-27 03:42:22",2531.8,2,akhilchinta1505
175,16641710,yjshyfy,"2026-09-26 13:43:23",2530.4,2,yjshyfy
176,16669935,"Roman Svet","2026-09-27 06:48:12",2529.6,2,romansvet
177,16677342,Fedor,"2026-09-26 14:17:16",2529.4,2,fedorchuprakov
178,16700204,"ZHOU HONGYI","2026-09-25 01:56:24",2528.9,2,zhouhyz
179,16622454,automatylicza,"2026-09-27 06:12:50",2528.9,2,automatylicza
180,16718138,Haalandspring,"2026-09-27 01:36:05",2528.5,2,haalandspring
181,16727171,yfy,"2026-09-26 12:57:10",2527.8,2,qwidndbdjss
182,16803103,hugghngkai,"2026-09-27 06:26:15",2524.3,2,hugghngkai
183,16705830,"Grim Reaper","2026-09-27 00:01:31",2523.0,2,fathomable
184,16630825,"Black Mamba Farm","2026-09-27 01:42:48",2522.7,2,"asherjyd,frankyhz,qizhiran,yukundu231100"
185,16717536,c0nrad,"2026-09-26 23:06:19",2522.4,2,stuartlarsen
186,16892357,easygame,"2026-09-24 09:48:46",2522.2,2,"kangqinyao,xinjunc"
187,16839983,hana87hana,"2026-09-27 00:51:07",2521.4,2,hana87hana
188,16940889,Yoshiki_Nakamura,"2026-09-26 09:08:43",2520.8,2,yakizakana629
189,16728910,Thai,"2026-09-27 08:28:29",2520.5,2,hnthai
190,16933749,ctree4113,"2026-09-27 01:55:17",2520.2,2,yitree
191,16758767,NSK_54,"2026-09-27 06:57:57",2519.9,2,"leon7archer,suvalex"
192,16675863,"Habib ullah","2026-09-27 06:41:34",2517.0,2,habibullah123456789
193,16641116,"Варим сельский самогон","2026-09-26 06:46:27",2516.8,2,"andrey4522,asimandia,darksteeldragon,evgeniyveselkov,ispromashka"
194,16654704,mandgeee,"2026-09-26 10:21:03",2514.5,2,mandgeee
195,16942171,mhw,"2026-09-27 03:34:49",2513.5,2,"matelong,wuyujc,yanghanxin"
196,16786126,"Max Bloom","2026-09-26 17:32:25",2513.4,2,maxbloom
197,16794090,Euphor_M,"2026-09-26 23:58:02",2511.8,2,euphor
198,16682494,Phi,"2026-09-26 15:51:31",2510.1,2,ajinomoto132
199,16632224,"No GPU","2026-09-27 02:20:26",2509.7,2,yamakawanin
200,16693534,HireMe,"2026-09-26 10:08:56",2509.5,2,junta1104
201,16664640,kaggricodex,"2026-09-27 03:50:44",2508.8,2,underestimated
202,16690805,"Alejandro Ayestaran","2026-09-24 00:55:13",2506.9,2,alejandroayestaran
203,16908623,42,"2026-09-27 06:30:51",2506.9,2,"ffy208,kefeiyan,yirenw11"
204,16656452,Kudo,"2026-09-27 07:11:25",2505.2,2,nguyenchicuong
205,16640048,"extra eclaire","2026-09-27 02:52:21",2504.4,2,"aeniminu,extraeclaire"
206,16923256,Rio,"2026-09-27 01:03:49",2503.9,2,ryosukehada
207,16709492,abozten,"2026-09-26 21:32:48",2502.9,2,abozten
208,16847812,tw1nstar,"2026-09-27 07:42:15",2502.8,2,"candaceward,supermanking,waekeee"
209,16795448,ultimatum_game,"2026-09-27 01:59:52",2502.7,2,"ultimatumgame,walrushero"
210,16854842,ijiiok,"2026-09-26 19:44:27",2501.2,2,ijiiok
211,16732696,naniwazu,"2026-09-27 03:25:28",2500.7,2,naniwazu
212,16946542,"Siyuan Wang","2026-09-26 13:21:45",2499.4,2,merlynwang
213,16913723,azamat1ch,"2026-09-26 14:21:20",2498.0,2,azamat1ch
214,16670569,Ezzzzzekki,"2026-09-26 19:02:45",2497.3,2,abdullahelzeki
215,16796370,Z-A,"2026-09-27 07:40:40",2496.4,2,"dfgtde,yuyizhu"
216,16696304,"Utkarsh #2","2026-09-26 07:05:14",2495.7,2,n0va007
217,16666977,"Tagir Analyzes","2026-09-27 07:57:03",2495.0,2,tagirkhairutdinov
218,16867734,SH11235,"2026-09-26 05:41:54",2494.9,2,sh11235
219,16892314,"Akshay #3","2026-09-25 22:26:26",2494.6,2,akshay1301
220,16795062,"Satoshi Nguyen","2026-09-26 05:34:23",2493.9,2,satoshinguyenai
221,16623746,Juyong,"2026-09-26 16:54:09",2493.8,2,kimdoong
222,16778340,NayuNayu,"2026-09-26 23:41:18",2493.6,2,nayunayu1005
223,16623459,"Peng Wang","2026-09-27 04:26:54",2492.6,2,pengwang91
224,16665224,tyz123456,"2026-09-27 06:53:30",2491.3,2,tyz123456
225,16867277,"Aura Farmer","2026-09-26 18:27:29",2490.0,2,oriolhinojocomellas
226,16917382,"Anand Singh","2026-09-27 06:02:44",2489.1,2,anandsingh8687
227,16623990,senkin13,"2026-09-27 06:57:39",2488.9,2,senkin13
228,16919131,"Argyris Anastopoulos","2026-09-27 08:28:04",2488.3,2,argyrisanastopoulos
229,16932366,"Mehrdad Naderi","2026-09-26 13:15:46",2487.8,2,mehrdadnaderi
230,16704247,WeAreFarmers,"2026-09-26 15:16:59",2486.5,2,gbmorris1
231,16811948,"xiao xiongwei","2026-09-27 00:52:15",2486.4,2,"huyang111,lixuefeng2336,sherikavotta,xiaofangzhangxfz,xiaoxiongwei"
232,16638651,Emre,"2026-09-27 07:47:15",2485.2,2,emre690
233,16681744,team_fn,"2026-09-26 08:21:33",2483.6,2,fjklmn
234,16885059,"Itikela Bhaskar","2026-09-27 02:54:33",2481.9,2,itikelabhaskar
235,16695567,tera358,"2026-09-27 03:12:06",2481.1,2,tera358
236,16696999,"HD h Joratos","2026-09-27 07:32:20",2480.5,2,hdhjoratos
237,16651332,"Le Viet","2026-09-26 14:04:30",2480.2,2,sleepyssr
238,16763274,vinceybb,"2026-09-27 06:08:22",2480.2,2,vinceybb
239,16861278,"Michael Pershin","2026-09-26 19:24:07",2480.0,2,michaelpershin
240,16852826,Phoenix750,"2026-09-25 11:48:05",2479.7,2,richardmaddox
241,16733176,Yakouu,"2026-09-26 18:49:06",2479.3,2,yakouu
242,16727266,Agricola,"2026-09-22 10:19:07",2479.2,2,ebisuya
243,16840212,anngle,"2026-09-27 05:34:54",2478.8,2,anngle
244,16655129,"Morylov Yehor","2026-09-25 19:51:58",2477.0,2,morylov
245,16717114,uninhibited-scholar,"2026-09-27 03:03:44",2475.1,2,uninhibitedscholar
246,16623449,"Ryo Takaki","2026-09-26 17:02:33",2473.8,2,ryotakaki
247,16833095,"ADARSH DWIVEDI","2026-09-25 11:41:22",2473.4,2,adarshcod
248,16944480,"Peihao Chen Caesar","2026-09-27 05:11:51",2472.5,2,peihaochencaesar
249,16777359,"AI Dmitrii","2026-09-25 06:15:54",2472.4,2,dmitriyulybin
250,16653303,open5,"2026-09-24 02:22:34",2471.3,2,"chen2yoimiya,huaidezhang,hyt1nn,wahuwahuwahu,zrurfa"
251,16910633,Shawn404,"2026-09-27 01:34:29",2471.1,2,shawn404
252,16946062,Dlyra,"2026-09-26 21:02:48",2470.4,2,tyronnaidoo
253,16623458,datnt114,"2026-09-26 12:46:43",2470.0,2,kingkong153
254,16623635,HiroyukiSasaki,"2026-09-27 01:36:48",2468.9,2,hiroyukisasaki815
255,16839458,"Agent 0","2026-09-26 16:52:51",2468.7,2,agent0
256,16777134,Tom&Jerry,"2026-09-26 12:51:24",2468.4,2,tomjerry101
257,16867799,"Chris Deotte","2026-09-26 21:19:56",2467.4,2,cdeotte
258,16851474,"HY ISHI","2026-09-27 04:37:23",2467.1,2,hyugaishioka
259,16760490,"nir afek","2026-09-27 03:04:10",2466.9,2,nirafek
260,16637597,venks,"2026-09-27 05:27:11",2466.3,2,vterli
261,16901814,pengurei,"2026-09-27 05:42:43",2464.7,2,pengurei
262,16674508,"Giulio Ravasio","2026-09-25 11:29:43",2464.6,2,giuliorav
263,16878458,"Sho Saga","2026-09-25 00:13:47",2464.4,2,shosaga
264,16764228,"Kaixi Zha","2026-09-27 07:00:36",2464.4,2,"huadutry,kaixizha"
265,16794730,Fanch,"2026-09-27 02:07:22",2463.9,2,fanch123
266,16883355,WebFarmers,"2026-09-26 17:59:46",2463.9,2,"axollo,dmitriiorel"
267,16739419,"misis biznessmenlb","2026-09-26 16:48:59",2463.8,2,"adilkhabibullin,bebra3222,daniilsergeevda,player77"
268,16945969,"Rushil Desai","2026-09-27 05:24:43",2463.7,2,rushildesai
269,16636536,tetsu2131,"2026-09-27 02:52:06",2462.5,2,tetsutani
270,16805949,Bigplanedoesnotflyfast,"2026-09-27 01:02:14",2462.2,2,ronav48902753425
271,16690338,dvv_ram,"2026-09-25 21:29:13",2462.0,2,ddvram
272,16652536,Satoshi_SsSs,"2026-09-26 11:52:29",2460.7,2,satoshissss
273,16936280,dev.asad67,"2026-09-26 10:00:51",2460.5,2,devasad67
274,16945978,"Grigor Sargsyan","2026-09-27 00:56:58",2460.2,2,grigorsargsyan
275,16880278,Kaggria,"2026-09-27 06:42:05",2460.0,2,"andyzhenlee,jiayi2627,mingyuechu,zhaoliangyuan"
276,16731443,"Arjun Vinod","2026-09-27 00:13:42",2460.0,2,arjun0014
277,16671588,"Keisuke & rererenore & Kifine","2026-09-26 17:37:18",2459.7,2,"keisukeueda,liaoyingxi,rererenore"
278,16709837,Sophinator,"2026-09-25 16:31:47",2458.1,2,sophinator
279,16851664,koucha,"2026-09-27 01:42:41",2457.4,2,momotakaaoki
280,16634246,just_calculate,"2026-09-25 22:51:58",2456.6,2,justcalculate
281,16867213,한밭대학교컴퓨터공학과정우민,"2026-09-26 12:46:51",2456.5,2,woominyo
282,16809263,"Bertan Pank","2026-09-26 22:53:07",2456.2,2,bertanpank
283,16756062,"Thomas #2","2026-09-27 04:50:07",2455.9,2,tommurakami
284,16658732,Olympus,"2026-09-27 07:38:38",2455.1,2,"jiseungwoo,peppersaltman"
285,16658044,"Roshan Singh","2026-09-22 21:43:31",2455.0,2,roshanavadheshsingh
286,16671163,"Suyash Verma","2026-09-26 20:17:30",2454.8,2,suyashdiamond1
287,16623716,"tetsuya & yuanzhe & guoqin","2026-09-27 02:31:03",2454.2,2,"guoqingu,tetsuya3510,yuanzhezhou"
288,16860784,xxxx0314,"2026-09-26 13:15:44",2453.9,2,"kirklandsan,xxxx0314,yunfeiyang223"
289,16778656,Aacceeo,"2026-09-27 04:44:33",2453.7,2,aacceeo
290,16753974,"David Goldrajch","2026-09-26 16:23:52",2453.7,2,elie2003
291,16812062,姜上（Integ）,"2026-09-27 01:59:59",2453.6,2,"borealis27,integjs"
292,16674961,"Ilya & Yurnero","2026-09-27 01:12:02",2453.5,2,"samson8,test7845"
293,16876865,LR.AIML,"2026-09-24 16:45:08",2453.3,2,"lucasgroot,robkraseu"
294,16621500,"Reinforcement Larping","2026-09-26 18:56:21",2453.2,2,"egortkachenko,timzagrebelny"
295,16923064,ryomac1,"2026-09-27 01:13:43",2453.1,2,ry1729
296,16784943,"Ian lin","2026-09-26 12:51:33",2453.1,2,ianlin310707
297,16709176,Efnutrrionpy,"2026-09-27 07:24:22",2451.6,2,efnutrrionpy
298,16654589,"Rishant Sharma","2026-09-27 05:24:35",2450.9,2,trishtan99
299,16940533,shikaikaikaikai,"2026-09-27 02:21:29",2450.7,2,shikaikaikaikai
300,16748382,shiiin9,"2026-09-26 11:38:49",2450.4,2,shiiin9
301,16762019,yukino,"2026-09-27 06:15:42",2449.8,2,"jifengjianhao666,mqingcs"
302,16621595,"Farmers From Punjab","2026-09-27 05:14:16",2448.7,2,alisalmanrana
303,16919599,yygg2026,"2026-09-27 03:04:05",2448.2,2,yygg2026
304,16752740,BorisV,"2026-09-27 06:55:38",2448.1,2,bvoskresenskii
305,16658554,Pai,"2026-09-26 15:18:42",2446.8,2,rajathrpai
306,16876126,1fan,"2026-09-26 18:13:20",2446.2,2,wurrfv
307,16823116,一路向北,"2026-09-27 07:49:20",2446.1,2,chronoscop
308,16741965,Ryuichi,"2026-09-27 08:12:11",2445.8,2,ryuichigt
309,16846677,涵哥,"2026-09-24 23:35:55",2445.7,2,jinfanhahaha1
310,16701258,ln,"2026-09-27 06:00:27",2445.0,2,"flentz,nazarov"
311,16922956,Richard6969,"2026-09-26 20:09:10",2444.8,2,lucaluo925
312,16661118,"Sirui Zeng","2026-09-25 01:12:30",2444.4,2,siruizeng
313,16749071,snc5656,"2026-09-27 04:58:39",2444.1,2,jamm1412
314,16783642,base_camp_2002,"2026-09-27 03:44:07",2443.5,2,basecamp2002
315,16752250,"Takahiro Katsumata (tkatsuma)","2026-09-26 22:05:28",2442.9,2,alextfkd
316,16687901,Khalid,"2026-09-27 00:01:29",2441.7,2,khalid000000
317,16672325,Ispagiytiy,"2026-09-27 01:57:02",2441.6,2,ispagiytiy
318,16690447,Supermercado,"2026-09-26 08:29:13",2441.5,2,ryotaaaaaa
319,16698661,"Albert Wang","2026-09-26 19:16:55",2441.4,2,mianwang1024
320,16662883,OceanMix,"2026-09-25 23:44:25",2441.1,2,"cggonzalezsc,fierus,liesvyvalladares"
321,16735744,老乡,"2026-09-26 09:21:37",2441.0,2,"hboyang,junjiezhou5100"
322,16910680,colum2131,"2026-09-27 04:04:26",2440.0,2,columbia2131
323,16626582,"Omer Faruk Merey","2026-09-24 14:56:12",2439.4,2,omerfarukmerey
324,16633190,Gigrise,"2026-09-25 05:41:17",2438.2,2,gigrais
325,16641884,Blacklions.,"2026-09-27 05:44:37",2437.6,2,"blacklions,llllllc666"
326,16665829,Shadowfishes,"2026-09-27 03:50:37",2437.2,2,"boandme,ronitagarwal1,shauryasahdev2"
327,16730719,Xiaowenhao404,"2026-09-27 07:16:09",2436.8,2,xiaowenhao404
328,16847222,charmq,"2026-09-27 03:28:20",2436.7,2,charmq
329,16730301,wonder777,"2026-09-27 05:30:46",2435.4,2,wonder777
330,16914744,哈基米南北路多,"2026-09-23 15:15:35",2434.7,2,"drlimingz,freakrk,liushunyao,perrinslutman,sayu1u"
331,16784164,Yaojinming,"2026-09-27 06:19:34",2434.4,2,yjm0905
332,16688896,"JianYuan Deng","2026-09-27 03:37:20",2434.0,2,"jiahewangggg,jianyuandeng"
333,16698999,Odyssey,"2026-09-27 06:20:19",2433.8,2,a1spirit
334,16937431,ekkkcz,"2026-09-26 11:02:32",2432.7,2,ekkkcz
335,16879127,lihaoruolhr,"2026-09-27 03:22:27",2432.6,2,lihaoruolhr
336,16730065,Blu3s,"2026-09-26 17:43:17",2432.4,2,"atteincueo,ausrine"
337,16941020,"Artur Markosyan","2026-09-25 12:59:07",2432.2,2,arturmarkosyan2
338,16716566,"Junliang Ye","2026-09-27 07:06:41",2432.1,2,junliangye
339,16798602,uns.t,"2026-09-27 05:55:30",2431.0,2,franksunp
340,16789903,"Netanel Keidar","2026-09-26 00:09:01",2431.0,2,netanelkeidar
341,16774701,@Suzumaru_1666,"2026-09-27 07:14:04",2430.6,2,suzumaru1666
342,16743240,yoshino,"2026-09-24 21:20:01",2430.2,2,shirayukiaya
343,16697891,KuziJA,"2026-09-27 01:51:48",2430.0,2,kuzija
344,16712189,"Kostiantyn Isaienkov","2026-09-26 23:34:17",2429.5,2,isaienkov
345,16638781,itsuki-data,"2026-09-26 17:05:06",2429.2,2,itsuki89
346,16835029,先过我的Gemini,"2026-09-27 01:55:50",2428.6,2,"gutssss,hangzheng1,ppsshh123"
347,16727182,FinalSunFlower,"2026-09-27 04:51:54",2427.9,2,"finalsunflower,wubingheng"
348,16745006,UjjwalPardeshi,"2026-09-26 23:03:59",2427.5,2,ujjwalpardeshi
349,16624934,"Haramball forever!","2026-09-25 09:38:41",2427.4,2,envyy23120093
350,16840447,"Suliman Tadros","2026-09-27 05:09:24",2426.6,2,sulimantadros
351,16640683,Jason-Oh,"2026-09-26 19:28:21",2426.3,2,dossantoss
352,16762208,CrazyML,"2026-09-27 07:12:50",2426.0,2,"janhvikhattri,sorcererbi,vedanshipathak"
353,16751061,L1a0JH,"2026-09-25 07:59:09",2425.3,2,coolkid14122
354,16665809,"Saravanan Jaichandaran","2026-09-27 04:04:22",2424.7,2,saranchandar
355,16626332,"MD. Nazmus Sakib Anik","2026-09-26 16:00:15",2424.7,2,beyondlogic
356,16666434,"JOSHNA ACSHA S 21CS","2026-09-27 06:51:44",2424.4,2,joshnaacshas21cs
357,16632240,Deepseek的恩情还不完,"2026-09-27 06:57:43",2424.2,2,"iwanys,pedianeko,realybin,theunforgiven7"
358,16741131,"Adarsh Balanolla","2026-09-27 02:17:44",2423.4,2,adarshreddyb
359,16769595,Rudra,"2026-09-27 04:28:43",2421.9,2,rudrabhaskar
360,16811949,PeterDreamHan,"2026-09-26 16:27:19",2421.7,2,"niuwh1004,peterdreamhan"
361,16701779,"Chaoqi Luo","2026-09-26 10:41:21",2421.7,2,chaoqiluo7
362,16625220,thisray,"2026-09-26 09:40:37",2421.5,2,thisray
363,16668564,"Rikito Kanda","2026-09-26 12:32:21",2421.4,2,rikitokanda
364,16633688,Ryo,"2026-09-26 16:53:53",2421.2,2,ryosukekurakami
365,16748476,sam_the_rice_cake,"2026-09-27 04:48:17",2420.5,2,"hash548,wliilamsam"
366,16829053,BigAngel,"2026-09-26 19:08:21",2419.9,2,kevin8093
367,16701768,darasty,"2026-09-27 02:21:38",2419.7,2,darasty
368,16842786,ScotLee08,"2026-09-27 03:30:35",2418.9,2,scotlee08
369,16710464,ns0329,"2026-09-25 08:55:47",2418.9,2,ns0329
370,16702547,Dean0016,"2026-09-27 06:42:23",2418.7,2,"ddcchh,dean0016,zureaaa"
371,16925604,"Fritz Cremer","2026-09-26 12:49:55",2418.0,2,fritzcremer
372,16639565,yasu,"2026-09-27 07:01:33",2417.9,2,yasutakababa
373,16773125,kuroko1t,"2026-09-25 16:49:59",2417.7,2,kuroko1t
374,16888885,"Rômulo Drumond","2026-09-27 01:40:04",2416.7,2,romulodrumond
375,16839986,"XIAO MA","2026-09-27 03:14:01",2416.4,2,linusm020311
376,16632612,Farmville,"2026-09-26 13:41:55",2416.1,2,rafaelfigueiredo13
377,16857676,"Justin Yang","2026-09-27 01:11:44",2415.7,2,zake7749
378,16668430,"john inan","2026-09-27 04:43:04",2415.6,2,johninan
379,16724366,"YASH JAIN","2026-09-27 07:01:42",2415.5,2,yashjain911
380,16762302,别ban我claude,"2026-09-27 08:03:57",2415.5,2,oxfffs
381,16860813,hirayuki,"2026-09-27 05:47:31",2415.2,2,hirayukis
382,16799428,hatata,"2026-09-25 04:14:32",2411.9,2,hatata3737
383,16630829,Ivan1625,"2026-09-27 05:25:31",2410.8,1,ivan1625
384,16707383,"codex is all you need","2026-09-27 05:51:07",2410.7,2,chizhu2018
385,16811313,Ta_____ko,"2026-09-25 23:36:35",2410.5,2,tako1249
386,16655505,Debmalya,"2026-09-27 07:39:13",2409.8,2,debmalya84
387,16854935,일필휘지,"2026-09-26 15:47:35",2409.7,2,tenkojun
388,16949661,Shs123,"2026-09-26 20:14:37",2409.3,2,shs123
389,16749520,"Andrey Tikhomirov","2026-09-26 23:59:02",2408.8,2,andreytikhomirov
390,16764089,UtaAzu,"2026-09-27 04:49:52",2408.2,2,utaazu
391,16732496,kanno,"2026-09-25 09:40:25",2407.2,2,kannomasaki
392,16908425,"Tagir Eminov","2026-09-27 00:28:47",2407.1,2,"tagireminov,timmass2"
393,16878119,Aryan.Ahl,"2026-09-25 08:14:19",2406.9,2,aryanahl
394,16819431,kkkk,"2026-09-26 13:50:17",2406.3,2,kkkk4649
395,16684748,"nailong alpha","2026-09-27 06:32:20",2406.3,2,"dejavucry,weiyun22021,yizhewong,yoruet,zekenos"
396,16749342,crasal,"2026-09-27 03:21:42",2405.2,2,crasal
397,16934847,yuuri,"2026-09-27 07:08:22",2404.8,2,yuuuuuuuuri
398,16663229,kakuteki,"2026-09-27 03:51:38",2404.7,2,kakuteki
399,16652710,Pilea55,"2026-09-26 16:03:18",2404.4,2,ryutogrrr
400,16769990,delai50,"2026-09-27 06:33:08",2404.1,2,delai50
401,16666442,"SHALWIN SANJU","2026-09-27 06:53:19",2403.5,2,shalwinsanju
402,16622121,xz,"2026-09-27 01:50:05",2403.4,2,xiaoz259
403,16766128,"Oleksandr Parfionov","2026-09-26 06:28:28",2402.5,2,parfyon
404,16876344,Hyunwoo_Park,"2026-09-26 03:05:53",2401.6,2,uts3125014010829
405,16827290,"Dhruvik Chauhan","2026-09-24 15:01:22",2400.9,2,dangptdawg
406,16634704,M.,"2026-09-27 04:55:05",2400.6,2,mahamhc
407,16737650,sime_saba,"2026-09-25 23:50:00",2399.8,2,watarukawashima
408,16918263,Ascent,"2026-09-26 21:36:55",2399.4,2,ishaangangwani
409,16811224,yuya,"2026-09-27 05:19:43",2399.1,2,yuomori
410,16757635,"Sridip Basu","2026-09-26 07:38:38",2399.1,2,sridipbasu
411,16718745,"Vishwamitra Mishra","2026-09-26 17:36:16",2398.4,2,vishwa007
412,16763897,BackFiring,"2026-09-26 23:54:25",2398.3,2,backfiring
413,16664266,"Ian Chung","2026-09-26 16:55:21",2398.3,2,iannnnn012345
414,16735094,RngRng,"2026-09-27 04:47:35",2398.2,2,rngrng
415,16748511,HarshPandey-yt-auto,"2026-09-26 16:06:57",2398.1,2,harshpandeyytauto
416,16660251,Yagawa,"2026-09-24 01:14:30",2398.1,2,yagawa
417,16920891,codex是我的鲸鱼,"2026-09-26 08:24:26",2397.7,2,renfei123456
418,16896203,Qx_qingxi,"2026-09-27 06:29:25",2397.1,2,yongqiangtian
419,16732507,怒破餓鬼,"2026-09-27 02:30:18",2396.5,2,"alcoholcat,makishis,ryutokeshi,yuinokogawa"
420,16660678,"Chaitanya Sonaje","2026-09-27 03:23:47",2395.8,2,chaitanya205
421,16762735,"Zenith Ye","2026-09-26 22:27:37",2395.3,2,zenithye
422,16843315,Talvenn,"2026-09-25 21:57:20",2395.1,2,talvenn
423,16934864,"Li Li","2026-09-27 00:00:12",2394.9,2,aikinogard
424,16931781,"shreyash kumar","2026-09-25 04:52:01",2394.5,2,shrreku
425,16623616,nasubiman,"2026-09-27 04:59:24",2394.2,2,yousukenakamura
426,16622567,"Georgy Mamarin","2026-09-25 01:25:51",2393.8,2,georgymamarin
427,16654158,Hack2Publish,"2026-09-27 06:52:44",2393.8,2,"esfersami50,foysalemonshanto,hosen42,rokaiyasomapti"
428,16797045,"Carl Pang","2026-09-24 20:38:19",2393.0,2,carlpang
429,16822071,"aisormo P.H","2026-09-24 00:38:23",2391.9,2,aisormoph
430,16806141,rode1234,"2026-09-27 02:20:35",2391.4,2,rode1234
431,16920251,otouhu,"2026-09-25 06:11:26",2390.8,2,"minera,toroochi"
432,16709967,Matsu,"2026-09-24 18:19:56",2389.2,2,matsuzawahayato
433,16810111,"Saket Singh","2026-09-24 18:51:13",2388.4,2,saketsingh9728
434,16930394,"civil 11","2026-09-27 04:24:20",2388.2,2,civil11
435,16765884,洛希边际,"2026-09-27 05:59:47",2388.1,2,"bxz2003,mingyue12318,thethirdsight"
436,16776793,"Guilherme Raiuga","2026-09-26 11:54:11",2387.2,2,guilhermeraiuga
437,16783265,"Xiangjiang Zhou","2026-09-27 07:30:03",2386.3,2,"lilysmi,llccqq624,qqqqwqq,xiangjiangzhou"
438,16712714,MiMi,"2026-09-23 03:19:07",2385.8,2,"frank0921,rickytsou"
439,16945973,e3k,"2026-09-26 07:13:34",2385.6,2,ekleezhya
440,16666784,"Michał Łapiński","2026-09-24 13:49:01",2385.5,2,michaapiski
441,16859757,"Nathan Jacob","2026-09-26 08:39:36",2385.0,2,nathanjacob
442,16664788,rian,"2026-09-27 02:58:27",2384.7,2,rian55
443,16658474,you,"2026-09-25 17:55:53",2383.5,2,"huyimin517517,touyouzhaji,wumingshi2006,zxinzzzz"
444,16742362,"AMANI DD","2026-09-26 13:37:07",2383.1,2,dkonan
445,16756764,"Alperen Aydın","2026-09-26 21:50:56",2382.8,2,alperen5252525
446,16936876,ZeroGrain,"2026-09-25 05:00:29",2382.5,2,"fengwenxu,liuhongyi2026,liyayay,ruihuang999"
447,16666365,yiyu0716,"2026-09-26 09:20:06",2382.2,2,"lugent,yiyu0716"
448,16732879,daulettoibazar,"2026-09-26 01:16:01",2382.1,2,daulettoibazar
449,16624309,jjamppongmandu,"2026-09-27 05:54:30",2380.9,2,"beckspeca,hihiimj,jjamppongmandu"
450,16860129,sonny_01,"2026-09-26 23:09:06",2380.9,2,sonnymupfuni01
451,16849053,z7777,"2026-09-26 12:51:57",2380.3,2,songqizhou
452,16651695,"Fried Chicken Lovers","2026-09-27 06:35:50",2379.9,2,"gwey1025,koushikrudra,kragglenote2forwork"
453,16640807,TS,"2026-09-27 06:48:39",2379.5,2,"macomacoo,milkcoffeen,takumi0220"
454,16896998,YehHua001,"2026-09-26 11:33:24",2378.5,2,yehhua001
455,16795070,"HKUST Random","2026-09-27 07:48:18",2378.1,2,siulungfan
456,16784217,MMN0222,"2026-09-25 17:04:03",2377.6,2,mmn0222
457,16857766,OmerZalman,"2026-09-25 23:43:27",2376.9,2,omerzalman
458,16638386,"Md Boktiar Mahbub Murad","2026-09-26 09:05:10",2376.0,2,mbmmurad
459,16732055,DASH村,"2026-09-25 20:27:54",2375.9,2,sobameshi
460,16741516,"Anh Tu","2026-09-26 19:51:49",2375.7,2,natcs98
461,16651157,StupidXie,"2026-09-26 14:13:19",2375.3,2,stupidxie
462,16860293,kobq,"2026-09-27 05:44:38",2375.1,2,kooobq
463,16632593,skomuro,"2026-09-26 12:03:25",2375.0,2,skomuro
464,16638918,"Nawap Bastola","2026-09-26 00:26:31",2374.9,2,nawapbastola
465,16690019,Around30,"2026-09-27 00:24:38",2374.7,2,"cyanspring,masahiromatsuda,sutesute000012"
466,16822602,haru0707,"2026-09-20 10:06:04",2374.6,2,"haru0707,kiduna"
467,16799934,auhulu,"2026-09-27 08:12:01",2374.4,2,auhulu
468,16891283,tofu1002,"2026-09-27 04:07:09",2374.0,2,tofu1002
469,16768236,Baligh,"2026-09-27 03:05:32",2373.3,2,balighmehrez
470,16730223,Ojaswy,"2026-09-25 12:58:36",2373.1,2,ojaswy
471,16845833,おかゆん,"2026-09-27 03:33:42",2372.2,2,okayun
472,16705523,"Brian Chua","2026-09-26 14:16:23",2371.4,2,chuazhengweibrian
473,16865070,carlos-tagosaku,"2026-09-25 12:55:42",2368.9,2,sousugiyama
474,16663614,Nevska,"2026-09-27 03:20:26",2368.4,2,nevska
475,16848396,ColorGram,"2026-09-25 12:41:54",2368.2,2,"colorgram,hagiwarashigechika,himihimi,s1300200"
476,16681927,"Dariush Afshar","2026-09-26 04:21:34",2367.1,2,dariushafshar
477,16681405,"Yusuke Hayashi","2026-09-26 16:23:21",2367.1,2,yhay81
478,16942014,"Raymond Parker","2026-09-26 11:58:26",2366.6,2,raymondparker
479,16689748,cheesytoasts,"2026-09-26 16:13:36",2366.1,2,cheesinnn
480,16630779,Jimmer,"2026-09-26 09:43:57",2364.0,2,przemysawonr
481,16804863,JezzLynn,"2026-09-27 00:19:59",2363.9,2,"fresnellll,jezzlin,zemengzero"
482,16946519,ShimonHori,"2026-09-27 04:00:00",2363.8,2,shimonhori
483,16936121,herens,"2026-09-26 09:17:17",2363.3,2,herens
484,16716335,JamesJJJJJ,"2026-09-26 15:39:54",2363.1,2,jamesjjjjj
485,16795844,Azamaro,"2026-09-26 08:37:12",2362.8,2,azamaro
486,16702590,"Aashka Kapadia","2026-09-27 07:54:00",2362.5,2,aashka
487,16756510,tongmian1314,"2026-09-26 09:39:26",2361.7,2,tongmian1314
488,16927831,Baimakanov,"2026-09-26 20:42:15",2360.8,2,baimakanov
489,16778178,kyosan,"2026-09-26 13:10:11",2360.3,2,"azizbekxasanov,dilyorbek"
490,16867601,tadashikato,"2026-09-27 02:52:28",2360.1,2,tadashikato
491,16872754,kitano0104,"2026-09-26 12:04:35",2358.1,2,"kitano0104,ryyymy"
492,16689844,IchikaHoshino,"2026-09-26 12:20:19",2357.7,2,htunkhi
493,16927409,ReD_MooN_rise,"2026-09-26 12:12:03",2357.6,2,"redmoonrise,yug0616"
494,16841108,"Sean Peppers","2026-09-26 22:31:58",2356.8,2,gagepeppers
495,16852728,"Ryuto Yoda","2026-09-27 02:24:28",2356.2,2,ryutoyoda
496,16870621,BobtheBot369,"2026-09-25 17:02:13",2355.5,2,bobthebot369
497,16736265,"Marko Rupnik","2026-09-26 15:39:02",2354.1,2,markorupnik
498,16653085,"haoran huang430","2026-09-27 02:10:35",2353.0,2,haoranhuang430
499,16745959,_demo,"2026-09-25 15:41:30",2352.6,2,fortunaterookie
500,16639871,"Aura Farming","2026-09-26 13:39:04",2351.6,2,"aghbalouanass,gauthieravite"
501,16635663,"Pascal Pfeiffer","2026-09-24 15:16:47",2351.4,2,ilu000
502,16872275,"Maciek Kiryla","2026-09-24 06:07:38",2351.2,2,doktorkelp
503,16639705,"Yuta Tomimasu","2026-09-27 00:07:22",2351.0,2,yutatomimasu
504,16679393,"Anvith Pothula","2026-09-26 00:16:33",2351.0,2,anvithpothula
505,16633507,"Happy Farm","2026-09-27 06:32:39",2350.8,2,"alexesn,c0ldzy,ivanvorfolomeev,semyonepanov"
506,16716431,m&m,"2026-09-27 02:05:25",2350.6,2,ntrlmt
507,16622459,"Munal Singh","2026-09-26 16:11:14",2350.0,2,munalsingh
508,16681369,GanadorPlusUltra,"2026-09-26 14:30:03",2349.2,2,ganadorplusultra
509,16664969,subsubsubagent,"2026-09-26 11:38:52",2349.1,2,"estrellasss,kingsley31,smithshine,wuliaoluis,xuteli"
510,16775378,TK256,"2026-09-26 19:21:07",2349.1,2,tk256ailab
511,16811868,luyinn,"2026-09-26 16:27:04",2348.6,2,luyinn
512,16757621,Kurokawa,"2026-09-27 05:26:23",2348.0,2,hiroshikurokawa
513,16743988,"Akhilesh Vinnakota","2026-09-26 04:20:38",2347.8,2,akhileshvinnakota
514,16811036,"farmin time","2026-09-26 22:06:03",2346.2,2,jaydenszeto123
515,16706892,Ko,"2026-09-27 08:41:50",2346.0,2,syurenuko
516,16816196,"Bianco Chiu","2026-09-27 03:04:36",2345.5,2,biancochiu
517,16671659,Jiang,"2026-09-25 10:48:42",2345.0,2,jncq2006
518,16715235,l1aF,"2026-09-26 14:42:54",2344.8,2,hhhoang
519,16674948,habe.sq,"2026-09-26 03:08:56",2343.9,2,habesq
520,16630804,4418,"2026-09-26 17:05:10",2343.6,2,"biohack44,merkiraz"
521,16848952,tubotu,"2026-09-26 12:44:35",2343.4,2,tubotu
522,16832316,"Tatu Helander","2026-09-26 20:24:23",2343.3,2,tatuhelander
523,16698366,Fateyongheng,"2026-09-27 02:11:39",2342.8,2,fateyongheng
524,16898049,"Alua Аkhmetkali","2026-09-26 07:46:37",2342.7,2,alua01
525,16796238,"Zhongyi Dai","2026-09-27 06:02:33",2342.4,2,zhongyidai
526,16668167,sottnik,"2026-09-26 16:22:19",2342.0,2,sottnik
527,16780455,wadigongren,"2026-09-24 16:23:24",2342.0,2,wadigongren
528,16811605,"Ryu Sonoda","2026-09-27 01:30:08",2341.9,2,ryusonoda
529,16945684,watanabe_sengyo,"2026-09-25 09:37:37",2341.8,2,watanabesengyo
530,16743218,RYUSHI,"2026-09-27 08:13:09",2341.4,2,ryushisa
531,16792681,"MISIS loss volos","2026-09-26 15:41:02",2341.3,2,"bryxosmmm,mors1337"
532,16796241,"pavan rajr","2026-09-26 20:52:18",2341.1,2,pavanrajr
533,16666566,"Rairo Mukamuri","2026-09-26 09:22:15",2340.8,2,thetraveller
534,16756411,"Maximo Uribarri","2026-09-26 09:27:13",2340.7,2,maximouribarri
535,16662914,"Apollo's cattles","2026-09-27 08:19:21",2340.6,2,"icr007,kennethlie16,romanrozen"
536,16832209,enduejdu,"2026-09-27 04:58:16",2340.3,2,"cliff376,enduejdu,vvennie,yuwenyue"
537,16629624,"Sayandeep Ghosh","2026-09-27 07:21:20",2338.1,2,sayandeepghosh
538,16744573,"Oleksandr Kovalchuk","2026-09-25 08:29:24",2337.8,2,oleksandrkovalchuk
539,16738626,李BCDEFGA,"2026-09-26 00:50:41",2337.5,2,"bcdefga,fengzhaofan,quzehao12"
540,16878533,HayatoFujihara,"2026-09-26 12:38:06",2337.5,2,hayatofujihara
541,16691038,"animal crossing","2026-09-27 00:25:14",2337.4,2,hoonchoonc
542,16674831,"nk for work","2026-09-27 08:08:04",2337.2,2,nkforwork
543,16794536,HirokiTaniai,"2026-09-26 10:37:05",2337.1,2,nyokinyoki
544,16690353,b13902103_yuhung94,"2026-09-22 02:00:14",2336.6,2,yuhung94
545,16833013,"Tariq Alyami","2026-09-27 05:19:14",2334.6,2,tariqalyami
546,16689183,Hawksartelier,"2026-09-27 08:41:13",2334.1,2,satyapb2002
547,16848479,nilochan,"2026-09-27 04:34:02",2333.2,2,nilochan
548,16947730,"青葉 涼風","2026-09-26 10:17:54",2333.1,2,suzukaze
549,16865424,"clove instalocker","2026-09-26 07:12:17",2332.1,2,fluorescencexe
550,16688787,Fih,"2026-09-26 19:23:59",2331.1,2,vencerlanz09
551,16751828,"E. Honda","2026-09-27 00:01:05",2329.4,2,toseihatori
552,16864016,"Setu Chokshi","2026-09-24 15:06:01",2329.2,2,setuch
553,16684620,kobayasi,"2026-09-27 03:09:52",2328.9,2,"boomvector,tatsuokoshida"
554,16846010,muelsyse111,"2026-09-27 07:32:10",2327.5,2,"muelsyse111,zltrqn"
555,16693962,"Changyuan Chen","2026-09-26 22:37:47",2327.1,2,changyuanchenmit
556,16769411,Beyond,"2026-09-26 19:00:56",2326.3,2,themanysh
557,16932323,Matt,"2026-09-27 04:40:20",2326.0,2,mclouter
558,16740996,ikevayansky,"2026-09-27 04:14:55",2325.6,2,ikevayansky
559,16928701,gt50,"2026-09-27 07:13:23",2325.5,2,shawnqjackson
560,16653385,"Vasilii Buzmakov","2026-09-25 11:36:28",2324.4,2,vasiliibuzmakov
561,16808905,"Yusaku Muroya","2026-09-27 06:16:47",2323.3,2,ymuroya47
562,16732292,takaygiiiiiiii,"2026-09-26 09:22:42",2323.3,2,takaygiiiiiiii
563,16683936,Cyrus,"2026-09-26 21:29:18",2322.9,2,jamalsaeedi
564,16699165,lime0001,"2026-09-27 02:19:16",2322.9,2,lime0001
565,16847189,"porosyonok Beib","2026-09-26 19:14:35",2321.9,2,rocinantt
566,16664760,SN,"2026-09-25 22:07:29",2321.8,2,spirosnianiaras
567,16761593,Azathoth,"2026-09-27 08:01:11",2321.7,2,stsaasts
568,16799045,qq牧场,"2026-09-26 10:55:34",2321.5,2,"goodchen145,sir2026,zhaosir2026"
569,16652079,Infill,"2026-09-26 15:53:15",2321.3,2,infill
570,16877834,playboicarti,"2026-09-26 23:03:57",2320.7,2,playb0icarti
571,16655277,GUAM,"2026-09-27 07:19:10",2320.6,2,"analyticaobscura,jeongminlee92,kmmmvs,wnmgrn"
572,16770089,ouga,"2026-09-24 19:16:52",2320.6,2,ouga1shizawa
573,16731803,JYShane,"2026-09-26 12:52:58",2319.4,2,jyshane
574,16941779,"Michael Jordan","2026-09-27 05:58:56",2319.3,2,m1chaeljordan
575,16707467,kay.liechtenstein,"2026-09-26 20:30:59",2319.1,2,kayliechtenstein
576,16672315,CemBas,"2026-09-27 03:55:09",2319.0,2,cembas
577,16707144,Kirderf,"2026-09-26 19:14:43",2318.8,2,kirderf
578,16652659,Eos,"2026-09-27 05:42:46",2318.8,2,vvickeyy
579,16905243,Nyassy,"2026-09-26 19:42:54",2318.2,2,ka4869
580,16628897,"Kyoungwon Jeong","2026-09-27 07:10:16",2317.5,2,kyoungwonjeong
581,16740419,IamDiganta.7,"2026-09-27 05:15:39",2316.8,2,iamdiganta7
582,16639418,"Oleksii Zhukov","2026-09-27 00:03:02",2316.1,2,zhukovoleksiy
583,16801351,デワンシュ,"2026-09-27 07:35:05",2315.7,2,shade012
584,16639155,"Arturo Gutiérrez Aguilar","2026-09-27 00:06:15",2315.5,2,jarturo
585,16786382,hylexi,"2026-09-26 16:06:50",2315.4,2,hylexi
586,16677810,"Maksim Borisov","2026-09-27 00:58:34",2315.3,2,ma4ypic4y
587,16921800,tmcoder,"2026-09-27 02:51:02",2315.2,2,tm0428
588,16853894,"Ilya Usmanov","2026-09-24 21:00:05",2314.2,2,"ilyausmanov,kolesnikovia,makskhan"
589,16661702,"Chattso-GPT (Yasuhito Yanagisawa)","2026-09-27 05:19:17",2313.7,2,yasuhitoyanagisawa
590,16784401,east,"2026-09-27 07:02:58",2313.7,2,eastxe
591,16793340,bee_lx_xl,"2026-09-26 14:06:12",2313.7,2,beelxxl
592,16639550,data_gardening_club,"2026-09-26 22:55:39",2313.4,2,"hideyochiba,mitsuaccessjam"
593,16622376,fmind,"2026-09-26 07:45:34",2313.2,2,freaxmind
594,16926921,"Ruslan Kovychev","2026-09-24 10:48:23",2312.9,2,ruslankovychev
595,16735539,"Joe Muller","2026-09-27 05:04:25",2312.5,2,joemuller
596,16769059,Gabriel,"2026-09-21 22:52:34",2312.0,2,"shawsebastian,tvtdddd"
597,16644303,"kevin zhou","2026-09-26 03:34:27",2311.9,2,kevinzhou66
598,16721980,pend_ts19,"2026-09-25 07:22:33",2311.1,2,pendts19
599,16848956,"HadBoumoussa's Farm 🌾","2026-09-26 14:24:28",2311.0,2,hkassimi
600,16728084,iwance,"2026-09-26 18:12:13",2310.5,2,iwance
601,16839530,"que la cuenten como quieran","2026-09-24 00:12:42",2310.0,2,germanjurado1
602,16662833,"umair zia","2026-09-27 04:07:52",2309.8,2,aimerscoding
603,16854059,"Gökmen KÜÇÜKAYDIN","2026-09-26 16:57:20",2309.6,2,gkmenkkaydin
604,16790660,suk1yak1,"2026-09-27 08:08:19",2309.3,2,suk1yak1
605,16945162,"Farm Hullabaloo","2026-09-26 07:00:09",2306.8,2,nids21s
606,16764459,在高速上逆行是危险的,"2026-09-25 17:32:14",2306.6,2,"chaojiwudiwujie,qianxiang123"
607,16677938,"Hajime Tamura","2026-09-27 02:54:53",2306.4,2,thajime
608,16923238,Jaga,"2026-09-27 02:58:17",2306.2,2,skntbass
609,16641751,Hikari_30,"2026-09-25 12:02:41",2306.0,2,hikari30
610,16754112,"rhythm master","2026-09-27 04:28:25",2305.9,2,"lukaswong,nairurga,vincent19543,zaynedong"
611,16937871,"Rashid Khazeiynasab","2026-09-26 22:23:44",2305.5,2,rashidel1988
612,16623974,Canon,"2026-09-27 06:21:06",2304.9,2,sotakurihara1
613,16944396,Monruho,"2026-09-27 07:56:49",2304.7,2,monruho
614,16632743,"Krizsó Gergely","2026-09-27 07:41:48",2304.3,2,lucifer19
615,16746025,Hamachi,"2026-09-27 03:12:42",2304.0,2,hamatz
616,16622338,github/shepsci/kaggle-skill,"2026-09-27 03:32:35",2302.0,2,shepscientific
617,16629033,"Igor V","2026-09-27 08:44:38",2301.8,2,rostigor
618,16759037,Yuyannnn,"2026-09-25 01:28:39",2301.5,2,yuyannnn
619,16668737,"Abish Pius","2026-09-26 14:39:38",2301.3,2,abishpius
620,16944151,kkogai,"2026-09-27 04:52:50",2300.5,2,kkogai
621,16674353,"Lakshmanan R","2026-09-27 07:25:37",2299.1,2,lakshmanankumar02
622,16854869,Ibar-Aki,"2026-09-25 17:59:19",2297.6,2,akicolor
623,16942819,Mositaku,"2026-09-27 06:27:26",2297.5,2,versavice
624,16806882,"Friedhelm Winter","2026-09-26 18:27:47",2297.0,2,friedhelmwinter
625,16670967,"Ne ML Clan","2026-09-26 22:46:36",2296.9,2,"al55522me,egoregors,sirgauda,vladmazeev"
626,16777710,"Clement Lau","2026-09-27 06:31:14",2296.6,2,clementlau
627,16622898,"sbol ball","2026-09-25 13:32:20",2296.2,2,"linearbasis,maksimkostritsya"
628,16711398,"Claude Fable 5.1","2026-09-27 00:27:58",2296.0,2,chenxizhao21
629,16747306,"Yasasvi Josyula","2026-09-25 22:33:57",2295.2,2,yasasvijosyula
630,16779564,oycr,"2026-09-26 10:07:35",2295.1,2,"oyxiaobai159,wdt124"
631,16793080,"Lonan Syayf","2026-09-26 14:17:55",2293.0,2,lonansyayf
632,16660988,"AI After Hours","2026-09-27 08:11:57",2292.7,2,"akshaythammana,mmehersaipreetam"
633,16756891,T.Uehira,"2026-09-27 07:05:10",2292.5,2,tuehira
634,16859815,alcanta,"2026-09-27 07:38:38",2292.5,2,ccotiuga
635,16789745,LoveLetter,"2026-09-27 03:53:00",2291.9,2,arthasmenethil
636,16926787,"Владислав Ковкін","2026-09-25 14:26:15",2291.8,2,vladyslavkovkin
637,16847412,SuzukiKazuma,"2026-09-26 03:59:46",2291.2,2,suzukikazuma
638,16811467,Raster0x2a,"2026-09-27 07:02:07",2289.2,2,raster0x2a
639,16664232,"Eddy Despradel","2026-09-27 04:48:40",2288.6,2,eddydespradel
640,16784561,"Rodrigo Ramón","2026-09-24 07:59:35",2288.1,2,rodrigoramn
641,16730706,flaty,"2026-09-26 21:35:08",2288.0,2,flat831
642,16885498,farmhouse,"2026-09-27 06:23:02",2287.1,2,tomoyayanagi
643,16654076,"Son Pham","2026-09-26 12:51:24",2286.5,2,sonphamorg
644,16695046,"摆烂小分队 🏆","2026-09-27 08:10:12",2286.5,2,"aurax7,coolinlai,davidsarrat,pseree,zongzishuang"
645,16706185,"Bab Kek","2026-09-25 07:34:58",2285.6,2,babkek
646,16657316,只因队,"2026-09-26 14:21:50",2285.5,2,"jasonxusk,mingkangyan,no13ody,renmin517"
647,16642139,"Arnav Goel","2026-09-24 17:08:31",2285.3,2,arnavgoel17
648,16781445,"𝕯𝖊𝖔𝖉𝖎𝖒𝖘 & 𝕮𝖔","2026-09-26 14:31:23",2285.3,2,odimdavidchukwuemeka
649,16683288,HuaLQin,"2026-09-26 22:10:06",2285.3,2,hualqin
650,16659870,"Tien N.","2026-09-27 04:21:33",2285.2,2,tientrum
651,16623488,"Kevin E R MILLE","2026-09-26 19:28:21",2283.6,2,kevinermille
652,16623877,Chikuwabu,"2026-09-27 06:28:20",2282.1,2,prgckwb
653,16885561,goodpjw2008,"2026-09-27 03:51:44",2281.9,2,goodpjw2008
654,16723955,chunsuri,"2026-09-26 07:13:55",2281.8,2,chunsuri
655,16946558,Kamilek,"2026-09-27 04:19:45",2281.7,2,kamillek
656,16731270,"Arthurs Torres24","2026-09-26 04:16:52",2281.4,2,arthurstorres24
657,16750314,Captainuknow,"2026-09-27 08:15:34",2281.2,2,captainuknow
658,16832185,"MILANA STARR","2026-09-26 05:08:32",2280.0,2,andrewchist
659,16870986,Taeyang,"2026-09-27 06:54:12",2279.2,2,"lucas040,taeyangg4,xox787,yw8837"
660,16659081,"JALKARNA GAUTAM","2026-09-27 00:58:06",2278.7,2,jalkarnagautam
661,16867132,"Dilara Adıgüzel","2026-09-24 21:41:35",2278.6,2,dilaraadgzel
662,16659627,"Lam Dang","2026-09-26 14:55:39",2278.4,2,lamdang
663,16669926,Jince,"2026-09-27 07:28:14",2277.5,2,jincesaju
664,16938473,bansalis,"2026-09-26 21:57:00",2276.9,2,ishanbansal1
665,16881250,"Enes Altunbaş","2026-09-25 21:02:53",2276.9,2,enesaltunba
666,16740361,"Suba S","2026-09-24 19:18:42",2276.7,2,jupiter79
667,16837491,takaito,"2026-09-27 06:33:18",2276.0,2,takaito
668,16775076,hiros,"2026-09-27 07:18:54",2275.7,2,hiroshige1
669,16894895,Talented_Eggs,"2026-09-27 03:28:40",2275.4,2,"kangmingpeng,kinghuang123,qiandongxie666,yyhm666"
670,16700919,Anubisyy,"2026-09-27 07:27:13",2275.2,2,anubisyy
671,16769836,weense,"2026-09-27 02:47:32",2275.1,2,weense
672,16730673,"John Doge","2026-09-26 19:35:45",2274.8,2,spacedoge
673,16738424,Yunioshi,"2026-09-27 07:22:50",2273.7,2,yunioshi
674,16813655,c_fxy,"2026-09-27 08:41:36",2273.7,2,cfxyai
675,16678693,"Maher el Ouahabi","2026-09-27 08:05:55",2273.6,2,maherelouahabi
676,16841026,"Max Power","2026-09-26 02:20:30",2273.3,2,markbarney
677,16903852,maoxin123,"2026-09-27 03:33:28",2272.7,2,maoxin123
678,16732857,Rojiomote,"2026-09-27 06:44:39",2272.5,2,rojiomote
679,16621481,"zero waste","2026-09-26 11:51:16",2272.4,2,chinnaphatkhun
680,16709905,Rospel,"2026-09-27 03:11:23",2272.0,2,rospel
681,16745761,mitomeat823,"2026-09-26 18:49:26",2270.3,2,mitomeat823
682,16805244,nari,"2026-09-26 13:51:20",2269.6,2,shoheiyoshinari
683,16663867,"Stephen Schott","2026-09-25 12:09:34",2269.1,2,steve421471
684,16926937,"Romuald Delene","2026-09-24 13:41:36",2269.1,2,romualddelene
685,16645596,Kosakunin,"2026-09-27 02:40:30",2268.5,2,yugoawawa
686,16655199,"Alexander Ulrich","2026-09-24 05:32:03",2268.1,2,alexanderulrich01
687,16760241,"Collin Christensen","2026-09-25 18:20:48",2268.0,2,cchristens
688,16890669,"Fuchun Wang","2026-09-24 09:10:01",2267.7,2,wangfuchunag
689,16663818,"Mike Mordetsky","2026-09-27 04:27:50",2267.4,2,mikemordetsky
690,16757253,ZEE,"2026-09-26 16:07:24",2267.4,2,randyzhang666
691,16910137,imissher,"2026-09-26 23:41:29",2267.2,2,tule12345
692,16935434,chumajin,"2026-09-27 05:04:23",2267.1,2,chumajin
693,16669650,motono0223,"2026-09-21 15:42:07",2266.9,2,motono0223
694,16730675,"🦊Farm Fox🦊","2026-09-27 05:58:55",2266.3,2,soutasakurai
695,16664132,kojingbo,"2026-09-27 03:53:29",2266.1,2,kojingbo
696,16770229,"shivam kanojia","2026-09-26 15:36:46",2264.8,2,shivamkanojia1
697,16661570,"sissoko cheick","2026-09-27 04:08:22",2264.6,2,sissokocheick
698,16697266,"Top 1 🏆","2026-09-27 05:22:26",2264.3,2,"fahankaudeer,solirus,syntaxprnv,udhaykumarsujeebun"
699,16734580,shyjin,"2026-09-27 04:22:51",2263.6,2,shyjin
700,16626732,islet,"2026-09-27 02:51:20",2263.4,2,kojimar
701,16762289,NineThree,"2026-09-27 07:05:08",2262.4,2,xiaoazuzong
702,16624276,MKGA,"2026-09-27 00:52:55",2262.2,2,"horizen12,zejunfool"
703,16663264,Adarsh,"2026-09-27 06:09:37",2262.2,2,madarshbb
704,16726287,BBaRRel.,"2026-09-26 13:26:34",2262.1,2,yujinkk0609
705,16732774,edchax,"2026-09-25 19:05:56",2261.8,2,"edchax,kevinkoza,slirche"
706,16889906,kerlgd,"2026-09-26 13:36:35",2261.4,2,"kerlgd,kernlst92,laatentia,plasmoryx"
707,16670032,Kenjo1209,"2026-09-26 20:13:11",2260.7,2,kenjo1209
708,16791943,tamref,"2026-09-27 04:51:44",2260.6,2,tamreff3290
709,16949818,MachineLearner,"2026-09-27 00:42:31",2259.2,2,anesabbad
710,16635108,"cabbage corp","2026-09-27 07:30:57",2258.9,2,"kagglercs,phoenix0501"
711,16632157,"福原 大知","2026-09-26 11:55:50",2258.8,2,fxxyfox
712,16633341,Hak,"2026-09-27 05:50:06",2258.1,2,hakdevelopment
713,16858228,doubao,"2026-09-26 05:48:07",2257.9,2,"erhankangyan,yuanlili123321"
714,16663783,WBF_USA_NYC,"2026-09-26 22:55:05",2257.6,2,wbfranci
715,16848633,umizora,"2026-09-27 00:07:08",2257.4,2,yoiisohira
716,16786341,"Farmula One","2026-09-27 05:14:00",2257.1,2,"joesland,mer4yyy,ricaaaovo,zhangxingzhe"
717,16889791,JinboWang,"2026-09-24 06:26:31",2256.8,2,jinbowang1
718,16670229,Munshi-PremChand,"2026-09-26 04:34:03",2256.2,2,munshipremchand
719,16938111,barbosi,"2026-09-27 07:59:09",2256.2,2,"despairdr,tupperq"
720,16723301,mayukistarry,"2026-09-25 15:41:28",2255.9,2,mayukistarry
721,16655922,kusui26,"2026-09-24 21:55:52",2255.7,2,kusui26
722,16734498,kazuhiro3381,"2026-09-27 06:42:03",2255.7,2,kazuhiro3381
723,16634765,democatXamer,"2026-09-27 08:10:22",2255.4,2,w1326627677
724,16733766,Paarthpowa,"2026-09-25 11:47:49",2254.9,2,paarthpowa
725,16641536,"Michael Timbs","2026-09-26 13:59:52",2254.7,2,michaeltimbs
726,16804768,Chaos,"2026-09-27 06:54:52",2254.6,2,hcfighting
727,16861362,我小栗帽要娶藤正进行曲！！！💍,"2026-09-27 05:22:48",2254.2,2,"praveensahukari,rubiakaslana"
728,16908263,Paing,"2026-09-26 15:07:02",2253.9,2,painghtetsw
729,16671092,"tomohito shimura","2026-09-27 03:48:56",2253.1,2,tomohitoshimura
730,16864919,ujimaa,"2026-09-26 20:22:22",2252.1,2,ujimaa
731,16639263,Yam,"2026-09-27 05:56:08",2251.8,2,minyam
732,16822519,Lunospital,"2026-09-27 01:59:51",2251.6,2,lunospital
733,16655383,MtN,"2026-09-27 03:29:46",2250.7,2,mariotrsn
734,16936328,JerryChen,"2026-09-27 03:26:04",2250.1,2,horse602
735,16892257,ShadowMist01,"2026-09-27 05:36:30",2250.1,2,shadowmist01
736,16666805,Kaggs,"2026-09-25 17:07:11",2249.8,2,ayush21042004
737,16697767,"Teddy Tennant","2026-09-27 04:28:58",2248.3,2,thtennant
738,16662041,"Sarah Ng","2026-09-23 10:18:01",2247.9,2,thunguyen1510
739,16896572,latentm,"2026-09-26 12:30:30",2247.3,2,"latentm,quannt9,xanvior,xeloria"
740,16687294,"Madiyar Khamzanov","2026-09-24 20:01:23",2247.2,2,mkhamzanov
741,16933535,Binbin022,"2026-09-25 08:27:58",2246.5,2,binbin022
742,16908829,Terremoto,"2026-09-25 00:16:14",2246.2,2,alfredoachondo
743,16713262,"Seyit kaan Gunes","2026-09-26 19:01:22",2244.7,2,seyitkaangunes
744,16717440,"farm pt","2026-09-26 22:11:51",2244.6,2,"gunianxue,marisyn,muran169633"
745,16793039,"Carson Rodrigues","2026-09-27 07:38:55",2244.3,2,carsonrodrigues
746,16668168,"Desh ke Mitron","2026-09-26 13:47:30",2244.0,2,"asce09,attiraina,hashlord"
747,16802535,"To be happy","2026-09-26 03:46:58",2244.0,2,yaokaixinya123
748,16778012,俺是耕田哩,"2026-09-27 05:13:51",2243.6,2,tianzhenggao
749,16922419,"Md Abu Saif","2026-09-25 18:58:38",2243.3,2,mdabusaif48
750,16669256,Shivam_2212,"2026-09-27 06:02:00",2243.0,2,shivam2212
751,16667774,"Ziad EL ARARI","2026-09-26 16:18:21",2242.9,2,ziadelarari
752,16775350,"Sourabh Nirwanevht","2026-09-27 07:08:02",2241.9,2,"sourabhnirwanevht,yanggod"
753,16867671,Abhinav0370,"2026-09-26 16:03:44",2241.7,2,abhinav0370
754,16689154,CrossEngineered,"2026-09-27 08:29:25",2241.2,2,"danyalsahin1,gkenurk"
755,16923012,"jiggly buns","2026-09-25 13:02:29",2240.8,2,sellside
756,16655610,GPTatoes,"2026-09-27 05:54:00",2240.6,2,"angran,kaixuanosmas"
757,16726461,mocatti,"2026-09-26 11:08:33",2240.1,2,mocatti
758,16623524,"Marcus Vinicius","2026-09-27 01:58:05",2239.4,2,marcux777
759,16885261,sdy623,"2026-09-27 06:21:23",2239.2,2,jaxa623
760,16879199,Back,"2026-09-26 01:56:39",2239.2,2,back2525
761,16719758,pangzi233,"2026-09-27 05:27:53",2238.0,2,pangzi233
762,16632291,"alex chilton","2026-09-24 08:14:35",2237.6,2,alexchilton
763,16872204,"Nguyễn Trần Thanh Bình","2026-09-25 15:05:16",2236.9,2,nguyntrnthanhbnh
764,16771623,kekuru,"2026-09-26 05:19:40",2236.8,2,soyaishihara
765,16632119,nickyl,"2026-09-27 08:34:55",2236.2,2,nickyjliang
766,16623466,len8487,"2026-09-27 01:02:51",2235.7,2,len8487
767,16705659,"srijan k.r keshri","2026-09-25 22:45:59",2235.6,2,srijankrkeshri
768,16768603,Kinance,"2026-09-26 02:56:09",2235.6,2,kinance
769,16753567,wangkxu,"2026-09-23 06:26:47",2235.5,2,davics
770,16693215,"Izzoudine Mohamed KANTA","2026-09-27 05:35:26",2235.1,2,izzoudeenkanta
771,16841335,abondrn,"2026-09-26 19:51:47",2234.9,2,abondrn
772,16670948,wally0593,"2026-09-27 05:54:34",2234.9,2,wally0593
773,16935560,南山3G战神,"2026-09-25 03:48:53",2234.5,2,"dongxinwan,jyo5200,linkenfaqiu8290,vincent8491,wxh20031103"
774,16654091,webmaking,"2026-09-22 04:36:19",2234.4,2,webmaking
775,16637546,Forrest,"2026-09-25 04:14:01",2234.2,2,yinxiaogang
776,16806206,"Yuan Yongth","2026-09-26 21:08:09",2233.9,2,"sunnylzheng,yuanyongth"
777,16941479,karttikjangid05,"2026-09-26 19:50:09",2233.5,2,karttikjangid05
778,16674949,"Lev Neganov","2026-09-27 00:07:06",2233.5,2,levoel
779,16758316,"Roy Lo TW","2026-09-26 08:21:59",2232.9,2,roylotw
780,16834038,"Akio Furutsuka","2026-09-26 13:32:02",2232.5,2,akiofurutsuka
781,16761293,cha7ura,"2026-09-26 19:13:26",2232.1,2,cha7ura
782,16917270,kaibaur,"2026-09-26 20:04:22",2231.7,2,kaibaur
783,16809820,"Pramit Das","2026-09-26 18:14:01",2230.7,2,pramitdas
784,16633212,goosehaaan,"2026-09-25 03:51:02",2230.3,2,goosehaaan
785,16639969,"Sheep Are All You need","2026-09-26 03:23:24",2229.9,2,aliyelbekov
786,16843082,"Mohmed Hafez","2026-09-27 05:25:00",2229.4,2,mohmedatya
787,16731605,datatuu,"2026-09-26 12:31:53",2229.4,2,yaoguang516
788,16750779,"Mao Nishino (mao1756)","2026-09-27 02:12:01",2229.1,2,maonishinomao1756
789,16756492,satokato,"2026-09-26 23:32:26",2228.2,2,satokato
790,16663271,"Malyshev Danil","2026-09-26 16:06:03",2228.1,2,"corgisamoyed,malyshevdanil"
791,16941047,"RUSHMANTH NALLURI","2026-09-24 00:07:09",2227.7,2,rushmanthnalluri
792,16630380,JM,"2026-09-27 00:24:18",2227.5,2,julianmukaj
793,16664360,"Rohan L","2026-09-24 13:38:10",2227.3,2,rohanlopes
794,16688217,"The Grower","2026-09-26 11:30:15",2226.9,2,vigneshsankar1962
795,16842828,"Smiley Flour","2026-09-26 17:55:27",2226.6,2,"ddlinh212,nguyenvlm"
796,16751152,"Andrew Reed","2026-09-27 02:53:26",2225.6,2,andrewreed
797,16865470,J.Moriuchi,"2026-09-26 12:18:14",2225.4,2,hesoponyo
798,16924916,Teraya,"2026-09-26 07:04:40",2225.3,2,yuyaterasawa
799,16644160,"Saravana Rajan B","2026-09-26 15:27:15",2224.1,2,saravanarajanb
800,16694016,"Prajwal M","2026-09-26 12:57:21",2224.0,2,estrick
801,16919139,SynthReaper,"2026-09-26 19:53:59",2223.9,2,synthreaper
802,16665134,edteoh,"2026-09-27 01:29:55",2223.1,2,edteoh
803,16642662,CdeTilly,"2026-09-26 13:41:35",2223.0,2,cdetilly
804,16881395,nikotin55,"2026-09-27 06:57:37",2221.8,2,"isaevsemyon,nikotin55,remihrf"
805,16671306,Yeswanthperni,"2026-09-26 20:57:16",2221.2,2,"tanvicaaa,yeswanthperni"
806,16790432,"Field General","2026-09-25 15:26:10",2220.9,2,kevinarvai
807,16654027,shiv,"2026-09-26 03:39:41",2220.9,2,shivaurora
808,16738503,dddmd,"2026-09-27 04:11:13",2220.6,2,dddmdd
809,16828050,stephenlau,"2026-09-26 15:04:14",2220.2,2,stephenlu0422
810,16699741,Tom3,"2026-09-25 01:24:56",2219.7,2,tomohiroaz
811,16677423,songling,"2026-09-27 02:21:05",2219.4,2,"lvbingrong,oralia"
812,16894196,"Qiank Chen","2026-09-25 18:03:16",2218.7,2,qiankchen
813,16675671,Marlubie,"2026-09-26 10:58:52",2217.3,2,kchuang
814,16891965,artem3605,"2026-09-24 10:44:46",2216.8,2,artem3605
815,16670453,141,"2026-09-26 08:50:19",2216.7,2,"muhammadmustafaxo,siddiqshah"
816,16810587,"Avineesh Arora","2026-09-25 20:44:44",2216.4,2,avndope
817,16671515,ziheng,"2026-09-27 03:58:16",2216.3,2,zihengedie
818,16892318,"fumiya utsuno","2026-09-27 03:38:22",2215.7,2,"fumiya326,kuboken,rikutokuwayama"
819,16942240,M78星云,"2026-09-27 02:49:22",2215.3,2,"cheng2246,tangyangpu284,upczbw,xinyinghu7123"
820,16927774,shuto,"2026-09-27 07:36:20",2215.2,2,shutohorie
821,16843860,LH-and-FPGA,"2026-09-26 16:58:24",2214.6,2,lhandfpga
822,16748412,"Nimish Shinde","2026-09-26 16:47:59",2213.8,2,nimishshinde
823,16700068,"My Little Pony","2026-09-26 12:04:02",2213.8,2,"buxiangzaoqi66,juliezhang131,yaoyilv"
824,16764394,haseryooooo,"2026-09-25 08:30:09",2213.6,2,haseryooooo
825,16716263,"Ugnė Miklovaitė","2026-09-25 12:34:58",2213.3,2,ugnmiklovait
826,16771200,DeeSaa,"2026-09-27 06:43:52",2212.8,2,deesaa
827,16927521,wadia,"2026-09-27 02:28:49",2212.3,2,"sihuanian777,yeshawang"
828,16732210,tanadai,"2026-09-27 04:12:05",2212.1,2,da0516
829,16736079,Maxy5illion,"2026-09-26 04:24:36",2211.6,2,maxy5illion
830,16714162,MarvinTMB,"2026-09-26 21:54:36",2211.5,2,marvintmb
831,16743165,"Chiachii Liang","2026-09-26 00:01:13",2211.4,2,chiachiiliang
832,16749272,giraffeneck,"2026-09-26 14:59:07",2211.4,2,yamajin
833,16935391,"cs duals","2026-09-26 11:47:48",2210.8,2,kostopr4v
834,16906666,"selam ya","2026-09-27 01:00:45",2210.2,2,selamya
835,16783721,lc今天刷了吗,"2026-09-23 03:24:33",2209.3,2,"alkaidchen,limufeng"
836,16891740,quwon_000,"2026-09-25 19:54:11",2209.2,2,quwon000
837,16631752,"Junichiro Morita","2026-09-27 00:59:19",2208.3,2,junichiromorita
838,16920678,qinsuikang,"2026-09-27 06:03:50",2207.4,2,"qinsuikang,tudousisi"
839,16939679,tokawa2997,"2026-09-27 06:59:51",2207.2,2,tokawa2997
840,16768239,Oshbocker,"2026-09-27 04:04:04",2206.7,2,oshbocker
841,16840509,"Iskander Yusupov","2026-09-25 14:48:31",2202.8,2,iskanderyusupov
842,16886298,amosokello451,"2026-09-26 17:03:10",2202.6,2,amosokello451
843,16805671,"Yuxiang LIANG","2026-09-26 13:39:55",2202.4,2,yuxiangliang
844,16738852,ZJUwlm,"2026-09-27 01:45:42",2202.2,2,"oonumberone,zjuwlm"
845,16621165,"xisheng feng","2026-09-26 00:10:17",2202.0,2,xishengfeng
846,16846857,"Tomohiro Nagai","2026-09-26 14:01:44",2201.5,2,tomohironagai
847,16771456,"Tianrun Liao","2026-09-26 23:40:01",2200.7,2,tianrunliao1
848,16654511,"Syed Shayan Ali Shah","2026-09-25 06:31:36",2200.1,2,dsshayan
849,16809874,抹茶屋,"2026-09-27 01:15:38",2199.9,2,havenox
850,16886640,holyholy,"2026-09-27 02:04:37",2199.8,2,holy5contents
851,16641169,boatlee,"2026-09-26 14:06:19",2199.6,2,boatlee
852,16623691,KevlarZanderChi,"2026-09-27 04:23:57",2199.6,2,kevlarzanderchi
853,16870033,"wbcrypto abrams","2026-09-27 06:17:31",2199.3,2,wbcryptoabrams
854,16684402,vn1111,"2026-09-27 07:10:10",2197.7,2,vn1111
855,16790527,Yuta,"2026-09-27 02:52:59",2197.7,2,yutaecon
856,16805370,"Gaiar Baimuratov","2026-09-26 07:27:52",2197.1,2,baimuratov
857,16944851,Asuka0131_LFG,"2026-09-27 04:08:40",2197.0,2,whisperss
858,16641171,"Sadettin Şamil Verdil","2026-09-26 06:02:52",2196.7,2,sadettinamilverdil
859,16714401,"Ivo Georgiev","2026-09-27 01:57:45",2195.9,2,ivogeorg
860,16771785,"Mencius silverio MENSAH","2026-09-26 17:39:31",2194.9,2,menciussilverio
861,16839389,lizs,"2026-09-26 16:20:46",2194.8,2,chiila
862,16743647,bono,"2026-09-26 09:11:11",2194.1,2,kjoonha
863,16895472,codeWS,"2026-09-27 07:22:01",2193.8,2,codews
864,16726687,"Rohin Kethipally","2026-09-26 00:04:36",2193.7,2,rohinkethipally
865,16630548,"YJ Wee 2807","2026-09-25 08:06:21",2192.7,2,yjwee2807
866,16803032,"varshitha kolupuri","2026-09-26 17:04:12",2192.3,2,varshithakolupuri
867,16668610,Sian,"2026-09-26 10:57:18",2190.6,2,arki13
868,16623128,AdamJonesJohnson,"2026-09-26 00:07:50",2190.0,2,adamjonesjohnson
869,16623669,goonew,"2026-09-26 16:16:02",2189.6,2,goonew
870,16623034,"Vlad Kochetov","2026-09-26 18:30:13",2188.7,2,vladkochetov07
871,16737944,ToastUz,"2026-09-24 22:18:59",2188.0,2,tatsuzoosawa
872,16814417,"Jane Street Farmers","2026-09-27 02:49:48",2186.5,2,"akamasterpiece,gianghiango,paramizodicrominique,phnhnnguyn,sebastiancooper116"
873,16755650,"kazuki morikawa","2026-09-27 08:35:49",2186.3,2,kazukimorikawa
874,16784416,tatt:)ch,"2026-09-27 06:13:16",2185.4,2,"awewrasdffetfe,jay051012,tattch,yjy10086"
875,16624893,"GURU Prasaatha S","2026-09-27 03:47:19",2185.1,2,guruprasaathas111
876,16668227,Yusuraume,"2026-09-27 05:06:49",2184.9,2,sugitatomohiko
877,16713457,"Poor farmer","2026-09-24 09:05:27",2184.2,2,trnhip
878,16633226,test_money,"2026-09-26 17:38:36",2183.7,2,michaelsemenoff
879,16793600,mogura2.0,"2026-09-26 17:06:49",2183.2,2,mogura20
880,16929642,"lyre lin","2026-09-25 14:54:56",2182.9,2,lyrelingg
881,16942314,"Seva Gusev","2026-09-26 10:41:20",2182.8,2,seva1232
882,16861302,YieldCurve,"2026-09-26 02:45:55",2181.2,2,"gendaijin,haruna015"
883,16737482,Lindicaphxag,"2026-09-27 05:43:42",2180.9,2,oblivicore
884,16696743,"wennan cao","2026-09-27 02:45:11",2180.9,2,wennancao
885,16885764,shuinno,"2026-09-26 05:06:11",2180.4,2,"astralisa,hemlock1,metaforge,shuinno"
886,16875986,"k hori ","2026-09-27 08:38:36",2179.9,2,khori7
887,16889224,"Ishan Karnick","2026-09-27 01:42:11",2179.4,2,"ishankarnick,trinitynusca31"
888,16658909,"evolve faster!","2026-09-26 20:37:21",2178.8,2,junesdata
889,16793474,"Liu Classmate","2026-09-27 01:28:45",2178.3,2,"lilya98,liuclassmate,yuxuanzhao1203"
890,16727893,mmwstudy,"2026-09-26 07:43:03",2177.9,2,mmwstudy
891,16711752,"Atakan Aldemir","2026-09-26 06:20:20",2177.4,2,atakanaldemir
892,16858464,Taisei_Tsuneki,"2026-09-27 07:03:36",2177.4,2,"ryoyaotsuki,taiseitsuneki"
893,16804022,monsaraida,"2026-09-27 03:01:34",2176.9,2,monsaraida
894,16837554,Quickpanda,"2026-09-26 19:40:14",2176.1,2,quickpanda
895,16735066,"Saber #2","2026-09-26 16:21:03",2175.2,2,yzheng21
896,16792568,李秉叡（ntumlnoob）,"2026-09-26 10:58:39",2174.7,2,ntumlnoob
897,16785523,Doranap,"2026-09-25 04:27:55",2173.6,2,doranap
898,16697898,"Yin Li","2026-09-25 13:31:13",2173.6,2,kevin250304
899,16780097,"wei chang","2026-09-26 11:06:46",2172.2,2,wayne0404
900,16624571,"Baidalin Adilzhan [dsml.kz]","2026-09-27 05:31:07",2171.4,2,"baidalinadilzhan,qasminumber,zelza0"
901,16701051,"Komi ShouKo","2026-09-27 08:33:03",2171.2,2,asdwswdxd
902,16918430,"Huifeng Li","2026-09-27 05:17:15",2170.7,2,stevenli1
903,16709712,iwa_hueai,"2026-09-27 02:11:09",2170.6,2,"sdcarson,yetanothercoder"
904,16642128,"MAC SAHO","2026-09-27 07:56:24",2170.4,2,macsaho
905,16732445,ГИМНАЗИЯ14ЙОШКАРОЛА,"2026-09-27 00:53:14",2169.6,2,"domager72,fylgde,kolyaflexcu"
906,16725899,Zhenghongshuang,"2026-09-26 16:15:48",2169.4,2,zhenghongshuang
907,16853054,saberzky,"2026-09-26 11:53:44",2169.4,2,saberzky
908,16847543,"Sankalp Wanjari","2026-09-26 22:18:04",2169.3,2,sankalpwanjari25
909,16821542,"Hıdır BozkurtT","2026-09-27 07:48:56",2169.1,2,hdrbozkurtt
910,16803658,"Timmy ""Kermit"" Turner's Team","2026-09-26 21:41:38",2169.0,1,"timsurreal,zombiespecz"
911,16826465,linmumu009,"2026-09-24 07:11:11",2168.9,2,"linmumu009,renjunxiang"
912,16786108,Pakhan873,"2026-09-27 00:01:19",2168.9,2,paveldidin
913,16663632,Seho.Connect,"2026-09-26 21:40:39",2168.1,2,sehoconnect
914,16926111,"Somya Patra","2026-09-26 15:29:11",2167.9,2,somyapatra
915,16655826,KKY,"2026-09-27 00:28:20",2167.7,2,evilpsycho42
916,16746317,xingyun_byto,"2026-09-25 03:58:21",2167.5,2,xingyunbyto
917,16760158,"apple farmer","2026-09-26 12:28:30",2167.0,2,gustavoknudsen
918,16789950,"Zachary Zhang","2026-09-26 07:11:17",2166.9,2,zacharyzhang16
919,16728492,ほのぼの牧場,"2026-09-27 05:28:35",2166.8,2,masatoshitaniguchi
920,16805704,ShuHaya,"2026-09-25 10:19:35",2166.4,2,yfqqq088
921,16793461,"Muhammad Hokimiyon","2026-09-26 23:24:00",2165.3,2,muhammadhokimiyon
922,16695685,"kwon yong deuk","2026-09-27 06:03:02",2164.4,2,kwonyongdeuk
923,16696593,bplyc15,"2026-09-26 15:04:45",2164.0,2,bplyc15
924,16789946,"Oriol Pi Morell","2026-09-27 07:17:29",2163.9,2,oriolpi
925,16785321,HaoChi,"2026-09-27 00:42:20",2163.5,2,"lishi321,moxi21"
926,16743033,Nagahama,"2026-09-25 15:07:10",2163.4,2,kazukinagahama
927,16679214,alban,"2026-09-27 01:11:57",2162.7,2,albantiacoh
928,16831965,"Ray Roberts","2026-09-24 01:04:13",2162.3,2,rayroberts
929,16749435,SGY2512,"2026-09-26 21:32:32",2161.2,2,sgy2512
930,16707453,"Kaan Dınız","2026-09-27 04:45:34",2160.3,2,kaandnz
931,16700767,tkpmnlms,"2026-09-27 03:17:51",2160.2,2,"emorgunov,mikhailkachalin,roniuhle"
932,16930535,wind,"2026-09-27 07:22:18",2160.2,2,"sfkmzy,windbyluck"
933,16778640,Kilupy,"2026-09-25 20:34:27",2159.4,2,kilupy
934,16688732,"sAIzeria Harness","2026-09-27 03:41:56",2159.2,2,"gnux1408,tanakaai24"
935,16743858,kawauso9n,"2026-09-27 05:45:27",2157.9,2,kawauso9n
936,16635744,XDang13,"2026-09-24 16:52:57",2157.9,2,xdang13
937,16667872,"Pralay Ghosh","2026-09-27 02:39:28",2157.2,2,pralayghosh83
938,16627600,"NiA Farms","2026-09-27 06:20:21",2156.9,2,"adriaft,natliablascoandreo"
939,16911212,zby_4240,"2026-09-24 12:45:39",2156.3,2,"panhiuting,zby4240"
940,16918460,cotton0025,"2026-09-27 06:42:33",2155.7,2,cotton0025
941,16919866,"Harvey Zhang","2026-09-24 16:07:56",2154.1,2,harveyel
942,16740644,Terence0914,"2026-09-26 23:54:21",2154.1,2,terence0914
943,16631215,私立ホルスタイン学園,"2026-09-27 01:00:42",2152.4,2,hiranorm
944,16623371,MoZayed,"2026-09-26 01:54:11",2152.2,2,mohamedzayedahmed
945,16671376,Lebxgue.,"2026-09-25 16:19:01",2152.1,2,yukieja
946,16875659,あかつき,"2026-09-27 05:13:04",2151.9,2,akatuki25
947,16656399,CROW,"2026-09-25 14:42:57",2151.0,2,"aaayangxh,hanifnoerrofiq"
948,16843838,"Alapati Ramakrishna","2026-09-26 15:37:58",2150.8,2,alapatiramakrishna
949,16632423,goh,"2026-09-27 00:23:56",2150.6,2,bungohatayama
950,16660255,"Revanth Tambisetty","2026-09-26 21:06:01",2150.2,2,revanthtambisetty
951,16684250,"Alexander Sokolov","2026-09-27 06:57:58",2149.5,2,cheeec0
952,16632715,cmasch,"2026-09-26 18:01:08",2149.3,2,cmasch
953,16879027,XMHHHH,"2026-09-25 12:36:50",2149.1,2,jkkhhoo
954,16763706,断罪の孤高の神・大宇宙草莓覇皇,"2026-09-26 21:02:20",2148.3,2,"lordofichigo,qilejiang76"
955,16748462,"Jiwon Lee","2026-09-26 14:16:45",2147.6,2,jibong7600
956,16759632,"Rifqi Haikal","2026-09-24 15:12:11",2147.5,2,rifqihaikal
957,16865168,"Maksym Bilychenko","2026-09-25 20:38:06",2146.4,2,mbilichenko
958,16631460,Kosuke.T,"2026-09-25 09:40:42",2145.9,2,kosuke1992
959,16759578,Randy,"2026-09-25 23:21:32",2145.8,2,rvndyerwin
960,16694138,Alex,"2026-09-24 17:32:04",2145.6,2,alex789
961,16865564,Manat,"2026-09-27 05:38:57",2145.0,2,manatoshoji03
962,16634149,"Hozuma ITOBAYASHI","2026-09-26 14:51:22",2144.9,2,hozumaitobayashi
963,16866579,"Fighting Gold","2026-09-27 06:33:44",2144.1,2,sawada
964,16749034,digitalChaos,"2026-09-26 12:02:01",2143.5,2,digitalchaos666
965,16623390,KodamaSec,"2026-09-25 14:06:20",2143.5,2,dfhgfdghfdhg
966,16654585,"David Pedersen","2026-09-27 04:31:58",2142.7,2,semalytics
967,16728262,wakawakayu,"2026-09-26 13:55:58",2142.5,2,wakawakayu
968,16936827,"Weixuan Liu","2026-09-27 03:30:22",2142.4,2,flyfish666
969,16673109,"Surya Bhattiprol","2026-09-27 03:56:10",2142.1,2,suryabhattiprol01
970,16911681,nena,"2026-09-25 06:42:53",2142.0,2,nena0undefined
971,16891115,tkm7510,"2026-09-26 02:22:37",2141.0,2,tkm7510
972,16933836,arumajiro,"2026-09-27 07:38:08",2140.6,2,excellentarumajiro
973,16628951,"Hiro Nomo","2026-09-25 07:31:45",2140.5,2,morinokuma3
974,16947057,jfhjfgjhfj,"2026-09-25 07:29:39",2139.9,2,jigsawpuzzle
975,16630752,motemen,"2026-09-27 05:26:17",2139.7,2,motemen
976,16880393,flower_s,"2026-09-26 00:45:26",2139.7,2,flower244140625
977,16757809,dasfds,"2026-09-27 05:59:38",2138.9,2,dasfds
978,16907326,"julien gaza","2026-09-27 03:53:07",2138.5,2,juliengaza
979,16763829,"Shane Thivaharraja","2026-09-27 06:35:37",2138.2,2,shanethivaharraja
980,16926032,robikscube,"2026-09-26 14:31:47",2138.1,2,ujjwalnewd
981,16690923,"Maqsoud Tawaliou","2026-09-27 04:45:03",2138.0,2,maqsoudtawaliou
982,16927555,yaya__k,"2026-09-24 09:27:12",2137.0,2,yaya88k
983,16714057,"T0m0t0m0 W","2026-09-26 15:00:50",2137.0,2,t0m0t0m0w
984,16717289,JackChenghao,"2026-09-26 07:15:04",2136.8,2,jackchenghao
985,16792109,rogerrogerroger3r,"2026-09-26 11:59:35",2136.8,2,rogerrogerroger3r
986,16729280,"Ryoya Tsuruoka","2026-09-27 00:22:37",2136.7,2,"irohasorange,mrooto,rahaia"
987,16627888,atl132,"2026-09-27 00:51:27",2136.6,2,atl132
988,16948745,"Nero Nrx","2026-09-25 15:38:06",2136.3,2,neronrx
989,16662051,"Salem Ali","2026-09-27 07:23:29",2136.2,2,salemali7
990,16663963,M0h4m3d-Byte,"2026-09-26 11:22:12",2136.1,2,dev3mohamed
991,16895106,linchuhan,"2026-09-26 06:00:29",2135.2,2,linchuhan
992,16813899,blueshine,"2026-09-27 03:22:38",2134.6,2,minagawateru
993,16730344,lvisdd,"2026-09-27 04:15:04",2134.5,2,lvisdd
994,16670371,rkd,"2026-09-27 04:24:15",2133.9,2,ryookd
995,16659920,vkhydras,"2026-09-26 12:12:02",2133.8,2,vickimar
996,16924283,GeHaohua,"2026-09-27 06:30:16",2133.5,2,gehaohua
997,16755328,"yang zhang","2026-09-27 06:02:53",2132.8,2,zhang1221ai
998,16670537,Silhouette,"2026-09-27 08:14:21",2132.5,2,jamessargsyan
999,16948694,"Bob Jeff","2026-09-27 04:55:57",2130.9,2,bobrg123
1000,16673870,"Yuxiao Wang","2026-09-26 06:40:05",2130.8,2,yuxiaowangx
1001,16679098,"KIRTAN RUPESHBHAI BHOJANI","2026-09-24 06:02:25",2130.6,2,kitran17
1002,16760523,"Joseph Ayanda","2026-09-26 23:41:36",2130.4,2,josephayanda
1003,16885832,"Soshi Uejima","2026-09-24 14:09:29",2130.0,2,assdafa1223
1004,16636079,"Pawan Rama Mali","2026-09-26 23:20:29",2129.9,2,pawanmali
1005,16942000,tyson,"2026-09-25 17:24:15",2129.4,2,tysonwashere
1006,16660313,Ctrl+Code,"2026-09-25 09:52:41",2129.1,2,"jayashankar369085,parnikasm"
1007,16769967,"Bill Fan","2026-09-25 01:44:56",2128.9,2,billfan88
1008,16624484,"Tomoki Hirose","2026-09-24 15:50:38",2128.0,2,tomokihirose
1009,16662176,"jorge fabian avila","2026-09-24 17:35:51",2128.0,2,jorgefabianavila
1010,16657091,raw2clean,"2026-09-26 06:44:49",2127.6,2,raw2clean
1011,16730334,"Have a nice trip in USST","2026-09-25 18:15:16",2127.6,2,"eugeneyeung,grace7523,sztszt0726,tuskig,wzh20050212"
1012,16894110,寒月千逸,"2026-09-25 12:45:32",2127.6,2,"hanyueqianyi,leeyang1,sakurahg"
1013,16633173,"Saulo Quiñones Góngora","2026-09-27 03:25:31",2126.7,2,sauloquionesgngora
1014,16644643,today,"2026-09-25 04:07:32",2125.8,2,today55
1015,16891008,"Golubev Alexander","2026-09-25 12:34:28",2125.4,2,"golubevalexander,nikitadgolubev"
1016,16673336,honjousetuna,"2026-09-26 08:45:55",2125.3,2,honjousetuna
1017,16630331,"Mohamed El-Nageeb","2026-09-26 23:17:06",2125.2,2,thelastsmilodon
1018,16881928,"Saad Khan","2026-09-24 18:56:07",2124.7,2,saadlohani
1019,16639971,"qi yun","2026-09-27 05:13:18",2124.6,2,qiyun280
1020,16762101,"Kazama Yusuke","2026-09-27 00:19:39",2124.5,2,kazamayusuke
1021,16842242,"Scott Kirila","2026-09-27 04:02:23",2124.4,2,scottkirila
1022,16626191,"kevin park","2026-09-25 12:19:27",2124.2,2,k3v1npark
1023,16759250,"Harsh Jain","2026-09-24 18:39:23",2124.2,2,harshjain123
1024,16641230,"An V1","2026-09-27 04:26:57",2124.2,2,barakuga
1025,16823626,Korokke3,"2026-09-26 21:24:03",2124.0,2,korokke3
1026,16719884,ykhnkf,"2026-09-24 22:36:04",2123.9,2,ykhnkf
1027,16668789,qaq7864,"2026-09-25 06:23:51",2123.7,2,qaq7864
1028,16655582,"Yang Jinneng","2026-09-27 07:28:44",2123.6,2,adurey
1029,16738492,"Follow Me Gradient","2026-09-24 11:15:05",2123.4,2,farukece
1030,16946853,"BAHUMANYA R G","2026-09-25 11:58:12",2123.0,2,bahumanyarg
1031,16802322,HongchenDai,"2026-09-27 08:06:52",2123.0,2,hongchendai
1032,16848060,juliencst,"2026-09-26 15:11:13",2122.6,2,juliencst
1033,16811799,"Yuanchen Huang","2026-09-26 14:19:55",2122.3,2,geokocha
1034,16918411,"Gautier Marti","2026-09-24 11:39:32",2120.7,2,gautiermarti
1035,16794630,"Yuchuan Ding","2026-09-25 13:39:31",2120.4,2,yuchuanding
1036,16808396,Dr_F,"2026-09-24 14:04:10",2120.3,2,algebraictopology
1037,16890988,"Aleksandrov Andrey Alekseevich","2026-09-26 12:06:19",2120.2,2,abbeleve
1038,16732666,"Stefano Blando","2026-09-26 20:46:45",2120.2,2,stefanoblando
1039,16722705,我的AI是豆包,"2026-09-25 13:52:54",2120.1,2,"carrotliang,haoxuanjng,kaoqiangzhang,rainhuang0220"
1040,16749079,mraz1006,"2026-09-26 15:40:58",2120.1,2,mraz1006
1041,16693050,Shoko,"2026-09-27 08:27:25",2119.8,2,abreyton
1042,16634179,daoviet,"2026-09-27 02:42:27",2119.3,2,daoviet
1043,16708315,beeyan,"2026-09-24 23:55:17",2119.2,2,beeyan0821
1044,16763669,cm391,"2026-09-24 22:20:58",2119.1,2,mccocoful
1045,16739925,nofreewill42,"2026-09-25 12:50:46",2118.9,2,nofreewill
1046,16727103,sword3522,"2026-09-26 17:12:52",2118.5,2,"qinyanqiu,sword3522"
1047,16624080,yuuuki1111,"2026-09-27 07:00:07",2117.9,2,yuuuki1111
1048,16706897,"Akshay Mathur","2026-09-24 12:52:47",2117.9,2,akshaymathur777
1049,16659295,snaykey,"2026-09-25 12:20:59",2117.7,2,snaykey
1050,16889597," Master Bob111","2026-09-27 08:10:13",2117.6,2,masterbob111
1051,16661708,"Stanley Honkpehedji","2026-09-26 18:28:10",2117.0,2,stanleyhonkpehedji
1052,16781166,Ant,"2026-09-26 14:21:47",2116.1,2,anthonytrevino
1053,16663213,"Takahiro Someya","2026-09-26 04:50:33",2115.6,2,takahirosomeya
1054,16922094,Shiv28,"2026-09-26 03:38:57",2115.0,2,shiv28
1055,16732690,なーでぃー牧場,"2026-09-27 05:00:09",2114.6,2,nadyresearcher
1056,16735252,LagrangianLocomotive,"2026-09-24 20:22:02",2114.6,2,lagrangianlocomotive
1057,16736670,"Mark Astrid","2026-09-24 18:53:08",2113.9,2,markastrid
1058,16884121,Radiant,"2026-09-26 16:33:31",2113.9,2,"dnpkkk,xxxxxx6x,y4matt"
1059,16644578,"Team Name","2026-09-27 02:24:33",2113.7,2,baytree1238
1060,16904867,wahaka,"2026-09-25 07:15:12",2113.4,2,wahaka
1061,16623381,cocoaAI,"2026-09-26 20:53:26",2113.3,2,cocoaai
1062,16876869,MAGGR,"2026-09-24 17:47:21",2113.3,2,manojmandal
1063,16730015,suzu10,"2026-09-27 05:04:56",2113.0,2,suzu10
1064,16671361,"Hangyu Yu","2026-09-27 04:56:19",2112.9,2,"cqupthangyuyu,leoethan,wxgisspider"
1065,16861768,koala_bear,"2026-09-26 18:02:12",2112.5,2,jpkoalabear
1066,16657877,zigiella,"2026-09-26 05:22:00",2112.4,2,zigiella
1067,16758905,"Iwa Iwa","2026-09-26 16:16:27",2112.1,2,iwaiwa
1068,16717901,"Ahmed Hazem Abdeltawab","2026-09-25 21:38:57",2111.8,2,ahmedhazem23
1069,16700634,"Alperen Söylen","2026-09-27 07:27:27",2111.5,2,alperensylen
1070,16791924,magu1234,"2026-09-25 05:08:48",2111.4,2,magu1234
1071,16657547,"Pranav Thota","2026-09-27 04:07:50",2111.2,2,pranavthota
1072,16641372,ShoaibSSM,"2026-09-24 17:10:08",2110.7,2,"naveenlx111249971939,shoaibssm"
1073,16817518,Dresden,"2026-09-25 02:29:39",2110.5,2,dresdeng
1074,16638557,"Araik Tamazian","2026-09-25 06:41:49",2110.4,2,atamazian
1075,16668215,renta.k,"2026-09-24 17:12:13",2109.8,2,renta0426
1076,16807108,dongdongunique2,"2026-09-25 20:07:27",2109.6,2,yinzhaoren
1077,16731971,s_a_ai_engineer,"2026-09-27 07:08:35",2109.4,2,saaienginner
1078,16676455,"Sarthak Sharma ","2026-09-27 06:06:46",2109.4,2,sarthaksharma14
1079,16675866,DanilChil,"2026-09-25 14:06:52",2108.9,2,danilchil
1080,16693227,"Aniket Sharma","2026-09-24 09:31:04",2108.6,2,aniketsharma00411
1081,16823319,eviltsundera,"2026-09-27 08:44:07",2108.6,2,eviltsundera
1082,16622032,"Raunak Dey","2026-09-24 14:30:55",2108.3,2,raunakdey07
1083,16632294,"Rajan Nagarajan","2026-09-25 16:30:03",2107.7,2,narajan
1084,16689430,"Terry Luo","2026-09-24 16:19:47",2107.5,2,eimhluo1764
1085,16665402,PrasadChopade213,"2026-09-24 08:50:47",2107.5,2,prasadchopade213
1086,16880648,"Akash Pattani","2026-09-26 13:03:10",2107.5,2,akashpattani
1087,16766640,watana,"2026-09-24 13:39:25",2107.3,2,yukiwat
1088,16745138,yok,"2026-09-27 08:01:00",2107.2,2,yokoinaba
1089,16851133,"Bryan Pauze","2026-09-25 00:01:14",2106.6,2,bryanpauze
1090,16693549,別班,"2026-09-27 07:43:58",2106.6,2,"kusurizuke,pepushi,tomokiaki"
1091,16640067,"minghao mei","2026-09-25 04:03:05",2106.4,2,minghaomei
1092,16740815,Remielle,"2026-09-27 05:59:48",2106.3,2,remielle
1093,16942378,"Cheese Burgers","2026-09-25 03:46:35",2106.2,2,"gaippi,mrkoolguy"
1094,16655128,"Somasundar V","2026-09-24 21:04:44",2105.3,2,somasundarv
1095,16624969,tf,"2026-09-26 07:02:33",2104.8,2,tfukuhara
1096,16658962,"Fabian Friedland","2026-09-27 04:05:47",2104.7,2,fabotelli
1097,16724847,辽大之光,"2026-09-27 07:19:56",2104.5,2,guangchenlu
1098,16889296,"Takauchi Suguru","2026-09-26 01:06:02",2104.2,2,gurusut
1099,16730720,broccoli,"2026-09-24 16:46:18",2103.9,2,norihori0917
1100,16778744,"Shunsuke Hayashi","2026-09-26 14:43:36",2103.5,2,shunsukehayashi1993
1101,16858303,马嘉蛋爱玩跳棋,"2026-09-22 05:52:02",2103.2,2,"jamalzzj,jlw123456"
1102,16855857,tchufers,"2026-09-25 19:41:27",2103.0,2,viniciusraupp
1103,16803448,jiatu.l,"2026-09-27 08:40:05",2102.7,2,jiatul
1104,16942573,Almaz,"2026-09-24 14:50:22",2102.6,2,almazsakhapov
1105,16631967,vecxoz,"2026-09-24 17:42:44",2102.3,2,vecxoz
1106,16729413,KharinTymofii,"2026-09-24 15:54:07",2101.8,2,kharintymofii
1107,16642570,"Mathurin Ache","2026-09-24 18:42:07",2101.4,2,mathurinache
1108,16749605,SoedaHaruto,"2026-09-27 06:52:56",2101.1,2,soedaharuto
1109,16930633,micro,"2026-09-27 08:26:33",2100.7,2,brucewu1200
1110,16645703,madmax0404,"2026-09-27 05:47:19",2100.0,2,max6296
1111,16872203,"Mikael Kerimov","2026-09-25 07:13:18",2098.5,2,"mikaelkerimov,mperminiov"
1112,16934931,erica,"2026-09-24 22:35:11",2097.5,2,duanyong049
1113,16758381,"Yang Kuang Ou","2026-09-25 09:23:02",2097.3,2,yangkuangou
1114,16748765,"A. R. SEKKAT","2026-09-27 05:54:44",2096.7,2,arsekkat
1115,16833141,yomogii,"2026-09-27 04:09:52",2096.5,2,yomogii
1116,16774475,LoveB4Sunrise,"2026-09-26 16:07:05",2096.3,2,demacia1314
1117,16738759,YJR,"2026-09-26 02:21:04",2095.9,2,misakamikoto66
1118,16936749,statma,"2026-09-27 05:22:54",2095.9,2,"fractalbyte,marshjff,statma,valqeth"
1119,16663247,Ak,"2026-09-25 10:44:10",2095.7,2,abisheksrivastav
1120,16755414,Danzzzl,"2026-09-26 18:53:14",2094.9,2,okunevda
1121,16775125,weimean,"2026-09-26 13:35:57",2094.6,2,gtwm98
1122,16623875,"Pavlo Ivanin","2026-09-25 06:21:37",2094.5,2,pavloivanin
1123,16651331,"Mohamed Saeed","2026-09-24 17:00:06",2094.5,2,m0sm71
1124,16863974,suteno,"2026-09-26 10:28:04",2094.1,2,sutekikano
1125,16641524,AkiraIshikawa,"2026-09-26 09:06:36",2094.0,2,akiraishikawa
1126,16793396,...,"2026-09-26 05:02:45",2093.8,2,shackles6966
1127,16931354,snappi,"2026-09-26 00:33:20",2093.7,2,snappi
1128,16843042,"Frost Cerberus","2026-09-25 05:55:10",2093.5,2,frostcerberus
1129,16632097,PavelLiashkov,"2026-09-26 18:15:25",2093.3,2,bigbag1983
1130,16727998,hidsaito,"2026-09-27 02:47:00",2092.4,2,hidsaito
1131,16887476,"Memory Engineer","2026-09-26 04:25:47",2092.0,2,salazarslytherin
1132,16921557,"Terry Duan","2026-09-24 21:21:44",2091.5,2,xueyueicu
1133,16838370,aqua,"2026-09-26 10:59:36",2091.1,2,aquaaqua11
1134,16870342,"CHEN Xiang","2026-09-27 02:54:12",2091.1,2,intoxicatinglips
1135,16731839,mamematcha,"2026-09-27 00:50:59",2090.2,2,mamematcha
1136,16621671,Chellick,"2026-09-26 08:47:01",2089.9,2,matweyisupov
1137,16664096,"Charles Coonce","2026-09-26 22:12:40",2089.7,2,charlescoonce
1138,16685358,"Nuno Ferreira","2026-09-25 06:13:15",2088.8,2,ngcferreira
1139,16786102,"Anay Garodia","2026-09-24 03:58:21",2088.6,2,anaygarodia
1140,16867120,"DaoHe Liu","2026-09-27 02:16:29",2087.9,2,daoheliu
1141,16661994,"Suvrat Rai","2026-09-26 06:47:52",2087.9,2,suvrat11rai
1142,16719733,CleoCantCompete,"2026-09-25 05:52:04",2087.6,2,cleocantcompete
1143,16899200,MauoXX,"2026-09-26 14:31:48",2087.5,2,mclster
1144,16693557,"Ifeoluwa Adewumi","2026-09-25 09:48:37",2087.4,2,ifeadewumi
1145,16948957,KIT0,"2026-09-26 17:24:47",2086.9,2,kit024
1146,16730881,hank0123,"2026-09-27 05:23:28",2086.9,2,hank0123
1147,16742139,ALLAI,"2026-09-27 04:35:24",2086.2,2,glorysing
1148,16740892,"yuki matsumori","2026-09-24 14:37:27",2086.1,2,yukimatsumori
1149,16775686,"Max Podd","2026-09-26 06:35:41",2085.4,2,maxpodd
1150,16624919,"Juste Me (●'◡'●)","2026-09-24 18:18:30",2084.9,2,degnonguidi
1151,16668071,"Ali Eren Oğuztaş","2026-09-26 22:06:16",2084.9,2,alierenouzta
1152,16659328,"Muhammed Ashiq Abdul Khader","2026-09-25 15:00:27",2084.8,2,ashiqabdulkhader
1153,16677149,"Umataro Tenma","2026-09-27 08:43:00",2084.2,2,umatarotenma
1154,16931907,"Nokubonga Ngema","2026-09-22 20:13:20",2084.1,2,nokubongangema
1155,16937607,wuyan-nox,"2026-09-27 01:07:50",2084.1,2,wuyannox
1156,16632172,Ayodeji,"2026-09-26 10:41:44",2084.0,2,ayodejiibrahimlateef
1157,16659412,yesterdays_rebel,"2026-09-26 11:14:06",2084.0,2,irfanparaniya
1158,16779304,"Ari Nakos","2026-09-24 19:17:07",2083.9,2,aristides
1159,16844148,Ethereal49,"2026-09-26 07:49:26",2083.7,2,ethereal49
1160,16867370,jasonyoung,"2026-09-25 21:22:54",2083.6,2,jasonyoung66
1161,16738700,"Bugra Cinar","2026-09-25 15:38:42",2083.5,2,bugracnr
1162,16730688,zy,"2026-09-26 17:59:04",2083.4,2,justforwin
1163,16634128,ZechHuang,"2026-09-26 14:36:25",2083.0,2,zechhuang
1164,16623836,awarse,"2026-09-24 16:07:45",2082.5,2,awarse
1165,16674312,yuxuan,"2026-09-25 03:04:25",2082.5,2,yuxuan1221
1166,16698206,"Bark at the Barnyard","2026-09-26 03:16:42",2082.1,2,mming0430
1167,16705431,"Thuận Đoàn Vũ","2026-09-27 01:43:44",2082.0,2,thunonv
1168,16868759,Pand,"2026-09-27 07:54:38",2081.9,2,pand999
1169,16672136,chupaletas,"2026-09-25 03:46:19",2081.1,2,urvesh
1170,16778835,kiyoc,"2026-09-25 10:58:11",2080.9,2,kiyoshiohno
1171,16663999,"Colton Martin","2026-09-25 00:14:19",2080.7,2,coltonmartinnn
1172,16836633,Yukino487,"2026-09-27 01:57:03",2079.9,2,"xingyulll,yukino487"
1173,16888794,NonCaffeine,"2026-09-25 11:30:06",2079.8,2,noncaffeine
1174,16634026,"Mike Kim","2026-09-26 15:44:55",2079.6,2,mikeskim
1175,16660209,"Whyme Labs","2026-09-26 02:31:05",2079.3,2,whymelabs
1176,16844233,y3uanm,"2026-09-27 03:45:48",2079.3,2,"delta47x,lunpaixo,y3uanm"
1177,16762769,"Jacques Buis","2026-09-26 21:41:26",2079.3,2,jacquesbuis
1178,16637099,tobhull,"2026-09-26 05:42:45",2079.0,2,tobhull
1179,16848208,"Takuto Inoue","2026-09-27 02:41:30",2078.9,2,takutoinoue
1180,16845258,Squirrel,"2026-09-27 01:43:42",2078.9,2,bunnykeeper
1181,16823467,"Riki Uchida","2026-09-27 06:56:00",2078.8,2,rikiuchida
1182,16658895,kunihiro,"2026-09-25 04:45:26",2078.4,2,kunihiro
1183,16667080,King-damon,"2026-09-27 04:20:03",2078.3,2,kingdamon
1184,16851853,tryagain123,"2026-09-26 19:17:18",2078.2,2,lanqingsong123
1185,16827224,"[HSE Lyceum ML] zaepupno","2026-09-26 09:32:33",2077.6,2,daniilgoryushin
1186,16713048,"liqin fei 2005","2026-09-27 04:29:00",2077.3,2,liqinfei2005
1187,16659464,"Héctor Valverde","2026-09-27 00:05:40",2077.1,2,hvpareja
1188,16684128,NIklitaCheporev,"2026-09-24 15:51:38",2076.9,2,niklitacheporev
1189,16699947,HKmgikao,"2026-09-24 19:03:41",2076.7,2,hitoshikmgai
1190,16830390,"Hajime Kumami","2026-09-27 06:09:58",2076.7,2,hajimekumami
1191,16898204,"MAHESH ISHRAN","2026-09-26 15:11:47",2076.4,2,iitm21f1003346
1192,16918941,"E-Max AI","2026-09-26 16:47:25",2076.1,2,royalacecat
1193,16624040,kumk,"2026-09-26 13:15:14",2075.9,2,kknagoya
1194,16799235,K.Piro,"2026-09-27 00:50:50",2075.5,2,agares02
1195,16920069,"arar tawil","2026-09-21 20:07:38",2075.5,2,araraltawil
1196,16815841,"Sunshine through fog","2026-09-26 14:50:55",2075.2,2,sunshinethroughfog
1197,16773144,"Mohamed Salah","2026-09-27 07:58:20",2075.2,2,mosalah7
1198,16828705,"liama liama","2026-09-26 21:08:22",2075.0,2,liamaliama
1199,16641077,lucaskna,"2026-09-27 08:29:55",2074.8,2,lucaskna
1200,16644565,Suda,"2026-09-27 05:21:56",2074.4,2,"chaneyma,deryawang"
1201,16741819,"Paritosh Kumar Tripathi","2026-09-26 16:26:45",2074.1,2,paritoshtripathi5
1202,16945364,胜你不须第二剑,"2026-09-25 07:28:08",2074.0,2,abinyzl123
1203,16784725,prairieee,"2026-09-26 13:56:57",2073.7,2,"haideptry,prairieee"
1204,16686918,JustinLee,"2026-09-27 07:54:11",2073.6,2,justin2061
1205,16807411,tamura_aicon,"2026-09-23 00:03:54",2073.5,2,hayatetaf
1206,16898090,"Zbigniew Kirchner","2026-09-26 21:00:17",2071.9,2,zbigniewkirchner
1207,16945301,QQQXXX123,"2026-09-26 11:47:02",2070.7,2,qqqxxx123
1208,16657100,"Jacky Chan","2026-09-24 23:27:04",2070.2,2,jhkchan
1209,16891718,"Me & myself","2026-09-25 07:51:23",2070.0,2,fannasankh
1210,16655688,"Ryan Shan","2026-09-25 22:27:11",2069.6,2,codegold
1211,16942567,MatveyVarfolomeev,"2026-09-26 19:14:55",2069.0,2,matveyvarfolomeev
1212,16654707,ManasviSharma,"2026-09-25 11:03:40",2068.8,2,manasvi821
1213,16623897,satoooh,"2026-09-27 04:22:13",2068.6,2,satoooh
1214,16698136,"David Estevez","2026-09-26 15:00:04",2067.9,2,destbreso
1215,16775242,"Timothee Henry","2026-09-27 05:29:10",2067.9,2,timhenry
1216,16790585,wzyxp_123,"2026-09-27 02:41:23",2067.5,2,cloudssdut
1217,16655423,"Roland Luethy","2026-09-26 21:17:09",2066.7,2,rluethy
1218,16654841,"ABHIRUP DAS","2026-09-24 18:17:06",2066.6,2,abhirupdas10
1219,16759699,"Mason Cao","2026-09-24 04:23:48",2066.6,2,mzcao7
1220,16736685,kentaro_kato,"2026-09-27 03:05:49",2066.4,2,kentarokato
1221,16863512,YumeNeko,"2026-09-27 07:40:18",2066.3,2,kashiwaba
1222,16862044,"Toshiki Narushima","2026-09-27 05:22:33",2066.3,2,toshikinarushima
1223,16671412,Xman,"2026-09-26 04:35:23",2065.7,2,xuanzhang001
1224,16632201,neurlog,"2026-09-25 20:42:08",2065.6,2,neurlog
1225,16926301,"Максим Бортник","2026-09-25 16:25:18",2065.5,2,maxim2512
1226,16698308,"Gemini IS ALL YOU NEED","2026-09-25 08:36:45",2065.4,2,"jacqueszhelinzhang,yuan800"
1227,16827571,"BNBU Astra","2026-09-27 02:59:44",2064.4,2,"andycooper747,austindengkaggle,BNBUDINGSHANLee21,yuxiang328"
1228,16930374,扣扣农场,"2026-09-27 07:23:19",2064.2,2,tsjzkzyzz
1229,16804757,MAT,"2026-09-25 09:11:05",2063.8,2,mehmetanltays
1230,16847706,takumina,"2026-09-26 10:19:02",2063.6,2,takuminakamatsu
1231,16800076,xinwang,"2026-09-26 14:30:12",2062.3,2,xxxtetantion
1232,16675873,"Zhu Liang","2026-09-27 05:14:15",2061.2,2,paradite
1233,16635406,ykuroka,"2026-09-26 22:35:41",2060.3,2,ykuroka
1234,16668761,"Lorenzo Regalado","2026-09-26 15:58:52",2060.1,2,lregaladohdez
1235,16882868,"Yash Mohan","2026-09-26 01:23:33",2059.7,2,yashm917
1236,16814409,YuyaSuzuki,"2026-09-26 00:25:55",2059.5,2,yututapp
1237,16632138,kaggle_bbgg,"2026-09-27 04:37:36",2059.5,2,kagglebbgg
1238,16692845,"Yassine Ben Zekri","2026-09-24 21:18:48",2059.2,2,yassinebenzekri
1239,16765807,"Win Suthar","2026-09-26 21:56:46",2058.9,2,ashwanidhukra
1240,16849801,tq1d,"2026-09-26 11:31:21",2056.9,2,haya03010
1241,16664577,a14iiiii,"2026-09-26 02:55:58",2056.0,2,a14iiiii
1242,16846525,Dwaslaop,"2026-09-27 06:35:42",2056.0,2,"dwaslaop,haorunjia"
1243,16836787,KSKBL,"2026-09-25 13:43:46",2056.0,2,"length1001,trafalgar1234"
1244,16924480,Manasa.ai,"2026-09-25 03:06:50",2055.7,2,manasaai
1245,16865335,"Hire me! 🤗 [Viktor Cikojevic]","2026-09-20 13:38:52",2055.4,2,viktorcikojevic
1246,16810408,"Bohdan Boklah","2026-09-26 09:58:23",2055.3,2,bohdanbb2000
1247,16792661,итмоняяя,"2026-09-24 09:48:23",2054.8,2,"naladwepo,tickflag"
1248,16655478,Bruce,"2026-09-25 05:32:56",2054.5,2,bruceqdu
1249,16623533,xthixsl_ml,"2026-09-26 09:10:27",2054.4,2,xthistle999
1250,16634952,"Igor Zharov","2026-09-26 15:10:47",2053.7,2,flexonafft
1251,16687649,track,"2026-09-26 20:46:20",2053.7,2,"a2nt1as2n,ahmedberatozer,omerlleez"
1252,16865317,"sunil kumar","2026-09-26 05:08:12",2053.2,2,sunil123kumar
1253,16701685,shawloong,"2026-09-25 01:14:31",2053.2,2,shawloong
1254,16939044,pioneerqaz,"2026-09-25 16:26:40",2053.2,2,pioneerqaz
1255,16668152,ksew364,"2026-09-24 09:24:05",2052.5,2,ksew364
1256,16763505,"Sai Reddy Pothireddy","2026-09-27 06:25:32",2052.3,2,saireddypothireddy
1257,16921670,giyogoioが相手の農地を燃やします,"2026-09-26 05:16:38",2052.1,2,"giyogoiohlrlqll,k256net"
1258,16913081,"Danil Bashkirov","2026-09-26 16:55:59",2051.6,2,chieph
1259,16663668,"Tahsin Arafat","2026-09-26 10:41:50",2050.2,2,tahsinarafat
1260,16665233,"Akash Deep","2026-09-27 07:58:11",2049.2,2,akashdeepo
1261,16718480,PLReddy23,"2026-09-26 17:08:47",2049.2,2,plreddy23
1262,16687363,"elegantangel (628700)","2026-09-26 08:56:15",2049.1,2,elegantangel
1263,16793656,王子铖,"2026-09-27 08:20:13",2048.9,2,aurantium
1264,16693045,"Huseyin Battal","2026-09-25 00:07:14",2048.4,2,huseyinbattal
1265,16685982,Snorf,"2026-09-26 14:37:56",2048.3,2,snorfyang
1266,16893006,"Duvor Richard","2026-09-25 14:43:58",2048.3,2,duvorrichard
1267,16852141,"Zhou Hengyu","2026-09-26 07:13:02",2047.8,2,zhouhengyuu
1268,16663175,Anaconda,"2026-09-26 00:09:51",2047.7,2,anaconda
1269,16769116,qiuqiu,"2026-09-26 03:48:07",2047.7,2,qiuqiuh
1270,16741113,kaitle,"2026-09-26 04:58:15",2047.0,2,kaitle
1271,16679812,"Xiang Li","2026-09-26 18:20:37",2046.0,2,xianglipee
1272,16854428,"Marwan Ashref","2026-09-26 18:25:06",2045.3,2,"abobakerabobaker,karimhamada,marwanashref"
1273,16712121,"Hai Dang","2026-09-26 11:31:26",2045.2,2,haidang2405
1274,16697229,"Masashi Nishimoto","2026-09-27 08:32:51",2045.0,2,masashinishimoto
1275,16732578,nao.kwmr,"2026-09-27 08:12:25",2045.0,2,naokwmr
1276,16691512,"Hongxin Su","2026-09-27 06:37:27",2044.9,2,hongxinsu
1277,16786517,"Kagdew Valley_HeNU","2026-09-26 21:17:49",2044.6,2,"hongtongyi,hoshiiabc,lizhe125,ypeng1234"
1278,16777767,"Miyanogawa Yuya","2026-09-27 03:49:10",2044.5,2,veritalogos
1279,16914006,Stefano,"2026-09-27 08:35:30",2044.3,2,stefanojp
1280,16682210,Boiled-Sweet-Potato,"2026-09-27 01:55:23",2044.1,2,boiledsweetpotato
1281,16802867,matcha110,"2026-09-26 14:11:55",2044.0,2,matcha110
1282,16624339,"Дворкин Евгений Владимирович","2026-09-26 11:12:33",2043.9,2,evgendvorkin
1283,16938244,"Yeashu Semwal","2026-09-27 08:20:54",2043.4,2,yeashusemwal
1284,16792410,"Taewoong Kim","2026-09-27 03:09:19",2043.3,2,aleaiest
1285,16661050,Master_S1ave,"2026-09-26 11:31:08",2043.0,2,masters1ave
1286,16806328,"The Fly🪰","2026-09-25 11:44:13",2043.0,2,takamichitoda
1287,16730810,mgoto51004,"2026-09-27 08:36:24",2042.8,2,mgoto51004
1288,16623530,khursani,"2026-09-26 02:43:48",2042.5,2,khursani8
1289,16761652,"Dhruv #2","2026-09-26 08:05:02",2042.1,2,dhruvrama
1290,16643319,Jules,"2026-09-26 18:27:18",2041.9,2,julesvanligtenberg
1291,16723096,Shabuuu,"2026-09-25 13:55:51",2041.8,2,shabuuu
1292,16662910,"shoryakumar mishra","2026-09-27 05:16:33",2041.8,2,shoryakumarmishra
1293,16631640,7day-enough,"2026-09-26 19:43:38",2041.3,2,"caoyupeng,diandianzi,lingyu07,lixin73,xiaoxiaohuazong"
1294,16778946,yuki0731,"2026-09-27 06:28:38",2039.9,2,yuki0731
1295,16883907,lll,"2026-09-27 07:38:28",2039.1,2,lghlgh001
1296,16826561,"ANJAN B","2026-09-27 04:50:17",2039.0,2,anjan4646
1297,16668532,"Nir Aberman","2026-09-25 04:13:41",2038.8,2,niraberman
1298,16728071,AI是我的豆包,"2026-09-27 06:34:24",2038.6,2,"blht2026,wocenmma,zzxhee"
1299,16811571,"Daniel Guo","2026-09-27 04:27:07",2038.1,2,denialguo
1300,16665237,"Ad Space Available","2026-09-27 00:48:51",2037.8,2,"liyouran0820,rainchen0411,richardsilence,tongyuexiao"
1301,16751140,onick_man,"2026-09-26 21:35:30",2036.9,2,ftakahas
1302,16730761,ElephtAI,"2026-09-26 07:23:45",2036.9,2,yuchengj
1303,16928466,"Diogenes's cask","2026-09-26 10:37:55",2036.6,2,diogenesscask
1304,16720056,"Heads or Tails","2026-09-27 03:52:04",2035.4,2,headsortails
1305,16848929,"Nikoo Yu","2026-09-25 18:13:05",2035.0,2,nikooyu
1306,16644808,"Rotation Theory","2026-09-26 06:07:00",2034.9,2,mikhsank
1307,16845907,yt0914,"2026-09-24 04:25:15",2034.7,2,yt0914
1308,16840617,RyotaroAbe,"2026-09-24 15:17:52",2034.6,2,ryotaro45123
1309,16859496,KTAcosmo,"2026-09-27 04:12:55",2033.9,2,ktacosmo2kag
1310,16675493,"Ryotaro Minato","2026-09-27 01:15:32",2033.8,2,ryotarominato
1311,16702975,RicardoLópez,"2026-09-26 03:50:46",2033.8,2,richi2489
1312,16806862,JudyWatermelon,"2026-09-24 23:56:16",2033.0,2,judywatermelon
1313,16735628,RB25det,"2026-09-26 08:41:28",2032.7,2,"perrodawn,rb25det,shinzotakayama,toranosukenoda"
1314,16740431,yuikag,"2026-09-27 07:34:40",2032.0,2,yuikag
1315,16625060,"Subin An","2026-09-25 13:21:55",2031.5,2,subinium
1316,16949185,"Akil Al-Sharafi","2026-09-26 21:21:34",2030.9,2,akilalsharafi
1317,16678534,"Filip Strzałka","2026-09-27 06:27:57",2030.5,2,snufkin77
1318,16707915,MGöksu,"2026-09-25 19:43:47",2030.4,2,mgoksu
1319,16661665,"Leonardo Viola10","2026-09-24 15:10:36",2030.2,2,leonardoviola10
1320,16716317,yzyhello,"2026-09-27 03:54:24",2030.1,2,"dalll77,yzyhello"
1321,16775473,LuanHengYu,"2026-09-26 05:29:50",2030.0,2,apexml
1322,16943709,ser5kovskiy,"2026-09-26 22:38:36",2029.9,2,sergeypyatkovskiy
1323,16758895,daphne,"2026-09-27 03:35:49",2029.8,2,daphne4sg
1324,16747161,wqlun06,"2026-09-27 06:34:23",2029.2,2,wqlun06
1325,16823938,InSociEUP,"2026-09-24 14:38:59",2027.8,2,santanubanerjee9
1326,16810308,Congy,"2026-09-27 05:32:05",2027.1,2,congyingma
1327,16702754,"Запрети мне брать H100","2026-09-26 20:16:18",2026.0,2,"amocualg,borismatsakov,kirya1,vladimirlovtsov18"
1328,16884858,HojunLee,"2026-09-27 07:49:05",2025.8,2,hojuna
1329,16750268,"Harris Bashir","2026-09-25 20:52:15",2025.7,2,harrisbashir
1330,16741500,weichy7,"2026-09-26 12:27:42",2025.0,2,weichy7
1331,16656143,"Debanshu Mallick","2026-09-27 07:55:25",2024.5,2,debanshumallickiisc
1332,16637987,Xander,"2026-09-27 02:22:00",2024.3,2,"badboiriri,canqiang,xiuyang88"
1333,16795853,GaoKui,"2026-09-25 03:39:45",2024.1,2,gaokui
1334,16758556,bpbpbpbpb,"2026-09-27 01:16:17",2023.4,2,bpbpbpbpb
1335,16703045,ReCurSiON,"2026-09-27 07:14:40",2022.9,2,ashok205
1336,16895464,WilsonPzx,"2026-09-27 05:14:02",2022.6,2,"lirongkun,wilsonpzx"
1337,16842194,threnox,"2026-09-26 18:33:21",2022.5,2,threnox
1338,16933848,"Lawrence Katongole","2026-09-23 12:47:55",2022.4,2,lawrencekatongole
1339,16627148,"HUNGRED XYIS","2026-09-25 09:45:58",2021.4,2,"gleny48,makarrogovik,wooler1"
1340,16727404,Yichi,"2026-09-24 12:15:42",2021.3,2,"liyulin666,yichi02"
1341,16660483,TIM,"2026-09-26 02:57:59",2020.9,2,daynoryamil
1342,16801171,"Asterios Terzis","2026-09-26 13:07:41",2020.8,2,asteriosterzis
1343,16674649,寿!,"2026-09-27 06:42:59",2020.4,2,taka3776toshi
1344,16843221,refine123,"2026-09-27 05:08:37",2020.3,2,refine123
1345,16821967,"Nakul Maurya","2026-09-23 22:04:40",2019.6,2,nakulmaurya
1346,16621625,YBEJlKA,"2026-09-25 19:52:33",2019.0,2,alexanderchesnokov
1347,16675684,washamba_bots,"2026-09-27 07:07:24",2018.7,2,"billygmwangi,futurecentaur,peterkibetspidey,stephanenjoki"
1348,16654752,Agrofitting,"2026-09-26 19:10:05",2018.6,2,"evvfebruary,vinch97"
1349,16754567,"Ashraf 1232","2026-09-26 19:18:39",2017.8,2,ashraf1232
1350,16679688,"Sathwik Chinthakayala","2026-09-27 05:02:41",2017.5,2,sathwikchinthakayala
1351,16809194,Ajanraj,"2026-09-23 17:48:10",2017.5,2,ajanraj25
1352,16697893,"YWehbe / ADIA Lab","2026-09-27 05:29:53",2017.4,2,youssefwehbe
1353,16925699,"YOUNG CHOW","2026-09-27 05:18:54",2017.2,2,youngchow
1354,16710140,Lynxx,"2026-09-27 07:53:38",2017.2,2,lynnsakurai
1355,16699722,Dicere,"2026-09-23 09:23:48",2017.0,2,thedark735
1356,16903770,UYHHHHYu,"2026-09-23 13:20:49",2015.7,2,yhhhhyu
1357,16855885,"Shinonome Seiga","2026-09-27 07:23:07",2015.4,2,shinonomeseiga
1358,16751820,yy,"2026-09-27 05:22:37",2015.2,2,hirokiyamazaki
1359,16938872,ゴロ・イ,"2026-09-27 00:17:40",2013.0,2,gorubachohu
1360,16886627,caintly,"2026-09-26 12:37:27",2012.2,2,eyesad
1361,16630524,"Omprakash Patra","2026-09-26 23:14:34",2011.1,2,omprakashpy
1362,16926473,"Illia Dolenko","2026-09-22 00:32:26",2010.7,2,illiadolenko
1363,16662492,"Lester Leong","2026-09-27 05:48:03",2010.5,2,lesterleong
1364,16792586,dodoshark,"2026-09-27 03:21:52",2010.4,2,dodoshark
1365,16755278,Kaz,"2026-09-27 07:41:55",2010.3,2,kazuyago
1366,16654881,Freddy,"2026-09-27 03:54:14",2010.3,2,twoxding
1367,16858418,"Nguyễn Công Tuấn","2026-09-27 02:50:46",2010.0,2,nctuan
1368,16621515,"Alexander Gremyakov","2026-09-26 00:07:01",2009.4,2,alexandergremyakov
1369,16790943,"Tashfik Salehin","2026-09-26 18:28:58",2009.3,2,tashfiksalehin
1370,16866549,"Roman Nesterov","2026-09-25 11:21:34",2009.2,2,romanest
1371,16696997,coolin666,"2026-09-27 04:30:06",2008.0,2,coolin666
1372,16934238,"Yujin Cha","2026-09-25 11:28:57",2007.3,2,ckdbwlsdlfkdn
1373,16654196,"Aryaman Chokhani","2026-09-24 08:41:08",2007.3,2,"aryamanchokhani,pranrocky"
1374,16657775,"Raagav & Pieter","2026-09-27 01:46:04",2005.7,2,"peetapit,raagavanand"
1375,16640873,"Takumu Hata","2026-09-27 03:18:32",2005.5,2,takumuhata
1376,16761693,nhatvo,"2026-09-23 01:07:47",2005.3,2,nhatvo
1377,16727110,yemaoye,"2026-09-27 07:41:38",2004.6,2,"luckyappley,yemaoye"
1378,16895147,"DL Julius","2026-09-25 08:41:15",2004.2,2,dljulius
1379,16777961,qiwaki,"2026-09-26 09:28:54",2003.9,2,resonayu
1380,16846856,BladeRunner,"2026-09-26 11:59:57",2003.1,2,bladerunner2022
1381,16671150,Mc10nys0n,"2026-09-27 07:02:48",2001.9,2,rattanunt
1382,16811900,"Brejesh Balakrishnan","2026-09-23 06:38:14",2001.4,2,brejeshbalakrishnan
1383,16759058,Miz,"2026-09-25 16:01:02",2001.1,2,ryota040
1384,16909097,"Yaoxiang Li","2026-09-27 04:37:11",2000.7,2,lzyacht
1385,16945907,"yuki ogata","2026-09-26 14:28:52",2000.4,2,yyogata
1386,16657796,"parv goyal2","2026-09-27 05:33:51",1999.3,2,parvgoyal2
1387,16653260,"Kadouci Abdelhak","2026-09-27 08:07:00",1999.1,2,kadouciabdelhak
1388,16802486,SHICHIES,"2026-09-27 06:22:06",1999.1,2,shichies
1389,16838538,"rz cao","2026-09-25 02:31:27",1998.5,2,"caoruizhe,luckybara"
1390,16798694,물,"2026-09-26 18:11:57",1998.4,2,nintendojoa
1391,16730045,渡邊征央,"2026-09-25 05:47:50",1998.2,2,undertaker3409
1392,16947583,Koranil,"2026-09-26 08:19:53",1998.0,2,koranil
1393,16687159,Max64738CB,"2026-09-26 17:58:04",1997.9,2,max64738cb
1394,16829239,tomfng,"2026-09-26 07:16:52",1997.7,2,tomfng
1395,16744979,"Ahmed Alhassan","2026-09-13 21:51:58",1997.4,2,ahmed55
1396,16696231,"Oleg Smirnov","2026-09-27 02:41:31",1996.8,2,smirnolegov
1397,16904984,"Andrej Angelovski","2026-09-22 17:23:18",1996.7,2,cybertiger7
1398,16894714,"PadroChill Farm","2026-09-23 14:37:39",1996.4,2,"gerbertradmirovich,kastv90"
1399,16881235,"Konstantin Zorin","2026-09-26 19:46:50",1996.0,2,zokost
1400,16859034,wayg9odysseus,"2026-09-24 18:56:46",1995.5,2,wayg9odysseus
1401,16652631,"Panagiotis Anagnostou","2026-09-25 10:06:02",1995.3,2,panosanag
1402,16682183,lihaha.36,"2026-09-26 19:15:50",1994.7,2,lihaha36
1403,16621153,"Addison Howard (ineligible)","2026-09-25 18:41:34",1993.3,2,addisonhoward
1404,16709463,MKhlystun,"2026-09-26 15:26:51",1993.0,2,mkhlystun
1405,16931054,"Asakusa Agricultural Co., Ltd","2026-09-27 05:29:36",1992.6,2,daeyoungahn
1406,16665746,Chiranjieev,"2026-09-26 05:10:41",1992.4,2,"abhirajhiwale,amitambhore27,himanshu2605"
1407,16883168,jojo,"2026-09-26 23:54:13",1992.3,2,jojojablon
1408,16772460,"Дмитрий Онин","2026-09-27 02:00:16",1991.9,2,rejo1ce
1409,16697395,darktetradgod,"2026-09-25 15:11:22",1991.9,2,darktetradgod
1410,16665416,"zeyu lau","2026-09-22 12:23:19",1991.4,2,zeyulau
1411,16638551,"GOAT   Mathieu ""ZywOo"" Herbaut","2026-09-27 05:03:58",1991.3,2,ryosketchbook2007
1412,16732763,"Raihan Ramadistra","2026-09-26 04:44:16",1990.9,2,raihanramadistra
1413,16626814,"Vu Tran Hoang","2026-09-25 06:42:29",1990.8,2,hoangvux
1414,16655190,"Will Rice","2026-09-26 21:20:18",1989.8,2,willrice
1415,16892313,zszdl0530,"2026-09-26 03:12:47",1989.3,2,zszdl0530
1416,16727745,auouer,"2026-09-27 05:28:58",1989.0,2,"auouer,guriken,hkamna,insightfulthinking"
1417,16853805,yefenfei,"2026-09-27 00:22:31",1988.9,2,"stargazer7c,yefenfei,yuchenzhanlulu,zhengweibin1026"
1418,16703315,"Ryan Triplett","2026-09-26 05:37:26",1988.8,2,ryantriplett
1419,16839422,Serendipity,"2026-09-27 07:30:13",1988.5,2,stringyixuxi
1420,16884244,UCAS_fish_wang,"2026-09-27 06:15:52",1988.5,2,yiliu15
1421,16850198,"Daiki Yasui","2026-09-26 09:22:39",1988.4,2,daikiyasui
1422,16635872,"Evgeniya Dmitrieva","2026-09-23 18:05:27",1988.4,2,evgeniyadm
1423,16746191,たがやす,"2026-09-24 11:34:09",1987.2,2,drktti
1424,16633100,"Emile Andrieu","2026-09-19 23:36:43",1987.0,2,emileandrieu
1425,16854552,ShionMatsuoka,"2026-09-27 07:08:05",1986.3,2,shionmatsuoka
1426,16671738,Exposed,"2026-09-26 07:24:40",1985.5,2,erickeller2
1427,16806160,"Hamza Atique ","2026-09-26 15:34:27",1985.2,2,hamzaatique
1428,16669269,"yash bhaskar","2026-09-27 05:50:46",1985.2,2,yash9439
1429,16825002,RAVEN,"2026-09-27 06:46:57",1985.2,2,silverlxt
1430,16655520,"kaggle Osaka","2026-09-27 03:11:37",1985.1,2,toshiyukitanaka
1431,16734409,"Yuta Yamazaki","2026-09-27 00:01:45",1985.0,2,yamayuu18
1432,16632262,Milkomeda,"2026-09-25 08:42:16",1985.0,2,milkomeda74583
1433,16657931,t-enstar,"2026-09-26 09:36:59",1984.8,2,tstustatama
1434,16767052,KaitoKusumoto,"2026-09-26 14:34:13",1983.5,2,kaitokusumoto
1435,16882140,"jiang luo1021","2026-09-27 07:19:17",1983.5,2,"jiangluo1021,shangzhongxia"
1436,16723379,local,"2026-09-23 07:32:48",1982.9,2,matteo123383iend
1437,16674174,"Ramesh Arvind","2026-09-26 20:14:13",1982.5,2,rameshln
1438,16724298,Orig_lab,"2026-09-24 10:30:26",1982.3,2,chengxixixi
1439,16631978,"batuhan kalem","2026-09-22 19:02:41",1981.9,2,batuhankalem
1440,16735794,宗宗没有英文名,"2026-09-27 00:29:39",1980.9,2,iver666
1441,16677518,"Khor Yin Loon","2026-09-26 01:21:52",1980.7,2,khoryinloon
1442,16806541,hidenov,"2026-09-27 05:29:22",1980.0,2,hidenov
1443,16660152,LIH.YUN,"2026-09-27 07:39:01",1979.8,2,fxlcee
1444,16632245,u,"2026-09-27 00:10:45",1979.4,2,"apostoloskontarinis,curbotron13,halzweiman,josephmcgonaglebrown,shreyanshpoddar"
1445,16876180,kk.sky.9k,"2026-09-27 06:50:10",1978.7,2,kksky9k
1446,16856778,"Johnathan King","2026-09-26 23:27:35",1978.4,2,johnathanking1278
1447,16841708,toku,"2026-09-23 15:31:55",1978.0,2,tokurr
1448,16948826,"Viswesh Suri","2026-09-26 20:41:29",1977.9,2,visweshsuri
1449,16686583,techtech69,"2026-09-26 14:49:27",1977.1,2,techtech69
1450,16913949,"Tejash Prakash","2026-09-27 07:58:39",1976.6,2,tejashxprakash
1451,16923115,"Takamasa Ueno","2026-09-27 05:42:20",1976.2,2,uentsz
1452,16732478,Ken_Ken_Pa,"2026-09-27 02:21:13",1975.3,2,kenkenpa
1453,16693342,takemo,"2026-09-26 13:21:03",1975.3,2,takemoriyuto
1454,16656337,"Prashant Kikani","2026-09-27 05:39:58",1974.9,2,prashantkikani
1455,16647438,"Aderian Setiawan","2026-09-26 07:37:57",1974.4,2,aderiannovito
1456,16785753,"Mizero Lucky Gall","2026-09-26 21:04:34",1974.3,2,mizeroluckygall
1457,16742149,"Ankith Savio","2026-09-25 22:13:45",1973.7,2,weedoo
1458,16773098,Apa,"2026-09-27 05:14:19",1972.8,2,yasso1
1459,16632735,"No Free Lunch, Only Melons","2026-09-24 14:02:17",1972.5,2,kawaharataishi
1460,16661607,choqui62,"2026-09-27 04:51:05",1972.0,2,choqui62
1461,16722378,waticson,"2026-09-23 14:55:18",1971.7,2,yutodennou
1462,16887107,"Crazy Spirits","2026-09-27 07:38:13",1971.2,2,latents
1463,16936688,"avinash singh","2026-09-26 16:12:04",1971.1,2,avszoom
1464,16938980,24110231_pyongjoo,"2026-09-25 15:30:07",1970.8,2,assistonia
1465,16754882,vvs,"2026-09-27 04:57:29",1969.0,2,marvelworld
1466,16904732,Weifenhuan,"2026-09-26 15:51:58",1969.0,2,schwa6
1467,16932757,yucho147,"2026-09-23 03:35:48",1968.9,2,yucho147
1468,16635504,"Datta Dhebe","2026-09-26 13:29:14",1968.8,2,dattadhebe
1469,16919088,M.Y.C.E.L.I.S,"2026-09-27 07:35:20",1968.5,2,johnmoncel
1470,16764499,"Edwards Neuron","2026-09-27 07:20:19",1967.6,2,edwardsneuron
1471,16897501,"I'm Fine.","2026-09-26 03:10:36",1967.2,2,zkheart
1472,16633853,"funny farm","2026-09-27 03:24:45",1966.8,2,"alannasibullin,alexandrutkov"
1473,16776738,"Kundan Bhaskar","2026-09-26 19:06:11",1966.4,2,kundan007
1474,16740161,r2singh,"2026-09-25 22:48:40",1965.3,2,ratnaraj
1475,16744842,juisajdiasd,"2026-09-24 13:54:36",1963.6,2,juisajdiasd
1476,16734914,bharat,"2026-09-25 18:08:02",1963.2,2,bharatmohan
1477,16670210,"Ali Alghaithi","2026-09-25 08:53:11",1962.3,2,alioman
1478,16789990,SA,"2026-09-27 04:10:19",1961.8,2,soheiarisaka
1479,16888303,Satuker,"2026-09-26 22:44:20",1961.7,2,filipgaliski
1480,16725996,MatheusPSorancoDeCarvalho,"2026-09-26 13:34:34",1961.6,2,matheussoranco
1481,16864113,YYC3,"2026-09-23 10:47:51",1961.5,2,icongovo
1482,16692956,VanKoha,"2026-09-27 01:04:12",1961.1,2,kohasama
1483,16862096,"Saksham Gupta","2026-09-26 19:01:26",1960.6,2,mashug
1484,16653093,"willam wu","2026-09-25 08:17:47",1960.4,2,biaaib
1485,16756153,"🪏Harvest Moon","2026-09-26 14:53:59",1960.1,2,"bbrage,bobmyersthesecond,wguesdon,yutomuroshima"
1486,16935521,闰土和‌猹‌,"2026-09-26 17:18:59",1959.5,2,"fenghanxiang,zzh13332470923"
1487,16805918,"kaito ide 31","2026-09-27 07:23:52",1958.2,2,kaitoide31
1488,16936225,Holeon,"2026-09-26 17:05:58",1958.1,2,holeon
1489,16761875,"Eugen Nekhai","2026-09-26 12:05:42",1958.0,2,eugennekhai
1490,16709435,"Artyom Lyan","2026-09-24 09:36:10",1957.9,2,arli2016
1491,16852383,"Ahmed Mostafa #2","2026-09-26 16:56:00",1957.3,2,republic966
1492,16896774,EPHEMORIA,"2026-09-25 09:29:13",1957.2,2,ephemoria
1493,16698294,"John Doe","2026-09-25 01:10:36",1956.7,2,johndoe90843
1494,16741527,meiyoun,"2026-09-23 14:51:46",1956.6,2,"guetsg,meiyoun,miraclehat"
1495,16927351,"Bryan Yahir Hernandez","2026-09-26 20:33:22",1954.1,2,bryanhernandez
1496,16679245,"Krzysztof Gonia","2026-09-27 06:14:54",1953.0,2,krzysztofgonia
1497,16755654,oQo,"2026-09-23 20:02:51",1952.7,2,oqoxodk6
1498,16939190,Ichika,"2026-09-27 07:00:10",1952.1,2,natsue
1499,16655686,Kyle,"2026-09-24 04:31:20",1951.5,2,kylezhouzhou
1500,16632867,"Rayk Kretzschmar","2026-09-24 23:30:25",1951.5,2,raykkretzschmar
1501,16769491,"Ivan Ternovskiy","2026-09-26 10:25:53",1951.4,2,aristophanivan
1502,16773026,アルモンド,"2026-09-27 06:25:55",1951.4,2,almondman0707
1503,16660046,"Ikki Katsuyama","2026-09-27 06:27:09",1950.7,2,kacchanwriting
1504,16880830,Piyorin,"2026-09-26 05:02:30",1950.3,2,mystakhs
1505,16784608,shawenher,"2026-09-23 17:45:03",1949.3,2,shawenher
1506,16751999,"Poorna Sai Dumpa","2026-09-25 02:32:17",1949.3,2,poornasaidumpa
1507,16757064,"coke lu","2026-09-24 08:51:05",1948.7,2,cokelu
1508,16741639,kirito83,"2026-09-25 06:18:26",1948.4,2,lishsh83
1509,16630251,"Handry Novianto","2026-09-24 08:49:02",1948.3,2,handrynovianto
1510,16693431,"Yi Wang","2026-09-24 11:43:20",1947.4,2,jone520
1511,16692185,"Xu Suyi","2026-09-25 17:19:32",1947.3,2,xuyuhaosuyi
1512,16942011,"Öylesine Yarışıyoruz","2026-09-25 14:43:54",1946.8,2,"burakemrepolat,muhammedfurkanata"
1513,16906651,Izumi_LP,"2026-09-24 08:17:44",1946.2,2,amememe
1514,16655316,Nader,"2026-09-26 18:31:04",1945.5,2,naderamin
1515,16765668,shun_johnny,"2026-09-27 01:17:01",1945.5,2,shunjohnny
1516,16709101,"Djaafar Lecheheb DL","2026-09-27 06:59:30",1944.9,2,djaafarlechehebdl
1517,16669123,"Alex #2","2026-09-24 12:40:04",1944.8,2,alxdfy
1518,16624056,Raggriculture,"2026-09-26 10:42:52",1944.6,2,ravi123a321at
1519,16667767,t3l3kin3sis,"2026-09-27 00:04:20",1944.4,2,"daffafariq,hashmatzamaryali,malsabbagh05"
1520,16709339,"Mohammad Javad Dianat","2026-09-27 06:49:27",1943.7,2,dianatofficial
1521,16752104,WYSSR1225,"2026-09-27 00:34:25",1943.6,2,wyssr1225
1522,16948146,tsuka3a_soc,"2026-09-26 15:15:51",1943.1,2,tsuka3asoc
1523,16661754,edwinis,"2026-09-26 19:08:11",1942.8,2,edwinis
1524,16762248,KongKongDe,"2026-09-27 07:10:08",1942.6,2,kongkongde
1525,16665357,XW,"2026-09-26 07:21:49",1941.9,2,xuewei
1526,16659467,AlexMoura2026,"2026-09-27 00:00:47",1941.4,2,alexmoura2023
1527,16842747,314?,"2026-09-24 08:51:31",1940.5,2,elshahed
1528,16658499,Grifun,"2026-09-25 09:06:13",1940.4,2,msingatullin
1529,16743836,"Auto Fermers","2026-09-27 02:36:59",1939.1,2,"arsgorynich,artemboltaev,dmitriigluzdov"
1530,16738822,shakedamo0w0,"2026-09-27 06:33:30",1938.5,2,shakedamo0w0
1531,16798317,"Baran Akyıldız","2026-09-24 16:17:09",1938.2,2,baranakyldz
1532,16921300,tamakawa,"2026-09-26 16:16:22",1938.1,2,tantantama1192
1533,16938955,何时成为宗师,"2026-09-23 16:09:32",1937.9,2,wowandanle
1534,16671454,Shadow,"2026-09-23 16:27:35",1937.7,2,uziahmd
1535,16799132,"Marlon Vasquez","2026-09-27 07:46:00",1937.2,2,vexmeavf
1536,16948431,t.me/anpilovetg,"2026-09-27 07:38:44",1937.2,2,anpilovkirill
1537,16666571,"Zhengxu Yu","2026-09-24 09:26:27",1936.8,2,zhengxuyu
1538,16746010,"Khoi Tuan Nguyen","2026-09-23 15:06:41",1936.4,2,khoingt
1539,16850522,WayneCheng,"2026-09-26 07:45:24",1935.9,2,taffy1883
1540,16795798,"Refrain 1","2026-09-22 15:35:00",1935.8,2,"chisatoy,refrain1"
1541,16848970,massi0411,"2026-09-25 04:07:23",1935.3,2,massi0411
1542,16772678,SuppliLion,"2026-09-26 10:18:39",1935.1,2,supplilion
1543,16732714,Mforg,"2026-09-25 03:26:51",1934.8,2,mforg74911
1544,16932996,"Francisco Angulo de Lafuente","2026-09-25 22:30:06",1934.3,2,franciscoangulo
1545,16904289,"farmer zefeng","2026-09-27 08:34:51",1934.1,2,zefengai
1546,16937599,"Tanampa Ampun","2026-09-24 16:17:30",1932.8,2,fathurachmadhanafi
1547,16779977,sue124,"2026-09-26 19:55:47",1932.4,2,ryotasueyoshi
1548,16633069,"Nur Srijan","2026-09-25 15:27:30",1930.4,2,nursrijan
1549,16755203,TY0912,"2026-09-24 14:18:59",1929.9,2,samejimatink0
1550,16651402,"Mille Initiate","2026-09-24 09:07:29",1929.8,2,milleinitiate
1551,16692923,"Pavel Kazlou","2026-09-27 06:40:51",1929.3,2,paulik
1552,16897489,"East Kowloon","2026-09-23 16:16:34",1928.8,2,"haydenmlh,veron0611"
1553,16693092,"Sell wheat everyday💨","2026-09-26 13:14:30",1928.3,2,"dzisandy,e0xextazy,liderpartiii"
1554,16626093,"Pilkwang Kim","2026-09-27 01:31:52",1927.9,2,pilkwang
1555,16911078,Tolgii,"2026-09-26 06:56:06",1927.2,2,tolgakiremit
1556,16653068,"Shuichi Fushimi","2026-09-27 07:35:56",1926.5,2,shuichifushimi
1557,16905685,小娃娃是娃娃里较小的娃娃,"2026-09-23 17:54:00",1926.2,2,xiewenwei29
1558,16683529,"Yanis Belami","2026-09-26 20:22:05",1926.0,2,yanisbelami
1559,16639625,"Dr Chandrasen Pandey","2026-09-27 02:51:40",1925.2,2,devchandra
1560,16661325,"Max Fofanov","2026-09-25 12:31:58",1925.2,2,maxfofanov
1561,16765601,"Dinesh Makireddy 7389","2026-09-26 20:15:26",1924.7,2,dineshmakireddy7389
1562,16823942,"jiajun chi","2026-09-25 05:33:48",1924.7,2,jiajunchi
1563,16664217,Shushantw,"2026-09-23 14:34:39",1923.9,2,shushantw
1564,16634462,"Yash Marathe","2026-09-23 13:27:14",1923.9,2,maratheyash
1565,16694110,"Team Amboss","2026-09-23 16:09:25",1923.7,2,alexphilippi
1566,16715933,Scomics,"2026-09-24 05:25:58",1923.4,2,"bruceche7797,dongyiqun,jyxxxx"
1567,16638994,wpl,"2026-09-26 14:13:08",1922.3,2,peilwang
1568,16761434,t07_noma,"2026-09-25 14:26:28",1922.0,2,t07noma
1569,16748941,"We Forgot To Water","2026-09-27 05:36:26",1921.9,2,"dearkarl,shuangxue"
1570,16658830,"Farhat Pachisa","2026-09-25 11:39:11",1921.7,2,farhatpachisa
1571,16633179,infamemconculcemus,"2026-09-27 07:44:17",1921.5,2,jcgweb
1572,16676114,Gekkotron,"2026-09-24 13:32:38",1920.1,2,gekkotron
1573,16728160,Ozi,"2026-09-27 00:34:36",1920.0,2,muhammaduzair21
1574,16745995,"Guido Tapia","2026-09-24 08:41:21",1919.2,2,guidotapia
1575,16659550,"Sai Syam","2026-09-24 09:02:08",1919.0,2,saisyam
1576,16810078,Sam-wiz,"2026-09-25 21:18:43",1918.7,2,samwiz
1577,16671292,Yuyajk,"2026-09-24 05:39:41",1918.5,2,yuyajk
1578,16794167,"Daniel Mineev","2026-09-27 07:43:11",1917.8,2,nilpotent1
1579,16843582,isk54_34,"2026-09-26 05:25:07",1917.7,2,isk5434
1580,16655631,"Djamila Benchikh","2026-09-25 16:02:10",1917.7,2,djamilabenchikh
1581,16663513,DLTLM,"2026-09-23 13:12:06",1917.2,2,"debayank2024,laveshjadon,laxmikantaroy,moumitaaaaaa,tarunraii"
1582,16892118,DsLiner,"2026-09-25 15:12:41",1917.2,2,dsliner
1583,16863350,"Horatio Eversfield","2026-09-25 11:13:28",1916.8,2,horatioeversfield
1584,16767360,"Sinh Nguyễn Đức","2026-09-23 17:39:10",1915.9,2,sinhnguync
1585,16623799,"Akhilesh godugu","2026-09-24 06:37:23",1915.6,2,"akhileshgodugu,ashokgodugu"
1586,16752082,"Tian hao Qing Nano7ko","2026-09-24 08:44:08",1915.5,2,tianhaoqingnano7ko
1587,16859963,LINXI,"2026-09-27 05:57:29",1915.4,2,linxii012
1588,16810306,"Asy Mortenson","2026-09-25 19:53:34",1915.2,2,asymortenson
1589,16772391,"Jinhan Gao","2026-09-26 21:39:49",1914.6,2,jinhangao
1590,16931893,IUT_BakeNekos【化け猫】,"2026-09-25 19:38:48",1914.4,2,"didhitinahid,farhanishraqq"
1591,16634312,"Linh Le","2026-09-25 01:49:09",1914.4,2,linhlethuy
1592,16680172,TTANE,"2026-09-27 07:20:22",1914.2,2,otmaneelmahdaouy
1593,16730728,"Le Trong Hieu","2026-09-27 00:24:59",1914.0,2,backtracking
1594,16936082,"H IMedit","2026-09-24 21:37:36",1913.8,2,himedit
1595,16623805,"Howon Kang","2026-09-27 06:39:10",1912.9,2,howonkang
1596,16701728,"katya barzova","2026-09-26 09:49:29",1912.7,2,"harlenka,nipah1,sigmaborov"
1597,16736985,Colt,"2026-09-26 16:59:14",1912.5,2,nht1990
1598,16847478,tokitamago,"2026-09-25 11:35:25",1912.0,2,tokitamago
1599,16819030,sunyuxiang136,"2026-09-27 02:55:42",1911.9,2,"hqy0619,orangetailfish,sunyuxiang136,tshen12"
1600,16671017,"Pablo César Ruíz","2026-09-24 18:21:58",1911.6,2,pcruiher08
1601,16842300,fanmili,"2026-09-27 08:02:33",1911.4,2,fanmili
1602,16664359,Nightingale,"2026-09-25 08:33:17",1911.0,2,apilkhadka
1603,16884467,jiangnanxn,"2026-09-23 18:43:49",1910.6,2,jiangnanxn
1604,16782203,"rui xiong","2026-09-24 02:53:17",1910.0,2,xiongruihumingyu
1605,16689741,shinamonmon,"2026-09-24 07:38:25",1909.9,2,shinamonmon
1606,16710428,"Mansi Aggarwal","2026-09-26 09:03:28",1909.9,2,mansiaggarwal88
1607,16723272,"Rimsha Kanwal","2026-09-23 18:18:16",1909.4,2,rimsha234
1608,16815017,Humanitis,"2026-09-26 23:34:38",1909.3,2,humanitis
1609,16811920,"MINGXI LIU","2026-09-18 04:59:30",1909.2,2,wang5630900
1610,16689599,Ryvven,"2026-09-26 20:13:01",1908.9,2,unethicalmk
1611,16728571,hasibirok0,"2026-09-25 12:25:55",1907.8,2,hasibirok0
1612,16927550,User1114,"2026-09-26 15:05:15",1906.7,2,lyboihh
1613,16707057,tamo,"2026-09-26 11:43:13",1906.2,2,ryotakasuya
1614,16892682,"Yasuhiro Manai","2026-09-27 07:35:46",1905.1,2,yasu01
1615,16736474,"Håkon Kjelseth","2026-09-23 09:18:48",1904.8,2,hkon2k
1616,16655477,Aurora,"2026-09-27 06:03:04",1904.5,2,"niteshranjansingh,themeghajoshi"
1617,16879185,"xuhang ren","2026-09-27 05:25:05",1904.1,2,xuhangren
1618,16718649,"Zakaria Aala","2026-09-26 19:12:04",1903.8,2,zlordgrim
1619,16647192,"Sailor Ren","2026-09-25 09:21:57",1903.7,2,"dongdongjiaqi,sailorren"
1620,16671767,Kaileh57,"2026-09-27 06:42:50",1902.9,2,kaileh57
1621,16634088,Jet,"2026-09-25 09:54:52",1902.7,2,drkongvis
1622,16941364,anto,"2026-09-26 15:03:27",1901.8,2,"yeohzhonghanervin,yueyaozzz"
1623,16655758,patience,"2026-09-26 13:36:26",1901.7,2,"weirdocurry,wenjunkai124"
1624,16744837,JuliaGastellu,"2026-09-26 15:17:23",1901.1,2,juliagastellu
1625,16674385,"qr farm","2026-09-26 19:18:00",1900.9,2,qrz1201
1626,16738349,Suna-D,"2026-09-27 02:55:47",1900.5,2,sunad0630
1627,16930688,"Solo Leveling","2026-09-26 14:05:00",1900.5,2,lingyuzhi
1628,16641348,wata,"2026-09-27 04:55:51",1900.4,2,iwatahiroki
1629,16852910,omoch1,"2026-09-25 09:35:30",1900.1,2,agecom
1630,16674932,kokinnwakashuu,"2026-09-24 22:11:22",1899.8,2,kokinnwakashuu
1631,16938431,"ADRIANO ALMEIDA","2026-09-24 00:03:40",1899.8,2,adrianoalmeidaa
1632,16896224,"Rajveer Singh Rajput","2026-09-26 15:58:34",1899.6,1,rajveersrajput080
1633,16890503,KevinYongxin,"2026-09-25 08:29:37",1899.5,2,yongxinkwan
1634,16783740,ZiYiMing,"2026-09-24 11:53:34",1899.1,2,"kaibozhou,ziyiming"
1635,16746395,Levin,"2026-09-25 15:56:11",1898.8,2,"sophiexs,zhengliwen"
1636,16904651,chenpengyu603,"2026-09-26 08:17:07",1898.3,2,chenpengyu603
1637,16838312,macaron,"2026-09-24 05:32:31",1897.6,2,hayatotech
1638,16767709,"Mike Anderson","2026-09-27 00:54:38",1896.9,2,manderson240
1639,16683755,"Meng Di","2026-09-26 22:32:34",1896.0,2,hughshaoqz
1640,16932335,"Dom Bavuso","2026-09-27 05:44:33",1896.0,2,dombavuso
1641,16841434,soraemon,"2026-09-27 07:26:42",1895.8,2,soraemon
1642,16760990,naren_v,"2026-09-26 06:29:49",1895.0,2,varuthakari
1643,16922832,"Zhang Feifan","2026-09-25 08:34:36",1894.7,2,zhangfeifan
1644,16914801,milkdragon,"2026-09-26 13:28:48",1894.5,2,hhhhhhyc
1645,16663214,"Mathieu W","2026-09-26 18:50:12",1894.4,2,mathieuw
1646,16941777,"Ziming Wu","2026-09-23 08:55:56",1894.3,2,zimingwu
1647,16747069,l'rug,"2026-09-25 16:10:12",1894.2,2,sdfsfsfsdf
1648,16623400,Less,"2026-09-23 04:33:03",1894.2,2,jiaoyouzhang
1649,16672456,hangglider5,"2026-09-24 07:49:26",1893.9,2,hangglider5
1650,16936396,olHwHlo,"2026-09-26 07:44:32",1893.9,2,olhwhlo
1651,16942720,"Shadow Es","2026-09-27 08:29:39",1893.8,2,shadowes
1652,16734715,史永刚,"2026-09-24 01:58:08",1893.3,2,shizehao
1653,16741178,guruguru000,"2026-09-26 13:13:42",1892.8,2,guruguru000
1654,16746632,tingyu516,"2026-09-26 11:23:11",1892.6,2,tingyu516
1655,16622245,"Vlas Veles","2026-09-27 04:17:56",1892.0,2,vlasveles
1656,16713797,CrazyDave111,"2026-09-25 15:43:49",1891.8,2,crazydave111
1657,16688979,"Dhayaney Vijayan","2026-09-21 18:04:43",1891.6,2,dhayaneyvijayan
1658,16661743,"Sergey Kutepov","2026-09-26 04:25:34",1891.5,2,natsyst
1659,16786595,"dbvz sbsbs","2026-09-27 05:05:44",1891.3,2,dbvzsbsbs
1660,16637031,"and more","2026-09-25 07:28:43",1890.8,2,kym2022
1661,16771394,"ZHIRUI ZHAO","2026-09-23 14:17:48",1890.8,2,"harr23,zhiruizhao"
1662,16912988,"Roy Zhu","2026-09-22 03:55:22",1890.4,2,roy0zhu0
1663,16930858,LIUDIZHU,"2026-09-27 00:15:32",1890.1,2,liudizhu
1664,16709126,"Jamie Nojek","2026-09-27 01:19:54",1889.5,2,jamienojek
1665,16923373,"kouhei mori","2026-09-23 13:22:14",1888.5,2,kouheimori
1666,16662121,One-For-All,"2026-09-26 01:56:52",1888.5,2,"akankshatiwari2803,indarkarhana"
1667,16852766,MCZK,"2026-09-25 04:27:58",1888.2,2,hitoshimochizuki
1668,16888752,"edward john washins","2026-09-26 18:43:24",1888.1,2,edwardjohnwashins
1669,16760244,"Alex Paul","2026-09-27 00:02:26",1887.7,2,alexazander
1670,16657152,"K S VIJAYARAAGHAVAN","2026-09-24 07:30:18",1886.6,2,"blackscythe123,ksvijayaraaghavan"
1671,16660601,"Rabbiya affan","2026-09-25 07:46:27",1886.1,2,rabbiyaaffan
1672,16936519,Found,"2026-09-26 15:21:54",1885.9,2,seventeennine
1673,16832555,"Yanxi Teng","2026-09-24 00:17:25",1885.5,2,yanxiteng
1674,16632599,HyperARC,"2026-09-27 05:28:12",1885.2,2,shadowell888
1675,16621243,"Jesse Bullard","2026-09-27 05:00:36",1885.2,2,jessebullard
1676,16809211,"Aleix López","2026-09-24 21:25:39",1884.6,2,aleixlopez
1677,16624645,"Closed Loop","2026-09-24 01:42:33",1884.0,2,hobbisttech
1678,16939767,"Elias William","2026-09-25 06:29:39",1883.8,2,eliaswilliam
1679,16874388,"Shuqi Zhang","2026-09-24 06:55:25",1883.6,2,"giadungho,sasalisa"
1680,16725403,tabetai28,"2026-09-27 05:29:05",1882.0,2,taichiabewaseda
1681,16925740,Virexon,"2026-09-27 07:31:29",1881.5,2,"spectrion5,synthexia,virexon,vorinaq"
1682,16876853,PUN,"2026-09-26 17:24:20",1881.4,2,pshikk
1683,16933123,dynatrixa,"2026-09-26 05:37:38",1881.4,2,"datacinder7,dynatrixa,veltronic"
1684,16706410,lixiaoxin25,"2026-09-25 07:20:08",1880.7,2,lixiaoxin25
1685,16660735,"Bassel Elbahnasy","2026-09-26 20:24:18",1880.5,2,basselashraf
1686,16660220,tomo11111,"2026-09-23 17:04:13",1879.9,2,tomo11111
1687,16907393,Logus,"2026-09-24 08:15:27",1879.7,2,logus4704
1688,16809294,Cherie01,"2026-09-27 06:53:06",1879.6,2,cherie01
1689,16944820,Nikouo,"2026-09-25 06:20:36",1879.5,2,nikouo
1690,16872211,"Artem Bakalinskiy","2026-09-25 09:15:35",1879.4,2,artembakalinskiy
1691,16768143,KingDellaFarm,"2026-09-23 17:55:42",1879.1,2,"alessandrodestasi,disteroas"
1692,16730578,BostonKaggle,"2026-09-26 23:03:39",1878.3,2,"isthereanycode,lynnkim0"
1693,16891334,"Ruslan Akhmetov","2026-09-27 00:20:22",1877.9,2,ecolla999
1694,16838479,"Sufi Afifi","2026-09-24 07:41:01",1877.7,2,emrys21
1695,16728863,Irabala,"2026-09-26 10:17:15",1877.0,2,irabala1
1696,16823251,"Khaled Yousef","2026-09-25 05:52:51",1875.6,2,recochet96
1697,16732129,"payne yam","2026-09-23 01:46:06",1875.5,2,payneyam
1698,16665331,winstonton,"2026-09-26 06:49:40",1875.2,2,winstonton
1699,16743136,unhappy,"2026-09-26 15:29:43",1875.1,2,chenyahui123
1700,16846963,成吉思汗,"2026-09-27 06:55:22",1875.0,2,jddhhdh
1701,16911850,Farmerjay,"2026-09-26 02:44:29",1874.2,2,officeghost
1702,16893046,ClaudiCulture,"2026-09-27 04:15:00",1873.9,2,ortimusprime
1703,16701024,pig7selene,"2026-09-27 06:00:53",1873.6,2,"ejlthomas,gaoeeee"
1704,16733851,tangaii,"2026-09-26 21:01:43",1872.1,2,tangai1
1705,16659715,masb,"2026-09-26 07:30:44",1871.7,2,affansaied
1706,16906728,"Konstantin Zhar","2026-09-26 22:47:48",1870.8,2,zharkd
1707,16643453,Haumea,"2026-09-24 12:21:06",1870.6,2,chaitanyagullapalli
1708,16732051,Jeryos,"2026-09-26 22:02:37",1870.2,2,joulskaf
1709,16647607,pumpkin,"2026-09-25 09:22:32",1870.2,2,gealachpumpkin
1710,16661558,안녕하세요이세입니다잘부탁드립니다,"2026-09-27 07:13:22",1869.3,2,"moonswalk,municef1"
1711,16731940,xxxxyt,"2026-09-24 04:29:54",1868.7,2,"shengqinxi,xmxgxcs,xxxxyt"
1712,16810171,kta_jpn,"2026-09-24 12:10:13",1868.7,2,ktajpn
1713,16729192,1m0ke,"2026-09-27 08:22:44",1867.7,2,smokelate
1714,16628765,"Kota Iizuka","2026-09-25 00:04:42",1867.4,2,kotaiizuka
1715,16811251,poijio,"2026-09-26 17:32:59",1867.2,2,poijio
1716,16673881,"Sebastian Johansson","2026-09-24 15:36:56",1867.1,2,sebbejohansson
1717,16698688,JeremiahMannings,"2026-09-24 04:03:51",1866.8,2,jmannings
1718,16768104,"Ivan Aleksandrov","2026-09-26 11:46:18",1866.8,2,ivanblch
1719,16888260,"Ndabenhle Ngema","2026-09-25 02:15:27",1866.7,2,ndabenhlengema
1720,16810299,spencersi123,"2026-09-27 06:36:00",1866.4,2,spencersi123
1721,16925892,野獸先輩,"2026-09-22 17:10:48",1866.2,2,rayyen216
1722,16622509,Ali,"2026-09-26 17:34:55",1866.2,2,asalhi
1723,16815132,"Duc-Anh Nguyen","2026-09-26 14:10:50",1866.1,2,valentinonguyen
1724,16653982,"Arul Prasad S P","2026-09-27 06:51:48",1865.9,2,arulprasadsp
1725,16779171,Xunden,"2026-09-27 07:16:27",1865.0,2,xunden
1726,16798724,"junfan shen","2026-09-23 08:25:25",1864.9,2,junfanshen
1727,16802505,daviondk,"2026-09-26 15:04:36",1864.1,2,daviondk
1728,16791977,JeremyLIU858,"2026-09-27 06:00:57",1864.1,2,jeremyliu1997
1729,16724806,rin2401,"2026-09-26 06:15:02",1863.8,2,rin2401
1730,16623812,"SeshuRaju 🧘‍♂️","2026-09-27 07:28:40",1863.7,2,seshurajup
1731,16627032,"Kaito Fukami","2026-09-27 00:14:47",1863.4,2,kaitofukami
1732,16794207,AlekseiProvorov,"2026-09-26 14:27:59",1862.8,2,leoprovorov
1733,16785483,xiongrui666,"2026-09-23 01:45:19",1862.3,2,xiongrui666
1734,16772204,"Hamam Ahmed","2026-09-27 02:44:56",1861.9,2,hamamelsanousi
1735,16731751,"Nikita Pudovkin","2026-09-27 07:26:39",1861.5,2,nickpudovkin
1736,16641138,"Bharath Varma","2026-09-27 06:42:54",1861.1,2,bharath111l
1737,16655796,"dijia zhang735","2026-09-26 16:04:26",1860.4,2,dijiazhang735
1738,16659351,"Hamna Kaleem","2026-09-27 02:21:05",1860.0,2,hk3296
1739,16662380,"Brandon Calderon-Morales","2026-09-27 01:45:32",1859.9,2,bmoe640
1740,16806346,"Mike chen666","2026-09-26 04:54:57",1859.9,2,"mikechen666,tiffanyjade"
1741,16757727,"Sohshi Nakamura","2026-09-27 07:18:18",1859.8,2,sohshinakamura
1742,16906012,GarbageOoze,"2026-09-27 07:54:27",1859.5,2,"garbageooze,luoruihan12"
1743,16909485,SatoGo,"2026-09-26 06:14:53",1857.9,2,satogo
1744,16634432,KARGI,"2026-09-26 17:37:06",1857.5,2,learningkin
1745,16635340,"zhuo wamg","2026-09-27 07:07:41",1856.6,2,zhuowamg
1746,16665129,Doom,"2026-09-26 22:12:36",1855.9,2,"mr6436,sanskaarundale"
1747,16654669,"Jordi Corbilla","2026-09-27 04:07:49",1855.2,2,jordicorbilla
1748,16747408,すずき,"2026-09-27 06:55:01",1854.2,2,shumpeace
1749,16716533,wiffany,"2026-09-26 13:18:29",1853.5,2,wiffany
1750,16863329,"Alvaro Mendizabal","2026-09-27 05:10:32",1853.4,2,alvaromendizabal
1751,16634873,shin0000,"2026-09-24 03:07:22",1853.0,2,shin0000
1752,16718033,TheMightiestMan,"2026-09-26 06:17:33",1852.9,2,themightiestman
1753,16640388,SANNNNN,"2026-09-27 06:42:49",1852.9,2,zuhairsan
1754,16631115,prvsiyan,"2026-09-24 10:51:35",1852.6,2,prvsiyan
1755,16795698,ml_gg,"2026-09-25 17:59:14",1851.8,2,ramnarayanchoudhary
1756,16640467,Catalyst,"2026-09-23 09:25:57",1848.8,2,vibekaggler
1757,16765135,neuro168,"2026-09-23 11:11:29",1848.8,2,lordmc
1758,16699082,Sakthei,"2026-09-20 13:41:34",1848.6,2,sakthei
1759,16731911,"liu bo","2026-09-25 14:05:21",1848.3,2,liuboo45586
1760,16751411,"lamb Liu","2026-09-25 13:57:23",1847.3,2,liuxiaohua72
1761,16660485,tablecables,"2026-09-25 20:07:51",1846.9,2,colingaffney1
1762,16709809,RiyaSoni20,"2026-09-26 23:13:47",1843.5,2,"riyasoni20,rudraamin06"
1763,16745059,mekduy,"2026-09-25 06:52:33",1843.4,2,mekduy
1764,16888093,"Alejandro Izaguirre","2026-09-24 20:35:33",1843.3,2,alejandroizag
1765,16891703,"Rasmus Hulthe","2026-09-27 00:32:59",1843.2,2,zazmuz
1766,16905517,Marti,"2026-09-24 01:00:51",1843.0,2,marticn
1767,16665864,kavipavi19,"2026-09-22 10:37:14",1842.8,2,kavipavi19
1768,16656432,"CornHub Premium","2026-09-26 17:35:38",1842.7,2,nihilisticneuralnet
1769,16841663,"Ryosei Hara","2026-09-26 23:45:14",1842.5,2,ryhara
1770,16854477,"Marc Maldonado Lorca","2026-09-23 08:04:16",1841.4,2,marcmaldonado
1771,16907246,VROPEXT,"2026-09-26 21:16:02",1840.7,2,vropext
1772,16765834,Oakzen,"2026-09-24 11:49:54",1840.5,2,gyx517120273
1773,16814852,"Shivcharanraju Anga","2026-09-27 07:15:55",1840.3,2,shivcharanrajuanga
1774,16776505,"Duck Typing","2026-09-26 19:45:40",1839.3,2,ahmadamindw
1775,16657277,"Dude and Destroy","2026-09-24 03:39:44",1839.0,2,raymondbrookman
1776,16799832,"Maman Salto","2026-09-25 03:57:41",1838.3,2,saddamaditya
1777,16674102,没落者,"2026-09-27 08:27:41",1837.9,2,needless090
1778,16640472,"Vsevolod Rakita","2026-09-27 06:21:08",1837.4,2,vsevolodrakita
1779,16630729,"american gothic","2026-09-27 07:44:40",1837.0,2,grennwolf
1780,16734803,guoziyi123456,"2026-09-23 00:17:46",1836.3,2,"ax1lec,guoziyi123456,linhexlu,xuanzhechen"
1781,16737237,"Ayodeji Adesegun","2026-09-27 07:17:34",1836.2,2,ayodejiadesegun
1782,16875984,cccyou,"2026-09-23 07:34:18",1835.9,2,cccyou
1783,16899084,"Asan Ashirov","2026-09-22 16:32:11",1835.7,2,asanashirov
1784,16658300,"Thành Toàn Vương","2026-09-23 11:25:19",1834.7,2,thnhtonvng
1785,16938859,Adequate_Echo,"2026-09-25 05:09:30",1833.9,2,adequateecho
1786,16880664,"Nodir Xamdamov","2026-09-24 16:18:54",1833.6,2,nodirxamdamov
1787,16847247,月之光面,"2026-09-24 02:35:20",1833.2,2,cxcxcxcx
1788,16667018,ZekeAlx,"2026-09-27 03:27:33",1832.8,2,alexthomas12345
1789,16717255,Ryuuga89,"2026-09-25 15:08:51",1832.7,2,ryuuga89
1790,16714457,"Crop Dustas","2026-09-27 07:08:35",1831.7,2,"peikopon,rishigottumukkala"
1791,16924407,"Laxmi Khilnani","2026-09-26 17:32:18",1830.9,2,laxmikhilnani2004
1792,16845965,Oldplaykid,"2026-09-24 12:37:52",1828.9,2,"tonf3195,zerethon"
1793,16936848,spy007,"2026-09-24 11:46:46",1828.4,2,"py1603300133,syhsyh123"
1794,16931975,loki005,"2026-09-26 15:51:58",1828.2,2,loki005
1795,16818313,"haonan zhengh","2026-09-27 01:57:16",1826.9,2,haonanzhengh
1796,16714474,"Glenn Dalbey","2026-09-23 00:15:27",1826.9,2,glenndalbey
1797,16655150,"Benjamin H Pepper","2026-09-24 11:34:27",1826.7,2,bhpepper
1798,16741096,"Yohanes Lengkong","2026-09-26 02:38:11",1826.7,2,yohanesfc
1799,16855295,zhudong1949,"2026-09-24 15:21:27",1826.6,2,zhudong1949
1800,16696720,"JAZ COLD HORN","2026-09-27 05:15:34",1826.3,2,"evanmaksud,jazivxt,maulikgajera,niazmohaimanabtahi,victorhorn"
1801,16843203,"Liyi xin jie","2026-09-25 04:29:21",1825.7,2,liyixinjie
1802,16919030,"wenzhi liu","2026-09-23 03:25:11",1825.2,2,liuwenzhi
1803,16853540,WUZB,"2026-09-23 03:14:03",1825.1,2,wzhengbiao
1804,16664573,AdhithyaRokhith,"2026-09-25 17:29:38",1824.9,2,adhithyarokhith
1805,16854074,yudai_000111,"2026-09-24 12:02:57",1824.0,2,yudai000111
1806,16937798,"Semih Temiz","2026-09-27 07:14:08",1823.6,2,semhtemiz
1807,16719451,"Syed Toubur","2026-09-23 07:12:40",1823.2,2,syedtoubur
1808,16658038,Khanh,"2026-09-25 15:24:53",1823.0,2,khanhp142
1809,16622420,RuiFSPinto,"2026-09-26 18:36:18",1822.8,2,ruifspinto
1810,16656011,"Jiashun Tan","2026-09-24 01:40:53",1822.3,2,jiashuntan
1811,16671424,cicen1139,"2026-09-27 04:22:11",1822.0,2,cicen1139
1812,16840439,"God Se7en","2026-09-26 16:09:14",1821.9,2,godseven7
1813,16763767,"Carson Zhang","2026-09-22 22:21:32",1821.8,2,zmcddn
1814,16752277,YKuma,"2026-09-26 12:42:32",1819.6,2,ykumazaki
1815,16728114,yu9824,"2026-09-24 16:47:05",1819.4,2,yu9824
1816,16756972,"Đức Hải Hà","2026-09-26 15:12:59",1818.9,2,tankinguyen
1817,16661737,"Márcio Santos","2026-09-26 21:56:31",1818.9,2,mos3santos
1818,16946367,dwinging,"2026-09-23 14:07:09",1818.2,2,dwinging
1819,16684954,Rogues,"2026-09-26 17:37:53",1817.9,2,"saikushal185,suneethreddy"
1820,16848063,"Yuan Weijun","2026-09-23 14:26:32",1817.8,2,yuanweijun
1821,16746599,Borrun,"2026-09-22 05:23:12",1817.7,2,borrun
1822,16762926,"Ricky RTG","2026-09-24 02:48:42",1817.4,2,rickyrtg
1823,16778627,LXZ538,"2026-09-26 05:04:47",1817.2,2,lxz538
1824,16635745,DataRockstar,"2026-09-23 18:33:49",1817.0,2,"amaropeter,jvlegend"
1825,16668736,bhundreds,"2026-09-27 07:14:08",1816.6,2,hundreds1103
1826,16659419,"Chahat Mehra","2026-09-26 17:53:15",1816.5,2,chahatmehra
1827,16625921,JinchengZhang1,"2026-09-27 01:29:31",1816.2,2,jinchengzhang1
1828,16858207,"David Wang","2026-09-23 02:44:56",1816.0,2,renew66
1829,16944065,"Wael El Ghazzawi","2026-09-22 23:05:10",1815.7,1,waelelghazzawi
1830,16677847,ShiviWhivi,"2026-09-22 02:15:51",1815.4,2,blackpearls1
1831,16879166,NoDash,"2026-09-26 23:15:11",1814.2,2,nodash
1832,16845713,"qweq asd","2026-09-24 08:12:48",1813.5,2,qweqasd
1833,16667951,KoRo2_JP,"2026-09-27 07:59:41",1813.4,2,koro2jp
1834,16784420,renyxin,"2026-09-26 13:45:53",1813.4,2,renyxin
1835,16738487,"Andrey Shpigar","2026-09-23 18:18:09",1813.2,2,andreyshpigar
1836,16758982,Boredom,"2026-09-22 17:34:35",1813.2,2,"baodewen,cudacoding,elektromagnetizm,j12345673,mikeyu2026"
1837,16658665,ChandramouliNagasundaram,"2026-09-26 07:28:12",1812.6,2,"enginegeneral,mouliindian"
1838,16687824,"André Dkw","2026-09-24 21:05:42",1812.6,2,andrdkw
1839,16838956,"Michael Brown","2026-09-26 19:51:50",1811.8,2,michaelbrown4343
1840,16762935,"ibr mo sal","2026-09-25 08:20:45",1811.8,2,ibrmosal
1841,16681116,Kagamihara,"2026-09-26 01:45:41",1810.1,2,kagamihara
1842,16904371,Makhmudov_1602,"2026-09-22 10:40:41",1809.8,2,makhmudov1602
1843,16880694,yuxian6666,"2026-09-23 13:00:16",1809.7,2,yuxian6666
1844,16879253,Bldr2,"2026-09-25 08:16:37",1809.5,2,alphalin2010
1845,16742684,Inzilbêth,"2026-09-24 06:24:15",1809.2,2,inzilbth
1846,16742183,alessandrozonta,"2026-09-23 07:46:51",1809.1,2,azonta
1847,16673230,saitamad,"2026-09-27 05:43:06",1808.8,2,saitamad
1848,16857491,cherish_zhang,"2026-09-23 07:18:03",1808.8,2,cherishzhang
1849,16793287,"Kim Jinseo","2026-09-27 07:35:55",1808.7,2,kimjinseo1
1850,16855214,"Kazumi Sakamaki","2026-09-24 00:26:27",1808.5,2,hatimitusiropp
1851,16774075,"Mohammad Yaser Hussain","2026-09-24 11:10:55",1808.3,2,mohammadyaserhussain
1852,16869614,"Szymon Miłosz","2026-09-27 03:01:10",1808.3,2,szymonmiosz
1853,16712863,ominteam,"2026-09-26 18:32:12",1807.9,2,"luantony,suruikk"
1854,16884753,God111,"2026-09-27 05:57:49",1807.8,2,god111
1855,16947886,"Rufeng Toxins","2026-09-23 14:01:48",1807.5,2,rufengtoxins
1856,16741932,"Michael Chen","2026-09-23 01:27:57",1807.3,2,fuqiangchen
1857,16632304,"Masataka Suzuki","2026-09-25 17:14:34",1807.3,2,masatakasuzuki
1858,16644229,"Amy Yuan","2026-09-25 08:08:13",1806.8,2,cozytato
1859,16806000,wyz0210,"2026-09-26 13:35:47",1806.5,2,weiyouzhen
1860,16946537,"Roustoum Abdel Moula","2026-09-23 09:34:04",1806.5,1,roustoumabdelmoula
1861,16655379,Ikeda0516,"2026-09-27 00:05:14",1806.4,2,ikeda0516
1862,16662684,"Harshini Reddy","2026-09-25 13:56:07",1806.3,2,luffyh04
1863,16905426,futabato,"2026-09-27 01:32:28",1806.3,2,futabato
1864,16842093,aether74,"2026-09-24 02:23:54",1806.2,2,aether74
1865,16647324,GG-bond,"2026-09-24 09:36:10",1805.8,2,wyhwyh123
1866,16940453,"HIbiki Awai","2026-09-22 13:57:50",1805.6,2,hibikiawai
1867,16727350,"T Hansda","2026-09-22 13:49:10",1805.1,2,hansda
1868,16767929,Timbydude,"2026-09-24 15:30:58",1804.6,2,timbydude
1869,16886856,爱上帝的小熊猫,"2026-09-23 04:30:55",1803.1,2,xuefengxie
1870,16627906,"Tergel Munkhbat","2026-09-26 09:27:08",1801.2,2,tergelmunkhbat
1871,16657728,"T Soo","2026-09-24 07:43:09",1799.8,2,ttgrcgrc
1872,16640394,"MOHAMMADJAFAR ZAMANI","2026-09-27 08:12:54",1799.7,2,mohammadjafarzamani
1873,16796574,cununn,"2026-09-27 04:09:41",1799.3,2,w007425y
1874,16635351,AAAMIKASA,"2026-09-22 15:04:54",1799.2,2,aaamikasa
1875,16678061,"Sushanth Tiruvaipati","2026-09-25 06:33:19",1798.8,2,sushanthtiruvaipati
1876,16704466,"QQ Farming","2026-09-27 05:22:30",1798.8,2,"dzjiann,hdhsjdjd,keithtyser,mitubant,ngyzly"
1877,16794753,"Yan #2","2026-09-26 19:29:49",1797.9,2,diskya
1878,16736632,Leo,"2026-09-25 11:20:07",1796.9,2,huangkx666
1879,16723893,iring58,"2026-09-27 02:18:39",1796.9,2,iring58
1880,16935983,"Anas Zewail","2026-09-22 16:30:50",1796.6,2,anashanyzewail
1881,16681848,Haraguchi-T,"2026-09-23 15:07:53",1796.3,2,haraguchit
1882,16770832,"Harish Yadav","2026-09-24 11:57:04",1795.6,2,harishyadav0506
1883,16676336,lemon13418,"2026-09-23 00:05:09",1795.6,2,lemon13418
1884,16692895,Manuf,"2026-09-25 13:01:40",1795.4,2,manuelferromorales
1885,16748866,masayoshi,"2026-09-26 19:51:38",1794.3,2,masayoshi64
1886,16671012,"Sean Zhang","2026-09-24 01:00:58",1793.9,2,seanzhang2445
1887,16669686,"Mert Bayraktar","2026-09-27 01:22:49",1793.2,2,mertbayraktar
1888,16843864,IkeKodd,"2026-09-22 12:16:03",1791.4,2,"ikekodd,pinluk"
1889,16685743,"Alex Oranov","2026-09-25 09:46:36",1791.2,2,aoranov
1890,16848217,"Yang Bai","2026-09-23 11:23:39",1791.1,2,jackelysia
1891,16622422,ss,"2026-09-23 06:37:19",1791.1,2,forest2026
1892,16629308,Sutee,"2026-09-27 07:41:42",1791.0,2,lszlst
1893,16925367,codezzzsleep,"2026-09-27 03:00:55",1790.9,2,codezzzsleep
1894,16750448,"Ansh Agarwal","2026-09-25 16:03:14",1790.7,2,anshagarwal2616
1895,16674526,"Imdadul hasan hamim","2026-09-22 08:06:03",1790.6,2,imdadulhasanhamim
1896,16798974,huangbin,"2026-09-26 23:38:16",1790.3,2,huangbin1
1897,16930996,"ROGER REN","2026-09-23 08:01:24",1789.4,2,rogerrenruben
1898,16921163,"Sam StSt","2026-09-22 06:30:05",1789.3,2,samstst
1899,16644877,lu_fish,"2026-09-26 08:00:10",1789.0,2,thefish114514
1900,16944349,m_meles,"2026-09-23 16:04:45",1788.8,2,mmeles
1901,16682843,underline12311,"2026-09-23 04:27:15",1788.8,2,underline12311
1902,16696762,SOSyuki,"2026-09-22 01:32:23",1788.8,2,sosyuki
1903,16878968,"Dale Zhong","2026-09-27 05:45:50",1788.4,2,dalezhong
1904,16736124,GIN,"2026-09-23 06:57:33",1788.2,2,runjinzhang
1905,16623515,"Apple Joy","2026-09-23 05:27:00",1787.6,2,"cqput640,fishcat37,sdq2237"
1906,16725177,misaka12435,"2026-09-26 23:56:47",1787.4,2,misaka12435
1907,16759626,"Ghazaros Barseghyan","2026-09-27 08:37:21",1787.1,2,ghazarosbarseghyan91
1908,16774712,icelemon2004,"2026-09-27 07:00:40",1785.9,2,"guanghuchen,icelemon2004,mustard64"
1909,16943126,"Aaditya Verma","2026-09-27 03:23:57",1785.8,2,tensura911
1910,16818194,sugiharahara,"2026-09-24 15:33:48",1785.7,1,sugiharahara
1911,16712134,cf696666,"2026-09-26 18:07:18",1785.5,2,cf33333
1912,16796901,hanhan761,"2026-09-24 03:05:34",1785.4,2,"hanhan761,kiivii,noice12138,xiaobai0417"
1913,16657941,"Nick Styles","2026-09-27 04:57:51",1785.2,2,styles
1914,16732727,brightest66,"2026-09-27 07:14:39",1784.7,2,"brightest66,laplacenvmv"
1915,16766498,HNUST,"2026-09-27 07:30:39",1784.5,2,"aloemoon,castianhans"
1916,16778707,momohuhu_kkkkkarrot,"2026-09-24 01:25:18",1784.4,2,kjy666
1917,16662946,uzair,"2026-09-26 20:18:12",1784.3,2,quantumcurator
1918,16858208,linhaiy,"2026-09-27 00:21:14",1784.1,2,linhaiy
1919,16634803,hongzhouzhou,"2026-09-26 09:24:12",1783.6,2,afterrain42
1920,16876706,"zijun zhang","2026-09-26 16:27:15",1783.5,2,kongmu0503
1921,16917149,beastars,"2026-09-25 22:49:43",1783.1,2,"doorknob881,ohyabuddy,vickylinvicky"
1922,16793427,wuwuwu,"2026-09-23 10:35:31",1782.9,2,wu1570
1923,16688893,CCG,"2026-09-26 14:16:10",1782.4,2,"hirokenn,nagomenk"
1924,16936346,"Han Zhou","2026-09-22 00:51:30",1782.2,2,hanzhou445
1925,16661039,Abracadabra,"2026-09-27 02:42:17",1782.2,2,giovannicr
1926,16731834,Kamma,"2026-09-27 07:47:26",1782.1,2,"cheliu0307,makerfly,vonlanvonlan233"
1927,16861903,iwa,"2026-09-23 09:53:06",1780.8,2,ichiko
1928,16730462,XTang,"2026-09-23 04:47:53",1780.6,2,flyonthewater
1929,16769234,"Akshar #2","2026-09-23 17:16:50",1779.6,2,"aksharzala,therishitaggarwal"
1930,16915571,"jay tsang","2026-09-26 07:57:39",1779.3,2,jaytsang
1931,16707547,Lin,"2026-09-24 07:52:17",1779.1,2,linjianrong
1932,16807538,Asterope,"2026-09-23 08:04:06",1778.5,2,jianlee0
1933,16775803,Robson,"2026-09-26 23:42:19",1777.3,2,robsonsan
1934,16623378,"nvidia fan","2026-09-26 04:49:45",1776.8,2,outwrest
1935,16693942,"Lisan al-Gaib","2026-09-27 08:35:39",1776.4,2,azrihasin
1936,16639507,Homii_N,"2026-09-23 00:41:19",1775.4,2,homeshwarrao
1937,16672251,"Kavinkumar M","2026-09-27 05:44:20",1774.3,2,kavinkumarrkm
1938,16827859,"Ishraq Tanvir","2026-09-25 14:54:39",1773.3,2,ishraqtanvir
1939,16859473,wakaka,"2026-09-27 05:01:20",1772.7,2,bernicerobinson
1940,16871584,xder,"2026-09-26 11:09:18",1772.5,2,xderyeke393
1941,16894950,csly666,"2026-09-21 15:34:28",1771.9,2,csly666
1942,16932850,"Amir Ghazi","2026-09-26 20:05:27",1771.1,2,amirghazi
1943,16726547,"Ezra Kho","2026-09-26 11:07:55",1770.6,2,ezrakho
1944,16801457,"Anthropic Banned My Account","2026-09-23 06:52:31",1770.5,2,subaru486
1945,16931127,taipen,"2026-09-26 12:47:36",1769.9,2,pankhuri001
1946,16655789,"wen chong yu","2026-09-27 07:05:06",1769.6,2,wenchongyu
1947,16765233,Shun,"2026-09-24 04:56:58",1769.1,2,shunchan0677
1948,16908403,"Stepan Ivanov","2026-09-25 14:31:15",1768.9,2,stepanivanov233
1949,16641893,"Kashyapsinh gohil","2026-09-26 15:44:03",1768.8,2,kashyapsinhgohil
1950,16671607,"Chanhyuk Han","2026-09-23 08:38:04",1768.8,2,chanhyukhan
1951,16914676,"Luon may Man","2026-09-26 00:02:52",1768.3,2,luonmayman
1952,16664487,houlidai-jiekiulai,"2026-09-27 05:04:59",1768.3,2,houlidaijiekiulai
1953,16809323,"Naoki Yamada","2026-09-23 14:17:01",1767.7,1,naokiyamada1106
1954,16870440,GOSS,"2026-09-27 07:10:06",1767.6,2,gossan
1955,16731966,ねねね,"2026-09-24 22:49:32",1767.4,2,napier1550
1956,16622330,"hiroshi murakami","2026-09-26 06:48:51",1767.3,2,zabojeb
1957,16898651,Kitsune0o,"2026-09-25 12:33:32",1767.2,2,theodaimones888
1958,16657093,"sixer srinath","2026-09-27 08:05:33",1766.2,2,srinath2495
1959,16809842,"zg l1218","2026-09-27 03:29:08",1764.8,2,"dkttttt,zgl1218"
1960,16675344,PP_Azalearn,"2026-09-26 04:44:14",1764.2,2,"androidss,keitookamoto,pptakehirokawada"
1961,16914287,"Vinzi Leo","2026-09-23 02:31:46",1763.8,2,vinzileo
1962,16680690,MYOUCER,"2026-09-24 01:40:19",1763.3,2,myoucer
1963,16790005,"Rohit Kumar Sahoo","2026-09-27 08:17:23",1763.2,2,rohit4118
1964,16768650,ifarm,"2026-09-23 08:48:33",1763.1,2,sericsheon
1965,16919615,AcidicBlaster,"2026-09-21 10:37:49",1762.9,2,adityamurugesh
1966,16861198,Eggplanck,"2026-09-26 12:26:38",1761.8,2,gyozzza
1967,16646318,TeamNexus,"2026-09-26 18:21:52",1760.7,2,chrisopherjoshy
1968,16931056,zhangsan1224789,"2026-09-23 14:05:54",1760.4,2,zhangsan1224789
1969,16761744,"Daiki Takahashi","2026-09-23 08:45:23",1760.3,2,daikitakahashi
1970,16677855,Mehrdad_LU,"2026-09-22 20:50:28",1759.9,2,mehrdadal2023
1971,16749257,rsraki,"2026-09-26 05:41:43",1759.7,2,rsraki
1972,16746689,"Harm Buisman","2026-09-26 09:19:53",1759.6,2,harmbuisman
1973,16882746,yuiop!,"2026-09-24 22:09:05",1759.4,2,yuiopy
1974,16861805,farmer-kuni,"2026-09-23 07:28:14",1758.9,2,kuni05
1975,16891911,N_noa21,"2026-09-24 11:49:18",1757.4,2,nnoa21
1976,16738298,tomo0608,"2026-09-25 14:46:56",1756.7,2,tomo0608
1977,16824931,Magniverko,"2026-09-27 02:34:19",1755.1,2,huangyingkun
1978,16723318,グレイラットルーデウス,"2026-09-22 07:27:17",1754.1,2,rudeus666
1979,16930569,MarqueeMoon19770208,"2026-09-26 04:44:32",1753.5,2,marqueemoon19770208
1980,16779388,"Mohammad Alnajdawi","2026-09-23 11:40:29",1753.3,2,mohammadalnajdawi
1981,16638804,"Anhad Mahajan","2026-09-25 11:05:20",1753.0,2,anhadmahajan06
1982,16880558,"Georgi Kanev","2026-09-26 11:05:46",1753.0,2,georgikanev
1983,16845736,Gio,"2026-09-23 20:23:43",1752.2,2,giovanizanfra
1984,16852049,Tremble,"2026-09-22 02:07:51",1752.2,2,"aimeechen1,haoxuanwang12366,junsongzhang,qiyaoxu,yifuandonlyyifu"
1985,16860071,TOSS,"2026-09-22 20:52:48",1752.1,2,toshikawa80
1986,16728708,"Rishi Jain","2026-09-25 19:29:04",1751.9,2,rishijain07
1987,16678370,Wangles,"2026-09-22 11:10:59",1751.5,2,wangles
1988,16848297,chacha260,"2026-09-23 02:18:18",1751.3,2,chacha260
1989,16658365,OnlyFarms,"2026-09-26 09:23:24",1750.4,2,hoowoo
1990,16783870,malaxg,"2026-09-23 08:04:19",1750.1,2,guoyixian2
1991,16623071,"Santiago Maniches","2026-09-22 13:44:33",1749.5,2,santmani
1992,16849330,"Ian Wang","2026-09-23 12:15:26",1748.6,2,ianwang1204
1993,16796937,Alan,"2026-09-24 00:44:47",1748.0,2,amunsentom
1994,16848588,"vibe coders","2026-09-26 07:10:12",1748.0,2,"caando,sheryllynntan"
1995,16631421,cg,"2026-09-22 14:31:09",1747.0,2,chaitanyagarg2
1996,16923217,kou,"2026-09-20 20:09:04",1747.0,2,yuu111111111
1997,16655912,sssskilo,"2026-09-27 03:26:29",1746.9,2,wellkilo
1998,16732530,可抽奖的冰棒,"2026-09-27 05:02:23",1746.8,2,daniel1547
1999,16762195,eliasruntime,"2026-09-24 20:15:23",1746.7,2,eliasruntime
2000,16936542,"Lee Velon","2026-09-23 05:30:12",1745.9,2,leevelon
2001,16839427,kooooozh,"2026-09-22 19:04:19",1745.4,2,grigoriykozhemyakin
2002,16855992,"Vanshika #2","2026-09-22 05:15:19",1744.9,2,crystalbaby
2003,16857505,"joy of harvest","2026-09-22 01:46:50",1744.5,2,"dllogic,hanleileo,lawjkj,mragentrrr"
2004,16682514,"Pavel Pavlov","2026-09-25 13:16:01",1743.5,2,akakii
2005,16858986,kam,"2026-09-24 07:21:27",1743.4,2,kotakambayashi
2006,16915820,CjzmFeng,"2026-09-27 06:12:33",1743.2,2,cjzmfeng
2007,16786357,guoyihui,"2026-09-23 06:12:19",1743.0,2,guoyihui
2008,16928213,橋本真旺,"2026-09-22 16:37:33",1742.5,2,mao925
2009,16880792,dre,"2026-09-22 17:25:08",1741.1,2,ahmedelfazouan
2010,16896299,Bungalow0,"2026-09-27 07:11:11",1740.1,2,"achatoyant,bungalow0,demuure"
2011,16681986,"Chirantan Bhardwaj","2026-09-25 04:22:03",1739.6,2,chirantanbhardwaj
2012,16842183,"Sumukh M G","2026-09-25 03:33:11",1739.4,2,sumukhmg35
2013,16885735,keith,"2026-09-26 10:32:10",1739.1,2,kamatt
2014,16844132,Tamasaki217,"2026-09-27 08:08:46",1739.0,2,tamadesu217
2015,16708296,LUCKY2,"2026-09-25 19:45:03",1738.4,2,carolezountangni
2016,16728897,kaba777,"2026-09-27 04:08:18",1738.2,2,kaba777
2017,16654332,"Borys Tymchenko","2026-09-25 07:10:49",1737.9,2,spsancti
2018,16768449,"Dmitry Volovikov","2026-09-26 20:05:59",1736.7,2,dmitryvolovikov
2019,16749061,"Wang H2O","2026-09-23 03:58:50",1736.7,2,wangh2o
2020,16838362,"Yixuan Yang","2026-09-21 18:31:24",1736.2,2,easoney
2021,16881512,"Asem Adnan","2026-09-24 10:30:05",1736.1,2,asemadnan
2022,16763375,Makus,"2026-09-22 13:33:25",1735.9,2,alexmartinez75
2023,16688568,Sophie555,"2026-09-27 04:10:25",1735.9,2,sophie555
2024,16655704,heinado,"2026-09-26 19:48:20",1735.8,2,heinado
2025,16732156,"Ца-ри-ца по-лей, ку-ку-ру-за!","2026-09-23 18:23:49",1735.0,2,samvelkoch
2026,16935319,"Adrian Phillips","2026-09-23 06:52:14",1734.6,2,adrianphillips00
2027,16774141,Radiance,"2026-09-21 14:11:32",1734.4,2,"evelyn3976,wangyi01"
2028,16690500,Mr.NoT_GaMeR,"2026-09-27 03:47:24",1734.4,2,joshdilipkumarpatel
2029,16886400,Nisshi888880,"2026-09-23 02:45:13",1734.3,2,nisshi888880
2030,16809332,"ansheng jhang","2026-09-23 08:52:27",1734.3,2,anshengjhang
2031,16657094,irynavs,"2026-09-23 14:18:45",1733.0,2,irynavs
2032,16875653,xuzenkun,"2026-09-22 03:42:07",1733.0,2,xuzenkun
2033,16729130,KoshinM,"2026-09-26 10:06:25",1732.8,2,koshinm
2034,16870247,mxt1022,"2026-09-22 04:37:53",1732.3,2,unlome
2035,16867067,jiazepin,"2026-09-27 08:03:09",1732.3,2,jiazepin
2036,16808526,iheng88,"2026-09-26 05:47:31",1732.1,2,iheng88
2037,16632113,"Any Things","2026-09-26 20:43:32",1731.6,2,anythingsj3fare767
2038,16890118,chiikavyshy,"2026-09-22 08:05:07",1731.6,2,"marynaborovska,yuriygreben"
2039,16658203,Lan_Sky,"2026-09-26 11:50:23",1731.5,2,lansky6
2040,16794527,linyifangzhenshuai,"2026-09-27 05:14:54",1730.8,2,linyifangzhenshuai
2041,16883863,qhapaq49,"2026-09-24 05:46:37",1730.7,2,qhapaq49
2042,16789546,"lsm jii","2026-09-25 04:46:00",1730.6,2,lsmjii
2043,16915663,Wlemalin,"2026-09-23 15:16:20",1730.4,2,wlemalin
2044,16768385,neibyr,"2026-09-21 17:37:47",1730.0,2,neibyr
2045,16841826,抵扣豆浆,"2026-09-27 04:49:07",1729.3,2,tootough
2046,16721248,"Raef Guizani","2026-09-22 08:25:43",1729.1,2,raefguizani
2047,16932743,"Chris Chia","2026-09-22 02:24:46",1728.8,2,cchia3
2048,16696421,"Koyashiki Mao","2026-09-22 11:55:10",1728.4,2,koyashikimao
2049,16683808,RuggedBones,"2026-09-22 17:38:06",1728.4,2,ruggedbones
2050,16917715,Jacker_Du,"2026-09-26 17:29:39",1728.4,2,"jackerdu,pinjiewang,sunjiadong12,sunruiwang"
2051,16924604,"Dzmitry Pihulski","2026-09-26 23:12:29",1728.3,2,dzmitrypihulski
2052,16653728,"Iswar Patra","2026-09-25 15:05:38",1727.9,2,iswarpatra
2053,16887631,"Wills Cui","2026-09-22 05:47:39",1727.7,2,willscui
2054,16621294,dpquoc,"2026-09-24 04:40:59",1727.6,2,dpquoc
2055,16943033,BobChuckyJoe,"2026-09-24 05:07:19",1727.4,2,bobchuckyjoe
2056,16682753,"Cam-Luan Truong","2026-09-22 11:11:54",1727.3,2,luantruong
2057,16655567,Heisnotanimposter,"2026-09-22 04:52:39",1727.3,2,test013
2058,16765327,master_ssx,"2026-09-22 03:19:56",1726.3,2,masterssx
2059,16741672,张菠,"2026-09-22 03:23:37",1726.2,2,ysqdababa
2060,16623399,Kendamarron,"2026-09-21 07:06:28",1725.6,2,kazuhirokuriyama
2061,16659103,Arin,"2026-09-24 14:33:50",1725.4,2,skarin
2062,16912574,好运连连,"2026-09-26 11:36:28",1724.8,2,"jiangxinyuan616,xiaoranx,xigemalyk"
2063,16660395,ljx59141421,"2026-09-22 13:47:32",1724.6,2,ljx59141421
2064,16940950,"Camarillo Kull","2026-09-24 14:09:04",1724.1,2,camarillokull
2065,16674451,NycteacoBa,"2026-09-27 03:31:05",1724.0,2,nycteaowl
2066,16661073,PyJa,"2026-09-21 22:26:27",1723.9,2,pixiux
2067,16682885,风沙星辰,"2026-09-21 20:40:04",1723.3,2,"duoliya,linyeping,sereinovov,wangying2026"
2068,16658677,大山,"2026-09-24 02:51:50",1723.2,2,mapodoufu
2069,16667020,SCLim2022080004,"2026-09-22 03:18:23",1722.9,2,sclim2022080004
2070,16644480,"Umut Keltek","2026-09-23 19:23:59",1721.6,2,umutkeltek
2071,16924529,dacheah,"2026-09-24 12:40:10",1721.6,2,dacheah
2072,16859316,LP,"2026-09-25 12:13:14",1720.6,2,lihu6666
2073,16657032,"Ayaan Ghosh","2026-09-27 06:23:06",1720.3,2,ayan9001
2074,16644690,Dubnium,"2026-09-26 21:50:37",1719.4,2,ahmetyasin1
2075,16655632,"Dmitry Kozlov","2026-09-22 05:26:12",1719.3,2,dkozlov
2076,16734551,"junseok lee","2026-09-21 21:25:20",1719.3,2,jaslee2
2077,16644530,"Busya PRIME","2026-09-21 11:20:07",1719.0,2,busyaprime
2078,16755229,theearthcheng,"2026-09-22 02:20:25",1718.3,2,theearthcheng
2079,16799304,"Rlug mb","2026-09-26 06:43:07",1718.1,2,"hongxinzhang111,minhtrph,rlugmb"
2080,16704924,jdx,"2026-09-25 02:15:10",1717.6,2,jdsemrau
2081,16650181,victorvv,"2026-09-26 13:13:38",1717.0,1,whs66666666666
2082,16653828,Boltuzamaki,"2026-09-21 09:13:57",1717.0,2,boltuzamaki
2083,16642036,enddl22,"2026-09-22 00:21:17",1716.9,2,enddl22
2084,16804827,"Bala Baskar","2026-09-25 08:46:44",1716.6,2,balabaskar
2085,16862614,"Andrew Bunn","2026-09-22 00:14:18",1715.7,2,andrewbunn
2086,16715828,samg,"2026-09-24 11:25:06",1714.9,2,samgreen2046
2087,16806219,"Yiwei Pu","2026-09-22 01:59:54",1714.0,2,"lvyihan1210,raven20010261,yiweipu"
2088,16840550,henriquejsza,"2026-09-21 05:07:28",1713.9,2,henriquejsza
2089,16664392,AdamHsieh,"2026-09-26 03:06:41",1713.6,2,adamhsieh
2090,16726769,"Ci Zhu","2026-09-27 03:39:13",1712.6,2,zhuci1993
2091,16674919,yukiZ,"2026-09-27 04:51:31",1712.2,2,hideyukizushi
2092,16657576,"SUBHASH B","2026-09-26 10:30:54",1712.1,2,"rishikrish1,subhashb21022"
2093,16681893,morality0707,"2026-09-27 01:15:34",1711.6,2,morality0707
2094,16927137,"Hibachi Fried Rice","2026-09-27 04:45:08",1711.6,2,samvalladares
2095,16629787,FlameZywoo,"2026-09-24 01:55:15",1711.5,2,zgdllt
2096,16735232,"Johnson Chishimba","2026-09-22 05:41:07",1711.4,2,johnsonchishimba
2097,16747982,"Affriza Wildan Fauzan","2026-09-27 03:30:57",1711.2,2,affrizawildanfauzan
2098,16662749,Jordan,"2026-09-27 06:17:34",1710.9,2,extergeist
2099,16622937,"Sheep 🐑","2026-09-25 20:46:49",1710.8,2,kabilrh
2100,16934170,"Krish Shah","2026-09-23 05:49:34",1710.8,2,krshs90
2101,16818060,bnfan,"2026-09-27 00:01:53",1710.6,2,simonfan7
2102,16664239,VK_Kaggriculture..StartCompet,"2026-09-24 13:28:59",1710.5,2,venkatkumar001
2103,16725856,"Abhi Datta","2026-09-27 04:43:44",1710.4,2,abhidatta87
2104,16886344,魏杨康,"2026-09-27 04:46:14",1710.1,2,weiiyangkang
2105,16841940,"Hakkı Besim Bardakçı","2026-09-25 13:53:39",1710.0,2,xdebron
2106,16860559,"Sara Lark","2026-09-22 02:44:20",1709.9,2,saralark
2107,16779598,RiverStead,"2026-09-24 14:28:38",1708.1,2,riverstead
2108,16663603,xsong2020,"2026-09-25 16:05:34",1707.0,2,xstargate
2109,16657229,"Adam Plow","2026-09-22 09:40:21",1707.0,2,lizhiiii
2110,16673013,TTT,"2026-09-23 08:59:54",1706.9,2,tadahiroasami
2111,16634716,Eusebius,"2026-09-26 13:29:43",1706.5,2,protuberanzen2000
2112,16838560,Aphrodite,"2026-09-24 05:04:21",1706.3,2,aphrodite874
2113,16845531,"Suzuki Yuto - W","2026-09-24 06:15:04",1706.3,2,hoshinoyumemi
2114,16713743,oliver,"2026-09-23 17:57:56",1704.2,2,ollibolli
2115,16674839,"hongqian miao","2026-09-20 14:22:50",1703.6,2,hongqianmiao
2116,16888254,CaliforniaDog,"2026-09-24 04:55:58",1703.3,2,californiadog
2117,16662191,Danieler,"2026-09-22 18:46:56",1703.2,2,danielerufo
2118,16789561,"Rohan Kishibe","2026-09-22 14:43:18",1701.2,2,anbianluban1
2119,16764386,Troy_xx,"2026-09-27 07:41:14",1700.5,2,troyxx
2120,16786109,"Thomas Deng","2026-09-27 00:58:09",1699.7,2,tdeng24
2121,16848622,"KUO JEN WEI","2026-09-24 19:20:54",1699.7,2,"kuojenwei,kuyiting"
2122,16745419,elren,"2026-09-21 15:48:47",1699.6,2,elrensmin
2123,16900489,Machine_e1,"2026-09-25 12:52:38",1699.5,2,"arcanee1,machinee1,mymilk"
2124,16721501,αίνιγμα,"2026-09-26 17:17:50",1699.5,2,"muditnagori09,shahidnadaf001"
2125,16645203,easonyanyan,"2026-09-27 05:10:36",1698.4,2,easonyanyan
2126,16719563,"GPT-5.6 Sol🏆","2026-09-27 06:54:05",1698.3,2,"ctfxiao,gaoruihua,otherworldly777,wennaliu2007,xgentle"
2127,16768047,アメリカ農業研究会,"2026-09-21 20:12:15",1698.0,2,flnkhome
2128,16675960,"Audric LOKO","2026-09-24 20:40:08",1696.4,2,audricloko
2129,16743392,tellurium_rrr,"2026-09-27 07:32:34",1696.2,2,telluriumrrr
2130,16683435,CoorDi,"2026-09-27 06:39:07",1695.9,2,bxy0125
2131,16851399,"Ali Eren Konak","2026-09-25 14:43:37",1695.8,2,alierenkonak
2132,16664459,gngnher,"2026-09-27 03:00:52",1695.0,2,ryanshunsuke
2133,16757034,"Hanxiang Li","2026-09-21 03:43:45",1694.4,2,hanxiangjames
2134,16659730,"Zhang Yingluo","2026-09-22 14:08:04",1694.3,2,zhangyingluo
2135,16622482,"Veniamin Nelin","2026-09-21 10:44:20",1694.3,2,veniaminnelin
2136,16736931,"Sergei Fironov","2026-09-25 14:06:23",1693.9,2,sergeifironov
2137,16921085,Keerthana,"2026-09-23 16:30:06",1693.2,2,k33rthanaa
2138,16722487,Zotar,"2026-09-27 07:51:50",1692.5,2,chunhinma
2139,16623450,S.Aoki,"2026-09-21 04:27:13",1692.3,2,soyaoki
2140,16942875,Vikram,"2026-09-24 03:42:14",1691.6,2,vikramreddy2001
2141,16862155,"Kydyrbek Kozykorpesh","2026-09-25 20:42:20",1691.5,2,kozykappa
2142,16935420,"zicong pan","2026-09-24 09:34:45",1691.2,2,zicongpan
2143,16848992,"Lee Shit Hoo","2026-09-25 16:13:41",1690.3,2,leeshithoo
2144,16670883,G*Sim,"2026-09-26 14:43:12",1689.0,2,guillaumesimiand
2145,16754823,"tiki tiki tiki","2026-09-23 22:48:33",1688.6,2,slangitup
2146,16791862,"Emmanuel Mireku","2026-09-26 21:25:17",1688.2,2,eldermireku
2147,16668056,"Quantum Farm","2026-09-21 16:05:52",1688.2,2,"anselem7,divineokwueze,nnanyereuzoma"
2148,16806014,"weihao huang2004","2026-09-26 03:05:17",1687.7,2,weihaohuang2004
2149,16817923,"Adhiraj Jagtap","2026-09-23 19:44:00",1687.2,2,adhirajjagtap
2150,16623463,porply,"2026-09-21 13:32:47",1686.1,2,porply
2151,16932991,"Gabriel Stoms","2026-09-22 15:15:38",1686.0,2,gabrielstoms
2152,16732878,modelcollapse,"2026-09-21 10:09:15",1685.7,2,modelcollapse
2153,16770715,"Vicens Gaitan","2026-09-20 17:06:04",1685.1,2,vicensgaitan
2154,16773185,"Alwin Djuliansah","2026-09-26 01:40:34",1684.2,1,alwdj07
2155,16806475,sohma,"2026-09-25 16:29:25",1683.4,2,hi210278
2156,16851147,Saifuddin,"2026-09-26 21:51:24",1681.9,2,syehsyoh
2157,16750317,"ELhamdaoui AM","2026-09-27 02:06:59",1681.8,2,elhamdaouiabdelmajid
2158,16916938,MC1127,"2026-09-24 13:08:50",1681.5,2,mc1127
2159,16665077,"Mohit Babel","2026-09-24 20:55:36",1680.5,2,mohitbabel
2160,16718660,"Ramona Flowers","2026-09-26 07:54:36",1680.5,2,forsmthnoithingtosay
2161,16841190,dp23334,"2026-09-22 10:42:21",1679.8,2,dp23334
2162,16949503,"Nikita Makarov","2026-09-27 08:28:48",1679.7,2,nikimakarov
2163,16770282,colt,"2026-09-21 17:56:20",1678.5,2,"logicalgenius1,mindmaniac,mindpioneer,thinkinglogic2,xiaomaguo"
2164,16931481,"Дмитрий Томилов","2026-09-22 02:12:22",1677.7,2,floyed
2165,16732746,MSG_Encrypted,"2026-09-27 00:07:59",1677.4,2,msghais
2166,16631536,kglctf,"2026-09-27 07:41:26",1677.3,2,kglctf
2167,16806840,"Tavuk Master","2026-09-21 09:52:18",1677.2,2,mkrimenurgm
2168,16797543,Tarang222,"2026-09-21 03:38:32",1677.2,2,tarang222
2169,16795134,"jiawei li","2026-09-21 13:10:30",1677.1,2,jiaweiaaa
2170,16864870,JR,"2026-09-22 14:20:57",1676.5,2,jurijsruko
2171,16817077,"Dinesh kumar Thiyagarajan","2026-09-20 21:01:23",1676.5,2,dineshkumar0705
2172,16712751,haruo_tensai,"2026-09-26 01:58:17",1676.1,2,haruotensai
2173,16897821,bjthomas,"2026-09-20 17:39:05",1675.7,2,bjthomas
2174,16858087,"Mohd Aasim Ansari","2026-09-21 07:35:49",1675.6,2,aasim2003
2175,16625214,Malla,"2026-09-21 14:31:15",1674.8,2,mallaphalguni
2176,16924825,"Steven Feng","2026-09-24 09:46:32",1674.6,2,stevenkaiyi
2177,16929850,"XINGYUAN  ZHOU","2026-09-22 14:12:26",1674.1,2,n05199
2178,16676193,"Akira Hirohashi","2026-09-27 08:17:45",1673.9,2,akirahirohashi
2179,16935499,"Smarter Decision🏆","2026-09-26 13:05:44",1673.9,2,yunkuns
2180,16772723,"Zhou Haonan","2026-09-21 13:37:50",1673.7,2,hatsuseizuna
2181,16644452,Durlabh_Jha,"2026-09-24 01:41:55",1673.4,2,durlabhjha
2182,16847609,"Aura Farmers","2026-09-23 21:03:10",1673.1,2,"adriana0022,ayrnpn,shengkaizhu"
2183,16930280,greyhound,"2026-09-23 07:24:56",1673.1,2,tapaskd123
2184,16901894,"Michael Reid","2026-09-23 17:10:41",1673.0,2,michaelreid2025
2185,16682879,"Ace Team","2026-09-27 01:57:07",1673.0,2,drpatrickchan
2186,16844004,"Takahiro Saito","2026-09-26 23:02:46",1672.9,2,takahiro3110
2187,16749576,heralces,"2026-09-21 15:38:45",1672.6,2,heralces
2188,16730634,Priestess,"2026-09-21 05:34:51",1672.4,2,kalypheus
2189,16857607,inny,"2026-09-23 04:12:13",1672.0,2,innycc
2190,16669632,"Kenneth Alonso","2026-09-26 19:24:14",1671.9,2,kennethalonso
2191,16863501,ATC,"2026-09-20 09:24:46",1671.5,2,t6ccc2
2192,16849780,"Juan Leiva","2026-09-20 14:08:59",1671.4,2,juank333
2193,16935893,lixusb,"2026-09-21 11:31:19",1670.3,2,lixusb
2194,16822002,shiokoh,"2026-09-27 02:09:16",1670.1,2,shiokoh
2195,16878026,yamazaking,"2026-09-27 00:44:28",1669.9,2,zacky21
2196,16728549,Karatelb,"2026-09-26 11:53:23",1668.9,2,karatelb
2197,16764850,"cy zhang","2026-09-26 03:21:38",1668.8,2,zcy20051117
2198,16851186,kaerururu,"2026-09-27 03:10:18",1667.7,2,kaerunantoka
2199,16920189,"Son Hoang","2026-09-23 12:57:59",1667.6,2,sonhoang82
2200,16693488,HarvestZero,"2026-09-25 03:34:38",1667.3,2,bernardboatey
2201,16904028,BraydenPikachu,"2026-09-27 06:37:58",1667.1,2,braydenpikachu
2202,16806376,pardival,"2026-09-26 11:26:40",1667.0,2,pardival
2203,16658109,edward1503,"2026-09-21 09:31:07",1665.2,2,nguynnc
2204,16668406,"VAP RF5","2026-09-26 08:11:48",1664.9,2,vaprf5
2205,16670524,"Nat Bel ML Fun","2026-09-20 18:16:27",1664.5,2,natbel4ml
2206,16779110,markastra,"2026-09-27 01:14:23",1663.4,2,markastra
2207,16659540,"Goua Henri","2026-09-24 07:27:58",1663.2,2,gouahenri
2208,16645431,Amin,"2026-09-25 15:27:01",1662.9,2,aminvafaei
2209,16663403,matthewwh,"2026-09-20 03:47:30",1662.8,2,matthewwh
2210,16750575,Gronk,"2026-09-26 07:47:06",1662.0,2,jianyicai
2211,16744983,Gappy,"2026-09-21 12:02:19",1661.9,2,takahirohigasa
2212,16672033,"Mohan Prasath P","2026-09-21 13:48:43",1660.1,2,mohanprasath21
2213,16630545,"GAURAV PARKHEDKAR","2026-09-25 13:18:41",1659.9,2,gauravparkhedkar
2214,16849282,ancientLuck,"2026-09-20 13:04:14",1659.2,2,ancientluck
2215,16840857,Meteor,"2026-09-26 15:51:24",1658.7,2,meteorkid
2216,16699586,"Linda Liu","2026-09-22 03:43:59",1658.1,2,lpoint
2217,16898500,"M Noxon","2026-09-18 21:46:34",1658.1,2,mnoxon
2218,16730142,static,"2026-09-20 11:56:45",1657.6,2,huangshunhao
2219,16842482,Litvin,"2026-09-27 07:21:43",1656.6,2,wodo888
2220,16857977,namopanda,"2026-09-27 06:28:53",1656.5,2,namopanda
2221,16766401,"Gobi Elangovan","2026-09-20 11:00:23",1656.4,2,gobielangovan
2222,16658221,"Roshan Roy","2026-09-25 18:08:07",1656.4,2,"adhilvt,mohamedarifj,roshanroy333"
2223,16755495,"Leo Udah","2026-09-24 06:03:33",1656.3,2,leoudah
2224,16795086,Leroll,"2026-09-20 15:54:30",1656.2,2,leroll
2225,16808111,"Oliver #2","2026-09-21 10:29:39",1656.2,2,wangzn0410
2226,16924433,stochar,"2026-09-26 14:28:44",1655.0,2,"bayerfe,quantforge12,spectior,stochar"
2227,16669594,euorrl,"2026-09-26 14:02:56",1654.9,2,euorrl
2228,16640264,DhanaLakshmiMalla,"2026-09-22 20:29:36",1654.8,2,dhanalakshmimalla
2229,16632006,"Adwait Tagalpallewar","2026-09-20 11:40:04",1654.5,2,adwaittagalpallewar
2230,16641183,"Team Name Pending","2026-09-20 14:32:46",1654.0,2,"abdaathaillahhadyan,oliverspiby"
2231,16752444,zama,"2026-09-21 06:56:28",1653.6,2,zamami
2232,16832192,"No Name #2","2026-09-25 16:33:33",1653.5,2,ivanj0
2233,16718937,62326368,"2026-09-26 11:50:31",1653.4,2,mooniim
2234,16839638,keeplooking,"2026-09-23 19:17:02",1653.1,2,keeplooking
2235,16709068,Vib,"2026-09-25 04:41:27",1652.7,2,viblal
2236,16623440,"JB Bryant","2026-09-22 19:26:37",1652.2,2,jbbryant
2237,16899004,Antonoof,"2026-09-20 08:51:31",1652.0,2,antonoof
2238,16701074,"One Policy to Rule Them All","2026-09-20 17:04:35",1651.7,2,qujiahui
2239,16851343,"Ritwika Kancharla","2026-09-27 01:43:09",1651.5,2,ritwikakancharla
2240,16880773,最强扫地僧,"2026-09-21 05:14:26",1650.9,2,yyx466005036
2241,16654710,"Ray Brothers","2026-09-27 03:57:29",1650.7,2,"madhurjyaray,vibekodr"
2242,16771558,"Vitalie Cervinschi","2026-09-27 00:52:07",1650.7,2,vitaliecervinschi
2243,16884028,"Jayden Y","2026-09-25 01:39:28",1650.5,2,jy0810
2244,16706227,"Wise Fancy","2026-09-20 10:09:34",1648.9,2,wisefancy
2245,16660215,"YoungDSML [dsml.kz]","2026-09-21 05:22:59",1648.9,2,"mazgas,nurikw3"
2246,16907973,Mainafly,"2026-09-23 06:07:12",1648.4,2,ishakuyusufmaina
2247,16624047,GUOHAOYANG,"2026-09-21 06:13:29",1648.2,2,pkuszboi
2248,16924499,Matterhorn3838,"2026-09-26 01:53:36",1647.8,2,matterhorn3838
2249,16922907,萤火2018,"2026-09-20 09:48:37",1647.8,2,aiwody
2250,16927660,abraxas417,"2026-09-20 13:44:26",1647.6,2,abraxas417
2251,16930459,Ela,"2026-09-20 12:04:21",1647.1,1,pentol
2252,16676904,researchstudio.site,"2026-09-26 23:23:44",1646.7,2,fistyee
2253,16659961,faahh,"2026-09-25 18:30:51",1645.4,2,shivam98saini
2254,16891902,Farmcore,"2026-09-27 03:33:06",1645.4,2,"betmyex,doifgoox,garifullintimur,naviniklag"
2255,16865693,Eda,"2026-09-20 11:51:41",1645.0,2,edagram
2256,16865949,bhaskar9221,"2026-09-26 17:24:42",1645.0,2,bhaskarkumar11
2257,16664836,"Adnan Zaman","2026-09-27 07:33:26",1644.9,2,adnanzamanniloy
2258,16943490,"green algeria","2026-09-22 19:12:48",1644.5,2,greenalgeria
2259,16850683,cooked,"2026-09-27 05:48:08",1644.1,2,"jentopia,toasty3302,xenonminer"
2260,16924344,trigo,"2026-09-21 07:41:11",1644.0,2,trigoani
2261,16797699,"Dylan Moraes","2026-09-27 07:58:37",1643.9,2,dylanmoraes
2262,16871409,"Aleksandr Isakov","2026-09-27 00:41:21",1643.1,2,aleksandrisakov
2263,16887858,"Oleg Zholobov","2026-09-21 14:06:59",1642.9,2,olegzholobov
2264,16669148,"Syed Muhammad Gillani","2026-09-20 23:33:36",1642.6,2,syedmuhammadgillani
2265,16627799,"navazsh fathi","2026-09-22 15:31:34",1642.4,2,navazshfathi
2266,16768100,Nathael,"2026-09-21 00:41:59",1641.2,2,nathaeldias
2267,16925409,GEHAOHUA,"2026-09-20 09:31:42",1639.9,2,gshy2028
2268,16632476,"Назар Коваль","2026-09-26 21:58:56",1639.5,2,miickey
2269,16853132,masa0219,"2026-09-26 21:46:08",1639.0,2,masa0219
2270,16939292,Cunriman,"2026-09-24 12:59:54",1638.6,2,cunriman
2271,16785884,TX,"2026-09-26 20:08:27",1638.2,2,realrudraa
2272,16937269,"Egg D. Kernel","2026-09-22 01:53:27",1637.8,2,eggdkernel
2273,16743528,shfyyds12138,"2026-09-20 02:46:07",1637.7,2,"chrisshi123,junwenzhu1314"
2274,16881681,失忆的海_,"2026-09-27 03:38:08",1637.4,2,shiyidehai
2275,16949981,"Yi Yu","2026-09-26 19:49:14",1637.0,2,yy5652
2276,16928640,Kenj,"2026-09-20 08:01:59",1636.9,1,kiritoooooooo
2277,16724242,"Romash Koirala","2026-09-25 12:35:17",1636.8,2,romashkoirala
2278,16807038,mitsuki,"2026-09-24 10:16:05",1635.9,2,mk00000
2279,16935813,MINGHUN,"2026-09-27 07:28:50",1635.8,2,"aiwuhui,jiyuhao1213"
2280,16751358,Cristiano,"2026-09-26 14:41:59",1635.8,2,zhuangbility
2281,16860164,Ry_Sa,"2026-09-22 13:02:38",1635.5,2,ryqsaq
2282,16805952,hatakazu93,"2026-09-20 23:00:27",1635.2,2,hatakazu93
2283,16673604,"Jiman Kwon","2026-09-27 03:49:55",1635.0,2,jimankwon
2284,16651804,"Bocen Li","2026-09-21 07:31:53",1634.7,2,bocenli
2285,16927484,eigeness9,"2026-09-27 07:46:45",1634.5,2,"eigeness9,postrflux,reciprocityj,zenoflux77"
2286,16630315,janson,"2026-09-22 15:28:31",1633.3,2,johnjanson
2287,16749251,HawkOsm,"2026-09-23 05:17:19",1632.6,2,hawkosm
2288,16742267,chandora,"2026-09-27 05:32:58",1632.5,2,chandora
2289,16716531,tebenia,"2026-09-20 08:51:40",1632.4,2,tebenia
2290,16779519,"Xiangsong Tian","2026-09-27 05:18:09",1632.0,2,xiangsongtian25
2291,16868304,"Aaron amacadu","2026-09-19 20:18:38",1631.9,2,aaronamacadu
2292,16801855,KooDol,"2026-09-22 19:32:13",1629.4,2,koodol
2293,16717787,Bull,"2026-09-27 08:03:48",1628.6,2,welshonionman
2294,16714159,Lonnie,"2026-09-22 16:13:10",1627.7,2,lonnieqin
2295,16906626,JY,"2026-09-20 13:07:00",1627.6,2,junyihjy
2296,16866996,"Marina Afanas'eva","2026-09-20 22:23:21",1627.2,2,proamari
2297,16917535,"Edric Zhou","2026-09-21 08:05:07",1627.1,2,edriczhou
2298,16678080,"Timothy Adeyemi","2026-09-19 16:58:52",1626.9,2,timothyadeyemi
2299,16863383,HanFish,"2026-09-26 11:04:51",1626.8,2,hananfish
2300,16848394,Polaris,"2026-09-19 12:40:07",1626.2,2,zhanglei226
2301,16673328,"Preetham Prasanna","2026-09-27 03:36:16",1625.8,2,preethamprasanna
2302,16855111,PixelPuff,"2026-09-26 14:16:59",1625.6,2,krishpatel290895
2303,16885137,"Manjunadh Padarthi","2026-09-25 05:27:43",1625.2,2,manjunadhpadarthi
2304,16632493,"oni chan arigato","2026-09-20 10:55:22",1625.2,2,"kindasomethin,nabidnur"
2305,16717572,kiyomiya-k,"2026-09-20 11:37:44",1625.0,2,kiyomiyak
2306,16937817,Yuki_ARL,"2026-09-21 17:58:56",1624.6,1,yukiarl
2307,16657785,"Himanshu Kumar","2026-09-27 05:57:06",1624.2,2,himanshujha2812
2308,16773244,"Yudai Ueno","2026-09-20 01:13:36",1624.0,2,yudaiueno
2309,16668260,"Yangle Ma","2026-09-27 08:18:21",1623.4,2,yanglema
2310,16699856,yukio,"2026-09-27 04:13:43",1622.8,2,yukioseki
2311,16916611,Infinity,"2026-09-27 07:40:18",1622.7,2,"maaz101,syedtahahassan"
2312,16654681,htech5,"2026-09-25 13:19:38",1622.5,2,htech5
2313,16926712,lostargon,"2026-09-21 21:44:55",1622.4,2,vadimpryakhin
2314,16657657,ArnabKarmakar,"2026-09-27 05:30:51",1621.4,2,arnabkarmakar
2315,16658777,"Jiarui (Jerry) Cao","2026-09-20 06:23:25",1621.3,2,jiaruicao7
2316,16849814,"Mr. Architect","2026-09-20 08:06:03",1621.2,2,vietnguyen130593
2317,16926297,brave-心勇-heart,"2026-09-22 10:33:15",1620.9,2,braveheart
2318,16665084,"Wei Han","2026-09-20 06:30:13",1620.7,2,weihan87
2319,16838914,kikikukikii,"2026-09-20 11:03:49",1620.5,2,kikikukikii
2320,16811072,Rafael,"2026-09-19 17:19:25",1620.5,2,rafaeldsjhkas
2321,16661575,skw1990,"2026-09-20 23:43:37",1620.5,2,skw1990
2322,16736874,mhiro2,"2026-09-27 00:04:47",1620.4,2,mhiro2
2323,16712560,"Max vrstpan1","2026-09-25 15:57:43",1620.1,2,wdjy123456
2324,16898309,"Mohammad Albaddawi","2026-09-19 14:27:45",1619.6,2,m7mdalbaddawi
2325,16916418,Lukas,"2026-09-23 13:02:38",1619.2,2,lukasbuck
2326,16941720,Abdellatif,"2026-09-22 13:35:50",1617.9,2,moussaid
2327,16719123,"Thomas Tschinkel","2026-09-23 02:43:20",1617.9,2,thomastschinkel
2328,16782520,Durian,"2026-09-20 08:09:06",1617.3,2,rainyjin
2329,16623988,"Charismatic Pizza Party🍕","2026-09-19 12:22:20",1617.1,2,debugendless
2330,16713543,"Rustam Bazarbayev","2026-09-26 03:50:46",1617.0,2,rustambazarbayev
2331,16881005,"Donald Trump","2026-09-22 01:00:34",1617.0,2,"seanmtk,sinfonia8838"
2332,16719869,"Swamy Gadila","2026-09-25 14:32:08",1615.8,2,testfridaycore2
2333,16762957,邪悪な暁山瑞希、ジャガイモを量産してフライドポテト市場を独占,"2026-09-26 09:13:26",1614.9,2,yinzimike
2334,16722619,vlavlalva,"2026-09-20 13:44:47",1614.7,2,cppcph
2335,16891396,易思言ysy,"2026-09-17 15:02:45",1613.5,2,ysykevin
2336,16746380,JKong,"2026-09-24 00:00:30",1612.7,2,kmt2001
2337,16634426,ertu,"2026-09-20 16:42:44",1612.4,2,ozertuu
2338,16635067,"Berat Egemen Gök","2026-09-23 19:09:42",1611.3,2,berategemengk
2339,16755911,"Paarth Patel","2026-09-20 04:34:50",1610.8,2,martis10
2340,16731415,BOB,"2026-09-26 15:56:57",1610.4,2,hotpotbro
2341,16777394,antadam127,"2026-09-19 23:03:20",1609.4,2,antadam127
2342,16805906,FENGYESHAN,"2026-09-26 04:07:51",1608.6,2,fengyeshan
2343,16763437,"⸻AgentZZ ⸻","2026-09-26 16:27:48",1608.5,2,agentzz
2344,16790652,救赎之道，就在其中,"2026-09-20 01:08:29",1608.0,2,"mengyihu,pengchaozheng"
2345,16866458,lalal2006,"2026-09-23 14:26:28",1608.0,2,lalal2006
2346,16726545,whm8016,"2026-09-23 16:17:05",1607.6,2,whm8016
2347,16663759,Aggro,"2026-09-21 17:30:40",1605.9,2,datafad
2348,16947082,"Alex  Redna","2026-09-25 12:46:49",1604.9,2,alexredna
2349,16696960,pi-500.phys,"2026-09-22 19:46:47",1604.9,2,pi500phys
2350,16942821,PabloKim,"2026-09-25 11:26:53",1604.8,2,pablodevkim
2351,16929902,Daijun_zju,"2026-09-21 07:23:03",1604.6,2,daijunzju
2352,16621075,"Octavi Grau","2026-09-22 16:25:47",1604.4,2,octaviograu
2353,16623920,"Kazuta MIZUTA","2026-09-21 00:27:46",1604.2,2,kazutamizuta
2354,16847096,Jackylw,"2026-09-20 15:53:08",1603.9,2,jackylw
2355,16691451,Nakano,"2026-09-20 00:33:55",1603.4,2,spicatom0914
2356,16848850,Lazyman,"2026-09-21 18:42:12",1602.3,2,lazyman
2357,16880296,"CT in CS","2026-09-24 15:07:38",1601.9,2,"anhphamtranminh,nguyenvietdat,nnvietha,toanleducanh"
2358,16701697,Pelican,"2026-09-24 14:11:36",1601.8,2,chetanagrawall
2359,16914950,"Alessio Mezzina","2026-09-22 07:11:58",1601.5,2,alessiomezzinaaa
2360,16898760,"Berat Erol ÇELİK","2026-09-25 17:54:55",1601.2,2,beraterolelk
2361,16668123,B0RN2BL0W0UT,"2026-09-19 19:30:24",1601.2,2,kadenmansur
2362,16668798,"Ayush Shukla","2026-09-26 18:08:36",1601.1,2,ayushivy
2363,16854939,nusrati,"2026-09-20 04:10:54",1601.0,2,nusrati
2364,16704580,"Yunho Hwang","2026-09-27 05:52:20",1600.9,2,yunhohwang
2365,16919647,moo_&yuu1,"2026-09-23 02:21:58",1600.7,2,"a91zjy,mooyuu"
2366,16946322,"hb and ys","2026-09-26 08:09:47",1600.6,2,hbandys
2367,16757392,Winter01,"2026-09-26 12:27:22",1600.6,2,wei111111
2368,16697461,Agricroporation,"2026-09-19 09:25:16",1600.0,2,"algionightly,kroissant7,officialabhinavsingh"
2369,16926545,"Rintaro Washio","2026-09-19 19:02:47",1599.5,1,rintarowashio
2370,16870800,Myasui,"2026-09-27 06:01:32",1599.2,2,zaki38
2371,16791248,"Ioannis Tzachristas","2026-09-19 06:15:43",1598.8,2,"ioannistzachristas,lilishyxf"
2372,16732126,iwashi,"2026-09-19 21:31:56",1598.7,2,iwashi
2373,16920843,"Hou JH-71","2026-09-20 13:09:46",1598.4,2,houjihao
2374,16669490,hinemos,"2026-09-27 07:59:58",1598.3,2,hinemos
2375,16743546,"Simon Dorcas","2026-09-24 16:36:17",1598.1,2,simondorcas
2376,16860288,"VIKASH YADAV","2026-09-25 08:53:44",1597.9,2,vikashyadav05
2377,16663827,magoemu,"2026-09-24 13:06:26",1597.4,2,magoemu
2378,16920912,wxxbest,"2026-09-23 13:36:08",1596.9,2,w20260801
2379,16854216,Rita-1021,"2026-09-27 04:23:43",1596.3,2,rita1021
2380,16949339,Kuriboh,"2026-09-27 06:59:23",1596.3,2,cauchyeix
2381,16875601,forwardidear,"2026-09-19 08:49:41",1596.1,2,forwardidear
2382,16757987,maverick_ss_26,"2026-09-22 13:19:24",1596.0,2,maverickss26
2383,16665596,chunhu666,"2026-09-26 08:12:26",1595.6,2,chunhu666
2384,16654379,"Sebastian Mateus","2026-09-20 00:48:16",1594.0,2,"brenorb,sebastianmateus"
2385,16735741,"Фермеры чист","2026-09-22 17:23:30",1593.9,2,"gdreallygoodman,maksonch1k"
2386,16926016,"[KGZ] Aruke Sulaimanova","2026-09-19 15:15:47",1593.4,2,arukesulaimanova1
2387,16732670,minoneru,"2026-09-27 04:31:04",1593.4,2,kotaminoshima
2388,16925842,Naoya,"2026-09-27 06:19:37",1593.3,2,takashimanaoya
2389,16831179,"Andrey Baranov","2026-09-23 16:19:45",1592.8,2,baranov
2390,16654914,Nozprod,"2026-09-20 18:40:20",1591.6,2,nozprod
2391,16726915,"인공저능연구소( Artificial Idiocy Lab )","2026-09-27 08:05:12",1591.4,2,megayak
2392,16676321,"tao wu11","2026-09-27 07:17:27",1589.7,2,"taowu11,xujchill"
2393,16688907,青烟,"2026-09-26 15:01:44",1589.5,2,"imagine4391,mortal4416"
2394,16866689,snehitha,"2026-09-23 13:47:34",1588.9,2,andapallysnehitha
2395,16675063,"King Tian","2026-09-27 03:04:11",1588.4,2,"serven1,tianwang1210"
2396,16622788,Fitzcarraldo,"2026-09-27 06:42:36",1588.1,2,ivankuc
2397,16763761,mkai1981,"2026-09-22 05:43:59",1587.6,2,mkai1981
2398,16921850,"Leon Sakakibara","2026-09-21 02:05:50",1587.4,2,leonsakakibara
2399,16621315,"Reyhan Ksatria","2026-09-19 11:26:15",1586.9,2,reyhanksatria
2400,16885090,higuuu,"2026-09-27 05:40:50",1586.4,2,higuuu
2401,16790765,Aristotle.Chen,"2026-09-26 17:38:45",1585.7,2,aristotlechen
2402,16761267,"Pranav Arvind","2026-09-19 13:28:32",1585.7,2,pranavarvind
2403,16635600,"Divyansh Kumar","2026-09-27 06:03:26",1585.6,2,"divyanshkumar3,vivekjeetpatel"
2404,16806568,"Mumtaz Ahmad Maitla","2026-09-21 07:45:28",1584.9,2,mumtazahmadmaitla
2405,16927087,"Arun #2","2026-09-19 21:10:10",1584.2,1,arun8ovfjfdr6
2406,16944157,"Aly Dhedhi","2026-09-23 00:53:42",1584.1,2,alydhedhi
2407,16656213,"Mehdi Boumiza","2026-09-24 03:56:40",1584.0,2,mehdiboumiza
2408,16924069,levshaazz,"2026-09-26 10:09:19",1583.6,2,levshaazz
2409,16635421,"Lennart Haupts","2026-09-27 05:02:52",1583.0,2,lennarthaupts
2410,16822706,"YUE WU","2026-09-21 00:34:02",1582.6,2,yuewuacademic
2411,16862461,"Guilherme Volpe","2026-09-23 00:38:39",1582.3,2,guivolpe
2412,16910041,"Gorgulu Fried Chicken Wings","2026-09-19 22:00:21",1582.0,2,"jingshixu,ooorangecatt"
2413,16866014,htsbrer,"2026-09-20 00:09:51",1581.8,2,ht5brer
2414,16652214,Zhenrui.Weng,"2026-09-20 04:23:41",1581.4,2,zhenruiweng
2415,16900902,"Younes Chafi","2026-09-23 12:36:44",1580.7,2,youneschafi
2416,16854072,r13721,"2026-09-19 15:19:42",1580.6,2,r13721
2417,16622034,"Aryan Yadav","2026-09-19 05:51:25",1580.1,2,simplexcomplex
2418,16682254,"Jeffery Jerome Harris","2026-09-27 01:53:26",1580.0,2,jefferyjeromeharris
2419,16844518,"Haroon Rasheed","2026-09-24 04:47:28",1579.7,2,haroonnsgb
2420,16842384,"Muhammad Mirza Darma Putra","2026-09-26 12:55:24",1579.6,2,mirzadarma
2421,16623643,LiXingtao,"2026-09-27 04:27:57",1579.6,2,lixingtao123
2422,16764901,"Han Chen","2026-09-22 09:05:16",1578.8,2,puffohan
2423,16689926,3MnRho,"2026-09-19 06:59:04",1578.6,2,yongxiangzhao
2424,16692432,"Les 2 oies","2026-09-26 13:34:41",1578.4,2,"sanarceate,youyoucrf"
2425,16677565,"Avish Sinha","2026-09-26 13:33:11",1578.4,2,avish006
2426,16734435,Economist,"2026-09-26 11:54:48",1578.2,2,jtheyogi
2427,16630274,yutoAb,"2026-09-25 08:13:44",1577.9,2,yutoab
2428,16772808,lucataco,"2026-09-27 07:28:15",1577.7,2,lucataco
2429,16775474,ERS,"2026-09-19 06:16:01",1577.4,2,shingo257
2430,16661533,wangyuou,"2026-09-25 11:22:49",1577.3,2,wangyuou
2431,16658946,theredbluepill,"2026-09-27 03:03:48",1577.2,2,poonszesen
2432,16659942,"Abdoulaye DIAW","2026-09-22 09:46:49",1577.1,2,abdoulayediaw25
2433,16739537,"Bina Salama","2026-09-24 10:00:16",1577.1,2,binasalama
2434,16728996,autowin,"2026-09-20 06:57:56",1576.1,2,atharvjairath
2435,16890772,tcipin-egor,"2026-09-19 01:12:37",1576.0,2,egorich51
2436,16736198,JetJetGo,"2026-09-19 14:10:00",1576.0,2,psykrishna
2437,16641130,LitvinKA,"2026-09-26 11:07:00",1575.3,2,litvinka
2438,16636756,"K.THARUN KUMAR","2026-09-25 00:17:28",1574.7,2,tharunkumar369
2439,16731776,ASH,"2026-09-24 09:17:40",1574.2,2,pentannnn
2440,16885933,"Nadeem Kilani","2026-09-23 03:32:45",1574.1,2,fifthway
2441,16691572,"Lord Momo","2026-09-19 14:12:55",1573.5,2,stevenleehans
2442,16731186,Naru041104,"2026-09-27 07:52:29",1571.7,2,naru041104
2443,16663387,Ju,"2026-09-27 08:09:16",1571.4,2,juziddd
2444,16656340,MAGMA,"2026-09-26 01:49:48",1570.4,2,infiheart
2445,16723967,dk2lone,"2026-09-26 01:25:11",1570.3,2,dk2lone
2446,16924209,AmirabbasBF2027,"2026-09-24 19:10:14",1569.8,2,amirabbasbf2027
2447,16684093,"fog flower","2026-09-27 03:36:58",1569.8,2,"fogflower,gdz007,kitchs,xuesongyin"
2448,16879636,aaaaLiu123,"2026-09-27 05:33:57",1569.5,2,aaaaliu123
2449,16632377,"Legend Brothers","2026-09-26 02:47:10",1569.1,2,"holeguma,shunhirota"
2450,16744503,"Jun AKita","2026-09-26 11:50:00",1568.6,2,junakita
2451,16621616,insuperabilehart,"2026-09-24 15:18:01",1568.2,2,insuperabile
2452,16672371,Loren-wen,"2026-09-27 04:40:08",1568.0,2,wofusituerte
2453,16944358,Kobamiyannnn,"2026-09-23 02:50:24",1567.9,2,kobamiyannnn
2454,16871053,Ni123456&,"2026-09-25 05:05:05",1567.3,2,bingdongni
2455,16747273,红烧肉,"2026-09-18 09:24:59",1566.9,2,ra1nac1d
2456,16919736,elda27,"2026-09-22 01:32:59",1566.7,2,elda27
2457,16838589,iCO,"2026-09-26 17:00:02",1566.3,2,takashimaeda
2458,16690065,JiangWenfeng1,"2026-09-20 05:21:03",1566.0,2,jiangwenfeng1
2459,16685014,"Vishal Kishore","2026-09-20 11:55:12",1565.6,2,kishorevishal
2460,16802752,hako22,"2026-09-22 01:31:31",1565.4,2,hako22
2461,16927279,santa9150,"2026-09-26 13:14:15",1565.4,2,santa9150
2462,16700207,"S. Mujtaba Hussain","2026-09-23 08:49:23",1565.1,2,smujtabahussain
2463,16746275,LittleScottyy,"2026-09-19 11:11:39",1564.8,2,fongwaiyong
2464,16640552,"rupsa roy","2026-09-19 06:11:54",1564.8,2,rupsarroy
2465,16793385,"Rishav Utkarsh","2026-09-19 18:07:24",1564.5,2,rishavutkarsh
2466,16743055,栗ご飯,"2026-09-26 22:23:06",1563.9,2,criticalpath1903
2467,16623263,ASHML,"2026-09-19 20:19:53",1563.8,2,ashml
2468,16709468,"Andrey Chankin","2026-09-27 07:42:02",1563.4,2,bluepill
2469,16939130,BenRed1,"2026-09-27 00:58:59",1563.1,2,benred1
2470,16743639,Hanserong,"2026-09-18 06:20:56",1562.6,2,"ronghedragon,rufus666"
2471,16843522,clouds111,"2026-09-24 13:40:53",1562.4,2,clouds111
2472,16630740,"Ramazan Turan","2026-09-19 08:51:11",1562.1,2,ramazanturann
2473,16667880,DOPEなNOUFU耕すHOPE👨‍🌾,"2026-09-25 00:02:40",1561.6,2,"shin9915,syamoji141chan"
2474,16769849,"Shuwen(Shawn) Ge","2026-09-19 19:21:10",1561.4,2,shuwenshawnge
2475,16755808,"Van-Phuc Huynh","2026-09-22 07:21:40",1561.3,2,hvanphucs112
2476,16879879,wulawulacong,"2026-09-18 03:56:01",1561.0,2,wulawulacong
2477,16885430,zoujustkidding,"2026-09-18 08:42:04",1561.0,2,chenxianshen123
2478,16657623,Restart:),"2026-09-19 16:26:31",1561.0,2,wayne127
2479,16742369,"Ömer Faruk Yüce","2026-09-26 20:06:43",1561.0,2,merfarukyce
2480,16759501,BaconT,"2026-09-22 15:56:11",1559.9,2,bacont
2481,16875763,"芳村 愛支","2026-09-20 03:21:14",1559.0,2,shin1012
2482,16656382,Aevion-Labs,"2026-09-23 14:23:35",1558.4,2,aevionlabs
2483,16790091,"[Deleted] 0c90d8c7-6287-45e2-a53d-b800213ae7c3","2026-09-23 14:47:14",1558.3,2,del=09910093914da146
2484,16723241,TrinhDung16,"2026-09-19 04:29:59",1558.1,2,trinhdung16
2485,16871967,"Md Arafat #2","2026-09-26 16:14:28",1558.0,2,arafat362
2486,16922609,rofa2,"2026-09-18 23:05:58",1557.6,2,"gaoyuanjun,zhdmath"
2487,16664506,"Jonatan Asketorp","2026-09-25 15:30:45",1557.4,2,weft169aston
2488,16773064,GoPreCure,"2026-09-27 01:13:31",1556.6,2,sonuyadav710
2489,16852208,"LONG NT123","2026-09-19 08:30:22",1555.7,2,longnt123
2490,16635280,"Narendra Sirvi","2026-09-24 04:12:37",1555.2,2,narendras78
2491,16775010,"Alexey Kuznetsov","2026-09-19 14:26:40",1554.3,2,legtarrr
2492,16913591,fly,"2026-09-18 07:06:04",1552.0,2,"azh1sdad,linjingmax,rong414,w1ll1am10,yuhanleo"
2493,16935669,"Timon Wendland","2026-09-23 19:58:41",1551.8,2,timonwendland
2494,16660090,"Kaggriculture @ Farmageddon","2026-09-26 18:38:31",1551.8,2,gary08phillios
2495,16841061,"Artin yzn","2026-09-27 06:58:44",1551.5,2,artinyzn
2496,16923122,RangerSnow,"2026-09-27 07:59:52",1551.4,2,rangersnow
2497,16939076,"Solo runner","2026-09-26 23:10:19",1551.1,2,camronsanders
2498,16863551,"Fady Mohammed","2026-09-26 04:39:25",1551.0,2,fadymagdy
2499,16668688,"Nezihe Sözen","2026-09-26 17:42:04",1550.5,2,nezihesozen
2500,16911021,spark328,"2026-09-19 10:30:15",1550.5,2,spark328
2501,16635910,K3V1NM,"2026-09-18 13:33:33",1549.4,2,k3v1nm
2502,16630964,LEEKANG,"2026-09-19 08:43:02",1549.4,2,poby7722
2503,16663851,"Harshith revuru","2026-09-19 19:18:24",1549.0,2,harshithrevuru
2504,16730446,photunix,"2026-09-24 23:29:29",1548.4,2,photunix
2505,16870780,"John Gates","2026-09-21 11:59:23",1548.4,2,johngates
2506,16898165,"Mahmoud Nasser","2026-09-21 20:18:26",1548.1,2,lomnafsk
2507,16796223,"Bohan Shao","2026-09-18 11:27:52",1547.6,2,bohanshao
2508,16882280,K_daisuke,"2026-09-18 16:07:55",1547.4,2,kawakamidaisuke
2509,16896240,mexlora,"2026-09-23 08:23:06",1547.4,2,"mexlora,nolzixo,qizlona"
2510,16669089,YujieXing10,"2026-09-22 18:01:14",1546.8,2,yujiexing10
2511,16817750,"Baiqing Wang","2026-09-18 08:46:19",1546.7,2,wangbqbqbq
2512,16658840,sanju25,"2026-09-18 14:32:41",1546.7,2,sanju25
2513,16653078,pk210495,"2026-09-21 12:11:20",1546.4,2,pk210495
2514,16740010,"[Deleted] 3d43f904-9731-4807-b835-0ae07351a8c7","2026-09-20 18:57:10",1545.3,2,del=230950f98ee5f235
2515,16826555,AioRaito,"2026-09-18 16:49:58",1544.8,2,aioraito
2516,16863212,"Jayanth Koppala","2026-09-21 19:38:51",1544.5,2,jayanthkoppala
2517,16888648,"MAOSEN ","2026-09-21 10:40:03",1544.1,2,maosen
2518,16665637,Luvsh81,"2026-09-27 07:47:46",1543.3,2,luvsh81
2519,16884417,"malcolm tan","2026-09-18 18:24:39",1543.1,2,malcolmtan
2520,16635314,"Aurora wy","2026-09-18 15:14:20",1542.8,2,aurorawy
2521,16921161,"earl naranja","2026-09-18 14:29:46",1542.6,1,earlnaranja
2522,16668370,"Matthew Labrador","2026-09-17 14:07:15",1541.8,2,m4tyuuu
2523,16743852,"Giovanni Giorgio","2026-09-18 14:57:23",1541.3,2,"alexandermlad,erikpymay"
2524,16810954,BayramAnnakov,"2026-09-19 11:14:29",1541.2,2,bayramannakov
2525,16780062,Kousuke55,"2026-09-25 15:01:04",1540.4,2,kousuke555
2526,16888261,"Andreas meling","2026-09-19 22:03:28",1540.0,2,andreasmeling
2527,16941958,"Justin Anderson","2026-09-25 10:20:24",1540.0,2,justanderson
2528,16798989,"Harvest Sun","2026-09-17 06:18:22",1539.7,2,zaoooo29
2529,16621628,pupen_o,"2026-09-23 17:16:53",1539.5,2,pupeno
2530,16623708,"Chekhlov Dmitrii","2026-09-18 13:45:33",1538.7,2,zoli800
2531,16897519,SShota-box,"2026-09-18 05:12:20",1538.3,2,sshotabox
2532,16915888,"Steve T","2026-09-20 05:28:41",1537.9,2,jamesfitxroi
2533,16897955,Diganta,"2026-09-18 15:58:46",1537.9,2,digantabhattacharya
2534,16781279,zhyphirus,"2026-09-16 11:08:51",1537.9,2,zhyphirus
2535,16777138,"Anna Pakhaliuk","2026-09-26 20:57:25",1537.7,2,annapakhaliuk
2536,16907699,"zhirong ye","2026-09-18 16:25:01",1537.7,2,zhirongye
2537,16659160,"Dmitry Bardonov","2026-09-18 18:20:26",1537.6,2,bdesim
2538,16772109,Yashvs56,"2026-09-19 11:04:41",1537.5,2,"vivaancyber,yashvs56"
2539,16667604,L7n,"2026-09-17 08:29:55",1537.4,2,znwe342
2540,16676063,"Kembang Melon","2026-09-22 01:54:48",1536.8,2,wajawaja
2541,16823981,"mou mou","2026-09-21 13:30:48",1536.7,2,moumou6322
2542,16733839,"Fabian Ruiz","2026-09-19 21:47:07",1536.4,2,fabianruiz3
2543,16880856,jinxingweilai,"2026-09-17 03:05:31",1535.5,2,jinxingweilai
2544,16807373,"junxing peng","2026-09-17 07:28:50",1535.5,2,junxingpeng
2545,16637919,NoOneAhead,"2026-09-19 03:24:29",1535.4,2,jerrlu
2546,16655654,Cacinie,"2026-09-27 04:32:55",1534.0,2,cacinie
2547,16870596,juicyorange,"2026-09-27 01:18:18",1534.0,2,billychau1
2548,16764868,y129besan,"2026-09-19 02:30:37",1533.7,2,y129besan
2549,16880975,"Shenyu Ma","2026-09-18 15:19:11",1533.1,2,shenyuma
2550,16729488,"Bala vighnesh Reddy","2026-09-20 11:38:40",1533.0,2,balavighneshreddy
2551,16663485,"Jacob Alstrup","2026-09-18 17:30:37",1532.5,2,jacobalstrup
2552,16655766,前衛,"2026-09-18 16:22:25",1532.4,2,"atharvranjan,shreyasgandhe,siddharth9077"
2553,16721259,Qsj,"2026-09-24 01:31:34",1529.7,2,qiaoshiji
2554,16664751,"Cindy Meng90","2026-09-21 08:37:53",1529.5,2,cindymeng90
2555,16631592,ktr,"2026-09-26 15:20:21",1529.5,2,kcotton21
2556,16866933,tech-Mira,"2026-09-18 14:19:35",1529.5,2,itsukiito
2557,16856629,Methematics,"2026-09-17 15:14:04",1528.5,1,pavelvasilevskiy
2558,16926797,aurnik,"2026-09-24 19:26:39",1526.5,2,aurnik
2559,16839580,"Søren Ravn Andersen","2026-09-16 13:57:31",1525.9,2,sorenravn
2560,16654373,thwaitsusa2,"2026-09-27 00:02:16",1525.6,2,thwaitsusa2
2561,16677774,"Abdulatif Mahgoub","2026-09-26 16:27:13",1525.0,2,abdulatifmahgoub
2562,16907595,"Eric Zhang63","2026-09-18 18:15:50",1524.1,1,"ericzhang63,szqg666"
2563,16698560,"Seungjun Lee","2026-09-18 17:11:22",1524.1,2,seungjunleeofficial
2564,16940722,"Jalen ShiAo","2026-09-22 08:39:38",1524.0,1,jalenshi
2565,16826999,donaldxu,"2026-09-25 15:15:45",1523.6,2,abc1705
2566,16799769,manyuA,"2026-09-22 04:52:29",1523.5,2,"forheuristiclifeksh,manyua,realhonest"
2567,16903912,樱花冷月,"2026-09-18 06:28:43",1523.3,2,yinghualengyue
2568,16623749,Tejas,"2026-09-17 09:53:36",1522.5,2,tejuuss
2569,16806635,digimagi,"2026-09-22 08:18:35",1522.3,2,digimagi
2570,16915895,Shaylynn,"2026-09-17 15:58:29",1522.0,1,shittttttt
2571,16653044,"Claudex - An","2026-09-18 09:35:31",1521.9,2,"binhdth,buphmquc,hainguyenthien,pntan17"
2572,16899240,"Abel Mendez","2026-09-25 04:42:43",1521.4,2,abelmendez
2573,16749466,"The Wolf of Wheat Street","2026-09-16 23:35:18",1520.3,2,"lijuantang19,yuemengzheng01"
2574,16662318,"Bardia Bahadori","2026-09-18 15:21:53",1519.7,2,bardiabahadori
2575,16635969,"Omkar Kadam","2026-09-26 18:54:41",1519.6,2,"itzzomkar,khanayanayub,princypaonam"
2576,16886174,还没想好冥,"2026-09-18 14:45:39",1519.5,2,"fufustory,hashak,linjunren1016,mushroom1763,yamaer"
2577,16652451,JackGong,"2026-09-25 13:32:45",1519.0,2,jackgong
2578,16743427,Under遊具,"2026-09-18 06:00:32",1518.1,2,andayougui
2579,16927981,narihz,"2026-09-22 12:25:06",1517.2,2,xiaochaizhen
2580,16894457,kento2002,"2026-09-17 16:44:18",1517.1,2,kento2002
2581,16644481,Liquidus,"2026-09-16 02:57:18",1514.1,2,liquidus
2582,16692038,CodeHacker,"2026-09-26 04:42:34",1513.9,2,junhanzangai
2583,16820607,PeriwinkleBlueOvO,"2026-09-23 12:08:16",1513.7,2,"PeriwinkleBlueOvO,wenqiangao1"
2584,16859157,"David Mensah-Gbekor","2026-09-17 22:03:56",1512.6,2,ravdave
2585,16661362,BEETRiX🦋,"2026-09-25 21:08:13",1512.3,2,johannaleighdeley
2586,16891562,"Weverton Guedes","2026-09-25 12:29:45",1511.9,2,owevertonguedes
2587,16697249,"Sudharsana Rajasekaran","2026-09-24 01:19:07",1511.6,2,sudhan03
2588,16897870,妮选择遗忘的,"2026-09-17 13:59:51",1511.3,2,yk120951
2589,16849125,"OBSTACLE DEVELOPER","2026-09-26 09:46:19",1511.2,2,obstacledeveloper
2590,16739019,quzhihang,"2026-09-23 08:28:40",1511.0,2,quzhihang
2591,16912371,Dorararra,"2026-09-23 03:37:28",1510.5,2,dorafairy661
2592,16875968,"Dias Bakhtiyarov","2026-09-16 19:41:15",1510.3,2,diasbakhtiyarov
2593,16946666,"Pengfei Yan ","2026-09-27 08:42:43",1510.0,2,pengfeiyan
2594,16802575,saeNeko,"2026-09-17 07:47:44",1509.6,2,sae20gorilla
2595,16888126,Iminabo,"2026-09-17 16:21:33",1509.6,2,iminabo
2596,16669711,"Anton Shaniuk","2026-09-18 18:08:55",1509.2,2,antonshaniuk
2597,16839902,"Sōsuke Aizen","2026-09-16 19:50:03",1508.1,2,"soukeaizenz,souvikdbiswas"
2598,16773170,"yy li","2026-09-24 03:40:48",1507.9,2,yangyili11
2599,16709930,llRX,"2026-09-23 07:11:17",1507.7,2,"bankkobe,leojeel,ruikaihong"
2600,16917982,"Haitao56 ","2026-09-19 14:38:52",1507.4,2,haotao56
2601,16899300,"Yassine Chritt","2026-09-17 06:31:14",1507.4,2,yassinechritt
2602,16861616,"Gagan Deep","2026-09-20 14:50:30",1505.5,2,gagandeep1
2603,16898547,"[Deleted] 56e880dc-015c-4899-9c1b-85d9958ef4af","2026-09-15 18:25:34",1504.0,2,del=84798c2d77df7d9d
2604,16794542,ysd1110,"2026-09-27 08:20:54",1503.8,2,ysd1110
2605,16667346,Artwenty-six,"2026-09-27 04:57:22",1503.7,2,rezakautsarinsani
2606,16936777,tagokoro,"2026-09-24 05:14:27",1503.2,2,tagokoro
2607,16681100,Chiranjith,"2026-09-17 11:37:34",1502.0,2,chiranjithdharma
2608,16891588,Krtecek,"2026-09-20 11:16:13",1501.9,2,krtecek
2609,16641548,"Indium AI Labs","2026-09-17 08:19:29",1501.9,2,"devaanshpa,wolframbopp"
2610,16854776,aruuu,"2026-09-24 03:30:09",1501.8,2,arruuu
2611,16796484,"Ryutaro Tsujii","2026-09-27 08:42:44",1501.6,2,ryutarotsujii
2612,16806053,hisatarosu,"2026-09-27 07:57:56",1501.3,2,tomako4390
2613,16806018,トゲアリトゲナシトゲトゲ,"2026-09-26 14:22:36",1501.3,2,togearitogenasi
2614,16825340,xiaoBOSS97,"2026-09-21 15:18:33",1500.2,2,xiaoboss97
2615,16770842,yatakeuc,"2026-09-26 13:34:10",1499.4,2,yatakeuc
2616,16706395,"Kunal Desale","2026-09-18 04:08:03",1498.5,2,kunaldesale2408
2617,16621610,NMarkS,"2026-09-21 12:03:36",1498.3,2,nmarks
2618,16774250,"C R Suthikshn Kumar","2026-09-26 16:32:59",1497.8,2,crsuthikshnkumar
2619,16664111,"John Park","2026-09-21 14:31:23",1497.5,2,sigint
2620,16652630,stars_w,"2026-09-18 06:57:00",1497.5,2,starsw
2621,16866968,HXS-CF13,"2026-09-20 00:49:11",1497.4,2,hxscf13
2622,16731630,SatoshiN04,"2026-09-26 08:00:46",1497.2,2,satoshinakamura04
2623,16793452,"Ghazaros Ghazaros","2026-09-26 18:49:00",1496.9,2,ghazarosghazaros
2624,16680144,AM,"2026-09-17 15:52:11",1496.9,2,adammekky
2625,16910590,Hubillionaire,"2026-09-17 06:56:01",1496.6,2,hubillionaire
2626,16860811,XiaoXiaoJ,"2026-09-17 19:38:39",1496.6,2,xiaoxiaoj
2627,16624651,"Zihao Zeng","2026-09-27 06:15:40",1496.4,2,zihaozeng0021
2628,16830526,"Raghav Agrawal","2026-09-23 17:42:54",1495.5,2,raghagra
2629,16655263,rishavsaigal,"2026-09-25 08:49:02",1495.4,2,rishavsaigal
2630,16830678,Voodoo_m88,"2026-09-26 05:18:05",1493.8,2,voodoom88
2631,16912052,"Nana Bast","2026-09-18 16:29:38",1493.8,2,"fontainedefurina,nanabast"
2632,16651257,PursueML,"2026-09-22 16:24:27",1493.7,2,"cuijohn,pursueml"
2633,16738408,kujitama,"2026-09-17 12:13:20",1493.6,2,tyamujin
2634,16843555,sol12378,"2026-09-22 05:46:50",1493.5,2,sol12378
2635,16687479,kowalskii,"2026-09-17 08:52:42",1492.3,2,anirudhkumaraheer
2636,16814375,"Yuta Eiki","2026-09-18 02:27:16",1491.0,2,wildauk
2637,16806249,CLJY,"2026-09-24 03:05:08",1490.9,2,cljy2026
2638,16891851,kamranahmmed,"2026-09-23 12:49:22",1490.5,2,kamranahmmed
2639,16714134,"Raul Tinajero","2026-09-17 19:57:39",1490.5,2,raultinajeroo
2640,16676762,"Tomas Escobar Rivera","2026-09-16 01:46:24",1488.6,2,tomasescobarrivera
2641,16897719,"Muhammad Aashir Irshad","2026-09-21 14:44:03",1488.4,2,muhammadaashirirshad
2642,16707994,"Ayush Gupta #2","2026-09-17 22:21:54",1488.1,2,desmond6101
2643,16743656,Deskbo,"2026-09-16 13:45:12",1487.4,2,deskbo
2644,16621683,Shivangoudaa,"2026-09-16 16:04:07",1487.2,2,ishivapatil
2645,16791873,Eldritch,"2026-09-25 05:54:39",1486.9,2,"sanjay6727,thefool00"
2646,16673131,"Arfin Mustofa","2026-09-17 01:40:55",1486.6,2,arfinmustofa
2647,16908326,"Cristiano M Martins","2026-09-25 18:47:00",1485.8,2,cristianommartins
2648,16721384,Hackoholics,"2026-09-16 05:57:18",1485.7,2,"limyenhui,richierx"
2649,16897094,Ryota-Di,"2026-09-23 01:49:48",1485.6,2,ryota6230
2650,16626203,"Manish Kumar Maurya","2026-09-19 19:39:02",1484.7,2,manishkumarmaurya11
2651,16857404,gachichan,"2026-09-16 23:58:47",1484.3,2,gachichan
2652,16676034,"Songyot P","2026-09-18 06:33:06",1484.0,2,songyotpi
2653,16791828,Ling,"2026-09-14 21:50:30",1483.9,2,lingbia
2654,16751899,peggy,"2026-09-27 01:10:20",1483.7,2,refrigerator21
2655,16640600,"Giord Frank","2026-09-27 02:36:30",1483.5,2,"fggggg12345,tangerinedog"
2656,16908116,"Kabir Potdar","2026-09-16 18:40:56",1482.2,2,kabir01010
2657,16805778,"Dương Đức Anh","2026-09-17 14:52:22",1482.0,2,"dda2k6,trungdttik55"
2658,16643693,"Kerem çelik","2026-09-26 14:43:29",1480.9,2,keremelik
2659,16681464,Amyel21,"2026-09-17 18:28:33",1480.6,2,amyel21
2660,16682667,"zeel vavliya","2026-09-26 10:43:07",1480.4,2,zeelvavliya
2661,16885548,"Anand Kumar 369o","2026-09-27 07:45:49",1480.1,2,anandkumar369o
2662,16845382,Alpha_Ashwin007,"2026-09-23 20:31:55",1480.0,2,alphaashwin007
2663,16670659,saumyagupta12,"2026-09-26 18:07:30",1479.1,2,saumyagupta12
2664,16876520,OpenModelMap,"2026-09-18 15:05:55",1478.7,2,openmodelmap
2665,16752019,"Kaipeng Zheng","2026-09-20 08:37:16",1478.5,2,kaipengzheng
2666,16915300,wanhty,"2026-09-18 13:43:54",1478.3,1,wanhty
2667,16853125,"BEIKE YAN","2026-09-21 02:10:30",1477.4,2,craigsid
2668,16716012,LaiCxm,"2026-09-24 11:50:02",1477.3,2,laicxm
2669,16886193,"Xiaoyong Zhu","2026-09-15 01:23:47",1477.2,2,xiaoyzhu
2670,16725947,SamarthRawat18,"2026-09-24 16:29:45",1476.7,2,samarthrawat18
2671,16881600,"Yoshihiro Hatakeyama","2026-09-21 03:41:49",1476.0,2,yoshihiro1909
2672,16827097,"Bình Trần Thanh","2026-09-16 03:47:00",1475.5,2,dsdadasda
2673,16738534,"Sakito Horie","2026-09-16 14:14:19",1475.3,2,sakitohorie
2674,16729102,"Bruce Zheng","2026-09-16 06:58:02",1475.2,2,brucezheng666
2675,16655682,"Azamat Sadikov","2026-09-16 23:07:23",1475.1,2,azamatsadikov
2676,16768543,caas_sicca,"2026-09-19 07:56:21",1475.0,2,caassicca
2677,16743172,moonzfxs,"2026-09-23 15:34:29",1474.8,2,moonzfxs
2678,16892796,FunLegendGaming,"2026-09-17 16:27:04",1474.3,2,funlegendgaming
2679,16731678,ShadowT_T,"2026-09-26 22:37:43",1473.5,2,shadowtt
2680,16907222,"Harshith Kumar","2026-09-16 17:13:57",1473.0,2,harshith1212a
2681,16855477,SiriusStarRally,"2026-09-16 09:32:59",1472.7,2,siriusstarrally
2682,16878308,Pjchauhan,"2026-09-25 04:59:56",1472.4,2,pjchauhan
2683,16850078,"Safwan Amin","2026-09-16 16:53:04",1471.3,2,bracu23101281
2684,16692711,Deniz,"2026-09-16 14:51:14",1471.1,2,denizeryilmaz
2685,16796544,"Xiaonan FU","2026-09-16 01:44:11",1470.5,2,xiaonanfu999
2686,16732735,MMMMMMMMMMMM,"2026-09-16 14:57:27",1470.3,2,hyh273279
2687,16758954,shenjj02,"2026-09-17 02:30:08",1469.9,2,shenjj26
2688,16726816,"Games Jadley","2026-09-24 22:02:50",1469.5,2,gamesjadley
2689,16914244,Poemcourt,"2026-09-17 11:14:15",1468.3,1,poemcourt
2690,16793553,hoon0303,"2026-09-16 12:38:01",1467.1,2,hoon0303
2691,16623577,"Jiayi Tang","2026-09-24 11:24:41",1467.1,2,mannguo
2692,16763551,"PRASHANT SHUKLA91","2026-09-26 17:29:01",1466.6,2,prashantshukla91
2693,16849328,"Gaurav #2","2026-09-17 13:14:38",1466.4,2,genesis96839
2694,16761324,WLYYYo,"2026-09-22 14:15:28",1466.3,2,wlyyyo
2695,16685342,"Kanth Da","2026-09-21 04:15:12",1466.3,2,"kanthda,riteeshreddybysani"
2696,16623520,asteriam,"2026-09-27 08:08:46",1466.3,2,masatakashiwagi
2697,16697185,"Prince Special","2026-09-26 22:26:42",1466.0,2,temitayogbolahan
2698,16908832,"ranya marwan","2026-09-18 20:46:58",1465.4,2,ranymarwan286
2699,16701948,"Shaokai Zhang","2026-09-19 10:58:04",1465.1,1,shaokaizhang
2700,16855268,"Jiayi Du","2026-09-26 21:17:21",1465.1,2,jahyee
2701,16623370,kenmatsu4,"2026-09-27 04:15:20",1464.8,2,kenmatsu4
2702,16661622,"Ergin Akın","2026-09-21 17:19:04",1464.4,2,erginakin
2703,16639844,MaxChen303,"2026-09-20 03:12:58",1463.7,2,maxchen303
2704,16909973,"Tri Tuc Cao","2026-09-17 09:59:28",1463.3,1,tricao
2705,16915374,"Muaz Husaini","2026-09-21 06:18:49",1463.0,2,muazhus
2706,16904006,vorlian,"2026-09-16 03:18:09",1462.5,2,vorlian
2707,16688460,lllleeeo,"2026-09-16 17:38:13",1461.7,2,lllleeeo
2708,16865570,"Kedar Kale","2026-09-22 14:32:10",1460.7,2,kedarkale
2709,16905157,Moonyk,"2026-09-16 08:16:37",1460.7,1,moonyk
2710,16877685,"Felipe Figueiredo","2026-09-24 02:47:56",1460.7,2,felipefigueiredo02
2711,16824010,yuxingyizhou,"2026-09-18 03:29:21",1460.5,2,yuxingyizhou
2712,16847311,WangYilin_henuAI,"2026-09-21 03:46:35",1459.3,2,"hyhyyh,violin1,xiaoming1238952"
2713,16764546,Thirst,"2026-09-15 13:07:32",1458.4,2,wahidakram
2714,16671504,Agentmaster,"2026-09-16 15:21:27",1458.3,2,"kinjaza,shawnno"
2715,16630713,"Grzegorz Sionkowski","2026-09-16 11:44:56",1458.3,2,sionek
2716,16670933,Pat,"2026-09-15 05:34:10",1458.2,2,junseia
2717,16854472,Taimo,"2026-09-16 14:56:55",1458.1,2,taikimori
2718,16679004,"Kevin Zhao","2026-09-22 07:36:22",1456.7,2,kevinzhao666
2719,16881248,Veerakrishna,"2026-09-17 16:30:12",1456.3,2,veerukhannan
2720,16864125,culture,"2026-09-15 12:50:09",1456.1,2,shkurak
2721,16697139,Stocks152,"2026-09-20 04:10:05",1455.9,2,stocks152
2722,16679827,Juanky_too,"2026-09-26 19:22:18",1455.7,2,juankytoo
2723,16889004,SkOnTheRocks,"2026-09-15 11:43:43",1454.6,2,skontherocks
2724,16905643,yngd99,"2026-09-16 12:32:42",1453.3,1,yngd99
2725,16740263,4H,"2026-09-27 08:01:33",1452.3,2,scottweeden
2726,16646970,juewang1p,"2026-09-21 13:00:11",1451.7,2,juewang1p
2727,16702275,Joyal,"2026-09-16 09:41:16",1451.4,2,joyalseejo
2728,16673370,JeovaAnderson,"2026-09-24 15:45:12",1451.3,2,jeovaanderson
2729,16693439,"Ankit Hemant Lade","2026-09-24 23:26:13",1451.3,2,"ankitlade12,jsaikrishna"
2730,16849778,"Kim Minh","2026-09-22 03:21:00",1450.1,2,hanming14
2731,16896886,"hemloock ","2026-09-15 12:35:43",1449.7,2,hemloock
2732,16750931,"Antonio Rotundo","2026-09-19 12:04:18",1449.4,2,antoniorotundo2
2733,16634493,xixi,"2026-09-15 16:40:52",1449.2,2,huangcarry26
2734,16807380,"D × MirAI","2026-09-25 07:43:33",1448.9,2,kmnkmn
2735,16751603,xxxzzz123312123321,"2026-09-24 02:40:01",1447.9,2,xxxzzz123312123321
2736,16690401,Skyspace,"2026-09-16 11:02:11",1447.5,2,empireblue
2737,16669441,"Chirag Desai","2026-09-18 15:03:16",1447.0,2,cid007
2738,16907576,"Dat Nguyen Viet","2026-09-16 16:39:59",1447.0,2,datnguyenviet
2739,16778417,"TANG BUDU 19SD195","2026-09-27 08:15:19",1446.5,2,tangbudu19sd195
2740,16847620,york1to,"2026-09-15 19:10:35",1446.2,2,yorkkang
2741,16651806,shawnYiB,"2026-09-24 14:34:14",1446.2,2,"mike17cui,shawnyib"
2742,16744342,"glupez ","2026-09-23 16:52:06",1445.9,2,glupez
2743,16622531,"musya lyusya team","2026-09-15 17:44:15",1445.9,2,vswz2nqp
2744,16623199,"Jesse Ferguson","2026-09-25 22:32:37",1445.8,2,jesseferguson
2745,16845020,AGI,"2026-09-17 18:19:05",1445.2,2,"guusadema,tgroen3"
2746,16903970,qorlin,"2026-09-16 03:12:00",1444.9,2,qorlin
2747,16640540,QYQ1693,"2026-09-16 03:29:19",1444.5,2,qyq1693
2748,16676278,"Om Sangwan","2026-09-23 15:04:01",1444.4,2,omsangwan
2749,16779067,fishwg,"2026-09-27 08:34:27",1443.9,2,fishwg
2750,16933118,wkdbskwsm,"2026-09-27 03:02:55",1443.6,2,wkdbskwsm
2751,16710466,"Charles Backman on LinkedIn","2026-09-14 14:14:42",1442.8,2,charlesbackman
2752,16662681,"Vernon Campbell","2026-09-18 01:51:57",1442.4,2,vernoncampbell
2753,16662314,"Hanh Tran","2026-09-16 09:57:42",1442.1,2,honghanhhh
2754,16840576,kfsky,"2026-09-19 11:16:48",1441.5,2,kengofujii
2755,16904305,"YICHEN PAN","2026-09-16 18:39:53",1440.9,2,sakanamango
2756,16878353,"Hongbin Gu","2026-09-16 02:18:10",1440.8,2,guhongbin
2757,16893291,"We Want... A Shrubbery!","2026-09-17 21:55:10",1440.7,2,timlongii
2758,16791999,"Dashi Tsybikzhapov","2026-09-22 09:40:23",1439.4,2,dashitsybikzhapov
2759,16777137,Bernardus,"2026-09-25 08:18:07",1439.1,2,bernubritz
2760,16724801,Noir,"2026-09-27 05:04:55",1438.6,2,nuitnoir
2761,16731832,jackee777,"2026-09-26 14:51:58",1438.1,2,jackee777
2762,16739181,yamu_duck,"2026-09-18 12:14:10",1438.0,2,crazyleg11
2763,16709504,U023,"2026-09-14 16:44:14",1437.9,2,ryutek
2764,16728135,sukirman,"2026-09-16 03:25:01",1437.8,2,rakbidb
2765,16887661,magic101,"2026-09-14 22:48:26",1437.6,2,magicbuttons
2766,16895014,trying_out,"2026-09-15 20:03:10",1437.0,2,"samiatisha,vickysynapsev"
2767,16774699,"Rio Nakamura","2026-09-16 09:25:16",1437.0,2,rionakamura10
2768,16903902,wanghaozhi,"2026-09-20 02:00:08",1436.8,2,wanghaozhi
2769,16767960,"Yuvraj Bhati","2026-09-14 23:24:32",1436.5,2,avioon
2770,16746372,"Meerub Atiq","2026-09-18 13:00:49",1436.3,2,meerubatiq
2771,16838625,kyohei2106,"2026-09-17 22:37:42",1436.3,2,kyohei2106
2772,16867924,PeaBrain,"2026-09-16 01:22:29",1435.9,2,abiruekanayaka1
2773,16662628,AbhiniveshSharma5354,"2026-09-15 06:38:39",1435.3,2,abhiniveshsharma5354
2774,16670504,Shirabe,"2026-09-17 03:00:23",1435.2,2,carlmakt
2775,16683865,Shin7jp,"2026-09-27 08:04:23",1434.8,2,shin7jp
2776,16896267,HendraDanuSaputraChauwito,"2026-09-16 12:37:41",1434.5,2,usilisme
2777,16716078,H&E,"2026-09-24 02:00:13",1433.7,2,"jenzenhuang,luwyeb,wafflebear,wenjiewangdev"
2778,16748738,Shymohn,"2026-09-17 07:01:37",1433.1,2,shymohn
2779,16759849,kkanayj,"2026-09-25 12:56:58",1432.9,2,kkanayj
2780,16891432,porzlck,"2026-09-17 10:07:44",1432.8,2,orzlck
2781,16640780,"drezna ultra","2026-09-18 14:14:35",1431.5,2,notakes
2782,16758817,Ruwawa,"2026-09-15 14:26:15",1431.4,2,ruwawa
2783,16862967,Unicorns,"2026-09-15 17:50:14",1431.4,2,"isaacjiang,ryokitano"
2784,16924959,"Shun Liou","2026-09-27 08:07:44",1431.1,2,shunliou
2785,16709950,"Ryan Myers","2026-09-25 05:52:17",1431.1,2,ryanmyers03
2786,16768702,"Crop It Like It's Hot","2026-09-26 19:28:20",1431.0,2,"davidben10,rachel79"
2787,16783459,LKQ669,"2026-09-26 15:34:52",1430.9,2,lkq669
2788,16730713,"Michael Mueller","2026-09-20 19:57:03",1430.4,2,michaelmueller26
2789,16826719,"Dennis HT","2026-09-18 09:43:32",1430.2,2,dennisht
2790,16765151,htnhtn,"2026-09-26 13:00:38",1430.0,2,htnhtn
2791,16682306,岸本湧士郎,"2026-09-15 05:27:08",1430.0,2,yushiro20021111
2792,16720316,"Hưng Trần","2026-09-16 10:27:05",1429.9,2,hungtrabiz
2793,16931121,Caocao,"2026-09-24 12:27:11",1429.8,2,caocaoIvy
2794,16896033,omnifluxor,"2026-09-15 09:40:03",1429.7,2,omnifluxor
2795,16864346,"Yanwei Lu","2026-09-15 19:27:35",1429.7,2,yanweilu
2796,16728321,Rohitt_94,"2026-09-14 11:49:40",1429.1,1,rohitt94
2797,16896854,photonova,"2026-09-15 12:29:25",1429.0,2,photonova
2798,16884892,AQiDA19,"2026-09-14 02:32:26",1428.8,2,aqida19
2799,16677399,lyts,"2026-09-26 08:54:14",1428.6,2,lytsyyds
2800,16742159,mimi！,"2026-09-16 05:57:58",1427.1,2,"morongzhu,we111135"
2801,16862582,StephaneB7899,"2026-09-14 02:34:17",1427.0,2,stephaneb7899
2802,16895926,Zengr1,"2026-09-17 09:58:50",1426.2,2,zengr1
2803,16684704,LIQUIDHORSE,"2026-09-14 17:57:58",1425.7,1,liquidhorse
2804,16806728,"Neural Knight","2026-09-24 16:39:55",1424.3,2,"chinmaymnaik,sivasainath06"
2805,16659771,DieByTheSword,"2026-09-16 08:53:03",1424.1,2,przemysawstroiws
2806,16653927,"Fernando GH H","2026-09-27 02:40:20",1423.6,2,fernandoghh2
2807,16875618,"Joel P. Joseph","2026-09-25 13:57:41",1422.4,2,joelpjoseph
2808,16854521,koumiyata,"2026-09-27 08:32:40",1422.2,2,koumiyata
2809,16936434,joshuag99,"2026-09-27 08:15:37",1421.9,2,joshuag99
2810,16872207,"Tèo Búng","2026-09-18 08:06:06",1421.6,2,teobung
2811,16635418,ocean240812,"2026-09-23 10:27:41",1420.7,2,ocean240812
2812,16671133,Kazeneko,"2026-09-14 22:39:30",1420.6,2,kazeneko77
2813,16709236,rick11224,"2026-09-13 16:37:58",1420.5,2,rick11224
2814,16895927,logicorix,"2026-09-15 09:30:21",1420.0,2,logicorix
2815,16637973,StephenNedumpally,"2026-09-15 07:50:55",1419.9,2,stephennedumpally
2816,16625082,真的懒,"2026-09-19 06:14:56",1419.8,2,gtccc9
2817,16924679,"Vandan Sharma","2026-09-20 09:50:10",1419.4,2,vanam56
2818,16754838,"Berkay Özkan","2026-09-25 12:57:20",1419.3,2,berkayzkan
2819,16891791,judy12345.0316,"2026-09-15 05:38:38",1419.0,2,judy123450316
2820,16879578,"kabir Merakeb","2026-09-27 08:01:39",1418.7,2,kmerakeb
2821,16723427,"Nikita Biryukov","2026-09-14 07:00:48",1418.0,2,bnikita
2822,16674586,"Stanislav Ilin","2026-09-15 13:33:30",1417.7,2,stanislavilin2026ai
2823,16763457,"Mohammad Essam","2026-09-26 16:13:34",1417.5,2,mohammedessam97
2824,16847725,SOLUCIENCE,"2026-09-27 02:31:00",1417.1,2,solucience
2825,16866971,imriad,"2026-09-23 04:26:59",1416.5,2,riadhhossain
2826,16918151,"Hidenori Sasaki","2026-09-25 16:49:57",1416.2,2,hidenorisasaki
2827,16667766,vasujain7,"2026-09-14 17:44:19",1416.2,2,vasujain7
2828,16845165,Tanuki_boosting,"2026-09-13 12:41:51",1416.1,2,miyamotodaiya
2829,16744914,"El Mehdi EL JAIR","2026-09-21 07:56:02",1415.9,2,elmehdieljair
2830,16694346,ywwywww,"2026-09-14 07:52:56",1414.9,2,ywywww
2831,16783021,"TAN TIANYE","2026-09-13 03:04:35",1414.7,2,tantianye
2832,16835851,ruizhichen,"2026-09-22 16:59:50",1414.2,2,ruizhichen
2833,16842246,montplusa,"2026-09-17 00:59:05",1414.1,2,montplusa
2834,16843303,inori315,"2026-09-14 13:31:27",1412.6,2,inori315
2835,16893208,hongan,"2026-09-15 21:49:30",1412.4,2,honganzhu
2836,16828191,wanghongwei111,"2026-09-14 13:07:32",1411.3,2,wanghongwei111
2837,16696716,MatiasMG,"2026-09-25 06:10:49",1410.6,2,matiasmgonzalez
2838,16753925,"Tyler Durden","2026-09-15 08:06:49",1410.5,2,jeedimetlacharan213
2839,16731799,"Ansh The Farmer 👩‍🌾","2026-09-15 19:05:59",1409.8,2,affection
2840,16630312,beijijun,"2026-09-14 12:04:11",1409.5,2,beijijun
2841,16799024,Becegatto,"2026-09-26 23:58:24",1408.9,2,viniciussignorelli
2842,16706576,王一凡,"2026-09-23 01:33:57",1408.8,2,"liuziyang1016,mikakohinata68"
2843,16730495,joinus,"2026-09-15 08:34:22",1408.3,2,joinus2003
2844,16710499,sukeke,"2026-09-15 04:28:10",1407.9,2,sukeke
2845,16845023,zhtmgxr,"2026-09-17 04:53:03",1407.7,2,zhtmgxr
2846,16887142,backsider,"2026-09-16 09:34:44",1407.6,2,backsider
2847,16695664,Bantam,"2026-09-24 21:35:52",1407.4,2,bantam
2848,16845695,"Nam Lê Phương","2026-09-14 06:56:08",1407.1,2,pearpn25
2849,16661539,"Ilia Mironov","2026-09-23 22:03:44",1407.1,2,millcool
2850,16773448,"Qamar usman","2026-09-26 16:51:58",1407.0,2,qamarmath
2851,16657276,"Пётр П","2026-09-25 22:36:49",1406.6,2,petrinvest
2852,16630129,"Yi Lu","2026-09-16 01:54:33",1406.3,2,liqiu0224
2853,16868001,"Young MacDonald","2026-09-18 15:16:22",1406.3,2,natert
2854,16732945,"Aru Ohta","2026-09-22 14:21:41",1405.1,2,aruohta
2855,16760515,"Kazuo Watanabe","2026-09-14 12:06:35",1404.5,2,watanabekazuo
2856,16691001,"Mahmoud Abdelshafy","2026-09-14 20:08:03",1404.5,2,mahmoudabdshafy
2857,16741551,"Vedant Tiwari","2026-09-26 17:22:42",1403.8,2,vedant7312
2858,16832231,lst1923,"2026-09-26 22:06:29",1403.8,2,lst1923
2859,16682032,"Satkar sarvankar","2026-09-25 14:17:58",1403.7,2,satkar003
2860,16653127,"Talim Aushakhman","2026-09-15 17:29:46",1403.7,2,talimaushakhman
2861,16655844,MAFIN,"2026-09-14 12:37:15",1403.3,2,moneyman91
2862,16624109,"Nguyễn Thế Minh Đức","2026-09-15 01:01:29",1403.2,2,nguynthminhc
2863,16918568,"Penn Lam","2026-09-24 09:56:43",1402.4,2,pennlam
2864,16621355,Raiden.B,"2026-09-22 16:08:44",1401.0,2,raidenb
2865,16797029,phospholipid,"2026-09-20 23:17:05",1400.9,2,phospholipid0614
2866,16731577,RYnerv,"2026-09-14 11:33:32",1400.8,2,rynerv
2867,16726616,9Hash,"2026-09-26 10:46:04",1399.8,2,hashimrazi
2868,16892272,"Leo #3","2026-09-14 15:44:18",1399.5,1,leo123321
2869,16655098,"Brotron Carbide","2026-09-27 03:34:44",1399.1,2,brotroncarbide
2870,16861256,lizh2025,"2026-09-16 15:02:06",1398.9,2,lizh2025
2871,16893402,tedo,"2026-09-15 00:05:46",1398.8,2,takuroedo
2872,16777836,キムチ納豆,"2026-09-13 07:07:18",1398.5,1,ccchikuwa
2873,16674295,"Nguyễn Minh Hiếu","2026-09-19 07:44:18",1398.2,2,endermage
2874,16755099,"Aleksandr Ulianin","2026-09-14 12:05:33",1398.0,2,aleksandrulianin
2875,16756698,savoelh,"2026-09-25 19:05:51",1397.8,2,savoelh
2876,16722295,"Yuya Shintani","2026-09-20 16:06:02",1397.6,2,uplus26e7
2877,16757320,Jingxiang,"2026-09-12 22:11:32",1397.6,2,jingxiango
2878,16884861,Sky,"2026-09-13 07:20:40",1397.4,2,dhaksheshwarm
2879,16697411,VynoDePal,"2026-09-20 23:47:47",1397.3,2,kvynodjo
2880,16654742,"Aastik Rajan15","2026-09-14 11:58:25",1397.1,2,aastikrajan15
2881,16881631,"Arjun Sharma","2026-09-12 14:47:32",1397.0,2,arjundsharma
2882,16780279,"N Divij","2026-09-12 18:30:06",1397.0,2,divijio
2883,16881350,xwl_tree,"2026-09-18 10:40:29",1396.9,2,xwltree
2884,16735353,我是刘大聪,"2026-09-14 16:55:50",1396.7,2,smartorz
2885,16810141,"Sijie Ma","2026-09-13 14:22:49",1395.9,2,"dimashitong112,sijiema"
2886,16764301,"Quýt đây đừng sợ","2026-09-20 15:19:28",1394.4,2,ponschannel
2887,16841440,CornFormer,"2026-09-17 03:03:35",1394.4,2,linyangtian
2888,16669604,"Abhijit Pise","2026-09-13 21:25:57",1393.5,2,abhijitpise
2889,16668157,"vineet dairashri","2026-09-24 21:14:39",1391.9,2,vineetdairashri
2890,16713335,"Muhammad Imran","2026-09-14 09:42:21",1391.4,2,muhammadimranchitral
2891,16846069,"Bryce Muhlnickel","2026-09-14 03:27:19",1391.0,2,tokenjunkielabs
2892,16780995,"Silver Surfer","2026-09-25 09:29:46",1390.8,2,hausch11
2893,16659395,HyperX,"2026-09-15 11:53:22",1390.2,2,"diversedharun,harishinkaggle"
2894,16658426,RIVEN23,"2026-09-15 04:02:51",1390.1,2,riven5
2895,16862912,"Nicolas Krusche","2026-09-15 00:03:10",1390.1,2,nicolaskrusche
2896,16810030,fukumayo,"2026-09-23 05:07:59",1389.1,2,fukumayouta
2897,16686155,梁圣的恩情还不完,"2026-09-14 14:08:46",1388.6,2,yyyyhhhhwww
2898,16802442,"Rabia Eda Yılmaz","2026-09-15 19:10:02",1388.3,2,truthisneverlinear
2899,16678618,"Manu Nicholas Jacob","2026-09-26 16:04:53",1388.0,2,manunicholasjacob
2900,16623326,"Tatiana Malygina","2026-09-26 22:31:17",1387.9,2,latticetower
2901,16674878,KirillKlem,"2026-09-13 18:19:27",1387.6,2,kirillklem
2902,16875464,tllswelp,"2026-09-13 11:07:16",1387.4,2,tllswelp
2903,16679987,"Said Mohamed Omary","2026-09-21 11:31:47",1386.8,2,saidmohamedomary
2904,16649314,"Yuka,Ota","2026-09-14 08:17:18",1386.1,2,yukaika
2905,16738653,"Julien Trocmé","2026-09-25 12:47:01",1385.8,2,julientrocm
2906,16877958,"Igor Buinyi","2026-09-27 06:33:31",1385.6,2,buinyi
2907,16845112,"Robert Baburin","2026-09-20 18:23:29",1385.6,2,robertbaburin
2908,16639642,c-number,"2026-09-13 03:29:40",1385.5,2,cnumber
2909,16783537,JustinybGao,"2026-09-20 15:51:23",1385.0,2,justinybgao
2910,16769435,"Nguyễn Mạnh","2026-09-21 04:23:56",1385.0,2,nguyenmanh97
2911,16840921,evolved,"2026-09-15 05:03:46",1384.8,2,algunion
2912,16796133,NoMoreThan20Words,"2026-09-15 00:19:25",1384.7,2,nomorethan20words
2913,16672121,"Tiger bonbon","2026-09-14 03:41:59",1384.5,2,fujiwarayuto
2914,16840588,Q.Ai,"2026-09-13 19:36:27",1384.5,2,"alperennbaran,hseyinemre134"
2915,16947863,"Minato Namikaze","2026-09-25 15:19:20",1384.4,2,arunklenin
2916,16630784,"🚜 Sub-Par Seedlings","2026-09-15 16:54:05",1383.7,2,"dwellement0baser,michaellist,oneupkiwi,wilhelmberghammer"
2917,16791254,player123,"2026-09-21 15:21:23",1383.5,2,prashantbhattarai093
2918,16886979,"Ivan Toropin","2026-09-13 21:21:17",1383.4,2,ivantoropin
2919,16861637,薄荷喵呜,"2026-09-12 09:39:16",1382.7,2,bohemiao
2920,16875849,"Yaotong Niu","2026-09-15 13:37:34",1381.4,2,yaotongniu
2921,16707865,"bb aa","2026-09-20 09:47:41",1380.9,2,bbaa233
2922,16707303,meTeam,"2026-09-24 18:14:20",1380.7,2,aaronzribi
2923,16672448,"Crisis Liu","2026-09-23 05:47:19",1380.6,2,crisisliu
2924,16725287,NoahRyan,"2026-09-13 10:37:32",1379.8,2,beginner080
2925,16698726,加油,"2026-09-14 12:25:38",1379.0,2,honeeyl
2926,16797457,Aamod06,"2026-09-27 06:34:09",1378.2,2,aamod06
2927,16641816,"Toshiki Honda","2026-09-16 15:03:37",1378.0,2,toshikihonda
2928,16793755,"Juank Suarez","2026-09-20 02:45:18",1377.7,2,juanksuarez
2929,16847370,"Suleyman Yollyyev","2026-09-25 05:54:55",1376.7,2,suleyman71
2930,16652272,"nadhir hasan","2026-09-13 14:07:09",1376.6,2,nadhirhasan
2931,16625219,MJVinay,"2026-09-25 15:57:09",1375.6,2,mallajayanthvinay
2932,16658382,vladee,"2026-09-26 22:09:08",1375.5,2,vladee
2933,16858523,"Taivanbat Bayarsaikhan","2026-09-24 08:03:28",1375.5,2,taivnaaiwnl
2934,16939133,wang,"2026-09-27 08:11:49",1375.4,2,tombryant
2935,16728774,あなまか,"2026-09-25 23:42:10",1375.3,2,arakish
2936,16623603,"Renji Starfall","2026-09-13 14:14:01",1375.0,2,renjistarfall
2937,16941692,twotodevnull,"2026-09-26 06:13:57",1375.0,2,twotodevnull
2938,16854439,"Yosef Zoabi","2026-09-13 21:05:15",1374.9,2,yosefzoabi
2939,16863498,Jackmama-nolfwin,"2026-09-13 04:36:37",1374.9,2,nolfwin
2940,16942588,Isabe11aM00re,"2026-09-25 19:37:41",1374.8,2,"dan1e1c1ark,henryy0ung,isabe11am00re,s0ph1amart1n"
2941,16761418,"Piggy Piggy","2026-09-14 23:37:49",1374.8,2,txgg123
2942,16633773,copasta,"2026-09-13 06:16:43",1374.5,2,copasta
2943,16722399,"Meta learners","2026-09-27 05:05:01",1374.0,2,aditya2909rb
2944,16884368,LaManbo,"2026-09-13 10:51:44",1373.5,2,encizhang
2945,16766796,panda__MB__maximus,"2026-09-27 05:24:45",1373.4,2,tanishmohokar09
2946,16802843,Dream,"2026-09-16 02:45:24",1371.8,2,"jamesl8,tzeweilim"
2947,16865554,"parker tan","2026-09-18 10:42:33",1371.4,2,parkertan
2948,16867375,YUXUCH,"2026-09-18 13:21:43",1371.3,1,yuxuch
2949,16857723,"Mask Learning","2026-09-27 06:04:35",1371.1,2,"clipcode,daskrank,maskgen,nnmerge,opscfg"
2950,16905027,"xiaomeng lin","2026-09-26 15:10:44",1370.9,2,xiaomenglin
2951,16697540,"Jared Floersch","2026-09-24 12:24:14",1369.2,2,jaredfloersch
2952,16809200,v0m0v,"2026-09-13 12:09:18",1368.9,2,maguchiya
2953,16835641,baojidehuangmao,"2026-09-17 10:38:44",1368.5,2,"brittneylewis2,innocentdzzz"
2954,16731501,"Shiv Satyam","2026-09-13 22:14:15",1368.1,2,shivsatyam
2955,16796235,"Keside Onyeocha","2026-09-20 01:25:05",1368.1,2,kesideonyeocha
2956,16920623,yeqinxin,"2026-09-25 04:12:54",1368.0,2,yqx123456
2957,16871327,"Anh Bui","2026-09-18 04:29:28",1367.8,2,bibanh
2958,16656312,"retiring to farm","2026-09-25 14:55:10",1367.7,2,"avnermlim,belati,hilariusjeremy,matthewpramana,nicholasarditirta"
2959,16855071,Janvi_ch,"2026-09-13 18:22:18",1367.7,2,janvich
2960,16715066,akahane,"2026-09-16 21:06:58",1367.5,2,shuheiakahane
2961,16731983,Gracie,"2026-09-27 05:10:06",1366.5,2,gracie428
2962,16885455,"Ali Azizi","2026-09-19 12:36:06",1366.3,2,aliazizi1
2963,16870577,"Kenan Zhang9","2026-09-21 02:18:25",1366.2,2,kenanzhang9
2964,16705499,byncpy,"2026-09-27 07:56:17",1365.0,2,jinliangbi
2965,16884932,torvile,"2026-09-13 05:54:14",1365.0,2,torvile
2966,16792799,Kohecchi,"2026-09-15 16:17:53",1364.8,1,kohecchi
2967,16881755,MudassarPAPI,"2026-09-14 08:59:06",1364.6,2,mudassarpapi
2968,16879614,"Razvan Stancioiu","2026-09-22 20:24:54",1364.5,2,razvanstancioiu
2969,16743342,"Артём Свинобоев","2026-09-13 11:38:29",1364.4,2,ssstelmah
2970,16885734,zylvento,"2026-09-13 10:02:37",1363.7,2,"lorvexa,zylvento"
2971,16684641,t.me/aetheranime,"2026-09-13 10:22:28",1363.6,2,yfrite
2972,16807802,嘴爷,"2026-09-14 02:14:43",1363.2,2,zui0711
2973,16715216,Colin,"2026-09-15 12:36:41",1363.1,2,umcolin
2974,16841799,珍珠,"2026-09-14 16:49:56",1361.4,2,luochen6
2975,16855088,Re:dorf,"2026-09-15 12:44:10",1360.1,2,reydorf
2976,16659286,shane18,"2026-09-27 06:00:54",1360.0,2,shane18
2977,16881882,Fl,"2026-09-14 21:42:24",1359.7,2,flagon
2978,16741321,"S. B.","2026-09-25 06:01:56",1359.7,2,aughra
2979,16942429,"yangjian zhu","2026-09-26 01:53:40",1359.6,2,yangjianzhu
2980,16761657,Picu,"2026-09-25 15:44:04",1359.2,2,rumoschilling
2981,16710459,Nironiro,"2026-09-27 07:13:02",1358.8,2,nironiro
2982,16847763,MartinZiserman,"2026-09-11 23:53:37",1358.7,2,zarmii
2983,16866868,mr_children_0617,"2026-09-14 13:01:56",1358.5,2,mrchildren0617
2984,16622820,"Sergey Nefedov","2026-09-13 18:00:39",1358.2,2,sergionefedov
2985,16802410,"Aleksandr  Larko","2026-09-14 02:42:42",1358.0,2,alexxanderlarko
2986,16877997,Mirlan,"2026-09-13 07:44:53",1358.0,2,zmtrxq
2987,16688808,"Niranjan Nakkala","2026-09-25 11:28:27",1357.3,2,niranjanmudhiraj
2988,16885599,Suiban,"2026-09-22 12:19:22",1357.1,2,suiban410219
2989,16653311,"Stanislav Tsepa","2026-09-25 17:34:22",1356.7,2,mrtsepa
2990,16806146,"Factual Explorer","2026-09-12 20:05:48",1355.4,2,factualexplorer
2991,16662984,"Mark Schatza","2026-09-17 18:27:19",1355.3,2,markschatza
2992,16654322,"Debatreya Biswas","2026-09-24 14:55:19",1355.2,2,debatreyabiswas
2993,16865854,lancerhim,"2026-09-14 04:18:21",1355.1,2,lancerhim
2994,16886066,latentb,"2026-09-13 11:55:55",1354.5,2,latentb
2995,16706004,Divyansh,"2026-09-23 19:47:12",1354.3,2,sehgaldivyansh
2996,16885807,S3unburst,"2026-09-13 10:25:40",1354.3,2,s3unburst
2997,16630418,butterchicken,"2026-09-25 08:17:33",1354.3,2,"ritanshuprasad,sriramlingavel01"
2998,16682892,"Alvaro Llamojha","2026-09-24 06:44:17",1354.0,2,alvarollamojha
2999,16847578,"Tim Chernov","2026-09-27 02:34:15",1354.0,2,saffff
3000,16633552,Unkn0wn,"2026-09-27 07:54:20",1353.2,2,"harnadshilpa,nagendraadisesha"
3001,16716867,"Kevin Gemilang","2026-09-19 04:52:17",1352.8,2,kevingemilang
3002,16691670,wangbin.dev,"2026-09-17 16:58:12",1352.6,2,wangbindev
3003,16905838,lin_,"2026-09-24 12:41:31",1352.5,2,linabohachuk
3004,16862390,huytngo,"2026-09-13 02:44:09",1352.0,2,huytngo
3005,16861885,"Олег Бабков","2026-09-26 22:00:13",1350.7,2,jabberwock78
3006,16639168,Sergey,"2026-09-13 08:22:45",1350.2,2,sergeymikhailovn
3007,16878707,"Shiva Somasundaram Balaji","2026-09-13 05:58:09",1349.9,2,shivasomasundaramb
3008,16749352,"Ian Virchenko","2026-09-14 10:23:15",1349.8,2,yvainr
3009,16945180,"Anton Nikonov","2026-09-25 12:16:58",1349.0,2,antonnikonov
3010,16629873,UncleWKTK,"2026-09-13 05:24:28",1348.9,2,unclewktk
3011,16632708,__Taichicchi__,"2026-09-25 23:31:41",1348.9,2,hutch1221
3012,16761167,"Tejasteju M P","2026-09-24 04:29:56",1348.7,2,tejastejump
3013,16948046,"Jeroen Cottaar","2026-09-23 14:38:47",1348.5,2,jeroencottaar
3014,16949344,M1R0OFFICIAL,"2026-09-24 00:09:03",1348.4,1,m1r0official
3015,16875733,Fronta,"2026-09-13 06:47:59",1347.8,2,mirichima
3016,16809721,siren2345,"2026-09-22 14:35:50",1347.4,2,siren2345
3017,16914530,ZKH-Harness,"2026-09-27 06:06:53",1347.2,2,"hanyazhang,kanny912,zhaoruichen"
3018,16884902,yovrini,"2026-09-13 05:49:06",1346.3,2,yovrini
3019,16657587,PxlPau,"2026-09-13 00:34:27",1346.0,2,studybeetutoring
3020,16654109,"Mohamed Amine Aichaoui","2026-09-22 21:38:11",1345.4,2,mohamedamineaichaoui
3021,16671596,Sibato,"2026-09-22 00:41:44",1343.5,2,sibato
3022,16797154,"Elvern Neylmav Tanny","2026-09-13 23:37:07",1342.6,2,elvernneylmavtanny
3023,16863335,"Bright Choice AI","2026-09-27 08:43:24",1342.5,2,brightchoiceai
3024,16715912,"Hiroshi Sakiyama","2026-09-25 15:56:51",1342.5,2,hiroshisakiyama
3025,16855156,"Lior Toledano","2026-09-15 18:15:51",1342.3,2,liortoledano
3026,16881613,refluxor,"2026-09-12 14:44:46",1341.7,2,refluxor
3027,16731194,"Neglected Turtle","2026-09-27 07:18:28",1341.7,2,pleaselike
3028,16882077,telep,"2026-09-22 15:21:34",1341.6,2,vitaliypyvovar1
3029,16832971,"Scott Willis","2026-09-27 08:26:00",1341.3,2,scottgwillis
3030,16832226,"DI27 RF","2026-09-13 02:34:01",1341.1,2,di27rf
3031,16696099,moss,"2026-09-13 09:31:52",1340.7,2,kenyashimizu
3032,16881237,"Chunlai Li","2026-09-26 12:30:35",1340.4,2,lichunlai123
3033,16798152,"A secretive person","2026-09-18 14:09:57",1340.2,2,asecretiveperson
3034,16681049,"SiLin “Can SiLin” Can","2026-09-13 05:44:26",1340.1,2,"k3rn3l,silincansilincan"
3035,16665841,"Mohit Rao","2026-09-14 05:22:15",1339.9,2,vmohitrao
3036,16870485,agentic,"2026-09-16 19:21:30",1339.8,2,"audiuphile,mark5221,sidchevvan"
3037,16748559,GodofThunder2407,"2026-09-13 06:18:15",1339.5,2,godofthunder2407
3038,16942273,"Sravanthi Kovvuri","2026-09-23 12:14:18",1339.5,2,sravanthikovvuri
3039,16885704,tavrico,"2026-09-13 09:52:55",1338.9,2,tavrico
3040,16852963,LingLingToshite,"2026-09-27 07:52:09",1338.7,2,lingtoshitehiroki
3041,16733016,Quillbolt,"2026-09-26 11:14:01",1338.1,2,tunminhhunh
3042,16859745,111,"2026-09-25 16:54:39",1337.7,2,guoz112
3043,16852377,"Zhong Lyu","2026-09-25 08:57:10",1337.2,2,zhonglyu
3044,16643554,"Arnie Jimenez","2026-09-16 16:50:18",1336.9,2,arniejimenez
3045,16928266,"Arun Khatua","2026-09-24 05:25:15",1335.9,2,arunkhatua
3046,16946333,KIT,"2026-09-23 09:13:30",1335.3,2,ray6767
3047,16842293,"WANG HONGXIANG","2026-09-20 15:33:21",1335.0,2,wanghongxiang
3048,16730854,src,"2026-09-26 07:50:08",1334.9,2,skthtu
3049,16709872,"Tim McGarvey","2026-09-27 06:58:44",1334.4,2,timmcgarvey
3050,16630803,"Mirza Milan Farabi","2026-09-13 21:59:25",1334.3,2,mirzamilanfarabi
3051,16859409,wia'ma,"2026-09-26 00:45:31",1334.2,2,wangyiqicy
3052,16818508,"Napster Y","2026-09-27 03:40:55",1334.1,2,napstery
3053,16884822,reziavon,"2026-09-13 05:38:11",1332.8,2,reziavon
3054,16635973,"Code by Nadiia","2026-09-24 11:05:35",1331.5,2,codebynadiia
3055,16642846,"Leonid Zaporozhets","2026-09-26 09:30:34",1331.4,2,leonidzaporozhets
3056,16885770,"Rahul Jangra","2026-09-13 10:13:19",1330.6,1,leonado10000
3057,16830984,lizhengui,"2026-09-13 06:34:44",1330.4,2,lizhengui
3058,16822395,"Vladimir Galatenko","2026-09-24 02:41:17",1330.3,2,vladimirgalatenko
3059,16881818,gradfield21,"2026-09-12 15:44:29",1329.8,2,gradfield21
3060,16668262,spbforce,"2026-09-27 04:42:32",1329.2,2,spbforce
3061,16845314,ryvhii,"2026-09-21 06:51:36",1328.6,2,ryvhii
3062,16669843,"hikaru kitagawa","2026-09-21 04:20:12",1328.2,2,hikarukitagawa
3063,16839489,Q1du,"2026-09-12 10:12:02",1327.1,2,zjecust
3064,16660041,"Hoàng Quốc Việt ","2026-09-13 04:56:59",1325.5,2,viethwang3i
3065,16881783,novasync88,"2026-09-12 15:27:48",1325.3,2,novasync88
3066,16892458,orangeaugust,"2026-09-26 11:13:30",1325.3,2,orangeaugust
3067,16723988,yuyinghuang,"2026-09-13 07:00:33",1324.2,2,yuyinghuang
3068,16639731,williamrawling,"2026-09-27 03:11:34",1323.9,2,williamrawling
3069,16853849,emreaydin,"2026-09-27 08:24:22",1323.5,2,aydinemre
3070,16677568,yarneo,"2026-09-16 10:07:53",1323.4,2,yarneo
3071,16862084,weiooocnnnnnn,"2026-09-15 11:52:22",1323.4,2,weiooocn
3072,16916104,"Dayi Zhang","2026-09-22 15:27:26",1323.1,2,dayizhang
3073,16737041,presucc,"2026-09-13 04:13:37",1322.8,2,presucc
3074,16864988,"jiangling wang","2026-09-13 10:59:00",1322.6,1,jianglingwang
3075,16684401,WQAAAA,"2026-09-12 03:28:35",1321.8,2,wqaaaa
3076,16654848,DovyDigital,"2026-09-25 00:28:21",1321.6,1,dovydigital
3077,16854815,marching_zzz,"2026-09-27 02:33:13",1321.4,2,marchingzzz
3078,16888282,Sheeesh---,"2026-09-21 18:08:35",1321.4,1,hamzaaitmohamed
3079,16740034,BSCode,"2026-09-14 02:27:32",1321.2,2,bscode
3080,16731926,"Pardheev Krishna","2026-09-12 12:08:13",1321.2,2,"anandkumar0901,ayushjiwatramani,nidhibsh,nitindatanylatics,pardheev"
3081,16881121,Annsatz,"2026-09-14 14:59:00",1320.6,2,ansatzkong
3082,16632527,"GIVE ME A JOB","2026-09-10 09:35:11",1319.8,2,tarokogawa
3083,16663929,"Erman Man","2026-09-12 02:05:39",1319.5,2,ermanman
3084,16755049,gamesu7107,"2026-09-12 18:24:15",1319.2,2,gamesu7107
3085,16859269,BAILW,"2026-09-25 16:46:48",1319.1,2,baimatubama
3086,16839754,"Lauresowe 3D","2026-09-12 10:00:06",1319.1,2,lauresowe3d
3087,16728076,uuu,"2026-09-13 09:12:31",1318.6,2,vovafinogenov
3088,16859690,Molood,"2026-09-10 20:30:43",1318.3,2,molooda
3089,16858414,wantOchange,"2026-09-13 01:00:32",1317.0,2,wantochange
3090,16657265,"Hemant Kumar","2026-09-18 13:53:47",1315.0,2,hemantrajputt
3091,16857987,fujia,"2026-09-19 05:16:43",1314.4,2,fujiasama
3092,16722818,"Mukesh R","2026-09-14 09:13:30",1314.0,2,mukeshr06
3093,16665230,"Jack Burley","2026-09-27 07:31:06",1313.9,2,jackburley
3094,16705318,arminhej96,"2026-09-22 05:17:55",1313.9,2,arminhej96
3095,16880960,Kiriesh,"2026-09-16 18:45:37",1313.7,2,kiriesh
3096,16689863,yukichi0403,"2026-09-15 12:39:45",1313.6,2,yukitake93
3097,16665641,"Alexander Shahramanyan","2026-09-24 18:02:47",1312.6,2,alexshah
3098,16881521,Juniperss,"2026-09-12 14:16:09",1312.5,2,juniperss
3099,16790931,100rabh,"2026-09-12 16:42:27",1312.5,2,saurabhkumar234
3100,16775571,Gaurav06520,"2026-09-15 12:38:42",1312.4,2,gaurav06520
3101,16771703,"Moomin and his farm","2026-09-12 07:03:58",1312.2,2,ataraxyyeah
3102,16784516,pejipej,"2026-09-26 22:07:46",1312.1,2,pejmaneghbali
3103,16641309,klog,"2026-09-12 04:48:32",1311.9,2,mhrzmmhrzm
3104,16756965,gchauhan,"2026-09-15 06:57:02",1311.7,2,gchauhan
3105,16657887,"Yermak Petro","2026-09-26 23:23:16",1310.6,2,yermakpetro
3106,16862806,kitsada,"2026-09-19 09:59:59",1310.6,2,wangwaen
3107,16699045,"Abu Kayyisah Basyid","2026-09-24 17:36:05",1310.3,2,abukayyisahbasyid
3108,16808020,"Pulkit Arora 🇮🇳","2026-09-11 09:15:58",1309.1,2,pulkittarora
3109,16630142,zawawannko,"2026-09-11 08:03:32",1308.4,2,zawawannko
3110,16630797,"Seok, Jeongeum","2026-09-27 00:58:13",1308.0,2,seokjeongeum
3111,16881585,Venqira,"2026-09-12 14:31:19",1307.8,2,venqira
3112,16701612,Kiki,"2026-09-11 06:43:31",1307.6,2,rouiou
3113,16664761,"Udit Jain #2","2026-09-12 00:14:14",1307.1,2,iamudit
3114,16623385,yurunougyou!,"2026-09-10 12:25:26",1306.8,2,isakatsuyoshi
3115,16692725,"Zhen Li","2026-09-12 10:05:10",1306.8,2,zhenlisak
3116,16644818,chudddc,"2026-09-24 14:43:09",1306.7,2,chudddc
3117,16783173,"Michael Shihong Zhang","2026-09-13 05:39:27",1306.7,2,"excelexx,festyve"
3118,16734447,"Ali Bauyrzhan","2026-09-25 20:12:33",1306.5,2,alibauyrzhan
3119,16629699,radiant-allomancer,"2026-09-11 00:50:02",1305.6,2,radiantallomancer
3120,16635233,"Szymon Kłapiński","2026-09-12 10:11:30",1305.2,2,szymonkapiski
3121,16699455,vijaikm,"2026-09-22 11:56:07",1304.8,2,vijaikm
3122,16855665,"Yash Yadav","2026-09-27 07:10:51",1304.6,2,yash2072005
3123,16621063,Broskis,"2026-09-11 03:19:55",1304.4,2,"aikyatansinha,r1cksync,vamshikrishnaemmadi"
3124,16879360,"Neural Subscribed Operator","2026-09-12 06:55:46",1304.0,1,nacl3084
3125,16630984,TakamaruEX,"2026-09-14 08:20:46",1303.8,2,takamaruex
3126,16662735,"Kurian George","2026-09-11 17:16:25",1303.4,2,kuriangeorge
3127,16867641,YK,"2026-09-10 17:17:04",1302.8,2,yukitashiro
3128,16862944,Luchsus,"2026-09-14 23:29:16",1302.1,2,jansteindlstarlinger
3129,16858157,osteo,"2026-09-11 01:33:23",1302.0,2,logstwo
3130,16685047,Yvonne.,"2026-09-21 08:34:31",1302.0,2,zdawer250
3131,16730323,fufufukakaka,"2026-09-26 00:23:34",1301.3,2,fufufukakaka
3132,16712329,"Andrej Carpenter","2026-09-22 07:36:56",1300.6,2,andrejcarpenter
3133,16799598,RameshG888,"2026-09-11 08:42:57",1300.4,2,ramesh888
3134,16869555,"Karthik Nambiar","2026-09-15 07:13:16",1298.9,2,karthiknambiar387239
3135,16678609,quantcrypto3,"2026-09-19 01:51:13",1298.9,2,quantcrypto3
3136,16843892,luxinyayaya,"2026-09-15 03:23:21",1298.9,2,luxinyayaya
3137,16662618,"Soledad Santiago","2026-09-27 05:56:14",1298.8,2,soledadsantiago
3138,16688587,yamashu,"2026-09-21 01:17:33",1298.6,2,yamashuuu
3139,16885509,HAL,"2026-09-14 07:58:55",1298.6,1,"asunalin,ljimmy2005007"
3140,16864072,"Matvey Skovordin","2026-09-10 04:24:07",1298.1,1,kickassnumberone
3141,16661462,"Dania Amer","2026-09-24 01:19:39",1297.7,2,dania35
3142,16682318,Bibek,"2026-09-13 20:49:12",1296.4,2,bibek777
3143,16689186,NCK,"2026-09-12 04:31:04",1295.2,2,drnchaitanyakumar
3144,16825815,linchenge,"2026-09-25 14:36:14",1294.9,2,linchenge
3145,16741243,"Yasin Mert Şahin","2026-09-26 10:59:21",1294.8,2,ymertsahin
3146,16849377,try,"2026-09-26 13:13:47",1294.6,2,weishanshan033
3147,16772119,Workybara.ai,"2026-09-12 03:16:14",1294.4,2,workybaraai
3148,16671520,sci-shi,"2026-09-22 14:17:14",1293.7,2,scishi
3149,16860566,黄旭伟aaaabbs,"2026-09-25 14:49:18",1293.5,2,aaaabbs
3150,16678930,"Just a moroccan","2026-09-26 12:14:44",1292.6,2,zbidaamine
3151,16802578,Yuuki4543,"2026-09-11 06:18:16",1292.5,2,yuuki4543
3152,16719364,Yeh!AIGame,"2026-09-26 07:23:01",1292.5,2,"luluyeh,yehshibang"
3153,16850105,Pantheon,"2026-09-14 07:40:15",1291.8,2,skyenxt
3154,16669038,"Nabeel Shar","2026-09-13 09:17:32",1291.8,2,nabeelshar
3155,16881857,Pheonix,"2026-09-17 11:51:43",1291.6,2,vikasg1711
3156,16772090,"SHIVAJI SHAIK","2026-09-20 07:13:54",1291.5,2,shivajishaik
3157,16857624,flatton,"2026-09-16 23:02:27",1290.9,2,tomokifujihara
3158,16862840,"Ammar Aziz","2026-09-12 11:11:53",1290.6,2,cabtainamamr
3159,16848765,XJHya233,"2026-09-13 11:56:26",1290.5,2,xjhya233
3160,16797847,"levski shampion","2026-09-12 23:19:08",1290.1,2,mariomalev
3161,16784992,Prasad.tgs,"2026-09-25 15:00:49",1289.3,2,sivaprasadnaidu
3162,16810595,dauriel,"2026-09-27 07:28:59",1288.4,2,"dauriel,theakshay"
3163,16624073,SoftRL,"2026-09-22 13:34:39",1288.3,2,"maruichi01,ppocharl,puws06,tatsukisato,unikina"
3164,16700510,"Shadow Recon","2026-09-25 08:33:13",1287.9,2,gaurav065
3165,16708546,"Blue Rain","2026-09-12 04:15:32",1287.8,2,bluefeather386
3166,16661276,Middle,"2026-09-27 08:15:38",1287.7,2,aydagul
3167,16881267,"juu meng","2026-09-13 07:07:40",1287.2,2,juumeng
3168,16655411,フナコシ,"2026-09-22 18:24:58",1287.0,2,kokifunakoshi
3169,16623298,Mikhail_Komkin,"2026-09-26 22:58:30",1285.1,2,mikhailkomkin
3170,16702674,"Varun S G","2026-09-18 05:49:16",1284.9,2,warun7
3171,16760509,"gnanadeepika karanam","2026-09-26 17:57:13",1284.8,2,gnanadeepikakaranam
3172,16735837,yaki-imo,"2026-09-11 04:35:42",1284.1,2,taichiakiyama
3173,16696738,rekhasri,"2026-09-18 17:25:22",1284.0,2,rekhasri
3174,16713281,SirShifu,"2026-09-10 22:19:52",1283.9,2,sirshifu
3175,16781506,un0o7,"2026-09-11 13:10:36",1283.6,2,hjhsdsdww
3176,16756477,Ender,"2026-09-24 23:40:32",1282.7,2,eamonnkashyap
3177,16669461,"suzy su","2026-09-12 12:38:38",1282.7,2,suzysu997
3178,16875671,"Nikolay Shaulsky","2026-09-26 09:15:39",1282.7,2,nikolayshaulsky
3179,16814701,e0970145,"2026-09-10 11:43:21",1281.8,2,maxxtucker
3180,16658801,"Thuc Nguyen Dang 111","2026-09-13 05:21:36",1281.5,2,thucnguyendang111
3181,16729765,"Caio Ruiz","2026-09-27 07:41:46",1281.3,2,chvruiz
3182,16659957,LeFarmers,"2026-09-24 19:10:00",1280.7,2,"jaydonjp,kuantumknight"
3183,16866424,"gmmm mmod2","2026-09-11 07:38:54",1280.1,2,gmmmmmod2
3184,16898290,"Ryan Jonathan Valencia","2026-09-17 17:33:18",1279.9,2,ryanjonathanvalencia
3185,16881694,Novardion,"2026-09-13 11:28:43",1279.4,2,novardion
3186,16641956,SixGODD,"2026-09-20 01:06:51",1279.3,2,sixgodd
3187,16688313,"Gnosys Labs","2026-09-18 00:56:10",1279.2,2,gnosyslabs
3188,16628875,TakahiroHon,"2026-09-17 02:59:51",1278.9,2,takahirohon
3189,16658185,"Juwon Kweon","2026-09-22 01:35:01",1278.1,2,juwonkwon
3190,16781550,Lumberjacks,"2026-09-19 16:21:59",1277.3,2,jamesmcgarryiv
3191,16865261,"Kamal Kadakara","2026-09-27 02:44:44",1277.0,2,kamalkadakara
3192,16918530,lingsio,"2026-09-22 06:17:59",1276.2,2,shinshengchiou
3193,16867327,Zorvella,"2026-09-11 03:16:36",1275.6,2,zorvella
3194,16882304,"Lokesh Prajapat","2026-09-12 18:20:47",1275.5,1,lokesh0252
3195,16717794,souldrive,"2026-09-13 13:18:14",1275.2,2,souldrive
3196,16661667,"Wufang Hong","2026-09-10 07:14:27",1274.9,2,wufanghong
3197,16670715,i3,"2026-09-24 08:33:45",1274.8,2,ishijima
3198,16710469,Qimra1729,"2026-09-11 08:09:04",1274.6,2,qimra1729
3199,16880407,kimuraaa,"2026-09-21 07:58:10",1274.2,2,kimuraaa
3200,16811496,Marie,"2026-09-23 05:17:53",1273.9,2,mariashatrova
3201,16660250,Moshel,"2026-09-12 23:06:43",1273.7,2,moshel
3202,16854573,"这是 AI 的胜利","2026-09-10 09:15:16",1273.2,2,iaptainmy
3203,16775190,bianfu,"2026-09-27 07:42:02",1273.1,2,bianfu
3204,16691084,"Ke Ma Ke","2026-09-13 09:01:36",1272.9,2,kemake
3205,16758232,mech_39,"2026-09-10 21:20:57",1271.7,2,mech39
3206,16756765,DharmParmar,"2026-09-23 01:19:56",1270.9,2,dharmparmar
3207,16843617,Jenny124685,"2026-09-24 05:14:36",1270.7,2,jenny124685
3208,16849766,"Uncle Scooge","2026-09-11 13:27:24",1270.6,2,"guzzbr,pascalcoimbra"
3209,16664609,Re2lawd,"2026-09-24 09:51:49",1270.4,2,re2lawd
3210,16672128,Cliffton,"2026-09-27 04:29:20",1270.4,2,rieltzx
3211,16791163,woldy,"2026-09-27 05:13:09",1270.3,2,woldywei
3212,16847304,"eryue shisi","2026-09-14 02:41:20",1270.2,2,eryueshisi
3213,16630015,星之海,"2026-09-26 07:48:07",1270.0,2,web3cainiao
3214,16652764,hikahika,"2026-09-11 13:31:34",1268.8,2,naganohikaru
3215,16843436,ktaery,"2026-09-27 08:15:35",1268.2,2,ktaery
3216,16748487,Hiters,"2026-09-11 00:54:16",1268.1,2,mikehongsz
3217,16768016,JohnBlake,"2026-09-26 06:49:17",1268.0,2,jaybeeja
3218,16832866,bgaoi2,"2026-09-09 15:09:29",1267.5,2,bgaoi2
3219,16865917,"Yihao Wei","2026-09-13 10:07:46",1267.1,2,yihaowei
3220,16814378,"Jay Prrajapati","2026-09-09 13:53:13",1267.0,2,jayprrajapati
3221,16668622,"Michael McGrain","2026-09-10 10:38:27",1267.0,2,michaelmcgrain
3222,16896283,"WENBO ZHANG","2026-09-24 00:48:40",1267.0,2,wenbozhang2026
3223,16925703,darkphase11,"2026-09-27 08:20:56",1265.8,2,"corephase,darkphase11,metacraftt,neurofieldd"
3224,16867005,cryptvector2,"2026-09-11 13:22:09",1265.7,2,cryptvector2
3225,16623980,Nikita,"2026-09-14 10:05:57",1265.5,2,ivanovnikitawork
3226,16722849,"Dhruv Bansal","2026-09-10 22:03:08",1265.5,2,dhruvb2028
3227,16663808,"Fae Gaze","2026-09-10 20:30:29",1265.3,2,achievement
3228,16708791,atsu0905,"2026-09-27 01:16:01",1265.3,2,atsu0905
3229,16861723,"Landon Hershberger","2026-09-15 22:04:40",1265.0,2,landonhershberger
3230,16868685,"Kotaro Simizu","2026-09-11 20:39:54",1264.3,2,"kotarosimizu,mahiro1214"
3231,16670879,"old macdonald","2026-09-07 16:11:15",1263.7,2,djschmit
3232,16876040,hgh404,"2026-09-22 20:49:08",1263.3,2,"gamejoker,hgh1024"
3233,16841595,Jaso1024,"2026-09-10 01:44:10",1262.9,2,jaso1024
3234,16735238,DHKim0324,"2026-09-26 19:32:40",1262.6,2,dhkim0324
3235,16660020,"Gaddam Shiva Teja","2026-09-24 20:55:02",1262.5,2,shivateja005
3236,16870461,Fumi,"2026-09-26 06:02:01",1262.4,2,cheersbeer
3237,16635209,4eta,"2026-09-23 16:25:06",1260.7,2,bio4eta
3238,16715205,GCarnovale,"2026-09-24 01:40:57",1260.5,2,gcarno
3239,16691270,"Piyal Chowdhury","2026-09-21 18:53:53",1260.5,2,piyalchowdhury
3240,16720797,"Vibe Farmer","2026-09-11 02:14:27",1260.3,2,pulakkantibhowmick
3241,16844456,Touk00,"2026-09-13 04:20:04",1260.2,2,touk00
3242,16730735,YUK,"2026-09-14 18:00:10",1260.0,2,yu0307
3243,16907406,herok0809,"2026-09-16 16:49:09",1259.6,2,herok0809
3244,16698287,"Reinforcement Forgetting","2026-09-24 23:34:50",1259.0,2,ethanjschauder
3245,16670020,nanare,"2026-09-16 16:43:03",1258.5,2,nanaresudo
3246,16627194,GzmCR632,"2026-09-11 07:01:14",1258.3,2,gzmcr632
3247,16857939,"Le Duy Dong","2026-09-10 16:11:23",1258.2,1,lduynglduyng
3248,16871483,carnivore,"2026-09-25 16:57:19",1258.0,2,prapproved
3249,16883478,Aggri_goon,"2026-09-16 10:48:29",1256.4,2,ryonagakubo
3250,16623309,zyvren,"2026-09-11 15:14:31",1256.3,2,"nusratahmmedmaisha,sharif485"
3251,16676085,"Giordano Dolenz","2026-09-11 17:20:50",1256.2,2,giordanodolenz
3252,16808822,-lingluo-,"2026-09-22 04:22:20",1256.1,2,lingluoo
3253,16759508,george-nigmatulin,"2026-09-26 20:20:53",1256.1,2,georgenigmatulin
3254,16736838,アナコンダ,"2026-09-09 13:48:32",1255.8,2,"ei1333,unosss"
3255,16635062,DL,"2026-09-10 04:16:38",1255.8,2,distiller
3256,16811414,Y-Kitaro,"2026-09-26 14:43:05",1254.2,2,yhataktaro
3257,16801797,Tv,"2026-09-13 03:11:19",1254.0,2,linyeah
3258,16634104,FarmGoose,"2026-09-10 09:10:47",1254.0,2,yizhanglou
3259,16857932,"Ahmed Ansari","2026-09-16 11:57:46",1252.1,2,ahmed1ansari
3260,16728238,ubcict232,"2026-09-27 01:25:36",1251.7,2,ubcict232
3261,16792013,"Alec Polansky","2026-09-10 01:58:49",1251.3,2,alecpolansky
3262,16622835,"Max Manushin","2026-09-11 01:04:29",1251.3,2,innerf1re
3263,16634519,"Darshan Makwana","2026-09-10 10:17:03",1251.1,2,ellipticaloranges
3264,16677596,Sere1n,"2026-09-11 15:08:02",1251.0,2,chacc0
3265,16676739,"Jonathan Zheng Jiahao","2026-09-10 02:53:21",1250.9,2,jonathanzhengjiahao
3266,16717549,"Adejumo Boluwatife","2026-09-11 19:09:23",1250.7,2,adejumoboluwatife
3267,16810275,Adam,"2026-09-27 03:25:47",1250.5,2,potonglantie93
3268,16769885,kurushun,"2026-09-10 02:10:21",1250.5,2,kurushun
3269,16746796,kaguramena,"2026-09-10 07:13:17",1250.4,2,kaguramena
3270,16657671,CyberRacoon,"2026-09-15 10:38:45",1250.1,2,racoontw
3271,16635055,chch,"2026-09-25 09:21:47",1250.0,2,chchentw
3272,16770055,"san yin26","2026-09-15 08:14:39",1248.4,2,"amadeusan,sanyin26"
3273,16633793,adakoda,"2026-09-09 11:55:49",1248.0,2,adakoda
3274,16866567,Variiiiiii,"2026-09-11 10:09:24",1247.9,2,variiiiiii
3275,16764349,Solo,"2026-09-12 22:58:37",1247.8,2,solosolo
3276,16778334,"Onkar Belure","2026-09-09 16:22:19",1247.8,2,onkarbelure
3277,16758893,"Sercan Yeşilöz","2026-09-09 12:34:34",1247.2,2,sercanyesiloz
3278,16672997,"Francesco Montone","2026-09-11 10:56:31",1247.0,2,francescomontone
3279,16839821,"Stepan Pankratov","2026-09-09 14:47:50",1246.8,2,infam62
3280,16867407,Lanqira,"2026-09-11 03:08:56",1246.6,2,lanqira
3281,16890052,Code4life,"2026-09-15 16:46:33",1246.6,2,"huylngcgia,taovietducofficial"
3282,16886357,"Sun Jaden","2026-09-13 21:34:56",1246.4,2,sunjaden
3283,16789509,"Yang Wei Hao","2026-09-09 13:02:55",1246.2,2,aichangeworld
3284,16663252,"MD Concepcion","2026-09-25 20:13:51",1245.9,2,mikedconcepcion
3285,16640991,sometimeafter,"2026-09-09 17:35:05",1244.3,2,xinyeee
3286,16860118,Hironobukawaguchi,"2026-09-09 11:53:30",1244.3,2,hironobukawaguchi
3287,16870600,"Huayu Wen","2026-09-11 14:17:55",1244.2,2,huayuwen
3288,16627581,AidenSong123,"2026-09-12 14:15:30",1244.0,2,aidensong123
3289,16771337,titako0000,"2026-09-10 09:00:19",1244.0,2,titako0000
3290,16779957,养了一群扫福瑞,"2026-09-09 12:13:36",1243.5,2,whq0q7
3291,16843384,"Anatoly Lyutov","2026-09-11 11:54:44",1243.2,2,anatolylyutov
3292,16811247,"Luca Mussino","2026-09-10 20:53:58",1243.0,2,lucamussino
3293,16712796,"Kumar Saurabh","2026-09-17 08:13:59",1242.5,2,bakakaka
3294,16741542,"let cats farm","2026-09-19 22:33:26",1241.7,2,amonkizawa
3295,16857861,Satua,"2026-09-11 06:36:26",1241.2,2,satyasrinivasanandh
3296,16712007,"Dipin Kothavoor","2026-09-14 13:54:52",1241.1,2,dipinkothavoor
3297,16782564,"Chris Tu","2026-09-26 06:43:35",1240.8,2,christu831004
3298,16658290,rrishavrraj,"2026-09-25 18:07:56",1240.0,2,"rrishavrraj,shubhamkumar9812"
3299,16786092,Shiru2,"2026-09-09 19:34:32",1240.0,2,shiru2
3300,16859804,seele,"2026-09-09 10:20:41",1239.3,1,seele1917
3301,16786496,"Lê Quang Cảnh","2026-09-12 05:44:25",1239.1,2,zhincez
3302,16731836,"Theo Venturian","2026-09-11 18:03:45",1239.1,2,theodorraulventurian
3303,16851444,"Vũ Tuấn","2026-09-25 15:13:25",1238.9,2,vtunksdlvnj6
3304,16859585,momo,"2026-09-10 03:06:37",1238.4,2,fyenneyenn
3305,16683488,"Ripudaman Parmar","2026-09-19 12:56:14",1238.2,2,"ktkgpt,ripudamanparmar"
3306,16861998,bobodict,"2026-09-09 17:26:50",1238.1,2,bobodict
3307,16858196,"Cường Dược Sĩ","2026-09-22 19:12:00",1237.8,2,cngdcs
3308,16698134,Hossein,"2026-09-11 02:29:53",1237.5,2,tomi85
3309,16833052,"we lose some 🏆","2026-09-26 14:40:54",1237.3,2,sayangoswami
3310,16866946,truxivan,"2026-09-10 13:46:58",1237.1,1,truxivan
3311,16739578,"Pietro Valocchi","2026-09-15 06:34:30",1236.6,2,pietrovalocchi
3312,16843047,liyuting,"2026-09-10 07:27:21",1236.3,2,lytqwq
3313,16839834,nouvya,"2026-09-10 15:48:43",1236.0,2,nouvya
3314,16692678,Nerozud,"2026-09-23 18:24:54",1235.3,2,"lorerubiano22,nerozud"
3315,16854541,yangyiqing6,"2026-09-15 06:14:21",1234.0,2,yangyiqing6
3316,16623608,"Dmitry Larko","2026-09-08 23:05:52",1233.9,2,dmitrylarko
3317,16670276,"Egor Trushin","2026-09-10 08:19:32",1233.6,2,egortrushin
3318,16722888,GarrieD,"2026-09-12 14:53:50",1233.2,2,garried
3319,16641713,"ronsen sun","2026-09-11 08:01:06",1233.1,2,ronsensun
3320,16756592,"Abdalrahman Eissa","2026-09-25 12:47:21",1232.7,2,abdalrahmaneissa
3321,16677217,Panos,"2026-09-15 12:44:36",1232.4,2,panosc
3322,16814716,edder0798,"2026-09-12 07:57:25",1232.4,2,"edder0798,wangxi608"
3323,16805144,heliosli,"2026-09-21 13:29:51",1231.5,1,heliosli
3324,16720696,Ankit0017,"2026-09-09 14:57:00",1231.2,2,ankit0017
3325,16855868,PapaSoda,"2026-09-10 17:45:16",1230.8,2,papasoda
3326,16870350,praneethb7,"2026-09-26 22:01:09",1230.7,2,praneethbudati
3327,16634082,"Mikey Marszewski","2026-09-11 02:26:39",1230.2,2,mikeymarszewski
3328,16729186,Virtute,"2026-09-16 06:25:56",1230.1,2,nameless001
3329,16661648,"Vân Nguyễn","2026-09-15 14:45:09",1229.8,2,vunnguyen
3330,16860251,"Fabian Henning","2026-09-09 11:37:30",1229.5,1,crustacean
3331,16660987,AdrianWang2003,"2026-09-09 09:32:53",1229.2,2,"adrianwang2003,benlou04"
3332,16734667,sadanamaru,"2026-09-10 12:22:11",1227.7,2,sadanamaru
3333,16854090,"Kaichi Morimoto","2026-09-09 11:22:01",1227.3,2,kaichimorimoto
3334,16841960,WessonZ,"2026-09-10 02:11:20",1227.2,2,wessonz
3335,16669826,Jesse,"2026-09-12 07:51:27",1226.8,2,jesneuman
3336,16724755,K.nosaka,"2026-09-10 12:07:13",1226.0,2,kenseinosaka
3337,16862056,konchu2,"2026-09-10 11:32:13",1225.7,2,konchu2
3338,16625798,grifth,"2026-09-23 06:10:26",1225.3,2,grifth
3339,16808840,Devansh3007,"2026-09-10 05:02:13",1225.2,2,devansh3007
3340,16782708,lcx666,"2026-09-10 12:33:05",1225.2,1,chengxinliang
3341,16661701,premjampuram,"2026-09-09 11:13:52",1224.8,2,"aasthasinha9,anji2705,premjampuram,sheetallodhi"
3342,16861083,Shoto,"2026-09-09 15:14:42",1224.5,1,bloodymonday
3343,16656806,"Arshad Shemil k","2026-09-09 08:33:09",1224.1,2,arshadshemilk
3344,16725564,NoPlanB,"2026-09-23 18:01:29",1223.7,2,kduncanrobertson
3345,16860708,"Nav N","2026-09-10 07:47:42",1223.4,2,navidata
3346,16624303,seven,"2026-09-09 09:18:12",1223.4,2,morikawatakeshi
3347,16699246,"Labh Khatke","2026-09-11 15:53:22",1223.3,2,labhkhatke
3348,16630833,"Savan Javia","2026-09-10 10:01:49",1223.3,2,savanjaviya
3349,16709501,Galaxantic,"2026-09-09 06:02:29",1223.0,2,neel21yt
3350,16876071,NITISH5236GOEL,"2026-09-26 05:12:35",1222.7,2,nitish5236goel
3351,16862298,"Varadaraj Borkar","2026-09-13 13:12:11",1222.2,2,varadarajborkar
3352,16695242,"Utkarsh Prakash Srivastava","2026-09-08 15:55:37",1222.2,2,utkarshps
3353,16871705,Bertholdt,"2026-09-24 11:10:06",1221.9,2,bertholdt
3354,16654403,"Skibidi Six Seven","2026-09-08 14:20:24",1221.8,2,iam4722202468
3355,16773964,trung,"2026-09-24 13:47:55",1220.6,2,trung2006
3356,16663748,Calmracer,"2026-09-08 16:17:56",1220.5,2,ethanhall123
3357,16659843,"Amer Alkhalili","2026-09-25 18:34:26",1220.4,2,ameralkhalili
3358,16838766,"Justin Gao","2026-09-08 08:27:29",1220.3,2,justingao
3359,16844845,"Dinesh Amalathasan","2026-09-15 19:55:18",1220.0,2,amaldinesh
3360,16688130,"Lujia Liang","2026-09-16 21:00:32",1220.0,2,lujialiang123
3361,16663498,"Braxton Dyer","2026-09-23 14:23:54",1219.5,2,braxtondyer
3362,16689488,"Ming Fong","2026-09-10 02:48:20",1218.8,2,evilpegasus
3363,16840564,starlovelmj,"2026-09-09 02:16:02",1218.3,2,starlovelmj
3364,16858113,wli889661,"2026-09-09 13:38:01",1217.8,2,wli889661
3365,16661846,"Jeffrey Pike","2026-09-09 16:05:56",1217.4,2,jeffreypikeai
3366,16659465,AravindLochan,"2026-09-08 10:00:39",1217.4,2,aravindlochan
3367,16794758,wppepi,"2026-09-09 03:06:09",1217.3,2,"foxsuzuran,malossov,wppepi"
3368,16621402,Maxim,"2026-09-27 07:05:24",1217.2,2,ektarr
3369,16809445,takusemba,"2026-09-09 14:50:14",1217.1,2,takusembba
3370,16659670,MeeMee,"2026-09-10 07:07:22",1217.0,2,yagi46
3371,16650824,Orsted_hitogmi,"2026-09-16 07:59:15",1216.7,2,orstedhitogmi
3372,16763001,Eb3lss,"2026-09-09 11:08:19",1216.5,2,eb3lss
3373,16750843,jammings,"2026-09-09 13:11:04",1215.2,2,jammings
3374,16758629,karinkaito,"2026-09-16 01:08:30",1214.1,2,karinkaito
3375,16844672,"sleeping king","2026-09-09 02:11:59",1213.8,2,sleepingking
3376,16916142,aryandongare27,"2026-09-18 10:34:00",1213.8,2,aryandongare27
3377,16673524,"Zikai Chen","2026-09-26 03:20:09",1213.4,2,"auroraxxiiaa,kyrie1102kai"
3378,16863538,e-toppo,"2026-09-10 01:15:27",1213.2,1,masatomatsui
3379,16840862,HaoKwok,"2026-09-09 03:50:41",1212.3,2,haokwok2002
3380,16736120,"Ricky #2","2026-09-08 02:47:36",1211.7,2,rickyds97
3381,16757123,"Sripad Modali","2026-09-16 14:48:11",1211.3,2,sripadmodali
3382,16810813,Scorn100,"2026-09-09 17:11:13",1210.8,2,scorn100
3383,16774823,fan2goa1,"2026-09-09 07:23:33",1209.4,2,zfun0926
3384,16635747,"Jeki Wan Taufik","2026-09-08 15:14:33",1208.9,2,jek1wantaufik
3385,16841077,melowdramtic,"2026-09-10 02:31:53",1208.5,2,melowdramtic
3386,16860160,"Kohei #2","2026-09-09 11:20:08",1208.4,1,confirm
3387,16715729,Ajay_Rao_43,"2026-09-09 05:25:11",1208.4,2,ajayrao43
3388,16806879,tetsuro731,"2026-09-09 11:46:20",1208.2,2,tetsuro731
3389,16774884,assssstnuar,"2026-09-21 10:18:41",1207.6,2,assssstnuar
3390,16732409,kawhi0.0,"2026-09-10 03:44:50",1207.5,2,kawhi00
3391,16763418,overwhelmer,"2026-09-16 17:39:13",1207.3,2,overwhelmer
3392,16718823,"Rafael Molina Castaño","2026-09-12 20:45:02",1207.3,2,rafaelmolinacastano
3393,16843635,"Просто Человек","2026-09-08 18:03:16",1207.1,2,gomunkul
3394,16796014,keith70,"2026-09-08 07:18:36",1206.6,2,keith70
3395,16706265,questiondlmarks,"2026-09-10 06:09:35",1206.5,2,questiondlmarks
3396,16806006,2,"2026-09-23 08:45:53",1205.6,2,smallvv
3397,16644702,cracker_1_war,"2026-09-10 07:18:48",1205.5,2,cracker1war
3398,16864558,"Henghan Dong","2026-09-27 08:10:31",1205.1,2,henghandong
3399,16784485,betterme,"2026-09-09 15:54:54",1205.0,2,betterme12345
3400,16640701,momoon,"2026-09-27 05:33:41",1204.5,2,nomuraryota
3401,16769277,卡心农场,"2026-09-18 17:14:44",1204.1,2,"hkd2333,hsiaosuan"
3402,16743648,Hei_shao,"2026-09-12 18:48:52",1203.7,2,heishao
3403,16856437,"Roshan S. Chauhan","2026-09-14 09:33:55",1203.7,2,vrosenta
3404,16909962,"Peter Shu","2026-09-17 02:29:52",1202.9,2,petershuikun
3405,16721382,"Milan Leonard","2026-09-12 07:20:12",1202.7,2,milanleonard
3406,16753710,tax_free,"2026-09-10 17:08:47",1202.7,2,taxfreepython
3407,16777107,Pipiripipap,"2026-09-09 10:03:38",1202.6,2,yohalf
3408,16846391,"here we go","2026-09-09 05:28:41",1201.9,2,j1aliangx
3409,16774941,Samvrcai,"2026-09-16 22:56:19",1201.6,2,samvrcai
3410,16884338,"Emmet Banker","2026-09-24 01:53:27",1201.5,2,emmetbanker
3411,16841565,"dar Zaa","2026-09-08 18:04:18",1201.1,2,darzaa
3412,16621687,ropeadope,"2026-09-23 10:47:05",1200.6,2,silkross
3413,16680524,Nealdarkdarkdark,"2026-09-08 04:36:02",1200.6,2,wklyb1
3414,16655474,Focus,"2026-09-09 12:04:51",1200.3,2,overvalueawareness
3415,16655519,CurveCowboy,"2026-09-26 23:06:22",1200.3,2,curvecowboy
3416,16652173,"Shardul Gharat","2026-09-22 03:52:12",1200.2,2,shardulgharat
3417,16870447,"louie lau","2026-09-11 08:22:30",1200.0,1,louielau
3418,16697736,"Daniel Correa","2026-09-26 16:35:27",1199.7,2,dcorrea1
3419,16672241,dupakdungking,"2026-09-15 13:32:04",1199.2,2,primarizki
3420,16848686,"xiang156 xu","2026-09-08 03:23:16",1199.2,2,xiang156xu
3421,16633445,Wal8800,"2026-09-10 06:30:12",1198.9,2,wal8800
3422,16630111,jannchie,"2026-09-23 09:27:46",1198.9,2,jannchie
3423,16741563,"Paul Pawletta","2026-09-15 09:16:16",1197.6,2,paulpawletta
3424,16680290,prospers,"2026-09-08 05:37:42",1197.1,2,prospers
3425,16845280,"Samuel Watson","2026-09-11 07:06:59",1196.5,2,scwatson
3426,16771010,42X,"2026-09-09 13:43:36",1196.2,2,infcyx
3427,16624979,"Mohamed abdelrazik","2026-09-25 20:36:52",1195.8,2,mohamed3abdelrazik
3428,16758709,dk07dk,"2026-09-12 07:13:48",1195.8,2,dk07dk
3429,16693272,ush,"2026-09-25 13:35:18",1195.0,2,kusuha
3430,16858828,BlueSky_sora,"2026-09-26 17:06:45",1194.8,2,blueskysora
3431,16740851,Zefirrr,"2026-09-19 14:48:39",1194.6,2,zefirrrr
3432,16728959,"no pain no gain","2026-09-11 09:19:44",1194.4,2,ilyayurov2000
3433,16653805,mohsen2050,"2026-09-14 18:25:43",1194.1,2,mohsen2050
3434,16719771,"Oleg Papulov","2026-09-26 11:37:32",1194.1,2,olegpapulov
3435,16840536,"Philip Snyder","2026-09-08 05:18:07",1193.0,2,darkhorsecodes
3436,16842066,Atomo333,"2026-09-08 10:35:55",1192.5,2,atomo333
3437,16829834,Luxuer,"2026-09-26 08:49:59",1192.5,2,luxuer
3438,16766171,Jonaid,"2026-09-10 22:22:27",1192.1,2,jonaidshianifar
3439,16688450,SpiralTip,"2026-09-14 04:11:41",1192.0,2,spiraltip
3440,16763200,"Alexander Nord","2026-09-07 18:04:42",1191.7,2,"alexandernord123,pizza987"
3441,16852605,VTH,"2026-09-08 06:35:01",1191.4,2,storm2501
3442,16765484,smsxgz,"2026-09-08 19:09:03",1191.4,2,smsxgz
3443,16841113,Andy,"2026-09-07 01:22:11",1191.2,2,andrewmedran0
3444,16790472,"Manurupan M","2026-09-20 07:09:36",1190.6,2,manurupanm
3445,16857458,HIIHIH,"2026-09-27 00:34:34",1190.5,2,hiihih
3446,16808631,ALkkGame,"2026-09-14 15:16:47",1190.2,2,alkkgame
3447,16794871,IMosia,"2026-09-21 08:03:49",1190.2,2,ivanmosiagin
3448,16842044,StackOverflowed512,"2026-09-07 17:53:32",1190.1,2,stackoverflowed512
3449,16700846,"Vaibhav Patel","2026-09-16 08:09:33",1188.4,2,vaibhavpatel
3450,16639570,"Vishesh Banna","2026-09-08 13:07:51",1186.9,2,visheshbanna
3451,16891040,"Nasri Siwar","2026-09-18 18:05:16",1186.9,2,sassounasri
3452,16855035,"rock paper scissors","2026-09-08 15:03:00",1186.9,1,downbythesallygarden
3453,16672858,Lyesterday,"2026-09-07 10:14:39",1186.6,2,ilyas93
3454,16842645,zard599,"2026-09-26 08:29:40",1186.6,2,zard599
3455,16665191,JoJa,"2026-09-22 04:49:21",1186.1,2,"mojyou,noahzx"
3456,16809097,volumatic,"2026-09-10 11:00:51",1185.9,2,"kkeevviinn666,volumatic"
3457,16656776,ShaoCharles,"2026-09-09 14:16:17",1185.3,2,shaocharles
3458,16634156,"Hiroyasu Okuno","2026-09-27 03:38:36",1184.9,2,hiroyasuokuno
3459,16842967,yoshiki116,"2026-09-11 05:05:19",1184.6,2,yoshiki116
3460,16795704,haodada001,"2026-09-10 01:49:03",1184.3,2,haodada001
3461,16840819,clammpon,"2026-09-25 12:45:09",1183.0,2,clammpon
3462,16854616,"Dd National","2026-09-12 13:29:04",1182.8,2,ddnational
3463,16711317,"yf D","2026-09-27 08:30:26",1182.7,2,dengvitruviano
3464,16668647,"THIRUPATHI KANNAN K","2026-09-07 14:59:51",1182.4,2,thirupathikannank
3465,16857973,guochangZhang,"2026-09-09 04:24:41",1182.3,1,guochangzhang
3466,16841097,"Arsonist Duck","2026-09-17 20:21:55",1182.0,2,herbertthebird
3467,16845083,"Restu Anggoro Kasih","2026-09-07 12:44:58",1181.7,1,restuanggorokasih
3468,16754974,BurntPotato,"2026-09-09 00:06:54",1181.7,2,burntpotato
3469,16805940,Foxure,"2026-09-12 01:51:33",1181.4,2,foxure
3470,16845193,Kaan111,"2026-09-17 15:37:21",1181.2,2,kaan111
3471,16779254,MaxZhuCHN,"2026-09-23 04:58:22",1181.1,2,maxzhuchn
3472,16707561,"Nick Rom111","2026-09-26 10:03:54",1180.7,2,nickrom111
3473,16841313,"Daniel Harkin","2026-09-09 18:24:13",1180.3,2,danielharkin
3474,16664619,"Trupen Patel","2026-09-08 15:52:17",1179.8,2,trupenpatel
3475,16730473,Kyohei,"2026-09-08 00:42:18",1179.3,2,kyohei3
3476,16668748,"Harrison Interactive","2026-09-24 12:07:26",1177.9,2,nosiru
3477,16733111,qihuaz,"2026-09-13 06:35:14",1177.8,2,qihuaz
3478,16924472,Rajusah,"2026-09-26 16:13:55",1177.7,2,rajucode
3479,16741997,hikarinosenshi,"2026-09-08 00:50:58",1177.0,2,hikarinosensh1
3480,16657341,raccoonForest,"2026-09-08 06:45:18",1176.1,2,gkanamoto
3481,16849295,"Israa Saede","2026-09-07 17:30:03",1176.0,1,esraaalsaeede
3482,16786158,"Yi-Chia Chen","2026-09-22 06:48:34",1175.7,2,threerabbits
3483,16771080,"Ricky Shao","2026-09-07 17:16:14",1175.7,2,rickyshao
3484,16728109,"Sidharth Hulyalkar","2026-09-11 06:16:26",1175.6,2,sidharthhulyalkar21
3485,16791712,"xiang W","2026-09-08 14:24:56",1175.5,2,"dekonsu,xiangwaaaaa"
3486,16848095,"Risha Apps","2026-09-08 15:41:31",1175.4,2,rishaapps
3487,16726431,Manav,"2026-09-07 14:42:18",1175.3,2,manavsangwan
3488,16765488,chenyinheng30,"2026-09-24 04:38:39",1174.6,2,chenyinheng30
3489,16854744,"Rostislav Epifanov","2026-09-10 12:14:58",1174.0,2,rostepifanov
3490,16671425,"Gajenddra Raj","2026-09-11 01:18:29",1173.1,2,gajenddra
3491,16759913,"Peter Cnudde","2026-09-07 20:08:25",1172.4,2,petercnudde
3492,16866086,"Table Feng","2026-09-15 15:22:21",1172.3,2,tablefeng
3493,16815985,leemc95,"2026-09-08 21:31:33",1171.7,2,leemc95
3494,16854416,"Artemiy Shirokov","2026-09-08 12:53:33",1171.2,1,tema7707
3495,16708880,yotsutose,"2026-09-10 10:18:49",1171.0,2,yotsutose
3496,16655501,Savko,"2026-09-21 06:02:04",1170.7,2,savchenko
3497,16715358,wuy1hao,"2026-09-07 10:23:01",1169.6,2,wuy1hao
3498,16923006,"Nguyen Cat Luong","2026-09-19 21:12:51",1169.4,2,nguyencatluong
3499,16710546,"Russlan Ramdowar","2026-09-09 05:03:58",1168.8,2,russlan
3500,16736404,¡olé!,"2026-09-08 04:30:34",1168.6,2,hjx1024
3501,16896006,jrw208,"2026-09-22 21:27:28",1168.2,2,jrw208
3502,16823782,yuyutech(Genuine),"2026-09-08 04:32:19",1168.1,2,yuyutechgenuine
3503,16840338,"Shoma Arakawa","2026-09-12 08:55:21",1167.0,2,shomaarakawa
3504,16665294,"Thái Văn Tài","2026-09-23 08:01:51",1166.6,2,thivnti
3505,16661034,"Devesh Mehta","2026-09-23 14:54:58",1166.1,2,deveshmehtaaie
3506,16799362,"James Weatherhead","2026-09-06 21:45:45",1165.6,2,jamesweatherhead
3507,16732352,ORiginators,"2026-09-09 10:47:23",1165.5,2,"sachinpandey721,sunritpal"
3508,16637241,M4nd4l0r14n,"2026-09-07 21:50:19",1164.7,2,thiagobcunha
3509,16786139,Trezerg,"2026-09-09 03:22:46",1164.5,2,progtrollwarrior16
3510,16777406,"Toheeb Ogunade","2026-09-08 22:46:05",1164.2,2,toheebogunade
3511,16779942,"YueKai Yu","2026-09-07 01:12:38",1164.1,2,yuekaiyu
3512,16774700,たたたた,"2026-09-27 03:55:16",1163.8,2,tatatata1111
3513,16792927,EnricRovira,"2026-09-23 22:27:44",1163.6,2,enric1296
3514,16623646,"Minal kharat123","2026-09-27 01:42:23",1163.5,2,minalkharat123
3515,16672549,"ReinFARMent Learning?","2026-09-11 03:38:53",1161.7,2,arksey
3516,16660444,"Сергей Мизин","2026-09-24 16:29:09",1161.5,2,seeergo
3517,16661970,"BOB'S ROOM","2026-09-09 12:30:24",1160.8,2,"bobpop123447,datasutudent"
3518,16898040,王ruizhe,"2026-09-19 07:56:03",1159.7,2,ruizhe28
3519,16631400,JZ,"2026-09-20 23:44:22",1159.7,2,zhoujiachen
3520,16918095,Free-joint,"2026-09-25 07:40:00",1159.4,2,"huangzehua,percivallin"
3521,16724993,Bonkoturyu,"2026-09-10 07:59:12",1159.4,2,bonkoturyu
3522,16665352,"Paul Nassiri","2026-09-22 12:01:10",1159.3,2,laszlolevray
3523,16842187,"rongkai bao","2026-09-06 05:34:57",1158.9,2,rongkaibao
3524,16730247,DOM-VASCONCELOS,"2026-09-23 09:45:05",1158.7,2,domcreator
3525,16736542,YuRuiZe,"2026-09-06 10:16:45",1158.5,2,ruoyuruize
3526,16849883,"Rifa Tamanna","2026-09-07 22:07:04",1158.2,2,rifatamanna1109
3527,16679810,"Patrick Joël MAIRLOT-MBEZELE","2026-09-10 17:54:50",1157.9,2,pigenesis75
3528,16690820,"Alan C52","2026-09-26 16:00:32",1157.6,2,alanc52
3529,16802719,uta_ccc,"2026-09-06 07:15:44",1157.6,2,utaccc
3530,16830000,"Danilo Lapegna","2026-09-21 06:52:23",1156.2,2,danilolapegna
3531,16725851,hetspookjee,"2026-09-07 21:54:39",1156.0,2,hetspookjee
3532,16822109,Meticulousss,"2026-09-10 16:32:31",1155.4,2,meticulousss
3533,16719090,CHSTO,"2026-09-12 21:35:49",1155.0,2,haotianqi
3534,16824564,"piu ATI","2026-09-06 10:02:27",1154.5,2,piuati
3535,16717253,Sybery_AI,"2026-09-13 19:51:41",1153.9,2,syberyai
3536,16768043,"Cropy and Paste","2026-09-13 17:56:08",1153.8,2,tfriedel
3537,16764476,daviddnd,"2026-09-15 07:40:48",1153.7,2,daviddnd
3538,16623806,黒田彩人,"2026-09-07 21:37:20",1153.6,2,ayato0705
3539,16726889,stnick,"2026-09-05 19:13:36",1153.5,2,stnick
3540,16686424,"Thần Thoại","2026-09-08 16:58:05",1153.2,2,thanthoai
3541,16726559,william,"2026-09-05 02:03:48",1152.9,2,hiricodev
3542,16659711,williams,"2026-09-06 23:23:25",1152.6,2,williams
3543,16810104,Mahoraga,"2026-09-27 04:29:24",1152.3,2,hemanthraju311
3544,16667998,Speril,"2026-09-11 03:51:03",1152.3,2,speril
3545,16655109,"Tia He","2026-09-10 00:54:40",1152.0,2,altheahe
3546,16687716,"Joshua Fernando","2026-09-16 12:51:45",1151.7,2,joshuafernandoj
3547,16689366,"Cuong Le","2026-09-06 15:24:57",1151.5,2,ad1999
3548,16839343,"SAURABH VISHWAKARMA","2026-09-15 17:13:31",1151.4,2,surabhv21
3549,16639800,"Yong Ming-Jia","2026-09-15 06:14:00",1151.3,2,ymingj
3550,16803592,"Bishal Lamichhane","2026-09-16 13:33:25",1151.2,2,bishallamichhane44
3551,16639369,"Kyuhwan Cho","2026-09-18 23:24:42",1150.9,2,octoarden
3552,16674720,"Prathmesh Lagdive","2026-09-27 07:25:26",1150.8,2,"aglavevaibhav,prathmeshlagdive,shriyashkurud"
3553,16840452,pan6628,"2026-09-10 04:38:21",1150.8,2,pan6628
3554,16683952,"Maksimov Evgeniy","2026-09-04 01:23:59",1150.5,2,maxevg
3555,16810472,YuanKing77,"2026-09-06 03:11:18",1150.1,2,yuanking77
3556,16697205,"Gould Research","2026-09-08 17:19:28",1150.0,2,"georgeking1,gouldh,gradybos,shanemullahy"
3557,16728229,twomoon,"2026-09-08 05:22:46",1148.6,2,twomoon036
3558,16686444,"Syakirin Pahimi","2026-09-06 16:21:15",1148.4,2,syakirinpahimi
3559,16700501,Konno,"2026-09-08 02:40:46",1147.9,2,nearfield1234
3560,16656810,IskanderAkhmetov,"2026-09-26 18:32:08",1147.6,2,iskander2017
3561,16662846,"Kerem Ercin","2026-09-27 08:19:00",1147.5,2,keremercin
3562,16704613,alexbstl,"2026-09-14 01:43:31",1147.4,2,alexbstl
3563,16893007,thegoatman7,"2026-09-18 04:04:52",1146.8,2,thegoatman7
3564,16844769,phi,"2026-09-09 18:19:54",1146.8,2,fahisplr
3565,16845510,bugkeeper,"2026-09-08 06:24:57",1146.6,2,bugkeeper
3566,16784829,"Masahiro Yamagata","2026-09-26 15:05:37",1146.4,2,masahiroyamagata
3567,16717756,Dominick,"2026-09-26 12:41:04",1146.2,2,kcinimod
3568,16793478,noisyislands,"2026-09-26 12:58:25",1145.4,2,noisyislands
3569,16667922,JungHwan,"2026-09-06 00:05:59",1145.2,2,najunghwan
3570,16802630,takotakosan,"2026-09-09 03:10:10",1145.0,2,takotakosan
3571,16740464,"Jorrawar Grewal","2026-09-08 00:43:17",1144.6,2,jorrawargrewal
3572,16765207,Cathy,"2026-09-10 01:48:38",1144.5,2,cathyyou
3573,16838588,"Nadeem Ishikawa","2026-09-08 23:04:10",1144.3,2,nadeemishikawa
3574,16625050,"how to place pokemon","2026-09-25 22:58:31",1144.1,2,ktverdov
3575,16797036,tksfjn,"2026-09-12 04:06:53",1143.9,2,tks3210
3576,16832556,"Harshit Raj #2","2026-09-10 16:45:16",1143.3,2,harshitraj2123221
3577,16666393,saikyo,"2026-09-07 02:04:55",1143.2,2,kyosaikyo
3578,16870585,ba,"2026-09-11 08:25:46",1142.9,2,yusukebaba
3579,16658700,"szlachetny snieg","2026-09-27 03:19:00",1142.9,2,takayukiimoto
3580,16715383,"Leo Lilley","2026-09-09 03:36:39",1141.5,2,leolilley
3581,16675897,"KANG ZHIPENG","2026-09-16 01:26:34",1141.5,2,kangzhipeng
3582,16841542,Smmyth,"2026-09-06 22:18:52",1141.4,2,smmyth
3583,16743484,"薄和叶 Lv.INF","2026-09-03 14:24:47",1141.3,2,lumine01
3584,16845426,"Erlik Khan","2026-09-13 23:03:03",1141.2,2,erlikkhan
3585,16806809,air,"2026-09-06 09:54:14",1141.1,2,air041001
3586,16731822,Senn88,"2026-09-08 13:54:19",1140.5,2,senn88
3587,16918646,MsMarch.7,"2026-09-18 09:12:24",1140.0,2,msmarch7
3588,16810490,katlun,"2026-09-26 21:18:02",1139.7,2,"hoyin1212,katlun"
3589,16843173,"Hansen Zhong","2026-09-06 15:51:46",1139.3,2,onegameonedream
3590,16937692,"Sergio D","2026-09-25 20:58:22",1138.3,2,ser8147
3591,16801995,"XD tsui","2026-09-03 20:41:03",1138.1,2,xdtsui
3592,16661768,"Lợi Trần Bảo","2026-09-13 19:43:53",1137.9,2,litrnbo
3593,16654463,Mark,"2026-09-04 19:38:01",1137.6,2,robotmf
3594,16783517,"dongdong zhang","2026-09-07 03:22:34",1136.8,2,mcdongdongzhang
3595,16654068,"Renoir Vieira","2026-09-05 17:42:47",1136.5,2,renoirvieira0
3596,16764342,malone001,"2026-09-11 08:18:49",1136.3,2,malone001
3597,16893831,"Sasan Nazari","2026-09-16 00:07:26",1136.3,2,sasannazari
3598,16791369,dataix,"2026-09-26 23:15:37",1136.3,2,codymachody
3599,16697923,"Vincent Debout","2026-09-12 22:24:00",1136.1,2,vdebout
3600,16677107,gagacrow,"2026-09-07 16:11:58",1136.1,2,gagacrow
3601,16805509,"Adel Zebiche","2026-09-06 17:28:28",1135.6,2,adelzebiche
3602,16748527,Tsubasa_00,"2026-09-10 00:22:27",1135.4,2,tsubasa00
3603,16679694,"Yaro Perventsev","2026-09-26 21:53:07",1135.4,2,yaroslavperventsev
3604,16730484,Esperanza,"2026-09-10 00:42:17",1134.9,2,deanpixton
3605,16664293,"Adam Lloyd","2026-09-05 07:12:04",1134.7,2,alloyd256
3606,16707562,Snipine,"2026-09-08 01:17:09",1134.0,2,boluosnow
3607,16663681,Kometa,"2026-09-20 06:03:24",1133.9,2,petarknezevic1
3608,16838807,"tony boakye","2026-09-08 11:41:30",1133.5,2,tonyboakye
3609,16660477,SeaGoat,"2026-09-27 00:50:15",1133.5,2,vbandaru
3610,16845063,"Gaston Zarate","2026-09-22 05:36:22",1133.5,2,gastonz195
3611,16725081,ZhouYongqi,"2026-09-06 14:55:06",1133.4,2,xy0v0zhang
3612,16853941,"Baha Enes Ören","2026-09-08 14:52:10",1133.4,2,bahaenesren
3613,16792123,coder2403,"2026-09-12 17:08:38",1132.9,1,coder2403
3614,16842273,2424,"2026-09-08 14:29:16",1132.9,2,takutonishi
3615,16797251,"Nguyễn Mạnh Niên","2026-09-06 11:29:31",1132.8,2,jacobrichard312
3616,16795131,XuanxuChem,"2026-09-11 13:18:00",1132.8,2,zhaonoah
3617,16838953,HHHyyds,"2026-09-05 12:31:34",1132.0,2,hhhyyds
3618,16654266,古德拜吃,"2026-09-26 02:11:29",1132.0,2,nosaewang
3619,16843986,"Young Jim","2026-09-07 00:05:04",1131.8,2,youngjim
3620,16657646,mountainbob,"2026-09-21 14:12:49",1131.7,2,shongpakmanoon
3621,16838898,"Minh Trịnh","2026-09-06 13:38:05",1131.0,2,minhtrinh2002
3622,16727536,lelelove1225,"2026-09-06 12:58:48",1130.5,2,lelelove1225
3623,16745949,"Miaohua Zhang","2026-09-26 06:55:00",1129.3,2,miaohuazhang
3624,16732433,syuuuuu,"2026-09-06 12:53:05",1127.6,2,syuuuuukun
3625,16842817,darcy132,"2026-09-06 13:16:34",1127.5,2,darcy132
3626,16669666,RhoenSprudel,"2026-09-11 19:08:43",1127.1,2,rhoensprudel
3627,16730375,Floth,"2026-09-07 15:14:58",1126.9,2,suwat513
3628,16781110,yqz,"2026-09-04 17:57:19",1126.6,2,yuqizheng
3629,16688281,"Luke Stafford","2026-09-22 15:43:55",1125.8,2,luketstafford
3630,16824014,"Kotaro Kikuchi","2026-09-07 10:57:06",1125.2,2,kotaro1129
3631,16862895,"Quinn Brighton","2026-09-12 00:01:22",1123.9,2,quinnbrighton
3632,16658287,ArturoSirvent,"2026-09-12 05:20:34",1123.5,2,arturosirvent
3633,16869870,"Electric Weasle","2026-09-13 15:27:16",1123.2,2,electricweasle
3634,16783328,AggriTrader,"2026-09-15 13:56:09",1123.2,2,leoluo
3635,16777894,"Matthew Neba","2026-09-06 21:37:08",1121.2,2,matthewneba
3636,16803141,"Verdant Meridian","2026-09-08 14:13:17",1119.6,2,xinweizhang003
3637,16721688,"Hi Im Ryo","2026-09-04 15:05:22",1119.4,2,loto610
3638,16734894,"MP Gamimg","2026-09-25 10:09:15",1118.8,2,okadahiroshi
3639,16640878,"Krishna Yadu","2026-09-06 08:18:51",1118.7,1,krishnayadav456wrsty
3640,16738820,"Ying Li","2026-09-14 15:06:54",1118.5,2,lyee919
3641,16667964,Shuiys,"2026-09-05 18:41:46",1117.9,2,ysshui
3642,16839429,"Igor Aranovsky","2026-09-08 08:55:51",1117.7,2,igoraranovsky
3643,16796600,skyShenzi5822,"2026-09-08 08:06:25",1116.6,2,skyshenzi
3644,16804549,Feidudu,"2026-09-04 15:51:54",1115.8,2,zenanshao
3645,16814637,random_numb,"2026-09-24 06:23:11",1114.9,2,randomnumb
3646,16758839,"Yusuf Murtaza","2026-09-06 10:23:21",1113.6,2,yusufmurtaza01
3647,16779007,"Teoh jia sheng","2026-09-26 12:28:41",1113.5,2,"nathanael19,teohjiasheng"
3648,16697877,"Sky kun","2026-09-13 22:36:13",1113.1,2,skykun
3649,16851959,Darren0724,"2026-09-11 12:15:26",1113.0,2,darren0724
3650,16820988,人畜无害,"2026-09-24 09:01:58",1112.2,2,slowmo19
3651,16797063,Nianhua1,"2026-09-05 03:35:11",1112.2,2,nianhua1
3652,16750726,prince22466,"2026-09-26 06:40:24",1111.6,2,prince22466
3653,16885684,LiYiTingTom,"2026-09-21 15:53:41",1111.5,2,liyitingtom
3654,16707702,"anton leyn","2026-09-08 16:30:11",1111.3,2,antonleyn
3655,16811890,Bobbbbbbbbx,"2026-09-03 15:25:01",1111.0,2,bobbbbbbbbx
3656,16742439,"Shangshang Zhang","2026-09-27 08:41:00",1110.9,2,msvzss
3657,16811433,"Bx LLLLLLLL","2026-09-05 21:54:10",1110.9,2,bxllllllll
3658,16838520,"Niu Yuanfang","2026-09-07 07:50:24",1110.7,2,niuyuanfang
3659,16808352,Rheinmetall,"2026-09-25 16:34:55",1110.6,2,rheinmetall
3660,16841276,EmmaL09,"2026-09-09 22:09:29",1110.3,2,emmal09
3661,16669715,housssaamos,"2026-09-06 19:42:41",1110.3,2,housssaamos
3662,16839209,yuuuu.T,"2026-09-06 02:01:37",1110.0,2,yuuuut
3663,16822414,Yassinovich,"2026-09-06 12:50:02",1109.9,2,yassinovich
3664,16848220,ggmljs,"2026-09-10 05:10:42",1109.7,2,ggmljs
3665,16810859,"Michael Silverblatt","2026-09-06 12:39:49",1109.5,2,msilverblatt
3666,16725793,Krilin,"2026-09-03 18:41:48",1109.3,2,krilin
3667,16632231,"Samrish B","2026-09-05 18:17:55",1108.9,2,samrishb
3668,16707639,Fujinawa,"2026-09-15 12:14:48",1108.9,2,wasshoiwasshoi
3669,16695931,"Kers Aoyagi","2026-09-05 19:24:41",1108.7,2,kersaoyagi
3670,16634336,"Arko Bera","2026-09-08 19:08:41",1108.6,2,cartoonistbeard
3671,16689881,"yuki #2","2026-09-27 08:22:16",1107.9,2,hosikusa
3672,16810060,galileo680,"2026-09-05 23:45:08",1107.9,2,keter333
3673,16702430,"ZeLong Leo","2026-09-24 02:45:37",1107.8,2,zelongleo
3674,16734813,"Johan BONILLA MENDIETA","2026-09-05 15:23:38",1107.6,2,johanbonillamendieta
3675,16725195,易研学社,"2026-09-06 07:27:43",1107.2,2,"chency17,fengwann,mingyingxin,sjojasdq,tbtbbb"
3676,16745351,ChrisXie,"2026-09-08 02:14:19",1106.7,2,chrisstan
3677,16641099,sieru-copan,"2026-09-25 12:03:44",1106.7,2,sierucopan
3678,16808433,thenokol,"2026-09-07 12:26:33",1105.2,2,thenokol
3679,16797393,lingmingzi,"2026-09-05 04:36:26",1105.1,2,lingmingzi
3680,16796840,ezalbxx,"2026-09-10 04:09:31",1104.8,2,ezalbxx
3681,16860587,"Mayo Mafia","2026-09-14 12:41:03",1104.4,2,vasujain12344
3682,16861544,"Hiroyuki Fujimaki","2026-09-27 01:07:33",1104.3,2,hiroyukifujimaki
3683,16721805,kavunidze,"2026-09-03 11:04:48",1104.3,2,kartu72
3684,16778388,"straw hats","2026-09-20 14:26:24",1103.6,2,rushikeshgaonkar
3685,16799554,dengddd,"2026-09-03 15:30:23",1103.4,2,dengdgq
3686,16780141,"One Zero001","2026-09-03 08:43:16",1103.1,2,onezero001
3687,16806535,"zhangzhuang li","2026-09-03 18:31:12",1102.9,2,zhangzhuangli
3688,16657637,"Ronnie Atuhaire","2026-09-26 06:27:08",1102.0,2,ronnieatuhaire
3689,16654490,"Furious Monk","2026-09-27 06:29:06",1101.5,2,furiousmonk
3690,16662204,SM_30,"2026-09-05 15:45:06",1100.8,2,sagarmane104
3691,16644255,Rister,"2026-09-04 00:05:35",1100.0,2,"rister101,stharundhatri"
3692,16765763,latter0206,"2026-09-06 07:00:54",1099.4,2,shoheiyamanaka
3693,16771397,its_mrz,"2026-09-07 17:48:52",1099.1,2,itsmrz
3694,16721237,phoenixai0,"2026-09-08 14:15:57",1098.7,2,phoenixultra
3695,16730834,TomoyaM,"2026-09-10 00:00:39",1098.2,2,tomoyamiyaake
3696,16802039,"Anna Currie","2026-09-04 10:24:33",1097.8,2,hcnfgxsghvbkhbty
3697,16719578,blueblue222,"2026-09-11 04:36:53",1097.7,2,blueblue222
3698,16857923,Haruki.O,"2026-09-12 08:23:32",1097.4,2,ho0707
3699,16927297,galaxy2025,"2026-09-20 01:15:33",1097.1,1,galaxy2025
3700,16790359,"laoma fighting","2026-09-07 05:30:45",1097.1,2,laomafighting
3701,16741683,"Lance Wu","2026-09-05 02:17:10",1096.6,2,lancewu722
3702,16779321,HarryP12,"2026-09-11 16:45:35",1096.5,2,harryp12
3703,16654791,"Dev Rath","2026-09-10 16:32:18",1096.4,2,devbratrath
3704,16717186,"Roumak Das","2026-09-04 03:41:55",1095.9,2,roumak77
3705,16816445,"Danila Lebedev","2026-09-08 13:54:33",1095.8,2,danilalebedev
3706,16672040,"Tom Yim","2026-09-07 04:31:34",1095.6,2,tomyim
3707,16750364,Tangruichen,"2026-09-23 19:19:29",1095.6,2,device666kunkun
3708,16810802,"Musa Khan","2026-09-03 16:40:12",1095.4,1,lazer999
3709,16851712,VelloNChiru,"2026-09-25 02:30:27",1095.3,2,janelawrence
3710,16839548,"Александр Прохоров","2026-09-08 12:30:54",1095.3,2,obbwd12
3711,16654995,"Artem Voronov","2026-09-14 11:14:51",1095.0,2,artemyvoronov
3712,16773039,zyiqun,"2026-09-04 06:12:36",1094.6,2,zyiqun
3713,16695229,X1a0Ch3n,"2026-09-04 16:14:07",1093.7,2,xiaochen20236673
3714,16623630,noobanot,"2026-09-03 12:05:20",1093.4,2,noobanot
3715,16753646,"[Deleted] 7d100524-25e6-4751-98db-b4fdce26a5ee","2026-09-02 14:22:45",1093.0,2,del=effabded1aa6d176
3716,16657904,xfhdh1,"2026-09-06 09:51:45",1092.9,2,xfhdh1
3717,16626462,mango,"2026-09-04 01:11:13",1092.6,2,mango789
3718,16805882,nmdcddwzml,"2026-09-10 11:46:04",1092.5,2,mujian63
3719,16657228,"Vladimir Babin","2026-09-21 06:07:32",1092.0,2,vovababin
3720,16917732,qianqiuwushang,"2026-09-27 06:47:57",1091.9,2,qianqiuwushang
3721,16825772,liujieyou,"2026-09-14 12:01:35",1091.3,2,liujieyou
3722,16790542,shiba-inu,"2026-09-21 14:06:32",1091.0,2,npinpi
3723,16727147,"Alan Smith","2026-09-09 11:26:14",1090.8,2,acorncupcake
3724,16806587,"Dear Shark","2026-09-17 07:12:32",1090.7,2,dearshark
3725,16836457,Andrew9603,"2026-09-06 12:28:37",1090.0,2,benxvyan
3726,16683199,"Filippo Gombac","2026-09-02 17:16:47",1089.5,2,filippogombac
3727,16659776,"Ben Hamilton","2026-09-08 23:36:18",1089.3,2,kineticaxisstudio
3728,16632214,roomer,"2026-09-05 03:55:23",1089.1,2,"matsuphy,mqme526,yasunamiura"
3729,16626979,"An - Claudex","2026-09-24 10:28:30",1089.1,2,myotterspace
3730,16657825,MilanJoshi,"2026-09-01 12:04:31",1088.9,2,mlnjsh
3731,16738810,mararaa,"2026-09-04 10:21:18",1088.6,2,mararaa
3732,16845366,cdaden,"2026-09-08 06:00:19",1088.5,2,cdaden
3733,16773069,Grant,"2026-09-05 10:49:32",1088.5,2,leolin05
3734,16773607,sky1,"2026-09-04 13:54:00",1088.2,2,skyk1jn
3735,16824069,"Phương Nguyễn Việt","2026-09-04 03:52:08",1088.0,1,phngnguynvit
3736,16623480,xmaster6y,"2026-09-08 18:26:54",1086.9,2,xmaster6y
3737,16635065,T88,"2026-09-07 09:02:57",1086.7,2,t88take
3738,16838305,"Zhiyan Chen","2026-09-05 09:20:32",1086.5,2,zenosga
3739,16652750,"Bahadir Selim Bakla ","2026-09-24 23:38:57",1085.8,2,bahadirselimbakla
3740,16838821,小等等,"2026-09-16 07:41:23",1085.6,2,atwelve
3741,16639520,"Cary Jin","2026-09-05 22:54:44",1085.2,2,strigiformes
3742,16716475,"dong & shen","2026-09-03 04:47:45",1084.6,2,"dongcookies,muyouqian4"
3743,16750273,"Nil Lic","2026-09-14 16:44:57",1084.5,2,nillic
3744,16658898,"SRI shiva","2026-09-26 13:57:49",1084.5,2,srishiva
3745,16824101,"Bala Murugan AIML","2026-09-04 02:20:12",1083.7,1,balamuruganaiml
3746,16736050,SuperZero11,"2026-09-10 07:44:19",1083.6,2,anandaverma
3747,16775506,"lin qiy","2026-09-05 13:32:19",1082.9,2,linqiy
3748,16659430,"John Keith Weber","2026-09-06 16:32:54",1082.5,2,johnkeithweber
3749,16786255,OceFFFF,"2026-09-26 06:46:42",1082.3,2,oceanfujimoto
3750,16730049,"r2d2 Dasari","2026-09-20 20:15:24",1081.7,2,r2d2dasari
3751,16794740,"Alexander R Luz","2026-09-11 16:15:45",1081.6,2,alexanderrluz
3752,16702429,iamlonely,"2026-09-08 16:27:53",1080.9,2,iamlonely
3753,16729092,"ayman elamin","2026-09-27 04:08:19",1080.6,2,aymanelamin
3754,16658409,AlexMasip,"2026-09-03 15:37:32",1080.4,2,alexmasip
3755,16623856,aowhite,"2026-09-03 06:12:31",1080.2,2,brandnewyork
3756,16809249,Moro,"2026-09-06 02:48:13",1080.2,2,moromoromoro
3757,16743788,"Emmanuel Lo","2026-09-04 13:07:50",1079.9,2,emmanuello
3758,16639583,typeIIIfairy,"2026-09-27 04:47:36",1079.5,2,typeiiifairy
3759,16918063,"Dante Lok","2026-09-27 08:22:27",1079.1,2,dantelok
3760,16639771,"DK Armada","2026-09-06 06:33:12",1078.6,2,dkarmada
3761,16682932,"Iulian Curte","2026-09-13 10:07:59",1078.4,2,iuliancurte
3762,16717113,"Dovydas Ruokis","2026-09-11 19:58:21",1078.4,2,dovydasruokis
3763,16664518,senxichong,"2026-09-18 08:01:00",1078.4,2,senxichong
3764,16633850,Pascal,"2026-09-05 04:01:56",1078.4,2,pascalledesma
3765,16662810,HarshitSama,"2026-09-19 10:23:32",1078.4,2,harshitsama
3766,16734290,CodeAMANSA,"2026-09-09 14:52:52",1078.1,2,bcollazo
3767,16666296,A.P.R.I.L,"2026-09-12 16:42:30",1078.0,2,puneeth333
3768,16854250,"Jenil Emp","2026-09-21 13:06:46",1077.9,2,jenilemp
3769,16858618,NaokaK,"2026-09-09 06:58:14",1077.2,1,naokak
3770,16768323,thuvuduy16,"2026-08-31 18:59:54",1077.2,2,thuvuduy16
3771,16675739,"Jithendra Maddala","2026-09-12 05:12:26",1077.1,2,jithendramaddala
3772,16639746,"Kyle Wang","2026-09-04 15:12:00",1076.8,2,ky1ewan9
3773,16713540,Anruan,"2026-09-05 16:45:53",1076.7,2,xiaowanshen
3774,16791752,bayachay,"2026-09-13 02:26:18",1076.2,2,bayachay
3775,16848645,"Chee Keong Sim","2026-09-10 14:59:11",1076.1,2,cheekeongsim
3776,16771605,Psyrax,"2026-09-17 16:00:11",1075.3,2,psyrax012
3777,16899030,CardPilotLab,"2026-09-17 00:32:05",1075.0,2,EldieEnfiel
3778,16756902,"Matt Palmer","2026-09-06 04:17:51",1074.6,2,palmsey
3779,16828244,AGSaturn,"2026-09-06 19:42:52",1074.4,2,polyuhst
3780,16634239,"Radhakrishnan Guhan","2026-09-05 19:54:20",1074.1,2,rmsgrk
3781,16673250,Prashant,"2026-09-04 16:46:37",1074.1,2,"kajalsinghrajpoot,prashantxo"
3782,16774727,"Dannya AbdulHadi","2026-09-04 11:48:50",1074.0,2,dannyaabdulhadi
3783,16818589,"Rachmat S. Haryadi","2026-09-10 16:48:09",1073.9,2,rachmatsharyadi
3784,16735253,银龙,"2026-09-07 07:00:02",1073.1,2,boyanyanbo
3785,16743191,"Ryoya Kochiyma","2026-09-05 13:28:19",1071.8,2,"kazutotakekuma,ryoyakochiyma"
3786,16889522,nyayassist,"2026-09-27 08:18:31",1071.5,2,"gauravnagotanekar,raneyash"
3787,16675351,-Beterraba,"2026-09-05 18:45:27",1071.5,2,"afonsoo,miguelottoni"
3788,16808178,qianyuatkaggle,"2026-09-08 00:37:32",1071.2,2,qianyuatkaggle
3789,16657395,"Uchechukwu Ajuzieogu","2026-09-03 14:10:11",1070.3,2,uchechukwuajuzieogu
3790,16686827,Kronki,"2026-09-05 12:24:58",1070.2,2,kronki
3791,16722995,July,"2026-09-10 10:42:05",1069.8,2,julyzseven
3792,16651792,LX,"2026-09-02 10:29:49",1068.3,2,sunnylx
3793,16811637,mohui666,"2026-09-03 09:21:41",1068.3,2,mohui666
3794,16821420,Sight,"2026-09-26 18:59:38",1068.1,2,"cai12341234,crimsurfer,jingwenxu85,sakurasss,yuankunzou3"
3795,16657594,"Wojciech Krasowski","2026-09-02 20:37:04",1068.1,2,ci3l4k
3796,16820116,cotora2121,"2026-09-05 17:42:49",1068.0,2,cotora2121
3797,16694186,souju00,"2026-09-14 10:52:51",1068.0,2,souju00
3798,16682283,"RL is all you need","2026-09-08 13:59:11",1067.7,2,"bpmf577,junzhejiao,jwj1342,liaodid,mrschang"
3799,16695521,"Chen Ken","2026-09-19 11:39:00",1067.7,2,nutastray
3800,16794696,"Paul Bryan Elefante","2026-09-08 00:39:10",1067.3,2,heuljax
3801,16749205,"Wish Coding Guy","2026-09-02 10:33:15",1067.2,2,tommycyd
3802,16783521,xiannaix,"2026-09-04 09:28:00",1067.2,2,xiannaix
3803,16782954,"Team Dajiang","2026-09-19 13:02:19",1067.2,2,"jihuaye,toolazyhhh123"
3804,16734199,Iliamna,"2026-09-06 20:44:33",1066.5,2,decotoj
3805,16747577,"Nolan BONHOMME","2026-09-03 13:22:05",1066.3,2,nolanbonhomme
3806,16695556,"Prajwal Dongre","2026-09-20 05:45:05",1065.9,2,prajwaldongre
3807,16728103,Immutable,"2026-09-06 21:33:16",1065.6,1,dishcleaner
3808,16803930,"Farrukh Ismoilov","2026-09-02 11:30:29",1065.4,2,fismoilo
3809,16678462,"Eric Han Wang","2026-09-22 22:39:00",1065.2,2,ericwang03
3810,16686513,Vipul_Kumar75476,"2026-09-22 00:05:05",1064.9,2,vipulkumar75476
3811,16693382,Sandrone,"2026-09-07 15:57:25",1064.6,2,luvgoelo
3812,16730707,"James Michael","2026-09-04 14:12:29",1064.3,2,ingenio
3813,16667731,"Agent 33","2026-09-24 19:53:19",1063.8,2,agent33
3814,16706442,tipstar0125,"2026-09-05 11:50:46",1063.8,2,dragonty
3815,16737937,xamad,"2026-09-01 13:19:27",1063.5,2,giannicerrato
3816,16795982,Vordax,"2026-09-03 18:17:12",1063.2,2,vordax
3817,16662568,RaghavMundhra1,"2026-09-23 22:44:35",1062.8,2,raghavmundhra1
3818,16659210,HASHP100D,"2026-09-05 11:23:41",1062.7,2,hashp100d
3819,16822745,Jetpack,"2026-09-18 17:14:08",1062.6,2,"m1ngch1,victorye04"
3820,16841667,Zwxiang123,"2026-09-06 01:27:21",1062.5,1,zwxiang123
3821,16798174,"Jan Bartos","2026-09-07 22:28:55",1061.9,2,janbartos
3822,16665311,"huayang sun","2026-09-05 06:20:01",1061.8,2,okami001
3823,16665700,张广麒,"2026-08-31 08:41:33",1061.1,2,zzggqq
3824,16779652,cheezyp,"2026-08-31 06:26:25",1060.5,2,cheezyp
3825,16935054,"jae young ji","2026-09-27 02:18:49",1060.5,2,sayul0102
3826,16785924,Abhinav_26104,"2026-08-31 15:17:41",1059.7,2,abhinav26104
3827,16770785,Brahim,"2026-09-26 07:54:04",1059.7,2,brahimdriss
3828,16714365,meryol,"2026-09-25 21:58:42",1059.5,2,meryol
3829,16667724,"Masashi Onda","2026-09-02 12:43:58",1059.3,2,masashionda
3830,16727544,"Mostafa H","2026-09-01 10:03:53",1059.0,2,mostafahaghiri68
3831,16716613,Arvin,"2026-09-08 01:18:15",1058.2,2,chesterx
3832,16660121,10pi,"2026-09-02 01:21:07",1057.8,2,meredith10pi
3833,16756630,Shreyas,"2026-08-30 09:58:08",1057.4,2,shreyasdongre25
3834,16623890,"rapika rosalia","2026-09-01 17:40:24",1057.0,2,rapikarosalia
3835,16761641,Diavolo,"2026-09-05 09:31:08",1056.5,2,jeanmarcbah
3836,16747036,Illusion,"2026-09-04 13:34:36",1056.3,2,briankimtaikab
3837,16742470,AK,"2026-09-06 07:57:50",1056.2,2,aman1391
3838,16677252,カワシギ,"2026-09-27 02:30:34",1054.8,2,kawashigi
3839,16790658,lxymmd,"2026-09-10 07:59:16",1054.5,2,lxymmd
3840,16843970,dharana77,"2026-09-24 08:27:42",1054.2,2,ylee4574
3841,16771457,"HK Fama","2026-09-05 17:51:47",1054.1,2,kenho211
3842,16655381,"Varshith K","2026-09-10 22:42:07",1054.0,2,var3604
3843,16719083,"Justin Mai 16","2026-09-07 22:30:10",1053.7,2,justinmai16
3844,16655311,"Plant City Planter","2026-09-02 19:03:12",1053.6,2,michaellombard
3845,16682195,celefefwefwe1,"2026-09-02 16:48:52",1052.9,2,celefefwefwe1
3846,16783124,Logorhythms,"2026-09-24 12:31:20",1052.7,2,mohammadsaidulislam
3847,16757418,Janus,"2026-09-20 02:21:48",1052.3,2,khaled1alhasan
3848,16871907,"Junya _318","2026-09-14 04:15:18",1052.1,2,junya318
3849,16806394,Flowers,"2026-09-02 04:03:16",1051.9,1,"guyueyuan,oliver34,wu12138test"
3850,16734979,NiuLAI,"2026-09-24 07:23:38",1050.7,2,"chunsingyu,chunyinhui,jaminmei"
3851,16764068,"Chika Komari","2026-09-02 11:18:48",1050.5,2,gothamjocker
3852,16779831,地里偷偷尿尿,"2026-09-06 14:21:55",1050.5,2,jjsdfd22
3853,16805609,Gleb,"2026-09-01 22:11:48",1050.3,1,korelin
3854,16730577,"Team Rocket’s Orbital Farm","2026-09-25 09:45:06",1050.1,2,koheitsutsumi
3855,16639979,naphthalene,"2026-09-01 10:40:26",1049.5,2,"aaa0342,leehyungjoon,minjek,trv449"
3856,16775286,DanilAbdullin,"2026-09-02 05:42:51",1048.1,2,danilabdullin
3857,16852043,"pig da","2026-09-08 05:32:31",1048.0,2,qijunjie
3858,16655169,Musliadi,"2026-08-31 05:51:39",1047.9,2,timscientia
3859,16661393,"razab Bawa","2026-09-06 12:43:30",1047.0,2,razabbawa
3860,16742825,"Ritwik Raha","2026-09-05 00:03:10",1047.0,2,ritzraha
3861,16688642,"Natalia Mawyin","2026-09-05 11:08:38",1046.9,2,nmawyin
3862,16659215,"Zhizhou Sha","2026-08-31 12:43:52",1046.4,2,zhizhousha
3863,16839975,AlexHan,"2026-09-05 13:16:50",1046.1,1,gksgusrb1212
3864,16654715,"Aqib Raza","2026-09-02 19:21:26",1046.1,2,aqibrazadev
3865,16892727,Pi,"2026-09-26 14:24:12",1045.2,2,liemdt
3866,16656659,"James Y","2026-08-31 09:51:47",1044.9,2,redoctopusk
3867,16732221,ringbearer,"2026-09-27 00:04:05",1044.8,2,mehmetbarankrat
3868,16757384,straw_Yu,"2026-09-09 01:41:11",1044.2,2,strawyu
3869,16655633,johnny,"2026-08-31 04:55:56",1044.1,2,jonykarki
3870,16624506,zhongtian,"2026-09-26 15:03:01",1042.9,2,kmtbang
3871,16725410,LE4VES,"2026-09-08 09:27:15",1041.7,2,le4ves
3872,16622934,"Ümit Anık","2026-09-05 13:54:40",1041.2,2,mitank
3873,16670527,"Balram Gupta","2026-09-18 05:06:28",1040.4,2,"akankshaparab,bg28898"
3874,16732813,Soomana1z,"2026-09-08 17:20:16",1039.5,2,soshionodera
3875,16748187,"Violet Notes","2026-09-09 13:20:38",1039.3,2,dominicjamil
3876,16887947,"Blips and Chitz","2026-09-23 23:10:46",1038.6,2,michaelriedl
3877,16732484,tanzaku,"2026-09-06 07:58:50",1038.6,2,tanzaku
3878,16802745,"Fuat Çakıcı","2026-09-27 00:15:38",1038.5,2,fuatcakiicii
3879,16795391,MECHINE,"2026-09-01 03:05:47",1038.1,2,nainglinwai
3880,16793344,zyichi,"2026-09-02 06:41:30",1037.6,2,zyichi
3881,16783630,"fan yanbing","2026-08-30 11:33:12",1037.4,2,jackpudding
3882,16757704,Faustine,"2026-09-23 00:54:18",1037.3,2,faustine649
3883,16795041,"Denis Revenko","2026-09-01 13:02:36",1037.1,2,denizzko
3884,16778792,"Karthik #2","2026-09-26 21:30:44",1036.8,2,karg14
3885,16621831,"Tsung-Yeh, Hsieh","2026-09-09 18:31:09",1036.4,2,"tsungyehhsieh,xinyuloong"
3886,16794841,thisArmin,"2026-08-31 04:29:30",1036.0,1,thisarmin
3887,16718956,hassan,"2026-09-01 16:14:25",1035.8,2,hasankhhan
3888,16737702,"kaneko takafumi","2026-09-25 14:27:07",1034.8,2,kanekotakafumi
3889,16798544,esprit,"2026-08-31 23:47:56",1033.9,1,takuji
3890,16771361,"It's Ratcha","2026-09-07 18:59:25",1033.8,2,itsratcha
3891,16860049,Himanshu,"2026-09-15 12:12:33",1033.5,2,himanshuffbfujbf
3892,16766941,"S Kim","2026-09-10 22:16:57",1033.4,2,sunnyk92
3893,16811502,"Avi Porath","2026-09-14 04:33:01",1033.3,2,aviporath
3894,16689266,"Oleksandr Dudnev","2026-09-09 06:14:10",1033.2,2,dantist
3895,16778019,Mr.Frundles,"2026-09-03 02:21:58",1032.9,2,watehell
3896,16847289,"Hengxiang Yu","2026-09-21 07:24:59",1032.4,2,hengxiangyu
3897,16738895,SangGold,"2026-09-13 09:18:56",1032.3,2,sanggold
3898,16793261,Von_Feynman,"2026-08-30 13:35:43",1031.2,1,terrenceluo1017
3899,16684994,TKNP,"2026-09-26 21:29:03",1031.1,2,"justnik77,katasonoveugene,romankatasonov,sergey140146659"
3900,16661304,"Jonathan Roy","2026-09-14 17:05:57",1030.9,2,jonathanroy7
3901,16669810,CREART,"2026-08-29 16:06:18",1030.0,2,gustardust
3902,16796980,ChenyuBaii,"2026-09-11 09:56:01",1029.7,2,chenyubaii
3903,16622919,Waffle,"2026-09-23 23:19:28",1029.1,2,waffle3z
3904,16729906,"Krzysztof Madziar","2026-08-28 05:05:13",1029.0,2,krzysztofmadziar
3905,16667147,"Daksh Bhalala","2026-08-26 06:41:04",1028.6,2,dakshbhalala
3906,16628456,kiro,"2026-09-08 06:39:53",1027.5,2,kirosamurai
3907,16765154,dreamcxy,"2026-08-31 03:54:16",1026.8,2,dreamcxy
3908,16689569,JovanaLab,"2026-08-27 22:43:51",1026.8,2,"choonesenlu,joxitsai"
3909,16897961,"AIZOYA FarmBrain","2026-09-27 08:19:04",1026.6,2,aizoya
3910,16793106,"Пал Лаич","2026-08-30 12:45:34",1026.5,1,skypunkaudiowalker
3911,16698340,"Yanxi Jiang","2026-08-26 03:24:55",1026.3,2,yanxijiang
3912,16782227,"chen yue li","2026-09-03 01:34:30",1026.0,2,yueelc
3913,16637458,OlivierS,"2026-09-09 03:41:58",1025.5,2,oliviers
3914,16658280,"Hemanth Reddy Katta","2026-09-14 22:15:43",1025.4,2,hemanthreddykatta
3915,16745416,yamato035073,"2026-08-30 22:24:34",1024.5,2,yamato035073
3916,16879133,xiepengo,"2026-09-13 14:05:18",1024.2,2,xiepengo
3917,16662696,"Cengizhan Tümer","2026-08-31 20:54:21",1023.9,2,cengizhantmer
3918,16756633,TheDanKing,"2026-08-31 05:49:23",1023.6,2,thedanking
3919,16663166,Rey4Dan,"2026-09-26 23:15:13",1023.4,2,rey4dan
3920,16691247,"Aneesh Rao","2026-08-27 17:11:07",1023.2,2,sidrao2006
3921,16654526,"Jin Niu","2026-08-26 18:25:33",1022.8,2,gufanmingmie
3922,16773320,kaka,"2026-09-17 08:53:18",1022.6,2,kakawin
3923,16838843,"qiu ji123","2026-09-12 02:58:46",1022.5,2,qiuji123
3924,16668162,AlejandroAlvarez,"2026-09-26 13:12:47",1022.3,2,theworm
3925,16791549,"Eugenio Schiavoni","2026-08-31 19:14:40",1021.9,2,eugeniokukes
3926,16627472,CloverFarm,"2026-09-08 13:23:55",1021.0,2,ljs2546
3927,16675777,"Ml BOY","2026-09-07 18:15:38",1020.9,2,mlboy1
3928,16902856,"Laura Vanegas Torres","2026-09-27 02:34:04",1020.8,2,lauravanegastorres
3929,16734225,"Vijay athithya ","2026-09-02 07:06:29",1020.6,2,vijay09
3930,16764738,Lucasty,"2026-08-25 07:04:36",1019.9,2,lucaswty
3931,16664537,"Lenin Goud","2026-08-27 01:07:37",1019.1,2,leningoud
3932,16730705,chris,"2026-09-27 02:02:03",1019.0,2,chris62
3933,16662651,CoatiAI,"2026-09-16 11:06:40",1018.2,2,gjhordan
3934,16733708,RyanHo,"2026-08-29 03:59:12",1017.8,2,ryanrx
3935,16784056,"anh nông dân may mắn","2026-09-26 21:21:10",1017.6,2,nguyen1tri
3936,16652912,"Kyle Ellard","2026-09-04 11:51:13",1016.9,2,kyleellard
3937,16806048,duck_raccooon,"2026-09-02 15:03:04",1016.8,2,duckraccooon
3938,16630516,"Seb (allegedly)","2026-09-09 09:22:48",1016.7,2,sebmallia
3939,16770397,Ryu,"2026-09-03 20:15:16",1016.2,2,bexultanashenov
3940,16634153,AnpAn_Men,"2026-08-29 19:47:31",1014.7,2,anpanmen
3941,16748647,"Adar Cohen","2026-08-24 21:27:43",1014.7,2,adarcohen
3942,16764431,"William Diment","2026-09-14 07:50:42",1013.6,2,williamdiment
3943,16752733,zjukop1,"2026-08-25 03:29:28",1013.5,2,zjukop1
3944,16844154,シュークリーム,"2026-09-07 03:31:45",1013.5,2,syucream
3945,16790233,"prateek chandra","2026-08-30 15:55:55",1013.2,2,prateekchandra7005
3946,16641982,ZotAZaw3,"2026-08-28 09:43:47",1012.8,2,zotazaw3
3947,16844343,"Gotovtsev Artyom","2026-09-18 20:30:04",1012.7,2,artemgotovtsev
3948,16775771,"Ewia Tng","2026-09-09 04:57:46",1012.6,2,ewiatng
3949,16712432,hengck23,"2026-08-25 17:58:30",1012.3,2,hengck23
3950,16692744,"VAIBHAV RASTOGI 90","2026-09-03 23:43:33",1011.7,2,vaibhavrastogi90
3951,16722731,"E&M Pioneer","2026-08-30 11:18:55",1011.3,2,hzq2004
3952,16626655,"Surya milenial","2026-08-30 08:21:22",1011.3,2,suryamilenial
3953,16769028,"Rishabh Yadav","2026-09-17 01:59:59",1011.1,2,riishabhhh
3954,16755244,SZU蓝心,"2026-09-01 11:50:45",1010.8,2,jiazhanliu
3955,16669403,mrgrishninsb,"2026-09-13 13:22:10",1010.2,2,mrgrishninsb
3956,16771843,"Surekha Ramireddy","2026-09-01 15:34:18",1010.2,2,surekharamireddy
3957,16762537,Controlvector,"2026-08-25 08:28:11",1009.8,2,"controlvector,yxdu01"
3958,16760656,CharTFboy,"2026-08-24 09:19:37",1008.3,2,chartfboy
3959,16770998,ket,"2026-08-31 22:14:53",1007.8,2,kentken
3960,16672468,ComposeMage,"2026-09-08 01:51:40",1007.6,2,composemage
3961,16674310,"Ayaz Ahmed Kazi","2026-08-29 18:49:13",1007.0,2,ayazahmedkazi
3962,16775443,NoName,"2026-09-04 23:49:43",1006.6,2,thesonalsingh
3963,16770927,kaptaan45,"2026-08-28 08:06:32",1006.5,2,kaptaan45
3964,16762139,AltriaE,"2026-08-25 15:27:52",1005.9,2,altriae
3965,16780317,jrcjrcjrc,"2026-09-04 06:03:51",1005.2,2,jrcjrcjrc
3966,16782193,nal_nh906,"2026-09-02 01:42:32",1004.9,2,hhan09
3967,16692443,xmkevin2004,"2026-09-08 15:10:46",1004.8,2,"deersirz,qiuzaooppo,xmkevin2004"
3968,16742232,"Prema Ananda","2026-09-18 15:40:40",1004.7,2,premaananda108
3969,16904320,"Flying Duck","2026-09-24 05:15:07",1004.6,2,dreame1
3970,16635029,"Oleg Melnik","2026-09-17 16:28:52",1004.4,2,olegmelnik
3971,16638019,Randynho,"2026-09-15 16:13:30",1003.7,2,randynho
3972,16738279,zhangshuosc,"2026-08-26 05:11:57",1003.7,2,zhangshuosc
3973,16689697,Kmart0112,"2026-09-21 17:38:23",1003.1,2,kmart0112
3974,16761019,"yiwen hou","2026-08-25 14:48:43",1002.8,2,hevenhina
3975,16807054,"JSU xiaopoche","2026-09-03 06:35:02",1002.6,1,xhmuvw
3976,16704603,Tmaxxer,"2026-08-28 14:45:38",1002.3,2,tmaxxer
3977,16924409,Obsidian,"2026-09-27 08:10:11",1002.1,2,edwardkhunt
3978,16739018,"Zhou Songyu","2026-09-25 10:45:53",1001.9,2,zhousongyu
3979,16753194,"Saicharan Ramineni","2026-08-26 19:33:02",1001.9,2,godlydonuts
3980,16774129,"Chen Audrey","2026-09-04 13:38:19",1001.8,2,chenaudrey
3981,16623736,Garigariyong,"2026-09-01 04:31:17",1001.8,2,garigariyong
3982,16838736,"kauan cassiano","2026-09-05 06:42:48",1001.7,1,kauancassiano
3983,16689274,Anyeson,"2026-09-18 12:04:00",1001.1,2,anyeson
3984,16893654,"Arhaan Aggarwal","2026-09-24 01:14:00",1000.6,2,arhaanaggarwal2
3985,16734699,PangMinShih,"2026-08-28 08:39:27",999.9,2,shihbonbon
3986,16716549,notoverkil,"2026-08-28 08:16:38",999.4,2,notoverkil
3987,16741826,StackKnight,"2026-08-28 02:12:12",998.9,2,stackknight
3988,16665753,"Mansour A. S. Ataa","2026-08-26 10:28:34",998.5,2,profmansoor
3989,16748907,EdwardHwang@123,"2026-08-24 15:32:00",998.4,2,edwardhwang123
3990,16736111,hexingwei33,"2026-09-23 15:12:47",998.4,2,hexingwei33
3991,16654042,B.Pushpanjali,"2026-09-23 07:50:41",997.9,2,"bpushpanjali,vinithwade"
3992,16761788,"Corenthin Buffard","2026-08-26 13:16:28",997.9,2,cbuffard
3993,16802775," SonSheungmin","2026-09-03 06:55:03",997.9,2,sonsheungmin
3994,16740392,"Amey Thakur","2026-08-25 12:01:41",997.6,2,ameythakur20
3995,16668756,"Clark Kitchen","2026-09-09 00:54:50",997.3,2,clarkkitchen
3996,16662222,MinerUNLEASHED,"2026-08-24 16:28:40",997.2,2,minerunleashed
3997,16664683,"Halapeño Farms","2026-09-14 00:35:12",996.4,2,haladaj
3998,16770299,"أحمد فهد الربيش","2026-08-25 09:55:13",994.5,2,ghr111
3999,16752121,adhsdrtjh,"2026-08-23 15:02:25",994.5,2,adhsdrtjh
4000,16727214,"Jaivardhan Raahi","2026-09-24 04:34:53",994.4,2,jaivardhanraahi
4001,16774410,"Rishabh Roy","2026-08-26 09:01:38",994.1,1,rishabhr0y
4002,16758279,"GO HIROSHIMA 2","2026-08-29 02:51:47",993.8,2,gohiroshima2
4003,16742228,"bangqun ZHAO","2026-08-27 05:20:56",993.7,2,bangqunzhao
4004,16729554,"JingSong Yang","2026-08-28 05:33:55",992.6,2,jingsongyang
4005,16724452,Jay,"2026-08-20 00:34:34",992.5,2,jayshimada
4006,16748000,"Rohit Raj Singh","2026-09-15 13:50:22",992.2,2,rohitrajsingh555
4007,16832186,"Noah Öksüz","2026-09-15 13:38:56",992.0,2,noahksz
4008,16778808,"Candace Dudleson","2026-08-31 23:19:12",991.9,2,candacedudleson
4009,16664379,N_Matsumoto24,"2026-09-24 08:32:13",991.8,2,nmatsumoto24
4010,16666195,"Yihan Guo","2026-08-28 08:44:06",991.7,2,yihanguo
4011,16713007,"Jerry Hwa","2026-09-23 11:52:48",991.0,2,"jerryhwa,richarrdyu"
4012,16630323,kaggricultureomnidimensionalut,"2026-08-28 10:51:28",990.9,2,kumarandatascientist
4013,16658343,aisamhottman,"2026-09-27 08:33:53",990.8,2,heuingttiang
4014,16844770,Richard,"2026-09-22 05:48:05",990.7,2,richardwg
4015,16685450,Nadeem,"2026-08-25 09:21:14",990.3,2,nadeembinshajahan
4016,16666468,"J Penman","2026-09-09 07:04:10",990.2,2,jpenman
4017,16755921,"Natnael Yerga","2026-08-24 16:43:22",990.1,2,natnaelyerga
4018,16768676,Doit,"2026-08-25 02:09:47",989.6,1,aifccnb
4019,16848207,vlad,"2026-09-15 11:56:09",989.4,2,khizanov
4020,16863344,masat,"2026-09-09 23:46:30",989.3,1,masatttt
4021,16658500,"abhinav rai1","2026-09-26 21:08:47",989.2,2,abhinavrai1
4022,16853131,"Awesome Egg","2026-09-10 07:27:41",989.1,2,newegg
4023,16767625,"Saurabh Yadav","2026-08-24 17:56:22",989.1,1,saurabhyadav1305
4024,16664002,"Guilherme Zanini de Sá","2026-09-25 12:43:12",988.2,2,guilhermezaninides
4025,16630711,"Aleks Lviv","2026-09-25 00:52:02",988.2,2,alekslviv
4026,16870771,wangxt1,"2026-09-11 06:19:14",987.6,2,wangxt1
4027,16805171,Mario,"2026-09-26 21:29:39",987.5,2,mwalkiew
4028,16732851,chenry2003,"2026-08-24 02:27:53",987.0,2,chenry2003
4029,16708965,"Witold Dziurdz","2026-08-23 16:33:47",986.7,2,witolddziurdz
4030,16730449,"Shinichiro Yoshida","2026-09-25 17:12:44",986.1,2,sysd00
4031,16800775,SunSeeker染汐,"2026-09-01 16:47:33",986.1,2,sunseekerrx
4032,16828844,"SHOUHEI IKEDA","2026-09-06 23:29:56",985.7,2,shouheiikeda
4033,16691154,UnknownRobi,"2026-08-31 22:50:27",985.7,2,canrobichaud
4034,16763444,"crazy achiever","2026-08-28 18:51:13",985.6,2,crazyachiever
4035,16856449,Sting,"2026-09-16 17:12:20",985.2,2,sarlnovax
4036,16709115,"PARK HYUNSIK","2026-08-26 01:51:31",985.2,2,hyunsikpark
4037,16794205,"kiwi apple","2026-09-01 18:56:25",985.0,2,kiwiapple
4038,16848720,嘎达嘎达,"2026-09-08 07:39:07",984.2,1,eggyeggygggy
4039,16721079,"six seven swag","2026-09-24 16:24:04",983.4,2,polinababiichuk
4040,16732446,"Nuri DUDAK","2026-08-29 09:00:59",983.3,2,nuridudak
4041,16790391,"Kevin Cao","2026-08-29 13:38:03",983.1,1,kevincao2
4042,16883641,"Benedek Brandschott","2026-09-27 03:07:51",983.0,2,benedekbrandschott
4043,16737057,Wiz,"2026-08-24 03:15:13",982.5,2,williamzhou001
4044,16876214,Yunfei_Z,"2026-09-17 16:32:21",982.3,1,zhaoyunfei
4045,16784611,sardarkhanyadav,"2026-08-28 16:45:33",982.0,2,sardarkhanyadav
4046,16762940,"Davide Andreolli","2026-09-06 09:20:28",981.6,2,davideandreolli
4047,16786603,"Shutong Hou","2026-09-27 02:19:48",981.4,2,praxel123
4048,16660492,"Deven Bagul","2026-08-29 11:56:30",980.9,2,devenbagul
4049,16725304,"Alexandru A","2026-08-29 07:34:25",980.7,2,alexandrua01
4050,16724228,LSS0334,"2026-08-26 00:15:54",980.7,2,lss0334
4051,16861578,Markura,"2026-09-19 04:56:28",980.7,2,markura
4052,16716081,"dunky su","2026-08-23 06:36:50",980.4,2,dunkysu
4053,16730320,Rosebuddychomp,"2026-09-12 07:54:11",979.6,2,rishabhshetye
4054,16769082,"Little Xi","2026-08-26 03:31:32",979.3,2,littlexi0
4055,16759075,"Michael Day","2026-08-24 10:38:52",978.8,2,michaelday99
4056,16658245,ziliangCok,"2026-08-28 16:08:13",978.7,2,ziliangcok
4057,16759813,tyf_scu,"2026-08-23 17:11:18",978.5,2,tyfscu
4058,16778489,dataWr3cker,"2026-08-28 20:40:52",977.8,2,gourabr0y555
4059,16740159,CY,"2026-09-05 09:33:08",976.9,2,aimeny
4060,16894622,"Matthew B","2026-09-23 08:29:26",976.6,2,mcb68945
4061,16938353,"Damilola Oladapo","2026-09-27 03:14:56",976.5,2,wizardskull
4062,16711608,"Thomas Greissler","2026-08-24 00:01:46",976.3,2,thomasg22202020
4063,16758791,"qw yi123","2026-09-22 13:41:44",976.2,2,qwyi123
4064,16738657,Mactorr,"2026-09-02 22:44:15",976.1,2,mactorr
4065,16782984,crinoid,"2026-09-02 10:59:06",976.0,2,takemi
4066,16764545,ArX,"2026-08-24 09:44:45",975.7,2,arx1993
4067,16672202,HealthStone,"2026-08-29 21:04:07",975.5,2,healthstone
4068,16764206,yanjixiang,"2026-08-25 11:37:34",975.3,2,yanjixiang
4069,16665337,BHackers,"2026-08-26 17:13:11",975.2,2,clarencepagaduan
4070,16739898,"solo levelling","2026-08-18 21:08:16",974.5,2,munibmemon
4071,16757903,"Om Singh","2026-08-27 07:05:06",974.4,1,spoilyfrog
4072,16753831,zhangjiaweii,"2026-09-04 07:26:21",974.0,2,zhangjiaweii
4073,16662819,THeLAB,"2026-09-25 16:30:40",974.0,2,feuorme
4074,16663569,XYZ,"2026-09-27 05:52:24",973.8,2,h249748fkv7lyhik897
4075,16693193,"Efrain Garay","2026-09-04 20:55:13",973.8,2,efraingaray7
4076,16778358,"Lê Nguyễn Việt Cường","2026-08-28 03:46:51",973.7,2,lengvietcuong
4077,16743904,minamoto,"2026-08-25 16:53:16",973.7,2,usermina
4078,16759705,2nod,"2026-09-19 02:17:04",972.9,2,tsunoten
4079,16704589,"Lobato MBA IA Big Data","2026-09-26 20:01:06",972.8,2,lobatombaiabigdata
4080,16753515,"Yosif EL-Rammaal","2026-08-25 16:57:09",972.8,2,yosifelrammaal
4081,16655255,MalelizarazoP,"2026-08-26 13:34:53",972.6,2,malelizarazop
4082,16726994,bird,"2026-08-23 05:00:19",972.6,2,whitebird
4083,16727784,Baen,"2026-08-24 06:44:33",972.2,2,cairh22
4084,16733932,"Jasper Turnidge","2026-08-24 06:36:23",972.0,2,jasperturnidge
4085,16743016,"MD Zeeshan","2026-08-20 18:13:32",971.9,2,makrovh
4086,16733748,"Ashutosh Agarwal","2026-09-25 03:56:21",971.8,2,ashutoshagarwal088
4087,16639796,rmizuta,"2026-08-28 15:07:43",971.5,2,rmizuta
4088,16780130,与君作田,"2026-08-29 14:01:35",970.6,2,zhaoxi1244
4089,16765313,Hosuke,"2026-09-01 04:19:31",970.1,1,hosuke
4090,16666165,ChrisLeiteScha,"2026-08-24 15:20:36",969.9,2,chrisleitescha
4091,16748933,Lixrixy,"2026-08-26 06:11:03",969.4,2,lixrixy
4092,16666578,STRAF,"2026-08-23 23:07:25",969.0,2,nikosstraf
4093,16675704,reeemii,"2026-08-26 08:51:15",968.4,2,reeemii
4094,16753125,"Rudransh Singh Rathore","2026-08-26 03:10:23",967.9,2,rudranshsinghrathore
4095,16830753,"youyi li","2026-09-06 02:50:01",967.9,2,liyouyi
4096,16693663,"YoungCheol Son","2026-08-27 00:51:34",966.8,2,sonyc5720
4097,16663767,"Tommy Mancino","2026-08-31 23:03:57",966.6,2,tommymancino
4098,16658618,"philip georgiev","2026-09-23 13:07:35",966.6,2,philipgeorgiev
4099,16727529,윤영일,"2026-09-22 10:15:57",966.2,2,iongil
4100,16721070,LiuChen1350,"2026-08-26 05:30:30",966.1,2,liuchen1350
4101,16904612,"Naveen Reddie","2026-09-18 04:19:28",965.1,2,naveenreddie
4102,16850995,"KOSUKE MATSUDA","2026-09-27 05:10:50",965.0,2,kosukematsuda
4103,16840001,agheieff,"2026-09-05 13:16:29",964.9,1,agheieff
4104,16659972,"Pelamovic ","2026-08-25 18:03:34",964.6,2,pelamovic
4105,16622627,"Erik van de Ven","2026-09-23 14:18:28",964.4,2,erikvdven
4106,16805870,"Ngo Trung","2026-09-12 17:12:53",964.3,2,trungngotdt
4107,16758152,MiguelLFCG,"2026-08-30 11:20:49",964.1,2,miguellfcg
4108,16623470,rurumi,"2026-09-02 05:21:15",964.0,2,rurururumi
4109,16675610,"Srikar Medisetti","2026-08-30 12:06:25",963.6,2,deathaunter
4110,16743216,xerkey,"2026-09-08 13:52:41",963.5,2,xerkey
4111,16736969,"york li13","2026-08-19 01:07:02",963.5,2,yorkli13
4112,16886319,novacryptic,"2026-09-13 12:37:51",963.5,2,novacryptic
4113,16758634,Ernnnn4u,"2026-08-24 17:00:46",963.5,2,ernnnn4u
4114,16871894,sx2154,"2026-09-20 14:56:27",963.4,2,sx2154
4115,16755071,"Varun Rao","2026-08-26 18:46:59",962.8,2,varunraosfanlkan
4116,16675655,TrebolNoir_,"2026-09-01 12:59:42",961.8,2,trebolnoir
4117,16738721,"Luan Kunyu","2026-09-04 07:05:21",961.8,2,luankunyu
4118,16933477,curlybaboon,"2026-09-21 12:52:19",961.6,2,curlybaboon
4119,16677577,"Harsha Vardhan Konisa","2026-09-13 17:33:53",961.3,2,harshavardhankonisa
4120,16715244,uri_kkyhr,"2026-08-15 04:53:37",961.0,2,urikkyhr
4121,16712535,"Benjamin Beaujard","2026-08-18 11:03:03",960.9,2,benjaminbeaujard
4122,16841296,Flesymevoli,"2026-09-06 08:49:58",960.6,2,flesymevoli
4123,16925475,AdrianValerio,"2026-09-20 04:21:19",960.2,2,adrianvalerio
4124,16716930,"Direc M","2026-08-31 04:54:06",960.1,2,direcm
4125,16719262,sadjeen00,"2026-08-14 02:15:50",960.0,1,sadjeen00
4126,16844277,"Akash Chanran","2026-09-09 16:48:32",960.0,2,"akashchanran,shruti9345"
4127,16845582,"Julio Cesar Filho","2026-09-08 06:10:03",959.9,2,juliocesarfilho
4128,16842071,buddyY26,"2026-09-07 13:06:08",959.7,2,buddyy26
4129,16709824,pizzahut,"2026-09-19 20:23:22",958.8,2,csalazoltntams
4130,16732792,amaotone,"2026-08-20 14:27:36",958.4,2,amaotone
4131,16634093,gezi,"2026-09-09 08:07:03",958.1,2,goldenlock
4132,16765215,"arlenjim ","2026-08-24 19:32:48",957.9,2,arlenjim
4133,16733297,sohasoha42,"2026-08-18 17:50:51",957.7,2,sohasoha42
4134,16712943,"Cesar Marcondes","2026-09-04 13:20:02",957.6,2,cmarcond
4135,16715579,Uvais,"2026-08-24 00:58:56",957.3,2,joshuaedwinjacobv24f
4136,16782196,"jingyang tu","2026-09-01 01:49:08",957.1,2,jingyangtu
4137,16822583,"TA ME CHEM","2026-09-13 09:26:11",957.0,1,tamechem
4138,16744905,"Nator X","2026-08-26 22:15:29",956.7,2,natorx
4139,16769795,"Edi Marian","2026-08-25 11:01:09",956.3,2,edimarian
4140,16779780,SiVitr2fDrXS.2N,"2026-08-30 15:06:17",956.0,2,sivitr2fdrxs2n
4141,16635681,"Shubham Phapale","2026-09-05 12:46:36",955.0,2,shubhamphapale
4142,16713127,Felis,"2026-09-18 13:00:27",955.0,2,ilyaafanasenko
4143,16675831,"Thayaparan Kumarakuru","2026-09-24 17:34:36",954.7,2,"kavishkasubashana,mrkala,thayaparankumarakuru"
4144,16745312,"Alexie Huynh","2026-08-22 08:27:27",954.7,1,alexiehuynh
4145,16739488,Restodecoca,"2026-08-19 16:42:34",954.7,2,restodecoca
4146,16757566,"Ankit Kumar","2026-08-23 12:03:53",954.7,2,imankit57
4147,16720720,道海孤舟,"2026-08-21 06:59:41",954.2,2,unseenanch
4148,16692272,Ddere008,"2026-08-21 18:43:56",954.2,2,ddere008
4149,16841536,"Berkay Hasret","2026-09-07 00:29:45",954.2,2,berkayhasret
4150,16662949,"Will English","2026-08-18 17:13:22",953.7,2,dubascudes
4151,16709295,"Isaac Owomugisha","2026-08-20 16:22:52",953.6,2,cmplxxyttmt
4152,16712185,"Vishal Khomane","2026-09-02 15:32:38",953.3,2,vishal567
4153,16904440,"Orion on earth","2026-09-27 08:30:35",953.3,2,oriononearth
4154,16663584,"Deployable LLMs","2026-09-27 05:11:13",953.3,2,"lucasveronese,planetoidleser,sinhakprat"
4155,16945082,"Colin's COK and Friends","2026-09-23 05:41:01",953.1,1,"emartinez22,genericcname,sammchargue"
4156,16729691,YinuoChen271,"2026-08-17 15:42:51",953.0,2,yinuochen271
4157,16677592,keniii,"2026-08-25 00:29:31",952.5,2,kartheeswaran28
4158,16680967,Tyooughtul,"2026-08-16 00:58:06",952.4,2,yooughtul
4159,16745499,"lurs lurs","2026-08-29 02:02:15",952.2,2,lurslurs
4160,16793229,"Waseem Mushtaq","2026-08-30 13:38:14",952.0,1,waseemmushtaq045
4161,16752018,三浦桂基,"2026-08-30 04:00:30",951.8,2,keikipc
4162,16690308,"Fatima Sarhan","2026-09-19 14:01:01",951.7,2,fatimasarhan
4163,16729225,"Aayush Sigdel","2026-09-03 15:47:50",951.7,2,aayushsigdel
4164,16753618,mushichou4,"2026-08-22 10:20:51",951.6,2,mushichou4
4165,16655195,Pirhosseinlou,"2026-08-24 18:17:43",951.3,2,pirhosseinlou
4166,16666054,Ani,"2026-09-04 21:33:20",951.3,2,anirudhk333
4167,16839557,Superspork,"2026-09-08 03:25:46",951.2,1,superspork
4168,16625339,kazusw,"2026-09-23 06:28:56",951.1,2,kazusw
4169,16705907,Adrià,"2026-09-11 10:14:39",950.6,2,adriamb3
4170,16768955,Hunedjekdsfkd,"2026-08-25 03:56:30",950.3,1,hunedjekdsfkd
4171,16709246,"Tariku Mehdi","2026-09-03 00:25:56",950.2,2,tarikumehdi
4172,16723991,"James Holland","2026-08-17 01:40:17",950.2,2,jkhollandjr
4173,16701633,"Jacob Davis","2026-08-23 15:06:50",950.1,2,jacobtdavis
4174,16736250,Yizhi,"2026-08-31 06:03:48",950.1,2,yizhitao
4175,16696098,Valmorlee,"2026-08-23 19:40:07",949.8,2,valmorlee
4176,16759625,gkg223,"2026-09-03 19:17:02",949.4,2,gkg223
4177,16657553,graceyunliu,"2026-09-16 02:43:23",949.2,2,graceyunliu
4178,16664566,"Lormann ","2026-08-23 06:24:29",949.1,2,lormann
4179,16784133,"HASNAIN HAIDER","2026-09-01 17:02:27",949.1,2,techzero
4180,16719414,SahilKumarTolani,"2026-09-10 16:16:07",949.0,2,sahilkumartolani
4181,16621741,"Andrey Naymushin","2026-08-24 09:46:41",947.8,2,andrewsokolovsky
4182,16632777,"Alexandrine Cakpo","2026-08-20 10:20:22",947.7,2,alexandrinecakpo
4183,16670297,"Gebreab K. Zewdie","2026-08-26 00:22:15",947.6,2,gzewdie
4184,16664477,"The T-MAN","2026-08-26 18:51:40",947.6,2,otmaneelmahda
4185,16632164,"Tim Shini","2026-08-30 18:04:29",947.5,2,timshini
4186,16683813,WangQrkkk,"2026-09-23 15:58:31",947.2,2,wangqrkkk
4187,16738899,Grayden_Lee,"2026-08-21 11:42:07",947.2,2,haozelii
4188,16655718,eveyxy,"2026-09-05 08:58:28",947.0,2,eveyxy
4189,16654021,"Swachhith B","2026-08-24 08:40:04",946.8,2,swachhithb
4190,16707193,"radji kraim","2026-08-26 11:53:17",946.4,2,radjikraim
4191,16709203,Ayush_Patel,"2026-08-25 03:34:12",946.2,2,ayushpatel1305
4192,16728901,dqvide,"2026-08-17 19:53:39",946.0,2,dqvide
4193,16725432,Ezra,"2026-09-10 21:42:30",945.8,2,ezberch
4194,16846958,"Constantin Craciun","2026-09-27 08:20:21",945.7,2,constantincraciun
4195,16779275,XuetingWang,"2026-09-01 08:50:53",945.5,2,snoopy262
4196,16728067,"Chenzhao Li","2026-08-18 08:04:21",945.3,2,heartquest
4197,16666057,StopPlantingStartGameTheorying,"2026-09-08 07:53:27",945.2,2,mymelodyenjoyer
4198,16708185,XiaoYan12,"2026-09-13 17:57:28",945.1,2,xiaoyan12
4199,16725335,"Chris #2","2026-08-29 15:32:47",945.1,2,kagglecompetechris
4200,16856021,PSI,"2026-09-08 19:26:40",945.1,1,vinayak121
4201,16739363,kulukkuluu,"2026-09-26 20:42:07",945.1,2,kulukkuluu
4202,16727842,"Iadh Jarray","2026-08-17 13:45:11",944.9,2,iadhjarray
4203,16667843,"durgesh dere","2026-08-21 16:10:13",944.9,2,durgeshdere08
4204,16750457,"Adrian Ricardo da Silva","2026-08-25 11:21:43",944.9,2,adrianricardodasilva
4205,16634172,"Mario Cicala","2026-09-05 03:06:37",944.9,2,mariocicala
4206,16724584,"Jinx JK","2026-08-18 09:08:26",944.6,2,jinxjk
4207,16721453,"Random Mambo","2026-09-26 14:01:43",944.1,2,beaten67
4208,16690970,"Raoul Biagioni","2026-08-22 06:37:40",944.0,2,raoulbiagioni
4209,16739298,"ricardo assaad","2026-08-18 19:03:22",943.9,2,ricardoassaad
4210,16698223,"Feng Jiahui","2026-08-18 08:35:04",943.7,2,junipersky
4211,16764422,"ong bee","2026-09-09 02:25:57",943.5,2,ongbee
4212,16670791,Hugelidus,"2026-08-25 03:43:18",943.5,2,hugelidus
4213,16766320,vp_mass,"2026-08-25 20:19:08",943.4,2,vpmass
4214,16665214,Epiphany_Thu,"2026-08-21 12:06:53",943.3,2,epiphanythu
4215,16729273,"Munib Ur Rehman Memon","2026-08-24 20:48:08",943.0,2,muniburrehmanmemon
4216,16770884,VegetabledogNeo,"2026-08-31 01:23:25",943.0,2,vegetabledogneo
4217,16716697,"Habil Tobi","2026-08-28 20:57:52",942.9,2,habiltobi
4218,16672199,Vachan,"2026-08-20 07:33:48",942.8,2,vachanpadival
4219,16715506,"Moo Point","2026-08-17 21:44:26",942.4,2,"gnarlycow,tianmeiwang"
4220,16658983,"Titi Huang","2026-09-19 03:19:15",942.3,2,titihuang
4221,16771994,"Jaden Tang","2026-09-15 09:28:23",942.3,2,"aayanshah,jadentang17"
4222,16691946,"Hassan Algizani","2026-08-13 20:20:09",942.1,2,hassanalgizani
4223,16719006,bouiboui,"2026-08-20 18:55:02",941.8,2,bouiboui
4224,16740399,"Lynn Pigott","2026-08-24 03:32:08",941.8,2,lynnpigott
4225,16846297,"Zihan Ni","2026-09-07 08:06:53",941.5,2,lunangai
4226,16672003,carlscamt,"2026-08-14 17:19:42",941.5,2,carlscamt
4227,16661772,R3ddrag0n,"2026-09-02 19:43:09",941.3,2,r3ddrag0n
4228,16726011,"Dawid Fleischer","2026-08-25 18:37:25",940.7,2,dawidfleischer
4229,16778410,"uriel villegas govea","2026-08-28 00:25:47",940.6,2,urielvillegasgovea
4230,16769769,"Artur Shafiev","2026-08-29 05:29:31",940.3,2,arturshafiev
4231,16636094,Hax2456,"2026-08-15 10:05:01",940.3,2,hax2456
4232,16728914,d0gied,"2026-08-17 15:12:08",940.2,2,d0gied
4233,16697922,TingyuanLi277,"2026-08-21 03:39:03",939.9,2,tingyuanli277
4234,16654662,"2/3 rounded to two decimals","2026-08-22 00:36:50",939.9,2,rnold2
4235,16724353,PrathamGupta,"2026-08-17 02:04:38",939.7,2,prathamguptaaaaaaa
4236,16875537,HeIIo.Darkness,"2026-09-13 23:22:12",939.7,2,heiiodarkness
4237,16678346,"Farhan Abid","2026-08-16 08:41:15",939.6,2,farhanabidtech786
4238,16691506,Dipak_ISM,"2026-08-29 13:07:18",939.6,2,dipakism
4239,16771277,zhaowenyi7,"2026-08-31 09:18:04",939.5,2,zhaowenyi7
4240,16701362,"Papa Annan","2026-08-20 21:26:39",939.0,2,papaannan
4241,16737561,"Raj Aryan Singh","2026-08-18 11:50:54",938.4,2,kratos14raj
4242,16673303,"Samuel Sundararaman ","2026-09-26 22:10:19",938.3,2,neopok919
4243,16685074,"Emir Can","2026-08-30 20:16:36",937.9,2,aerospacer
4244,16732381,Raphdraft,"2026-09-03 01:11:34",937.9,2,raphdraft
4245,16738745,"Anh Quân","2026-08-24 13:41:30",937.6,2,qunanh
4246,16786013,sakarush,"2026-09-02 13:17:42",937.6,2,sakarush
4247,16743124,"Leo's Demiurge","2026-09-08 15:06:04",937.5,2,jelurge
4248,16716991,XristosFilip,"2026-08-18 16:43:34",937.5,2,xristosfilip
4249,16726281,rperez04,"2026-08-22 23:15:13",937.4,2,rperez04
4250,16742048,SuperGiantLam,"2026-08-25 02:08:17",937.2,2,zptpsz
4251,16736138,Anand,"2026-08-21 06:00:12",936.9,2,gazzal
4252,16665966,aj000,"2026-09-26 14:12:53",936.8,2,anishjagdaleaj
4253,16670118,"Álvaro Benítez","2026-08-29 15:46:04",936.8,2,lvarobentezlvarez
4254,16713267,"yq l68135","2026-08-21 21:35:52",936.7,2,yql68135
4255,16643125,"CARLOS CAADA ROSTRO","2026-08-21 19:23:34",936.6,2,carloscaadarostro
4256,16870431,"Adam Brink","2026-09-11 11:09:17",936.1,2,adambrink
4257,16746112,"Jonathan Martschinke","2026-08-24 08:52:51",935.9,2,jonathanmartschinke
4258,16680065,Vishodhan,"2026-08-14 23:46:15",935.1,2,vishodhan
4259,16715319,ocha_heaven,"2026-08-19 13:10:14",935.1,2,ochaheaven
4260,16653129,"Prashanth Reddy Biyyani","2026-08-20 13:53:37",934.7,2,"prashanthbiyyani,shivagurrala,sumu1526"
4261,16665927,"bhavya shah","2026-08-17 11:06:22",934.4,2,bhavyashah007
4262,16732654,Goated_Farmers,"2026-08-23 17:09:50",934.4,2,"mugundhjb,srinathduvvuri"
4263,16665336,"maoyuan ma","2026-08-18 11:41:09",934.3,2,maoyuanma
4264,16699772,MrAnalyst,"2026-09-05 10:43:49",934.2,2,mranalyst
4265,16638177,stpete_ishii,"2026-08-30 05:35:41",934.2,2,stpeteishii
4266,16754560,Kam,"2026-08-21 14:02:39",934.2,1,kamting
4267,16638823,YDDDDDD999,"2026-09-06 18:22:40",934.1,2,ydddddd999
4268,16712459,松原琉喜,"2026-08-14 14:54:47",934.0,2,ryuki12kyo
4269,16689601,"Prathmesh Adsod","2026-08-18 03:55:13",933.6,2,prathmeshadsod
4270,16726660,"Prime Leo","2026-08-23 14:21:53",933.5,2,primeleo
4271,16790548,"Francesco Del Sesto","2026-08-31 10:47:27",933.3,2,francescodelsesto
4272,16663445,"ali dzaki","2026-09-13 14:59:25",933.2,2,alidzaki
4273,16666665,Team-Veraxion,"2026-08-31 08:24:24",933.1,2,"anuragvelekat,ayushiitomar,faizmemon,hariharigandikota"
4274,16635668,"Mirza Yasir Abdullah Baig","2026-09-25 05:30:19",933.0,2,myab07
4275,16722319,"༺ANIS YT༻","2026-08-19 13:08:47",932.8,2,anisyt
4276,16684075,"Tianfang Li","2026-09-25 02:41:25",932.6,2,tianfangli1
4277,16710389,GuerillaMoon,"2026-08-19 22:33:46",932.5,2,guerillamoon
4278,16732104,sizumita,"2026-09-12 01:21:14",932.2,2,sizumita
4279,16756750,Charu,"2026-08-22 00:45:03",932.1,2,charu13a
4280,16655877,"Harish K","2026-08-25 19:09:49",931.7,2,harishk2209
4281,16733576,"Ojas Aklecha","2026-08-17 18:34:02",931.4,2,ojasaklecha
4282,16722303,JohannPongratz,"2026-09-10 08:07:38",931.4,2,johannpongratz
4283,16714498,Zubekanov,"2026-08-18 01:14:49",931.1,2,zubekanov
4284,16690612,"Mina Gayid","2026-08-16 12:59:16",931.1,2,minagayid
4285,16925327,danmleo,"2026-09-25 10:55:45",931.1,2,danmleo
4286,16890232,"Yihan Guo #2","2026-09-18 02:40:07",930.9,2,kagglebushswill
4287,16721383,"Emon xu","2026-08-21 16:14:05",930.7,2,emon0xuyym
4288,16675486,"SALAH ELDIN ELNABARAWY","2026-08-18 21:17:22",930.7,2,salaheldinelnabarawy
4289,16674684,next-best-agent,"2026-08-17 15:28:53",930.7,2,"minhduy13ly,tdtu981"
4290,16738278,yansf677,"2026-09-01 12:24:29",930.7,2,yansf677
4291,16707749,Yuzu,"2026-09-04 10:22:41",930.4,2,yuzuoctopus
4292,16639250,"Hamed Seyed-allaei","2026-08-21 19:11:09",930.4,2,pinocchio
4293,16936191,WDK777,"2026-09-23 16:12:36",930.2,2,wdk777
4294,16675503,"Jeff Marc E. Cadet","2026-08-30 17:56:07",930.2,2,jeffmarcecadet
4295,16725346,sokoranohimazin,"2026-08-18 19:39:07",930.0,2,sokoranohimazin
4296,16729640,"Наталья Скляр","2026-08-21 18:11:07",930.0,2,natsklyar
4297,16668721,"Efe Can Celiksoy","2026-08-13 22:00:41",929.5,2,efecnc
4298,16774237,"Dennis SH Lai","2026-08-30 17:21:31",929.5,2,dshihlai
4299,16665543,"Charan Manthena","2026-09-06 08:59:20",929.5,2,charanmanthena
4300,16943744,"Quinn Cossette","2026-09-23 20:34:13",929.2,2,quinncossette
4301,16744043,Take,"2026-08-23 14:17:27",929.1,2,takeuchidaisuke2001
4302,16724947,teacherli0,"2026-08-16 03:09:09",928.7,2,teacherli0
4303,16683193,Paami,"2026-08-24 01:21:00",928.7,2,coldpaami
4304,16692639,"Bharat Kumar0925","2026-09-04 19:52:25",928.6,2,bharatkumar0925
4305,16682867,sneaky6767,"2026-09-27 08:31:19",928.6,2,sneaky6767
4306,16823751,"Tyler Knecht","2026-09-25 14:56:47",928.6,2,tknecht
4307,16754086,Beenvvv,"2026-08-25 05:57:29",928.5,2,beenvvv
4308,16634143,"manual player","2026-08-14 00:41:13",928.5,2,prospal
4309,16625856,takai380,"2026-09-01 02:34:05",928.4,2,takai380
4310,16725342,little_d1d1,"2026-08-16 04:24:39",928.1,2,littled1d1
4311,16727379,"Nicholas Chua","2026-08-20 16:28:44",928.1,2,nickckb
4312,16725441,lemon1219,"2026-08-21 15:37:35",927.8,2,lemon1219
4313,16664759,OrGanAIc,"2026-08-14 22:58:18",927.7,2,arghyaranjandas
4314,16664128,"Michael Todd Overdorf","2026-08-17 00:32:51",927.7,2,michaeltoddoverdorf
4315,16697458,"Lissandra Kruse Fuganti","2026-09-01 15:19:00",927.6,2,lissandrakruse
4316,16841344,"Abdoul Ahad Diop","2026-09-10 20:22:54",927.5,2,abdoulahaddiop
4317,16664120,SaiDuttaAbhishekDash,"2026-08-21 20:30:01",927.2,2,saiduttaabhishekdash
4318,16737843,"Muhammad Shoaib Memon","2026-08-23 19:52:52",927.1,2,muhammadshoaibmemon
4319,16760295,"Luke Hurt","2026-08-24 01:03:42",926.4,2,lukehurt
4320,16744127,Faiz,"2026-08-21 20:33:33",926.2,2,souraditya26
4321,16726071,"PDF ULTRA","2026-08-20 19:36:33",926.1,2,"alengevorgyan,gab0yan"
4322,16661352,"Porch Goose","2026-08-21 02:52:24",925.9,2,jaclyndeem
4323,16687068,digiliwigili,"2026-08-22 12:49:07",925.8,2,kukchyievervin
4324,16743790,"yuji y","2026-08-28 10:53:06",925.5,2,yujiyyy
4325,16719536,"Mandy Lin","2026-08-14 03:18:29",925.4,2,ydnamlin
4326,16720841,liuhc1017,"2026-09-14 12:24:08",925.2,2,liuhc1017
4327,16673234,MACvengers,"2026-08-19 16:34:04",925.1,2,"astrojaswanthkumar,ikpikp"
4328,16657803,"Arya Mazloomi","2026-08-14 00:17:11",923.9,2,aryamazloomi
4329,16644145,"Mehdi Azouz","2026-09-07 11:22:07",923.7,2,mehdiazouz
4330,16685160,Yura,"2026-08-17 07:27:50",923.0,2,yuratrubitsyn
4331,16699745,"Norbert Szolnoki","2026-08-18 11:39:55",922.9,2,norbertszolnoki
4332,16671694,evananann,"2026-08-19 07:46:36",922.9,2,evananann
4333,16653379,"Asakawa Ruriko","2026-08-30 00:31:08",922.5,2,asakawaruriko
4334,16763813,Sydney,"2026-09-26 01:39:40",922.2,2,n3yan7
4335,16722120,nekoha,"2026-08-15 15:01:16",921.7,2,nekoha
4336,16735582,"Tumaini Makena","2026-08-18 06:01:09",921.5,1,tumainimakena
4337,16646679,tong00,"2026-08-17 12:02:11",921.4,2,tong00
4338,16710128,"KeHao Liu","2026-08-14 01:52:29",921.2,2,kehaoliu
4339,16639732,"Junbeom Lee23","2026-08-15 02:45:23",921.1,2,junbeomlee23
4340,16841647,patitod,"2026-09-06 01:22:09",920.8,2,anasofaescobar
4341,16651672,"Xiaolei Lian","2026-08-19 03:18:04",920.7,2,xiaoleilian
4342,16659763,clarkzhang1031,"2026-08-13 12:27:10",920.6,2,"clarkzhang1031,huafeihuang"
4343,16675905,HydFarms,"2026-08-30 11:22:11",920.3,2,"kumaramar,ronithjaju,shiveshcgatech,vidhishah115"
4344,16724060,"Mạnh Linh Hoàng","2026-08-15 15:54:52",920.3,2,manhlinh1501
4345,16750344,Vaasu0501,"2026-08-28 16:49:39",920.1,2,vaasu0501
4346,16660268,"Sébastien Mametz (Pixs)","2026-08-14 09:08:39",920.1,2,sbastienmametzpixs
4347,16663240,"Rilen T. L.","2026-08-18 13:45:46",920.0,2,"jairosilvabastos,rilentl"
4348,16695695,"Siva Kumar","2026-09-26 17:34:13",920.0,2,sivapnlr80
4349,16756557,"Marius Heuser","2026-08-24 21:41:31",919.9,2,mariusheuser
4350,16691976,"Harini Panigrahi","2026-08-14 16:57:32",919.9,1,harinipanigrahi
4351,16638375,"Tran H Hoang","2026-08-14 17:01:27",919.7,2,tranhhoang
4352,16634166,Yuki.O,"2026-08-19 01:38:42",919.7,2,yukiohkawa
4353,16729054,"Shantanu Kesarkar","2026-08-27 05:50:23",919.6,2,shantanukesarkar
4354,16661784,"XU XUXIANG","2026-08-27 12:57:06",919.3,2,"mikeaaaa14,xuxuxiang"
4355,16724351,"Luxshan Thavarasa","2026-08-24 09:58:38",919.2,2,luxluxshan
4356,16772803,"Linneu Holanda","2026-09-25 02:25:46",919.0,2,linneuholanda
4357,16633222,maxingkong733,"2026-08-18 23:32:58",918.9,2,maxingkong733
4358,16722330,"Jean-Louis Roy","2026-08-31 07:44:08",918.8,2,jeanjean111
4359,16697936,"Sami Cakiral","2026-08-15 19:43:40",918.6,2,samicakiral
4360,16694710,ponsuk,"2026-08-17 19:01:09",918.6,2,ponsuk
4361,16734492,Orynx,"2026-08-19 08:01:33",918.4,2,"inderj1,jayveersingh6"
4362,16698576,monnu,"2026-08-19 05:55:01",918.3,1,fuumin621
4363,16710141,htatsumi,"2026-08-15 01:07:11",918.1,1,tatsumihasebe
4364,16664762,"John Marinton","2026-09-22 13:52:40",917.8,2,marintonjohn
4365,16651833,"Hồ Khánh Duy","2026-08-14 17:52:23",917.2,2,hkhnhduy
4366,16660233,ko9ma,"2026-09-08 08:42:33",916.9,2,kohojung
4367,16682471,Soumya2003,"2026-09-17 09:22:26",915.9,2,soumya2003uyvv755
4368,16665125,"David Schindler15","2026-08-14 04:58:39",915.9,2,"davidschindler15,mz3207"
4369,16765953,"Muhammad Ahmed","2026-08-26 13:46:48",915.3,2,muhammad4hmed
4370,16623226,"Hafida Belayd","2026-09-05 17:12:33",915.1,2,hafidabelayd
4371,16625241,"Mutoy Choi","2026-09-01 07:42:20",915.1,2,mutoy1
4372,16698930,MrKiwi,"2026-08-19 09:34:31",915.0,2,mrkiwi
4373,16708226,asi1024,"2026-08-16 13:14:53",914.9,2,asi1024
4374,16732685,Tanmay,"2026-08-23 18:16:07",914.8,2,blankkz
4375,16675161,iVl44d,"2026-09-24 11:18:03",914.6,2,ivl44d
4376,16726064,"sana slama","2026-08-15 17:01:13",914.2,1,sanaslamamm
4377,16668700,"Pranshu Ghori","2026-08-17 22:02:35",914.1,2,pranshughori
4378,16709529,alhlbx5,"2026-09-03 22:48:54",913.7,2,alhlbx5
4379,16744355,"Sameera T","2026-08-22 10:13:47",913.4,2,sameeramaq
4380,16675807,cubreto,"2026-08-26 15:00:34",913.2,2,cubreto
4381,16729372,"Gaspard Plt","2026-08-17 21:58:55",912.9,2,gaspardplt
4382,16637329,Rucbic,"2026-08-19 17:32:21",912.8,2,rucbic
4383,16667324,"Muhammed selim Bilic","2026-08-26 17:02:17",912.1,2,muhammedselimbilic
4384,16660840,"An Garcia","2026-09-25 14:11:29",911.9,2,angarcia
4385,16792329,"Kumkum Barot","2026-09-27 08:14:24",911.6,2,kumkumbarot02062003
4386,16692548,"Rockstar Farmer","2026-08-19 05:15:37",911.0,2,yuhaili
4387,16691987,0xalgos,"2026-08-17 09:35:28",910.5,2,anandvashishtha5362
4388,16694091,"Nan Leng","2026-08-23 07:41:41",910.5,2,nleng66ca
4389,16721947,groots,"2026-08-16 06:32:40",910.3,2,muhammadismail433
4390,16802892,YUYA,"2026-09-06 08:34:05",910.3,2,yuyaizumikawa
4391,16667787,"Daryl Brach","2026-08-17 09:41:51",910.0,2,dbrach
4392,16719238,"Rômulo Siqueira","2026-08-20 00:15:16",909.5,2,romulosiqueira
4393,16738461,monnosuke,"2026-09-25 01:17:23",908.9,2,shiomi1012
4394,16771677,"hedy huangyuheng","2026-08-27 02:13:28",908.8,2,hedyhuangyuheng
4395,16656394,"Pushkar K.G","2026-08-18 09:29:08",908.4,2,dejokz
4396,16678872,ibrahim,"2026-08-17 19:30:32",908.1,2,skyfish77
4397,16634691,bot-farmer,"2026-08-19 06:16:19",908.0,2,shauryam25
4398,16701868,AJ,"2026-09-09 20:53:34",907.8,2,abduljabbarcalica
4399,16623445,"Hasin Raihan Dhrubo","2026-08-16 09:28:12",907.7,1,hasinraihandhrubo
4400,16698884,VVVoyager,"2026-08-14 03:55:10",907.1,2,"haoxuanshan,hengnui"
4401,16667734,SuroRitch,"2026-08-15 16:23:52",906.1,2,suroritch
4402,16727019,uitsnf,"2026-08-23 15:45:22",906.1,2,uitsnf
4403,16693934,evnchn,"2026-08-23 15:41:50",906.0,2,evnchn
4404,16701897,"Alejandro Lavandeira Casais","2026-08-14 12:56:12",905.8,2,alejandrolavandeira
4405,16656584,Spintronic,"2026-08-19 15:24:17",905.8,2,spintronic
4406,16669897,"Tahsan Ferdous","2026-08-14 19:30:09",905.6,2,tahsanferdous
4407,16679443,albu,"2026-08-15 19:22:12",905.4,2,albuslaev
4408,16691524,"Martim Nascimento","2026-09-05 15:54:47",905.4,2,martimnascimento
4409,16640368,"Nkosi Ndwandwe","2026-09-06 05:03:26",905.3,2,nkosindwandwe
4410,16663590,"Jakub Dolének","2026-08-13 13:08:32",905.1,2,dolenek
4411,16666946,pwxc00,"2026-09-25 10:44:55",905.1,2,alert04
4412,16630839,steubk,"2026-09-25 05:24:44",905.0,2,steubk
4413,16691012,"Sanzhar Almasuly","2026-08-29 07:28:34",905.0,2,sanzharalmasuly
4414,16661509,JSON_Voorhees,"2026-09-26 20:04:05",904.7,2,michaelgreenhut
4415,16724795,yangqi1234,"2026-08-23 08:26:23",904.7,2,yangqi1234
4416,16719002,Astraeus,"2026-09-14 15:53:57",904.7,2,astraeusdotdev
4417,16698214,Juandix,"2026-08-18 03:35:51",904.6,2,juandix
4418,16738235,tenfish,"2026-09-22 15:26:05",904.4,2,"oygdri,takatoyoshikawa"
4419,16662940,"The Coder Geek Squad Leader","2026-08-17 09:23:58",904.2,2,soulemaneisissifou
4420,16654548,DataSluts,"2026-08-28 07:00:12",904.1,2,"rahulmedida,siddarthnayak50,sivasu07"
4421,16708624,"Aboubacar HEMA","2026-08-19 14:24:02",904.0,2,"aboubacarhema,marcmare,wilfredkouadjo"
4422,16621219,"Inna Campo","2026-08-15 09:08:23",903.8,2,innacampo
4423,16696607,"Manish modak","2026-09-27 02:52:37",903.5,2,manishmodak
4424,16629403,Galza98,"2026-09-20 06:26:24",903.2,2,galza98
4425,16719100,"Abhiraj Singh","2026-08-14 12:02:33",902.8,2,cyberdrago
4426,16668069,jackhsia,"2026-08-23 15:56:13",902.2,2,jackhsia
4427,16663284,"Aman Prakash","2026-08-12 20:58:28",902.0,2,amanprakash777
4428,16709214,"Ariel Suntasig","2026-08-17 19:46:09",901.7,2,arielsuntasig2001
4429,16628295,qwertykeypadapple,"2026-08-13 19:05:04",901.7,2,qwertykeypadapple
4430,16695615,Celinao,"2026-08-14 08:02:47",901.5,2,celinao
4431,16677945,"Quân Trần","2026-08-25 06:43:39",900.5,2,wuntrn
4432,16781170,"Ulugbek Salohiddinov","2026-08-28 02:38:15",900.5,2,ulugbeksalohiddinov
4433,16674447,"Nathan Thor","2026-09-18 11:07:56",900.4,2,devofpie
4434,16651088,ych~sun,"2026-09-11 13:06:05",899.9,2,ychsun
4435,16821267,1417,"2026-09-11 13:14:32",899.9,2,"dongyuhao,liuyihang026,yejialin"
4436,16723941,teraSurfer40141,"2026-08-16 01:16:49",899.3,2,r00tt00r
4437,16622367,mg,"2026-08-23 17:49:21",899.3,2,"egorkashpar,sashaboriskin,smooky"
4438,16727191,"Alexander Kokshenin","2026-08-20 02:08:15",899.1,2,kokshenin
4439,16655335,Justus,"2026-08-19 14:18:38",898.7,2,justus0
4440,16703300,"Fahd EL ANSARI","2026-08-15 23:47:17",898.5,2,fahdelansari
4441,16675240,Leifson1337,"2026-09-25 12:17:00",898.2,2,leifson1337
4442,16717792,han10086,"2026-08-13 15:05:21",898.2,2,han10086
4443,16692851,ichnixhelle,"2026-08-12 22:20:24",898.1,2,ichnixhelle
4444,16653890,YUKRUB,"2026-09-11 08:55:14",898.1,2,yukrub
4445,16724109,"small fry in the underworld","2026-09-11 05:51:16",898.0,2,wwwwhitley
4446,16655305,"Junior Sohou","2026-08-14 00:15:42",898.0,2,juniorsohou
4447,16740700,"Vyas Senthilkumar","2026-08-19 04:26:42",897.8,2,vyassenthilkumar
4448,16656519,"Chris Laska","2026-08-25 19:45:39",897.7,2,chrislaska
4449,16632444,"Issac “Izreal” Davis","2026-08-13 20:42:03",897.1,2,issacizrealdavis
4450,16713155,AdarshAleti,"2026-08-18 05:39:57",897.1,2,adarsh1077
4451,16841747,"Carlos Bósquez","2026-09-27 04:40:36",896.7,2,carlosbsquez
4452,16658931,"somewhere after","2026-08-19 08:16:29",896.5,2,amaterasuuuuu
4453,16704818,probably6767,"2026-09-27 08:31:14",896.1,2,probably6767
4454,16713178,Funno,"2026-08-19 17:32:54",895.7,2,yes711
4455,16666939,20237208_黄奕恺,"2026-08-22 12:53:27",895.7,2,mrhuangyy
4456,16682557,"Soumalya Mandal","2026-08-14 14:57:29",895.7,2,mrcyberhunter
4457,16740320,NguyenAn27,"2026-08-20 00:46:32",895.5,2,nguyenan27
4458,16759652,Fnoa,"2026-08-23 12:26:39",894.9,2,trasibulo
4459,16775412,"moo moo","2026-09-08 15:54:28",894.7,2,"amrof122,yassinamr11"
4460,16658081,ando,"2026-08-20 01:52:23",894.7,2,andoshunsuke
4461,16622242,"Robert Koval","2026-09-27 08:34:05",894.7,2,robertkoval
4462,16744658,Shree85,"2026-09-22 21:05:43",894.6,2,shree85
4463,16622939,"Kamal Das","2026-08-27 12:47:13",894.5,2,kmldas
4464,16691702,kss,"2026-08-13 19:30:20",894.4,2,l0glikelihood
4465,16748246,"Eric S","2026-08-26 12:50:54",894.3,2,ericsangberg
4466,16697689,"Pavel Pakhmutov","2026-08-12 23:11:23",894.3,2,pavelpakhmutov
4467,16726232,"sayed rafi","2026-08-18 21:13:00",893.8,2,sayedrafi
4468,16738825,RishabhSpark,"2026-08-28 05:11:27",893.3,2,rishabhspark
4469,16672530,GUGUGAGA,"2026-08-14 04:33:54",893.3,2,"ruiyangzhang23,taoguo079"
4470,16635317,"KAKA Minishijie","2026-08-26 04:36:55",893.1,2,kakaminishijie
4471,16672653,Cultuurstelsel,"2026-08-13 16:59:47",892.8,2,ryuorlandotamin
4472,16724233,"Rafal Porwol","2026-09-24 22:02:55",892.6,2,rafalporwol
4473,16724262,"Obu obu","2026-08-15 10:48:05",892.3,2,obuobu
4474,16685850,K,"2026-08-14 06:37:41",892.1,2,kolci017
4475,16659123,sd,"2026-08-18 17:46:56",892.0,2,siddharthadevkota
4476,16668788,ConnieCodes,"2026-08-17 13:40:25",891.3,2,conniecodes
4477,16623791,rakumo,"2026-08-19 23:46:04",890.9,2,sirakumo
4478,16889392,Prit_44421,"2026-09-14 11:29:09",890.2,2,prit44421
4479,16745294,"Ahmed Ehab Fathi","2026-09-05 01:27:13",890.1,2,ahmedehabfathi
4480,16658150,Gravity-x73d,"2026-08-17 09:16:29",890.1,2,gravityx73d
4481,16756925,"Dread Development","2026-09-05 11:38:51",889.9,2,"dreaddevelopment,seanornberg"
4482,16678172,"Eishkaran Singh","2026-08-19 19:12:02",889.8,2,eishkaran
4483,16756415,"Mihai Balan","2026-08-31 06:39:25",889.6,2,mihaibalan
4484,16670755,"Amine zeDDouk","2026-08-18 09:37:41",889.5,2,aminezeddouk
4485,16665838,wenbodai,"2026-09-01 12:41:51",889.5,2,wenbodai
4486,16685626,"Livingstone Selassie","2026-08-16 00:26:50",889.3,2,"hackerx019,livingstoneselassie"
4487,16735075,"Ronchen Luo","2026-08-18 04:29:47",889.0,2,ronchenluo
4488,16679560,LEET,"2026-08-15 00:45:52",888.5,2,soufianelasfar
4489,16641288,nakagawaren0805,"2026-09-12 10:35:10",888.4,2,nakagawaren0805
4490,16664164,"Elzandi Irfan Zikra","2026-08-15 15:53:21",887.9,2,"dyahayuretnoningsih2,zangetsufuin"
4491,16711928,Leraaaa,"2026-09-26 11:32:14",887.8,2,leraaaa
4492,16763978,"Swayam Gode","2026-09-07 16:15:33",887.7,2,swayamgode2
4493,16718572,MLarpers,"2026-08-22 14:06:48",887.6,2,"koteikachannel,mrhornetik"
4494,16732428,"Darren Amadeus Martin","2026-08-19 00:48:02",887.4,2,darrenamadeusmartin
4495,16750477,"Tapabrata Biswas","2026-08-25 13:11:13",887.2,2,"dumbakaash,ishanhira"
4496,16710661,"Pengyi Peng1","2026-09-03 05:48:27",887.2,2,pengyipeng1
4497,16731432,sieradni,"2026-09-01 06:12:00",887.1,2,sieradni
4498,16655179,"I Need an Internship","2026-08-15 02:39:23",886.9,2,dimasibnumuthi
4499,16720088,"Oiti Roy","2026-08-14 06:26:04",886.9,1,oitiroy
4500,16766840,"Andrey ","2026-08-24 14:27:38",886.4,1,anti1111
4501,16785505,"Rishiraj Acharya","2026-09-08 04:26:42",886.3,2,rishirajacharya
4502,16634238,SoWwe,"2026-08-29 18:17:46",886.3,2,sowwe4
4503,16770648,"Yoshitaka Nozaki","2026-08-26 00:38:06",886.1,1,yoshitakanozaki
4504,16623152,"agentic warriors","2026-09-27 00:32:53",886.1,2,"ibadia,isabellawoo01"
4505,16710094,winwinwin,"2026-09-03 13:22:51",885.9,2,"ouyangruize,teecemackenieo"
4506,16715187,maker2026,"2026-09-09 00:38:59",885.2,2,maker2026
4507,16748717,mt,"2026-08-20 13:09:12",885.2,1,mtanakaslgfreak
4508,16840694,"cory cozy","2026-09-06 11:48:38",885.1,2,corycozy
4509,16695093,"Ryota Murai","2026-08-27 15:28:04",885.1,2,rmuraix
4510,16691830,"Nikita Lugovoy","2026-08-15 03:39:17",884.9,2,nikital7
4511,16727219,"Chukka Venugopalam","2026-09-26 16:47:09",884.7,2,chukkavenugopalam
4512,16707598,Kamazarashi,"2026-08-18 05:40:15",884.2,2,kamazarashi
4513,16698439,"Pournami Prakash","2026-09-12 20:17:14",884.0,2,pprakas
4514,16634824,yuki16,"2026-08-27 02:55:04",884.0,2,yuki16
4515,16696631,"saya akan lawan!","2026-08-21 18:42:23",883.9,2,nurhadibudhy
4516,16839110,0x3f,"2026-09-26 03:43:58",883.8,2,zhangbowen1005
4517,16690113,m0chi1216,"2026-08-16 15:07:24",883.7,2,m0chi1216
4518,16714980,Chenaters,"2026-08-16 08:41:10",883.5,2,chenaters
4519,16624824,GoofyGenius,"2026-09-09 16:05:59",883.4,2,goofygenius
4520,16696887,kt-Kitayama,"2026-09-01 13:23:49",883.3,2,ktkitayama
4521,16743741,Arooran,"2026-08-24 13:37:47",883.0,2,arooransivakarunai
4522,16749618,Fon1as,"2026-08-21 09:36:42",882.5,2,fon1as
4523,16658803,"Rahul Jiwane","2026-08-21 06:19:57",882.3,2,rahuljiwane
4524,16657610,"H Bharath","2026-08-31 18:54:57",882.2,2,hbharath
4525,16722986,"Abhiram 9803","2026-08-15 18:43:09",882.1,2,abhiram9803
4526,16735125,mtskggle,"2026-08-22 04:50:43",882.0,2,matsusakaggle
4527,16925900,"Marco Papotti","2026-09-26 14:48:26",881.9,2,marcopapotti
4528,16669191,"Mohammed Nomaan","2026-09-19 19:48:47",881.4,2,nomaanz
4529,16664860,ANUJPUROHIT18,"2026-09-01 05:03:07",881.2,2,anujpurohit05
4530,16718947,"Dani Ortega","2026-08-25 07:07:35",881.0,2,daniortega99
4531,16732462,"Aji Samudra","2026-08-24 09:05:21",880.8,2,ajisamudra
4532,16730903,noynkmr,"2026-08-25 05:47:01",880.5,1,noynkmr
4533,16761849,viber3221,"2026-08-24 13:38:59",880.5,2,viber3221
4534,16659614,"Heikki Leskelä","2026-08-22 16:35:42",880.4,2,heikkileskela
4535,16766982,"Sir Dona ","2026-08-25 15:54:46",880.3,2,sirdona
4536,16734450,"Ian Teigen","2026-08-18 00:04:38",880.3,2,ianteigen
4537,16649313,"Jiajun HAN","2026-08-14 07:13:57",880.2,2,jiajun1
4538,16649108,"Steve AVOMO","2026-08-17 03:12:41",879.5,2,aurelsteve77
4539,16730288,matsurih,"2026-09-26 09:36:20",878.5,2,matsurihime
4540,16766905,Antigone_duckduck,"2026-08-24 16:38:37",878.4,2,antigonexzh
4541,16631595,CuteClaw,"2026-08-14 01:25:52",878.2,2,bloodmoonwq
4542,16656807,Yoganjaneyulu,"2026-08-13 09:20:17",878.0,2,yoganjaneyulu
4543,16803651,gyujinst,"2026-09-05 01:44:38",877.7,2,gyujinst
4544,16656990,"NALLA SUMANG","2026-08-30 03:15:46",877.6,2,sumangnalla
4545,16632788,"Bright O.H.","2026-08-23 03:45:36",877.6,2,brightoh
4546,16749347,Shibungi,"2026-09-01 06:52:21",877.6,2,shibungi
4547,16735102,"Zhiqi Liu","2026-08-31 02:57:12",877.2,2,crazyqiqi
4548,16759864,exaucedossou,"2026-08-22 17:56:40",876.9,2,exaucdossou
4549,16710587,durgasai,"2026-09-01 13:14:36",876.6,2,dsainvg
4550,16622251,"Moroz Roman","2026-08-20 06:22:05",876.6,2,crissyro
4551,16717630,Amer,"2026-08-13 21:23:41",876.6,2,amerhu
4552,16723132,Bridgeport,"2026-08-21 20:25:32",876.6,2,bridgeport
4553,16634650,UnfriendlyAI,"2026-08-24 11:44:47",876.5,2,unfriendlyai
4554,16753985,"Narenthira Balaji","2026-08-21 10:54:17",876.0,1,narenthirabalaji
4555,16665050,"Praneeth Palugula","2026-08-14 06:28:56",875.8,2,praneethpalugula
4556,16842806,"Yan Tao Tang","2026-09-07 10:41:41",875.6,2,yantaotang
4557,16727090,"Deep Blue Pasture","2026-08-17 02:28:34",875.2,2,shamanah
4558,16726870,"Svanik Kolli","2026-08-16 00:11:14",874.9,1,svanikkolli
4559,16710421,SZ_00_zyz,"2026-08-20 02:54:53",873.8,2,sz00zyz
4560,16726115,helloworld311,"2026-08-17 05:52:20",873.2,2,helloworld311
4561,16894541,"Deepak Mahajan","2026-09-17 05:27:59",873.1,2,xdipzz
4562,16687596,AjPrem,"2026-09-14 02:49:09",873.0,2,"ajprem,jefferysingh,neelcasula"
4563,16656931,pns,"2026-08-15 09:45:46",872.9,2,"nikhilkasyap07,premsivasai,saranboddu"
4564,16729421,Oblivix,"2026-09-02 04:16:25",872.8,2,"aradhyatiwariii,oblivix"
4565,16926108,"Pavan G","2026-09-27 04:02:48",872.8,2,exemplar
4566,16743737,"Joanna C.","2026-08-20 23:07:09",872.6,2,joannaciesielski
4567,16690020,shantaitichu,"2026-08-17 09:40:30",872.5,2,shantaitichu
4568,16705176,"Ruslan Raupov","2026-08-20 09:10:24",872.5,2,ruslanraupoff
4569,16662615,"Anurag irawit","2026-09-01 14:16:49",872.3,2,anuragirawit
4570,16672243,"Fazil Putra","2026-08-14 01:24:17",872.0,2,fazilputra
4571,16768022,"Miles Oberting","2026-08-31 23:48:39",871.9,2,milesoberting
4572,16633096,anvai_agents,"2026-08-20 05:50:45",871.8,2,"anandgaikwad7781,vaidehidhamnikar"
4573,16665919,"Labmem Tang","2026-08-31 03:06:37",871.8,2,labmemtang
4574,16751267,Guojun1,"2026-08-21 01:57:23",871.4,1,guojun1
4575,16711910,"Artem Zapara","2026-08-18 16:48:51",871.3,2,artemzapara
4576,16655559,"Fajri Yanuar Shiddiq Juanda","2026-08-13 01:40:20",871.2,2,fajriyanuar
4577,16633709,"kitory Yeah やきとり","2026-08-15 22:30:08",871.0,2,kitoryyeah
4578,16668049,"Masayoshi Kurihara","2026-08-14 06:20:21",870.2,2,masayoshikurihara
4579,16623753,HZM,"2026-09-11 04:34:07",870.0,2,leehann
4580,16732754,ikeuchy,"2026-08-29 04:10:41",869.9,2,ikeuchy
4581,16675088,"Andrei Chulkov","2026-08-15 19:43:12",869.7,2,andreichulkov
4582,16674683,"Ali Esam","2026-09-11 17:00:03",869.7,2,zyxsu0
4583,16714058,"Ahmet Erdem Pamuk","2026-08-12 18:59:18",869.6,2,ahmeterdempamuk
4584,16770952,"Satyajeet Kumar","2026-08-25 20:42:40",869.6,2,m4rcuseryx
4585,16930655,"Abdalrahman mohamed","2026-09-23 14:42:21",869.6,2,abdalrahmanmohamed3
4586,16709793,"Victor Hotz","2026-08-13 18:48:06",869.4,2,victorhotz
4587,16803602,ihiratch,"2026-09-06 15:57:56",869.4,2,ihiratch
4588,16748421,lulzx,"2026-08-20 17:52:11",868.9,2,lulzxy
4589,16651623,"Sarvesh Talele","2026-08-28 05:18:58",868.9,2,sarveshtalele
4590,16688368,"Lam Vo","2026-08-15 16:39:23",868.8,2,nhatlam
4591,16666033,"Shota Takano","2026-09-27 06:38:00",868.1,2,shotatakano
4592,16729484,"Sankalp Nagineni","2026-08-16 17:35:31",867.4,2,sankalpnagineni
4593,16692110,"Ahmed Khudair","2026-08-11 22:33:06",867.3,1,ahmedkhudair121
4594,16666853,"Bisola Olasehinde","2026-08-31 13:08:21",867.0,1,bizzyvinci
4595,16696561,"Ali Ramazanov","2026-09-22 07:46:58",867.0,2,aliramazanov
4596,16715628,Dian,"2026-08-17 01:57:33",866.9,2,clas233
4597,16669494,"Abdullah Razi","2026-09-03 18:39:36",866.7,2,abdullahroninrazi
4598,16639230,Rylan,"2026-08-15 13:15:45",866.4,2,"liuruihan333,wangxiaodundun"
4599,16726512,shash,"2026-08-15 19:41:18",866.2,1,zshashz
4600,16774228,"Anggit Maulana Abdi","2026-08-28 14:37:01",866.1,2,anggitmaulanaabdi
4601,16731243,"[Deleted] dab36be1-9992-4710-95f4-39a9f7a2cd3c","2026-08-24 15:13:27",865.7,2,del=fd92954ed0c92f1a
4602,16768647,vaultguard,"2026-09-14 21:08:32",865.3,2,vaultguard
4603,16748524,TongY26,"2026-08-21 08:33:16",865.1,2,tongy26
4604,16728460,oh-Artistburger-AHA-TastyMeat!,"2026-08-16 11:54:46",865.0,1,akikukeo1
4605,16778206,yuanlao153,"2026-08-28 15:00:04",864.9,2,yuanlao153
4606,16674479,"Alan Rosston","2026-08-14 08:20:49",864.9,2,alanrosston
4607,16705328,"Ester Arias","2026-09-27 06:16:51",864.1,2,esterarias
4608,16658014,Bharath,"2026-09-26 20:35:40",863.9,2,pes2ug23cs121
4609,16728723,"Ronith Rashmikara","2026-08-18 03:28:52",863.6,2,ronithrr
4610,16775386,kaggler,"2026-08-31 09:29:41",863.5,1,deepkim
4611,16695691,neural-canvas,"2026-08-12 20:46:37",863.3,2,mrsanap
4612,16715024,"Ömer Özbek","2026-08-22 13:50:34",862.5,2,omerozb
4613,16725642,"Arav Sharma","2026-08-17 03:51:14",862.5,2,aravsharma26
4614,16701969,旧楚狂人,"2026-08-15 14:20:59",862.1,2,jiuchukuangren
4615,16661132,"Jia Chen","2026-09-26 19:42:49",861.9,2,jiachenjasper
4616,16803913,"SUJIB BARMAN","2026-09-01 16:42:07",861.8,1,cardata
4617,16697223,"Azizii Gill","2026-09-09 21:27:12",861.7,2,aziziigill
4618,16680931,"Rattan Singh","2026-08-16 04:23:37",861.1,2,rattans
4619,16663313,onlysmrtsumx,"2026-08-12 01:29:30",861.1,2,onlysmrtsumx
4620,16689447,"Ivan Berrutto","2026-08-13 04:14:38",860.9,2,ivanberrutto
4621,16773559,"Abhishek Mahto","2026-08-26 06:40:07",860.6,1,abhishek3115
4622,16765065,"Rohith T R","2026-08-26 13:28:38",860.5,2,rohithtrgod
4623,16851557,SunaoCool,"2026-09-11 04:15:13",860.4,2,yoshikinishita
4624,16713771,bndang,"2026-09-19 21:22:11",860.3,2,bndang
4625,16696983,"JKM Ventures","2026-08-17 22:58:03",860.0,2,jeffreydrew
4626,16663992,小陈同学,"2026-08-18 07:26:54",859.8,1,czastu
4627,16729828,spunkrock,"2026-08-16 20:08:06",859.7,1,spunkrock
4628,16724533,"Yusei Ito","2026-08-22 19:18:19",859.7,2,yuseiito
4629,16809168,"Shaun the Sheep ","2026-09-26 11:43:12",859.4,2,badlandsram
4630,16725242,chinchilla,"2026-08-19 10:53:07",859.0,2,tgwstr
4631,16857894,"Ludwig Agurto Contador","2026-09-12 22:35:55",858.7,2,ludwigagurtocontador
4632,16729650,"Tapiwa Makandigona - Zimbabwe21","2026-08-31 11:36:48",858.4,2,mukanya1994
4633,16808914,slfmmm,"2026-09-02 11:50:26",858.4,1,slfmmm
4634,16650372,Greed,"2026-08-12 17:18:47",858.3,2,greedshen
4635,16841176,"Bruce Cole","2026-09-09 00:39:28",857.8,2,brucecole
4636,16697024,"Jiri Prudky","2026-09-06 06:00:57",857.7,2,jiprud
4637,16653955,"tanmay singhal","2026-08-29 12:00:53",857.3,2,anexperiencedidiot
4638,16664334,"Satishvaran Ragu","2026-08-28 03:07:19",857.1,2,satishvaranragu
4639,16694149,maxout,"2026-09-21 06:18:06",857.1,2,"aadijoshi19,kavyabhand"
4640,16677832,"Maryam Tahir","2026-08-25 15:07:42",857.0,2,maryamtahir09
4641,16661423,"Rishavendra Sharma","2026-08-31 08:38:23",856.9,2,rishavendrasharma
4642,16756399,"old Ryne Mac had a farm","2026-08-21 19:44:11",856.4,1,rynemac
4643,16734578,"Pascal Andreas","2026-08-26 17:42:14",856.4,2,pascalandreas
4644,16725354,"Swaroop piduguralla","2026-08-19 14:23:28",856.3,2,pnsaimanitejaswaroop
4645,16781516,"Hongbin Guokaggle","2026-08-29 04:16:00",855.4,2,hongbinguokaggle
4646,16658097,Sujay,"2026-09-17 06:08:01",855.4,2,sujayprodduturi
4647,16660488,tehyoni,"2026-09-27 07:15:14",855.4,2,"gooberdambi,sidcat,suaeng,tehyoni"
4648,16811576,Zi,"2026-09-03 01:52:15",855.3,1,kaigaokaigao
4649,16714902,HunterBlue,"2026-08-13 18:54:47",855.2,2,marianacodebase
4650,16716949,ligaydima,"2026-09-22 07:02:19",854.8,2,ligaidima
4651,16941390,yukikotani,"2026-09-25 00:00:27",854.7,2,yukikotani2231
4652,16712888,Vux,"2026-08-20 14:32:16",854.1,2,weiyu85
4653,16775781,"I am GroOth","2026-09-26 12:45:32",853.6,2,gideonoba
4654,16699610,"Sneha ","2026-08-17 01:00:34",853.5,2,kharya3
4655,16714059,Yentür,"2026-08-12 18:47:44",853.4,1,meryentr
4656,16700737,HechtJP,"2026-08-13 11:12:06",853.3,2,hechtjp
4657,16693886,spellstriker,"2026-08-12 22:03:20",853.3,2,spellstriker
4658,16738467,EnriFermi,"2026-08-26 23:51:18",853.0,2,enrifermi
4659,16809122,"federico battello","2026-09-10 15:05:02",852.8,2,federicobattello
4660,16728272,"Daris Dzakwan Hoesien","2026-08-16 10:48:22",852.4,1,darisdzakwanhoesien2
4661,16920916,"wiki Alexander","2026-09-23 06:11:41",852.4,2,wikialexander
4662,16765526,"Kotala Kishan Reddy","2026-08-24 08:56:22",852.2,1,kotalakishanreddy
4663,16732586,Juniex,"2026-09-22 13:52:52",851.7,2,"juniex,shirleyshirleyye"
4664,16684163,MohamedFD,"2026-08-13 12:32:47",851.7,2,mohamedfd
4665,16633580,Vinymo,"2026-08-23 15:32:23",851.0,2,vinymo
4666,16703099,GansPiro,"2026-08-13 18:34:26",850.9,2,ganspiro
4667,16633414,"sagar tripathy","2026-08-13 15:57:56",850.3,2,sagar8trip
4668,16700995,"Maram Ali","2026-08-15 09:13:15",850.3,2,msama01
4669,16681275,"CUG HeQiao","2026-08-12 09:06:14",850.0,2,cugheqiao
4670,16625611,"Karl Smile","2026-08-28 16:42:46",849.8,2,karlsmile
4671,16662023,"Vikas Kumar","2026-09-08 17:17:57",849.6,2,vikshit104
4672,16635509,simmons1025,"2026-09-24 00:57:55",849.5,2,simmons1025
4673,16689952,"Lazarus Ogero","2026-08-11 16:44:08",849.5,2,lazarusogero
4674,16772450,"Muneeba Badar","2026-08-25 21:19:13",849.1,2,muneebabadar
4675,16621735,VN-Orion,"2026-08-21 11:42:27",849.0,2,fastthanh78
4676,16709462,"KK #2","2026-08-14 09:06:37",848.9,2,kk2909
4677,16654381,"Dmitry Belan","2026-08-30 17:16:29",848.6,2,dimong4
4678,16655368,"Mohammed Maqsood L","2026-08-19 10:40:17",848.4,2,mohammedmaqsoodl
4679,16671821,donglee,"2026-08-13 09:13:09",847.8,1,dongleeovo
4680,16767528,"Umut Toygar Göz","2026-08-30 13:01:54",847.8,2,umuttoygargoz
4681,16699659,"Dimas Pasha Akrilian","2026-09-01 01:59:59",847.8,2,dimaspashaakrilian
4682,16830837,"Damilare Olayemi","2026-09-08 08:35:23",847.3,2,damilareolayemi
4683,16773266,newbyy,"2026-08-26 05:21:47",846.8,1,newbyy
4684,16629292,"Syed Saad Hasan Emad","2026-08-17 06:14:38",846.0,1,syedsaadhasanemad
4685,16761728,"Vybhav Nath C A","2026-08-30 12:19:48",845.7,2,shadowfax2000
4686,16663694,"Dimitri ZABRE","2026-09-18 22:22:32",845.5,2,dimitrizabre
4687,16701759,xycai,"2026-08-14 17:23:35",845.4,2,xycaipku
4688,16652904,TonightIsOver,"2026-09-26 13:02:54",844.7,2,tonightisover
4689,16663241,"Kris Adamatzky","2026-08-13 09:49:19",844.4,2,krisadamatzky
4690,16636909,"wking edewd","2026-08-21 11:21:57",844.2,1,wkingedewd
4691,16729874,"Shane Schisler","2026-09-26 19:33:37",843.9,2,seschis
4692,16627995,"Fire Bird","2026-08-11 20:36:45",843.4,2,xuanleekaggle
4693,16693058,"Yuvraj singh","2026-09-18 11:41:37",843.3,2,yuvrajsingh789
4694,16763120,"Shivam Singh #2","2026-08-23 16:56:35",843.2,1,shivamsingh17072001
4695,16681749,"rohith vinice","2026-08-11 23:55:16",843.2,2,rohithvinice
4696,16667839,Viet-Tien,"2026-08-22 19:46:21",842.6,2,tiena2cva
4697,16692103,HaniJezo,"2026-08-11 20:32:40",842.4,1,hanijezo
4698,16789587,"José Luis","2026-09-08 06:49:13",842.3,2,joseluissz
4699,16688153,"Panchajanya Banerjee (Pancham)","2026-08-16 20:28:27",842.0,2,delayedkarma
4700,16691714,"Wesley Juraschek","2026-08-19 06:07:37",841.3,2,wesleyjuraschek1
4701,16632146,Haker_Sam,"2026-08-27 10:45:31",841.1,1,hakersam
4702,16831372,"Hazel caviar","2026-09-05 08:07:40",840.7,2,hazelcaviar
4703,16656731,"Muhammad Ali","2026-08-14 06:47:06",840.6,2,sardaralimaqsood
4704,16692138,"Bishwa Thakur","2026-09-05 09:15:47",840.5,2,bishwathakur
4705,16772993,"dirty farmers","2026-08-26 06:33:12",840.0,2,jamesgui2007
4706,16770302,stardxx,"2026-08-26 02:21:35",839.9,2,stardxx
4707,16740103,Adjakou,"2026-08-24 07:31:02",839.5,2,adjakou
4708,16729227,Marjao,"2026-08-16 16:49:12",839.3,2,muniburrehman2020
4709,16927988,"Ravi Ramakrishnan","2026-09-20 05:22:13",839.3,1,ravi20076
4710,16659314,Sandeep063,"2026-08-25 12:44:22",839.1,2,sandeep063
4711,16738705,"Atilla Y","2026-09-12 06:51:34",838.7,2,atillay
4712,16663352,"Avnish Sharma","2026-08-31 14:42:23",838.6,2,kewlaz
4713,16666884,"Antonio Stanciu","2026-08-15 14:33:52",838.6,2,stanciuantonio
4714,16748330,Okan,"2026-08-21 11:15:17",838.2,2,okanzkaya
4715,16684012,ceh,"2026-08-16 04:58:18",838.2,2,emilhessman
4716,16769866,"Suzuki Riki","2026-08-25 12:11:09",838.1,2,suzukiriki
4717,16708333,"Phạm Vương","2026-08-11 16:17:10",838.0,2,vuongphamqq
4718,16682936,"Latifa Riziki","2026-08-12 09:38:13",837.8,2,latifariziki
4719,16733547,"Mark Grayson","2026-08-17 18:53:21",837.6,2,flyingsinclair
4720,16698256,Mint,"2026-08-17 18:39:08",837.4,2,rorandangerous
4721,16709744,"Emre Bayram","2026-08-14 09:04:57",837.2,2,emrebayram
4722,16624896,"Akmal Azzam o'g'li","2026-08-18 06:03:51",836.6,1,akmalmir
4723,16656948,"alexander kern","2026-08-24 18:02:17",836.5,2,alexanderkern
4724,16695608,"Elie Elias","2026-09-12 11:11:33",836.0,2,elieelias
4725,16767164,"yuhan wu","2026-08-26 09:37:53",835.0,2,yuhanwu487
4726,16627400,"Krasnov Daniil","2026-08-11 06:04:48",835.0,2,daniilkrasnovvv
4727,16657494,Trex,"2026-08-12 14:00:14",834.6,2,trexzone
4728,16700116,Goldian,"2026-08-21 16:13:40",834.2,2,goldian
4729,16695964,"JiMing Feng","2026-08-17 10:56:45",833.7,2,jimingfeng
4730,16763383,"Alexandru Sitaru","2026-08-25 07:05:06",832.6,2,sitaru
4731,16749153,"Arnav Mishra","2026-09-12 05:10:43",832.4,2,arnavmishra02
4732,16673097,"Sonu Kushwaha","2026-09-01 11:10:15",832.3,2,sonukushwaha124
4733,16690567,"Falih Kaleel","2026-09-26 14:52:12",832.2,2,alphajet185
4734,16681620,wanwanuil,"2026-08-13 12:43:19",832.1,2,wanwanuil
4735,16651052,lty,"2026-08-18 02:33:01",831.8,2,linwei9
4736,16693159,"Zonglin Han","2026-08-13 17:10:08",831.7,2,zonglinhan
4737,16665702,"Aman Gupta","2026-09-08 16:26:19",830.9,2,amangupta0014
4738,16695501,brocade,"2026-08-15 00:01:12",830.8,2,brocade
4739,16682303,"Kapadiya Nirav Kumar","2026-08-18 06:24:30",830.7,2,kapadiyaniravkumar
4740,16697675,"Isaac Grossman","2026-08-30 23:21:35",830.6,2,kingisaac
4741,16697021,Vaishnavi22052006,"2026-08-11 18:43:08",830.5,2,vaishnavi22052006
4742,16624682,FrederikZ,"2026-09-02 10:17:51",830.5,1,zkirederf
4743,16632579,ZZfancy,"2026-08-11 12:04:42",830.4,2,zzfancy
4744,16623020,Muhandro,"2026-08-20 16:29:57",830.1,2,muhandro
4745,16667729,"Daniel Wu","2026-08-15 14:35:27",829.9,2,danielwuu
4746,16710672,"Yasemin Koç","2026-08-14 05:52:52",829.5,2,yaseminmkoc
4747,16709300,炫酷的小克里斯,"2026-08-19 15:54:28",829.3,2,tinfufans
4748,16662653,"Jordan Schaeffer","2026-09-09 01:49:11",829.0,2,jordanmschaeffer
4749,16698942,"PRADHAN RS","2026-08-13 18:06:58",828.9,2,pradhanrs
4750,16692164,Abdulrahman.su10,"2026-08-11 20:35:39",828.3,1,abdulrahmansu10
4751,16659692,"Hùng Nguyễn Huy (Hiirooo)","2026-08-11 03:47:45",827.3,2,hngnguynhuy
4752,16889423,ShinChua,"2026-09-14 12:50:22",827.2,1,shinchua
4753,16661093,"INDRAJIT SWAIN","2026-08-15 13:23:37",827.2,2,indrajitswain
4754,16679767,Salut!,"2026-08-12 21:56:55",827.2,2,denismekhanikov
4755,16660371,"José Luis Gómez","2026-08-13 01:37:42",826.9,2,josluisgmezz
4756,16771780,Trichoderma,"2026-09-06 04:58:38",826.8,2,brunoescalhao
4757,16684947,Hoaquason,"2026-09-04 08:54:54",826.6,2,"datnguyen0102,mibombaclat"
4758,16754552,Touyu,"2026-09-24 23:29:39",826.4,2,yutoaoki
4759,16785100,5386,"2026-09-10 11:08:04",826.2,2,"ismktkaggle,rairai314,satosis"
4760,16707584,sadatch,"2026-08-13 05:18:28",825.5,2,sadatch
4761,16675305,"Justin Sabu Sebastian","2026-08-22 23:19:57",825.4,2,justinsabusebastian
4762,16716468,"Sakhawat Hossen","2026-08-15 03:28:07",825.3,2,sakhawathossen
4763,16645712,"Changye Li","2026-08-24 06:23:33",825.2,2,antoinegg1
4764,16676154,"Tuan Tran","2026-08-10 16:29:40",824.9,2,thtuan
4765,16692090,sans,"2026-08-12 03:14:55",824.7,2,sans6262q
4766,16806886,dreamtear,"2026-09-02 05:55:56",824.3,1,mohanzeng
4767,16676043,"Tejash Rai","2026-08-14 07:16:01",823.5,2,tejashrai
4768,16705584,"Adil Munawar","2026-08-29 21:18:33",823.2,2,adilmunawar
4769,16667994,"Zhian Wei","2026-09-11 06:57:54",823.2,2,zh1anwe1
4770,16809277,"Shuntaro Tanaka","2026-09-11 01:01:20",822.3,2,shuntarotanaka
4771,16805763,"Masaya Kawamata","2026-09-04 03:39:48",822.1,2,masayakawamata
4772,16673110,"Sri Jayavel K","2026-08-20 08:18:31",821.5,2,srijayavelk
4773,16634654,unknown,"2026-08-13 02:11:22",821.3,2,abdullahshafi2021
4774,16745092,zakihiro,"2026-08-21 07:59:39",821.1,2,zakihiro
4775,16830784,栀蓝thy,"2026-09-15 10:03:44",821.1,2,tianhaoyuan86
4776,16633886,mudesteven,"2026-08-16 02:54:25",820.7,2,fastlight2007
4777,16824664,wozijishuode,"2026-09-27 08:32:18",819.8,2,jamsubmarines
4778,16676356,"Wander waal","2026-08-11 02:48:56",819.6,2,wanderwaal
4779,16660331,A.K.NITHIN,"2026-08-12 12:07:32",818.9,2,aknithin
4780,16691591,"Dheeraj Kumar #3","2026-08-12 04:05:32",818.3,2,kdheeraz
4781,16656316,"Richard Tang","2026-08-11 01:09:34",817.8,2,richardgtang
4782,16780558,hxrdxk,"2026-08-29 18:36:48",817.5,2,hxrdxk
4783,16660711,ricardo,"2026-08-15 22:34:26",817.4,2,magania
4784,16672374,"kelly waldeck","2026-08-11 21:07:30",817.1,2,kellywaldeck
4785,16737113,"Sergei Myshianov","2026-08-20 03:24:23",816.7,2,sergeimyshianov
4786,16719551,JamesYip7,"2026-08-20 10:24:50",816.4,2,jamesyip7
4787,16696769,"maximo lorenzo y losada","2026-08-12 13:07:35",816.2,2,maximolorenzoylosada
4788,16706315,"Desert Fox88","2026-08-11 12:02:03",815.8,2,desertfox88
4789,16657857,hust_xll,"2026-08-12 05:38:12",815.4,2,hustxll
4790,16669778,UknesIruka,"2026-09-18 18:30:56",814.4,2,uknesiruka
4791,16722902,"Grigorii IU","2026-08-22 01:54:09",814.3,2,grigorii220
4792,16688136,"Armanzhan Ayan","2026-08-11 16:49:36",814.0,2,armanzhanayan
4793,16640869,taijunhao,"2026-08-12 10:26:30",813.9,2,taijunhao
4794,16640058,"Justin CH123","2026-08-11 09:15:28",813.1,2,justinch123
4795,16709069,"James Mcquay","2026-08-14 18:05:40",812.8,2,jamesmcquay
4796,16660333,"Deanos Crew","2026-08-11 13:10:19",812.6,2,jamescole0101
4797,16927276,"julian andres viejo garrido","2026-09-26 03:26:34",812.5,2,salmaviejo
4798,16700630,apoyusiken,"2026-08-12 06:10:52",812.3,2,umutarpay
4799,16666410,"Binil George","2026-08-12 10:40:43",812.2,2,binilg
4800,16662166,duy,"2026-08-31 08:50:51",811.7,2,hduynguyen
4801,16632675,"Baran Kucuk","2026-08-11 15:09:58",811.6,2,barankucuk
4802,16683441,Eura73,"2026-08-21 08:07:47",811.4,2,eura73
4803,16790115,Starumi,"2026-08-31 00:39:22",811.1,2,starumi
4804,16728955,"Chris Murphy","2026-09-07 23:33:26",810.9,2,mur418
4805,16625615,"Mobeen Fatima","2026-09-24 10:19:55",810.6,2,mobeenfatimah
4806,16706283,haogood666,"2026-08-11 08:25:40",810.4,1,haogood666
4807,16793134,sawasawasawa,"2026-09-07 09:06:57",810.4,2,yukisawamura
4808,16678638,Loshtradz,"2026-08-26 18:40:35",810.4,2,loshtradz
4809,16724779,"Gavin Cao","2026-08-16 09:00:53",810.2,2,gavinxgcao
4810,16875777,YinboLiu,"2026-09-17 11:11:46",809.8,2,yinboliu
4811,16702774,FilipJ,"2026-08-16 18:34:05",809.3,2,filipjarmua
4812,16665058,"Llin Ding","2026-09-01 05:38:32",809.1,2,"greatneuro,llinding"
4813,16653153,Gbining,"2026-09-23 15:25:35",808.8,2,gbining
4814,16679519,"Петьо Лазаров","2026-08-10 22:30:35",808.7,2,pesosz
4815,16679371,ΛYMΞNRH,"2026-08-11 06:43:55",808.6,2,aymnrh
4816,16644891,yankang_XZK,"2026-09-02 18:29:53",808.5,2,yankang233
4817,16689770,"Abdillah Sagif","2026-08-11 10:11:23",808.3,2,abdillahsagif
4818,16688436,Zuu3scode,"2026-08-12 15:19:16",808.0,2,zuu3scode
4819,16695137,"Samantha Nicole Bracamonte","2026-09-26 19:53:35",807.9,2,snrbracamonte
4820,16670433,"Mohammad Osamah Atif","2026-08-19 08:46:32",807.7,2,osamatif
4821,16692457,t2better,"2026-08-12 11:56:41",807.7,2,t2better
4822,16696644,"Franklin T","2026-09-13 07:17:43",807.1,2,franklin0410
4823,16650485,nasu726,"2026-08-13 13:51:20",806.6,2,nasu726
4824,16636004,"Ragunath Ravi","2026-08-11 10:59:07",806.3,2,ragunathravi
4825,16661983,"Victor's Team","2026-08-12 12:05:19",806.0,2,"dlordsjustified,jezrealmomoh,joludare,victorokpe"
4826,16702482,"Carlos Navarro","2026-08-14 05:26:26",805.9,2,navarr0
4827,16657429,"xiao cat q","2026-08-12 01:41:13",805.8,2,xiaocatq
4828,16705441,CooperJiang,"2026-08-13 06:57:44",805.3,2,gingersna
4829,16656691,"Sahaj Deep Singh","2026-08-12 01:39:36",805.1,2,sahajdeepsingh9877
4830,16668334,Suavemango,"2026-08-12 05:18:03",805.0,2,suavemango
4831,16672579,"Udbhaw Anand","2026-08-22 13:15:18",805.0,2,udbhawanand
4832,16817309,"TeddyDog Lovely","2026-09-03 10:44:15",804.5,2,teddydoglovely
4833,16633006,Kaiser,"2026-09-01 06:36:38",804.5,1,kaiserm
4834,16663820,taka,"2026-09-16 22:06:10",804.5,2,takaakiishi
4835,16940838,"Dean Wuu","2026-09-23 02:06:11",804.4,2,deanwuu
4836,16655715,Chin,"2026-08-12 06:20:32",804.2,2,qinyukun
4837,16767431,Nine1Eight,"2026-08-24 16:51:12",804.2,1,wethepeople918
4838,16692490,"Enes Coşkun","2026-08-11 05:37:38",804.1,2,enscskn
4839,16687724,Yijue1,"2026-08-11 02:15:05",804.1,2,yijue1
4840,16804961,explise,"2026-09-02 08:13:03",803.9,2,explise
4841,16779063,"Yendrew Y","2026-09-26 12:10:52",803.5,2,yendrewy
4842,16701573,"Haggai Musoda","2026-08-17 20:04:00",803.4,2,haggismusoda
4843,16696608,beanbamboozled,"2026-08-10 10:45:19",803.0,2,beanbamboozled
4844,16655693,DePie,"2026-09-24 02:35:28",802.5,2,phucthaiv02
4845,16733121,saturnliu,"2026-09-10 17:20:24",802.4,2,saturnliu
4846,16696895,BrokeFarm,"2026-09-27 01:15:11",802.2,2,brucec
4847,16660653,kanchana's,"2026-09-21 17:23:31",802.0,2,"saikanchana,yuvarajkanchana"
4848,16660911,"Animesh Ratna","2026-08-23 22:01:35",802.0,2,animeshratna
4849,16623444,"sary sary","2026-09-22 20:50:21",801.9,2,sarysary
4850,16770777,"Oscar Legoupil","2026-09-09 15:43:18",801.9,2,oscarlegoupil
4851,16695376,Garv88,"2026-08-13 12:19:20",801.8,2,garv88
4852,16709473,"Selahattin Günter","2026-08-23 14:07:42",801.3,2,selahattingnter
4853,16707993,"Sangita Bannore","2026-08-11 14:33:47",801.2,1,sangitabannore
4854,16676025,"Csaba József","2026-08-31 19:31:00",801.1,2,"jcsaba,peterkiss4"
4855,16655210,Amon,"2026-08-16 06:09:04",800.9,2,kingaemon
4856,16658487,radozaprazny,"2026-09-12 14:09:06",800.7,2,radozaprazny
4857,16655952,"Tianfu Wang (王天夫)","2026-08-12 15:08:12",800.6,2,wangtf96
4858,16693925,"Francisco Corredor","2026-09-26 20:36:17",800.5,2,franciscocorredor
4859,16663919,hnhyhj,"2026-08-13 04:05:56",800.1,2,hnhyhj
4860,16671088,jasonstillchasin,"2026-09-27 08:31:24",800.1,2,jasonstillchasin
4861,16666733,"Alberto MV","2026-08-10 23:06:33",799.9,2,albertomv
4862,16912040,YUYAN457,"2026-09-18 08:13:27",799.8,2,yuyan457
4863,16687594,"Andrew Markley","2026-08-13 01:19:04",799.6,2,andrewmarkley1
4864,16701466,"HELIOS reasonning","2026-08-11 22:38:55",799.5,2,heliosreasonning
4865,16793275,"Biao Cao","2026-08-30 13:44:48",799.1,1,biaocao398
4866,16658746,marinxbt,"2026-09-11 14:18:24",798.5,2,marinxbt
4867,16659803,nRuaif,"2026-08-22 02:47:10",798.2,2,phngdoan
4868,16676275,Scorpi,"2026-08-12 01:34:25",798.1,2,scorpi
4869,16708573,Benser,"2026-08-15 14:41:24",797.9,2,benser
4870,16659890,"Cu Spoon","2026-08-25 22:02:11",797.4,2,cuspoon
4871,16706825,"Niranjana Vincent ","2026-09-23 01:06:38",796.9,2,nj54425
4872,16745264,wpang,"2026-09-25 00:08:24",796.8,2,wangshu
4873,16624088,Pomiro,"2026-08-11 04:41:24",796.6,2,pomiro
4874,16725680,henri66,"2026-08-15 21:09:47",796.6,2,henri665
4875,16667233,EdGy2k,"2026-08-10 10:41:12",795.9,2,edgy2k
4876,16768644,Momoko,"2026-08-25 03:22:50",795.7,1,yangmengyuanmomoko
4877,16695903,cerensukaramese,"2026-08-14 09:18:05",795.4,2,cerensukaramese
4878,16705370,TS2333,"2026-08-11 03:40:40",795.1,2,ts2333
4879,16656181,Vishwa,"2026-08-11 05:46:58",795.1,2,rv1922
4880,16943817,Ranbeer06052009,"2026-09-27 08:23:55",795.0,2,ranbeer06052009
4881,16786082,"Noberto Frota","2026-08-29 00:40:42",794.9,1,nobertofrota
4882,16688265,"Kyle #2","2026-08-11 01:51:35",794.9,2,georgeturbo
4883,16793535,Pink,"2026-09-15 08:44:32",794.8,2,farjanaafrinswarna
4884,16762837,Nagamatsur,"2026-09-17 12:24:55",794.6,2,rihitonagamatsu
4885,16701221,"Othman Istaiteh","2026-08-10 13:25:38",794.6,2,istatieh
4886,16712651,riicon,"2026-09-26 14:45:17",793.8,2,risakashiwabara
4887,16643233,"Marco DG","2026-08-11 06:20:14",793.7,2,marcodg
4888,16848998,yiweigan,"2026-09-22 13:17:52",793.6,2,yiweigan
4889,16660037,shehai.lrs,"2026-08-11 13:37:32",793.2,2,shehailrs
4890,16669643,"Athenix Kaggriculture","2026-08-24 18:23:54",793.1,2,sdafdsfsdfgdsg
4891,16622319,"Roman Tamrazov 52","2026-09-27 08:37:28",793.1,2,romantamrazov
4892,16667052,"Dandan Li","2026-08-15 18:07:17",792.5,2,clcll532x
4893,16631777,KiKi,"2026-09-03 04:27:02",792.1,2,kingkiller2164
4894,16808116,WWAWW,"2026-09-15 03:47:37",792.0,2,masatowaragai
4895,16635330,tekatoncat,"2026-08-16 23:42:10",791.9,2,tekatoncat
4896,16700314,Giallar,"2026-08-14 16:45:53",791.8,2,andreykrotkikh
4897,16666282,"Bang sion","2026-08-22 10:06:06",791.6,2,bangsioni
4898,16695176,"Zakaria Settar","2026-08-16 21:52:31",791.4,2,zakariasettar
4899,16709304,"Aleksey SCHUKIN","2026-09-27 08:11:00",791.4,2,alekseyschukin
4900,16662213,"Yang Zong-Yu phD","2026-09-24 03:00:14",791.3,2,yangzongyuphd
4901,16672075,"Kameron Green","2026-08-11 05:49:32",790.8,2,hgenix20
4902,16705192,"John Ogah","2026-08-16 03:54:21",789.8,2,johnogah
4903,16671666,showtree,"2026-09-02 01:53:55",789.3,2,showtree
4904,16660479,"Lakhindar Pal","2026-08-31 13:26:49",788.7,1,lakhindarpal
4905,16904681,yzhaolabs,"2026-09-20 10:26:40",788.1,2,zhaoyuanzhen
4906,16823736,"Logan Seitz","2026-09-09 15:07:29",788.0,2,loganseitz26
4907,16780967,"black hole sun","2026-09-01 02:25:21",788.0,2,danielefiorino
4908,16704622,ray,"2026-08-11 16:30:13",787.9,2,rayenezanned
4909,16890654,"Niloofar Y.","2026-09-24 17:12:56",787.0,2,niloofaryoonesi
4910,16639476,耶✌,"2026-08-30 19:52:36",786.9,1,qifeihhh666
4911,16807134,"Chaowei Liang","2026-09-09 01:53:25",786.2,2,chaoweiliang
4912,16697142,Kujaomega,"2026-08-10 22:13:02",786.2,1,kujaomega
4913,16761975,lixiuqixiaoke,"2026-08-26 09:59:11",785.8,2,lixiuqixiaoke
4914,16664481,"Siddhu Jaykay","2026-08-12 14:02:29",785.6,2,siddhujaykay
4915,16624625,"Harsha Vardhan","2026-08-10 07:33:35",785.5,2,harshacode101
4916,16652741,"Sergi Bas","2026-09-23 16:29:27",785.4,2,sergibas
4917,16662718,xlnt,"2026-08-22 12:37:49",785.3,2,"princebisht,xlnt404"
4918,16843755,oguzok,"2026-09-27 06:03:31",785.2,2,oguzok
4919,16677723,"Trip Meiners","2026-09-22 14:40:41",784.9,2,tripmeiners
4920,16655323,roma,"2026-08-09 19:49:51",784.7,2,mnroma
4921,16726422,"Praveen Kumar","2026-08-29 11:25:55",784.3,2,pankajrepswal
4922,16675582,DavidX,"2026-08-11 06:05:18",783.9,2,davidasx
4923,16660594,XIAODOUZI,"2026-08-17 12:06:50",783.8,2,xiaodouzi666
4924,16696208,"kazwzn S","2026-09-22 12:06:22",783.0,2,kazwzns
4925,16713031,"Nahid Hossain Redom","2026-08-13 15:38:30",782.2,2,nahidhossainredom
4926,16691275,"Muhiminul Islam   Mahim","2026-08-12 10:04:35",782.1,2,muhiminulislammahim
4927,16760101,"Big Moo","2026-08-25 00:52:06",782.0,2,abdullahramadan1
4928,16622487,"Sam kramer_1028","2026-08-18 09:40:58",781.8,2,samkramer1028
4929,16729863,Monkeyzl,"2026-08-22 20:02:21",781.6,2,monkeyzl
4930,16704027,"Alan Cai","2026-08-10 22:36:40",781.6,1,alancai27
4931,16689471,wenjinyang,"2026-08-11 13:32:09",780.9,2,wenjinyang
4932,16881964,"Vipeen Kumar","2026-09-21 06:20:46",780.3,2,vipeen
4933,16670545,"Mouad AIT HA","2026-08-18 20:03:55",779.6,2,mo0103
4934,16806003,"Hazqeel Afyq","2026-09-20 08:53:15",779.6,2,hazqeelafyqathaillah
4935,16751992,Coding4Fun07,"2026-09-26 10:56:46",779.3,2,coding4fun07
4936,16784719,"Ayush Shekhar","2026-09-26 06:32:29",779.3,2,ayushshekhar56
4937,16659618,"Jeevan Jolly","2026-08-13 13:51:52",779.1,2,jeevanjolly
4938,16679347,"Youssef EL MSIYAH","2026-08-09 12:07:55",778.9,2,youssefelmsiyah
4939,16828106,AG,"2026-09-20 00:12:01",778.5,2,lacroix7771
4940,16690829,JeremyH43,"2026-08-16 00:06:30",778.4,2,jeremyh43
4941,16672247,"Movie Watch2022","2026-08-18 19:48:12",778.2,2,moviewatch2022
4942,16658875,"Noah Bishop","2026-08-10 09:56:34",777.9,2,noahbishop1
4943,16729800,"Alchemical Retard.","2026-08-20 07:28:07",777.7,2,alchemicalretard
4944,16736816,LLE,"2026-08-22 16:50:40",777.4,2,"rajaditya01,saiash"
4945,16839972,"Yusuf Lee","2026-09-05 15:16:20",777.2,1,yusuflee
4946,16743015,"Sword's Frost","2026-09-26 00:09:57",777.1,2,alexwilliam7
4947,16770979,"Paulo Martins","2026-09-27 00:57:45",776.9,2,paulomartins87
4948,16885421,"Lee Minseung","2026-09-26 15:30:40",776.8,2,leeminseung
4949,16684852,後藤将斗,"2026-08-24 14:51:20",776.8,2,masato09
4950,16729859,wintermute,"2026-09-24 07:44:41",776.8,2,siraev
4951,16659529,"Sanchit Jain","2026-09-25 22:33:41",776.6,2,sanchit1609
4952,16925552,JacobQIQI,"2026-09-22 13:58:21",776.4,1,jacobqiqi
4953,16732140,Miaa1526,"2026-08-24 08:58:42",775.6,2,miaa1526
4954,16726173,"Aman Bihari","2026-08-23 12:51:05",775.6,2,amanbihari
4955,16696852,MYGEMER,"2026-08-09 15:43:13",775.5,1,mygemer
4956,16635238,"Tai Tien Ta","2026-09-03 03:25:55",775.2,2,tittin
4957,16760247,kriskur123,"2026-09-15 14:23:38",775.1,2,kriskur123
4958,16639236,"Dhavan Shah","2026-08-12 18:20:38",775.1,2,dhavanshah99
4959,16746592,Harvester,"2026-08-21 13:57:05",773.9,2,yudhis16
4960,16742442,"Anton Dugin","2026-08-21 09:51:07",772.9,2,antondugin
4961,16653984,"Howard Lyu","2026-08-08 18:35:00",772.2,2,howardlyu
4962,16847300,"Lam PayGi","2026-09-08 02:02:17",771.9,2,lampaygi
4963,16818689,Takashi,"2026-09-24 11:35:16",771.5,2,takashi1
4964,16671174,Alexandre008,"2026-08-09 12:29:49",771.5,2,alexandre008
4965,16654122,"Peter Thompson","2026-08-10 17:59:36",771.2,2,mightytreefolk
4966,16940857,"Melon Man","2026-09-26 11:58:55",770.9,2,alvinandrada
4967,16694065,zhangwei02,"2026-08-30 09:29:12",770.8,2,zhangwei02
4968,16905921,关注塔菲喵,"2026-09-16 16:11:46",770.8,2,zuberi05
4969,16917996,Agentculture,"2026-09-22 09:28:26",770.8,2,"ericchen001,huzhenyi,sylvia47,thx123456121"
4970,16694744,XiaoZhiren,"2026-08-10 13:03:56",770.3,2,"ruikangan,xiaozhiren"
4971,16660259,Marcus,"2026-08-08 17:23:34",770.1,2,marcuseno
4972,16702909,SG4265,"2026-09-07 21:14:54",769.9,2,sg4265
4973,16661707,"Rudolf HOUNLETE","2026-08-09 11:41:08",769.7,2,queystanle
4974,16693374,"Henfry De Los Santos","2026-08-12 11:43:51",769.5,2,henfrydelossantos
4975,16910441,Ultracodes,"2026-09-20 11:27:09",768.7,2,"guanchaosun,lh123463,yitao111"
4976,16722500,"Mike Murunov","2026-08-16 15:18:17",767.4,2,mikhailmurunov
4977,16657598,"Arun Mallikarjuna","2026-08-10 04:29:14",767.4,2,arunmallikarjuna
4978,16652849,Hejunhui,"2026-08-16 14:15:29",767.2,2,website98
4979,16671837,"Ronald K Wilson ","2026-09-21 14:14:14",767.1,2,ronaldkwilson
4980,16685828,Ztr0,"2026-08-09 05:53:10",767.1,2,y1amadeus
4981,16672980,"Thomas Prinz","2026-08-09 13:57:51",766.7,2,xardiphotography
4982,16724895,russ,"2026-08-19 08:55:30",766.6,2,mdevian
4983,16732679,argon,"2026-08-19 08:32:47",766.4,2,argonlabs
4984,16907268,"Ilya Fedorov","2026-09-19 16:29:53",766.1,2,sorrow321
4985,16728633,draven,"2026-09-12 07:35:01",766.0,2,ustchx
4986,16675752,"Simon Rüba","2026-08-10 14:23:16",765.9,2,simonrba
4987,16923114,Pruthvij08#,"2026-09-19 06:44:33",765.6,2,pruthvij08
4988,16659662,MOHSIN525,"2026-09-01 15:43:49",765.5,2,mohsin525
4989,16680646,Naym0425,"2026-08-14 04:20:36",765.2,2,naym0425
4990,16659610,gareeb,"2026-08-10 15:46:50",765.1,2,"arjund29,saqlainsqx,yashawl194"
4991,16681226,"tingting shen","2026-08-10 09:24:23",765.1,2,tingtingshen99
4992,16637898,"Marek Nurzynski","2026-09-26 19:39:58",765.0,2,marek3000
4993,16663678,"Fabiano Adelino","2026-09-25 14:48:28",764.9,2,fabianoadelino
4994,16671314,"Robot Farm","2026-08-29 16:54:23",764.8,2,codearranger
4995,16652827,"Rob C","2026-08-14 03:04:30",764.5,2,robertcheah
4996,16749776,DataLover,"2026-08-20 16:34:37",763.9,1,paulknidler
4997,16683982,Kenny,"2026-08-16 19:43:13",763.6,2,kmonar
4998,16661100,"Muhammad Junaid","2026-09-06 21:24:50",763.6,2,junaid512
4999,16713590,"Александр Арутюнян","2026-08-13 05:20:18",763.1,2,alexarut17
5000,16695182,"Ali Haydar Özdağ","2026-08-10 14:29:59",763.1,2,ahoirg
5001,16667124,"Chaotic Era","2026-08-12 01:26:13",762.9,2,sani84
5002,16920167,AI+Agriculture,"2026-09-21 02:33:40",762.7,2,"alexanderzhiyuanliu,duyutong6,jackdeng123,lgz666"
5003,16676911,"Michał Ścibak","2026-09-26 19:36:53",762.5,2,michacibak
5004,16653208,FabienDaniel,"2026-08-07 10:17:38",762.2,2,fabiendaniel
5005,16692677,"Ashish Dubey","2026-08-10 06:17:34",762.2,2,ashish124536
5006,16670202,"Elizabeth Park","2026-08-09 20:33:17",762.1,2,elizabethpark
5007,16869317,Pikachuexeallen,"2026-09-12 19:46:36",762.0,2,pikachuexeallen
5008,16672660,"Straw Hat","2026-08-11 06:14:47",761.8,2,"anuragugargol,tanishafagare114"
5009,16823144,"AARAV JADAV","2026-09-26 16:51:40",761.8,2,aaravjadav
5010,16644378,"hicham bedrani","2026-08-28 11:33:17",761.6,2,hichambedrani
5011,16811703,KaggricultureX,"2026-09-20 02:45:19",761.6,2,"hanwang666,huanghaoyu7280,lannuo,liangzixiabc"
5012,16665935,eternitywinner,"2026-08-08 14:41:53",761.5,2,eternitywinner
5013,16674744,"Burhan Ul Tayyab","2026-08-10 10:55:43",761.5,2,babychick
5014,16884751,"full-auto agent","2026-09-16 04:26:04",761.4,2,"idcode,pychat,regularl2,tokenrank"
5015,16711725,meatori-nu,"2026-09-05 13:40:48",761.4,2,meatorinu
5016,16880045,"Underground Farmers","2026-09-13 13:04:19",761.3,2,xavierwi
5017,16664242,"Alex Lee","2026-08-11 03:43:12",761.0,2,aiexanderr
5018,16731924,CuddleYokai,"2026-08-19 10:57:11",760.4,2,cuddleyokai
5019,16639496,"Sai Teja Bandaru","2026-08-11 14:51:49",760.3,2,saitejabandaruin
5020,16623461,MightyK,"2026-08-09 05:36:23",760.0,2,anhhkhoi
5021,16676038,"Adyanth M","2026-08-09 05:12:40",759.9,2,adyanthm
5022,16857621,"stack overflow","2026-09-12 01:24:42",759.6,2,"cudastack,dlbyte,dsbeta"
5023,16736429,Rudra278,"2026-08-18 12:07:42",759.2,1,rudra278
5024,16683909,"Krzysztof ""Chris"" Karaszewski","2026-08-14 08:41:11",759.1,2,futureofworkchannel
5025,16926195,koutwiring,"2026-09-24 20:54:24",758.4,2,koutwiring
5026,16634174,phibkro,"2026-08-07 03:10:52",758.3,2,phibkro
5027,16884814,"Happy Farmers","2026-09-16 04:30:33",758.1,2,"loopide,mapmicro,modelkit"
5028,16644150,"J.M.Mubasshir Rahman","2026-08-09 17:15:01",757.7,2,jmmubasshirrahman
5029,16663928,Auxileon,"2026-08-09 16:20:13",757.6,2,auxileon
5030,16815105,"Saurav Chaudhari","2026-09-03 08:46:53",757.4,2,saur3x
5031,16639125,"Caio Coelho","2026-08-09 15:38:12",757.4,2,caio41
5032,16684639,Bru3ll,"2026-08-09 15:50:45",757.3,2,bru3ll
5033,16630372,Q.qlmmm,"2026-08-24 18:25:02",757.2,2,qlammi
5034,16625472,"luna is free！","2026-08-29 16:39:51",757.2,2,simingtan
5035,16660385,"Jose Santiago Echevarria","2026-08-25 12:02:45",757.1,2,jmsechevarria
5036,16623189,"Aditya Mishra","2026-08-09 03:42:06",756.9,2,adityamishranika
5037,16919136,"First Farming","2026-09-19 13:15:58",756.1,2,"chengxuanyang,dongshangyu,lxinye09,pengwenlong"
5038,16670065,"Artyom Sayapin","2026-09-22 16:26:22",755.2,2,spielmeister
5039,16660430,"Hassaan Ibrahim","2026-08-10 12:45:55",755.1,2,hassaanibrahim
5040,16694751,im_justmatthew,"2026-08-10 11:27:00",755.1,2,imjustmatthew
5041,16889300,"Chris McCarthy","2026-09-23 08:20:29",754.9,1,chrismccarthy
5042,16664179,animelonerboy,"2026-08-09 15:52:55",754.8,2,adambasa5
5043,16698489,"JIUZHOU CHAN","2026-09-22 18:50:06",754.7,2,jiuzhouchan
5044,16910408,Yuumi080911,"2026-09-20 09:42:09",754.3,2,"haiyunzhang,yuumi080911"
5045,16665976,"Daksh Goyal","2026-08-08 20:36:06",754.2,2,dakshgoyal387
5046,16664409,"Kathi Munishwar","2026-08-09 03:37:05",754.1,1,kathimunishwar
5047,16904566,FLA,"2026-09-20 10:42:53",754.0,2,"athnnna,fanglong,fengzq777"
5048,16789865,AgroByte-dev,"2026-09-02 14:39:25",753.8,2,ylyasyylkybayev
5049,16830531,"Nikos Chatzinikolaou","2026-09-24 14:53:07",753.8,2,nikoschatzinikolaou
5050,16692970,LakoMoor,"2026-08-09 17:43:25",753.7,2,lakomoor
5051,16663457,Furqan102102,"2026-08-09 12:02:35",753.5,2,furqan102102
5052,16698735,Larfii,"2026-08-21 18:01:02",752.9,2,larfii
5053,16795676,cold_star,"2026-09-04 03:54:22",752.9,1,a406161167
5054,16670406,"jessica jennifer","2026-08-20 15:55:41",752.9,2,jessicajennifer
5055,16683036,"Ritesh Thawkar","2026-08-14 08:34:08",751.8,2,riteshthawkar
5056,16669273,Parag,"2026-08-07 02:10:29",751.6,2,paragkale
5057,16666826,"Simone di costanzo","2026-08-07 19:38:11",751.5,2,simonedicostanzo
5058,16732537,Rapha,"2026-09-27 01:49:43",751.3,2,raphaabels
5059,16692883,coolguy,"2026-08-08 20:56:21",751.1,1,vihangpagare334
5060,16640332,"ning gu","2026-08-21 00:01:22",751.0,2,morninggu
5061,16857685,kaggriwaves,"2026-09-13 02:25:51",750.9,2,"cliwave,cyberpsi,hyperacc"
5062,16846968,kfous,"2026-09-25 16:20:28",750.9,2,kfousekis
5063,16658278,"Malcolm Durosaye","2026-09-17 12:31:05",750.4,2,malcolm95
5064,16681480,"Kevin Nguyen","2026-08-14 18:16:29",750.3,2,haidangnguyen1802
5065,16668758,"Aman Vishwakarma","2026-08-09 17:33:00",750.1,2,amanvishwakarma01
5066,16664283,"Nguyễn Hữu Công","2026-08-07 05:24:48",749.8,2,nguynhucng
5067,16666625,"Nguyen Ngoc Thien","2026-08-07 16:12:04",749.8,2,ngocthienai
5068,16642579,"Desyat IO","2026-08-09 17:31:59",749.7,2,desyatio
5069,16928267,"GPT 6 Astra Ultra Fast","2026-09-21 12:24:15",749.2,2,"dorags,linmiaohan,zhiruizheng111"
5070,16857762,Fablers,"2026-09-13 02:32:06",749.1,2,"cvcost,fluxdev,lossvis,zetaex"
5071,16674977,BarbateP,"2026-09-20 10:57:34",749.0,2,barbatep
5072,16661899,AAI,"2026-08-09 14:23:08",748.6,2,aiolapo
5073,16857488,BC+,"2026-09-23 04:59:23",748.5,2,"lachesism,neoist,wangtianyi8,zhihaoweng"
5074,16659585,"Anas Riaz","2026-08-08 20:20:23",748.4,2,anasriaz
5075,16680075,I_luv_magick,"2026-08-07 09:50:30",748.1,2,iluvmagick
5076,16830079,"Quan Vu","2026-09-04 11:35:57",747.9,2,quan0095
5077,16630249,"Aymar Avohoueme","2026-08-20 10:22:33",747.6,2,aymaravohoueme
5078,16663780,"Hamza Kanice","2026-08-09 00:08:11",747.5,2,hamzakanice
5079,16720234,Aditya109,"2026-09-08 05:20:00",747.3,2,"aditya109,tathagattyger"
5080,16688579,"Long Hu","2026-08-09 09:41:04",747.2,1,longhul
5081,16841445,Challo,"2026-09-26 02:28:49",747.2,2,germantardioperez
5082,16660537,Furina,"2026-08-08 13:52:01",747.1,2,cjlcjlcjl
5083,16638998,"khalid harouach","2026-09-17 13:32:02",747.1,2,khalidharouach
5084,16660101,Zarathustra,"2026-08-12 02:48:18",746.9,2,rezkyadytama
5085,16679683,Aberrchan,"2026-08-08 17:44:32",746.6,2,aberrchan
5086,16635612,Julian,"2026-09-27 07:55:19",746.6,2,mob404
5087,16655497,cszf_first,"2026-08-09 02:06:46",746.4,2,cszffirst
5088,16624253,DTrieu,"2026-09-25 13:46:55",746.2,2,hodinhtrieu
5089,16929367,SimulationXYZ,"2026-09-22 15:40:49",745.9,2,"biandatong,fan41786,taomarktao,ycc13688881999"
5090,16673179,"Muhammad Faraz Aftab","2026-08-09 10:18:58",745.7,2,muhammadfarazaftab
5091,16711204,"harden james","2026-08-12 08:00:14",745.7,1,ffusername
5092,16694317,"PRITIKA SA","2026-08-09 07:17:19",745.4,2,pritikasa
5093,16671403,"Alex Karpowicz","2026-08-08 18:36:52",745.4,2,alexkarpowicz
5094,16685990,VictorAndrew,"2026-09-05 22:20:04",744.8,2,vicktvr
5095,16634078,"yoho kumedayo","2026-08-15 12:48:29",744.8,2,dorachinyastyle
5096,16835621,"Atharv Santosh","2026-09-05 02:49:27",744.6,1,atharvsantosh
5097,16634468,"Kun Zhang","2026-09-01 11:38:47",744.6,2,beicicc
5098,16732008,"Phoebe Lin","2026-09-05 01:05:06",744.5,2,phoebe0511
5099,16653262,"tianwen zhang1","2026-08-08 16:21:18",744.2,2,tianwenzhang1
5100,16667245,"KAIWALYA RAUT","2026-08-09 09:04:25",744.2,2,kaiwalyaatulraut
5101,16857636,Tm-ACCS,"2026-09-13 02:24:43",744.2,2,"bitsmini,corebase,llmrun,opsneo"
5102,16688898,"Sanskar Omar","2026-08-09 11:10:44",744.1,2,sanskaromar7
5103,16845420,"Terrance Luangrath","2026-09-08 05:41:53",744.1,2,tksluangrath
5104,16623932,"Axel Ahmer","2026-09-19 16:55:30",743.9,2,blondie1
5105,16679848,Nikola010,"2026-08-13 16:29:19",743.9,2,nikola010
5106,16631101,"Muneeb ul Hassan","2026-08-10 09:56:41",743.8,2,muneeb2405
5107,16698467,"Ra'uf Fauzan Rambe","2026-08-10 04:29:13",743.7,2,rauffauzanrambe
5108,16866155,gomamonaka,"2026-09-12 10:10:10",743.7,2,gomamonaka
5109,16657989,"vishnu gopal P","2026-08-08 12:27:56",743.6,2,vishnugp
5110,16679237,"Danilo Sepúlveda","2026-08-06 21:26:28",743.4,1,daniloseplveda
5111,16660613,今日洗澡明日香,"2026-08-07 09:58:49",743.3,2,"jasperkag,ryjiang,timmengzh,yningc"
5112,16923138,"Davi Santos","2026-09-26 17:31:44",743.2,2,davissantos1
5113,16669971,"Luka Philip","2026-08-08 16:09:32",743.1,2,lukaphilip
5114,16656515,"Rushal Manandhar","2026-09-26 05:41:31",743.1,2,rushalmanandhar
5115,16825767,f7e6n5g4,"2026-09-25 09:15:53",743.0,2,f7e6n5g4
5116,16692469,neoistheone,"2026-08-08 18:38:13",743.0,1,neoistheone
5117,16784731,Alfred,"2026-09-20 21:54:16",742.8,2,holleyalfred
5118,16792989,ALKRIS,"2026-08-31 14:35:26",742.7,2,wasimjbuh
5119,16665015,"laiba razzaq10","2026-08-07 14:21:49",742.6,2,laibarazzaq10
5120,16670040,galaxyhunter,"2026-08-17 19:22:06",742.5,2,pkharkwal
5121,16671372,"Meet Sabhaya","2026-08-08 06:02:13",742.5,2,meetsabhaya
5122,16658173,Tamizharuvi,"2026-09-19 08:42:47",741.9,2,tamizh1
5123,16698071,nixotrix,"2026-09-07 21:16:50",741.8,2,nixotrix
5124,16760841,KIsXcl,"2026-08-24 14:34:11",741.6,2,kisxcl
5125,16680408,mochogo,"2026-08-07 05:42:33",741.5,1,mochogo
5126,16645078,"A Aswanth Raj","2026-08-09 08:57:36",741.2,2,aaswanthraj
5127,16658670,EveryJust,"2026-08-07 08:33:35",740.9,2,"everyjust,zfc666wsnd"
5128,16802598,zxcqqe,"2026-09-27 02:59:57",740.9,2,anonimniygeniy
5129,16656347,OctahedronBB,"2026-08-07 00:52:27",740.7,2,octahedronbb
5130,16661739,"Spandan Mhapsekar","2026-08-08 10:39:41",740.7,2,spandanmhapsekar
5131,16655076,"Tita Kongolo","2026-08-08 09:08:57",740.5,2,titakongolo
5132,16659958,brainpick,"2026-08-24 21:54:50",740.2,2,prathvirajpalekar
5133,16664666,"Rheal Thomas","2026-08-21 19:29:44",740.2,2,rhealthomas
5134,16854347,"Arul Gandhi","2026-09-12 10:19:13",739.9,2,arulgandhi
5135,16643193,"Shoroogh Ahmadi","2026-08-13 10:36:43",739.6,2,shorooghahmadi
5136,16665500,"Madan kumar","2026-08-13 17:31:57",739.3,2,winklemad
5137,16672629,"Alex Boyd","2026-09-06 15:37:19",739.3,2,alexrayboyd
5138,16662712,"Roman Stupin","2026-08-27 23:52:01",739.2,2,rcnegby
5139,16729165,コーラ,"2026-08-23 07:30:40",739.1,2,cola0912
5140,16722112,nyori,"2026-09-23 16:27:08",738.4,2,nyoriworks
5141,16641535,Tutti,"2026-09-06 15:16:23",738.0,2,malk271828
5142,16666632,to1_10i,"2026-08-19 20:27:42",737.9,2,to110i
5143,16658789,Zhanpeng.W,"2026-08-08 10:05:26",737.9,2,zhanpengw
5144,16630441,"yjhv buddies","2026-08-07 09:50:05",737.7,2,bender1123123
5145,16753820,sbite0138,"2026-09-10 14:12:17",736.8,2,sbite0138
5146,16639645,RamenBoy,"2026-09-08 14:38:35",736.5,2,ramenboyjapan
5147,16672520,"Nah I'd win","2026-08-07 08:09:12",736.0,2,asutriy
5148,16656118,Mutte1904,"2026-08-07 05:03:56",735.8,2,mutte1904
5149,16661249,Yaohui,"2026-08-26 14:59:02",735.6,2,yaohui85
5150,16674550,"Jebastin Nadar","2026-08-06 10:09:16",735.5,2,samfc10
5151,16623485,XtraLearning,"2026-08-09 17:10:36",735.4,2,xcessivesmash
5152,16720913,Candidates,"2026-08-23 17:18:05",735.3,2,"ulyanovmmm,vladimirarchipov"
5153,16731259,"Manvik singh rathore","2026-08-30 17:18:55",735.0,2,manviksinghrathore
5154,16753850,"Ahmad Ali","2026-09-09 17:58:10",734.9,2,ahmadali1243534
5155,16654623,"Asher Goldstein","2026-08-09 17:54:27",734.8,2,ashergoldsteincd21
5156,16838800,"LEE Dailun","2026-09-09 13:59:27",734.7,2,peterccll
5157,16667479,"Leon Christians","2026-09-13 17:12:37",734.5,2,leonchristians
5158,16633043,"Ryan Adams","2026-09-08 23:48:54",734.5,2,ryanadamsai
5159,16678288,"Speedrun retirement","2026-08-30 18:59:23",734.4,2,"josephkimanikamau,nanducode"
5160,16670361,"Saud Saudesen","2026-08-15 22:16:42",734.0,2,saudsaudesen
5161,16667219,"Komil Parmar","2026-08-08 10:00:55",734.0,2,komilparmar
5162,16729472,"Boris Pletenev","2026-08-16 17:23:56",733.9,1,borispletenev
5163,16631665,"jatan sanghvi","2026-09-07 14:03:17",733.8,2,jatansanghvi
5164,16847456,waHAHA,"2026-09-07 09:53:07",733.3,1,wangshen1994
5165,16654832,mohit,"2026-08-07 00:01:08",732.9,2,mohitvarred
5166,16670117,"Raj Aryan","2026-08-07 18:15:04",732.8,2,rajaryan2503
5167,16690897,"Ashok Kumar Garain","2026-08-08 13:26:11",732.5,1,ashokkumargarain
5168,16624485,"Nishant Dahal","2026-08-10 02:24:42",732.0,2,nishantdahal
5169,16635518,"ROFIQUL ALAM SHEHAB","2026-08-09 11:49:00",731.9,2,rofiqulalamshehab
5170,16660120,gktdgktdgktd,"2026-08-07 07:50:45",731.7,2,gktdgktdgktd
5171,16736559,"Team Rot-Weiß","2026-08-19 13:22:35",731.6,2,moritzpaal
5172,16732722,Kusanagi,"2026-08-24 21:52:54",731.5,1,kusanagiap
5173,16670058,"Dahoui Alex Armel ","2026-08-07 01:02:07",731.4,2,dahouialexarmel
5174,16893333,Chista,"2026-09-17 23:10:55",731.2,2,"amirelite,asimir"
5175,16802695,"Taras Sam","2026-09-07 17:36:00",730.9,2,tarassam
5176,16656934,"Aleks Kolesnik","2026-09-27 06:48:19",730.8,2,aleksandrkolesnik
5177,16670807,mannogun,"2026-09-04 23:15:49",730.2,2,arcanejumper
5178,16659525,"Dang Khoa Nguyen","2026-08-17 09:51:16",730.0,2,khoadangnguye
5179,16668329,HakimTaoufik,"2026-08-18 13:06:18",729.5,2,hakimtaoufik
5180,16673155,"Babar Khilji","2026-08-06 15:55:26",729.4,2,babarkhilji
5181,16658213,"Ahmet Abdullah Gültekin","2026-09-26 21:20:04",729.4,2,abdullahgultekin
5182,16904592,RLMAX,"2026-09-21 14:23:16",729.3,2,"haoyangdaviddong,mingsiguo,risottoolive,yuanqinyi"
5183,16655353,"Pablo Montenegro","2026-08-09 02:13:47",729.2,2,pablomontalb
5184,16624003,weedfarmer,"2026-08-08 05:34:16",728.9,2,aleksanderhan
5185,16670221,fle3n,"2026-08-08 19:48:37",728.8,2,fleongg
5186,16924271,kitton,"2026-09-27 08:43:35",728.7,2,kitton20250606
5187,16653117,"li jiaqi77","2026-08-07 05:32:06",728.7,2,lijiaqi77
5188,16669608,"Jesy Lu","2026-08-13 16:21:53",728.5,2,jesylu
5189,16765310,"Aria Muse","2026-09-27 05:09:34",728.4,2,ariamuse
5190,16698822,JJN8825,"2026-09-26 16:38:20",727.8,2,jjn8825
5191,16678506,SireeshLimbu,"2026-08-08 08:39:43",727.7,2,sireesh
5192,16689084,Tam1m,"2026-08-29 09:56:39",727.3,2,booleanwolf
5193,16782792,"[Deleted] bdc3c175-811b-438f-9c3a-c2d9c80c106a","2026-08-29 07:16:45",727.2,2,del=e8b93c44cf962f9e
5194,16687463,"Manolo Chow","2026-08-09 22:56:20",727.2,2,manolochow
5195,16663369,csteeve,"2026-09-26 18:25:26",726.8,2,csteeve
5196,16686843,"Juraj Zelman","2026-08-09 08:40:09",726.4,2,jurajzelman
5197,16705242,"Chonghao Peng","2026-09-04 21:45:52",726.1,2,chonghaopeng
5198,16654626,bgsszsa,"2026-08-07 12:01:33",725.8,2,bgsszsa
5199,16662161,"Touhidul Alam Seyam","2026-08-10 12:39:51",725.8,2,seyamalam
5200,16683852,"Abhiram Anil","2026-08-08 06:26:11",725.5,2,abhiramanil
5201,16731074,UmutUygurr,"2026-09-26 19:23:53",725.5,2,"dilahbaheci,umuttuygurr"
5202,16666147,"Khalid Bin Hethlain","2026-09-15 20:43:36",725.2,2,khalidbinhethlain
5203,16669930,"Ilya Klimanov","2026-08-25 13:30:13",724.6,2,ilyaklimanov
5204,16653939,"Amr Yasser","2026-08-06 17:56:07",723.7,2,amryasswe
5205,16639606,Peach2587,"2026-08-12 03:19:13",723.7,2,momokayoshioka
5206,16683439,Goober,"2026-08-10 19:46:41",723.7,2,kongzhisyuen
5207,16664827,"Jose Miguel Diez de la Lastra","2026-08-07 16:08:49",723.4,2,josemigueldiez
5208,16668995,"MD.Firoj Khondokar","2026-08-06 11:05:13",723.1,2,mdfirojkhondokar
5209,16633276,"Nolan Liang","2026-08-09 03:26:47",723.1,2,iamlkn
5210,16668034,ggggalaxy,"2026-08-28 04:56:40",722.7,2,ggggalaxy
5211,16655763,"Diogo Sena","2026-08-22 17:08:45",722.7,2,diogodmsena
5212,16675753,Khafidin,"2026-08-12 05:16:26",722.5,2,khafidin
5213,16657957,"Mounika Kommireddy","2026-08-08 07:57:32",722.4,2,mounikakommireddy
5214,16665529,Venneth,"2026-08-08 12:32:20",722.2,2,venneth
5215,16742806,"Oğuz Karabulut","2026-09-11 07:47:41",722.2,2,ouzkarabulut
5216,16644552,Keanan,"2026-08-08 11:35:17",722.1,2,citerne
5217,16630758,"Keshav Joshi","2026-08-20 18:53:37",722.0,2,keshavjoshi22
5218,16665898,chengsongtao,"2026-08-23 00:12:59",721.9,2,cheng618
5219,16673002,xubenzheng,"2026-08-07 15:40:31",721.9,2,xubenzheng
5220,16659727,shuaiqiyang,"2026-09-16 01:16:36",721.6,2,shuaiqiyang
5221,16662592,"Vladislav Yushkevich","2026-08-09 14:54:24",721.6,2,"crazyflyingsheep,vladislavyushkevich"
5222,16758431,"Mathews Jere","2026-08-26 18:10:25",721.5,2,mathewjere
5223,16684568,"[ODS] waniz","2026-08-08 11:04:42",721.0,1,wanizz
5224,16684762,X-xuhui,"2026-08-08 10:07:58",720.6,2,xxuhui
5225,16657942,"Gokul Prasath","2026-08-04 23:38:18",720.5,2,beastgokul
5226,16936773,"shahab shahsavar","2026-09-26 03:17:27",720.4,2,shahabshahsavar
5227,16807875,meghana,"2026-09-10 23:44:54",720.1,2,meghana284
5228,16755091,Charlie,"2026-09-24 01:54:36",720.0,2,zephyrlennox
5229,16657861,"Liao Zixu","2026-08-25 04:28:34",719.9,2,liaozixu
5230,16665353,Sakshamm2587,"2026-08-17 16:50:43",719.7,2,sakshamm2587
5231,16676677,"Clark Stéphane","2026-08-07 18:58:45",719.7,2,clarkstphane
5232,16655156,"Pranjal Ranjan","2026-08-06 23:58:43",719.7,2,pranjalranjan299
5233,16732667,Doug,"2026-08-26 23:26:49",719.5,2,dougsgrott
5234,16734490,Tomeiser,"2026-09-24 11:23:16",719.5,2,tomeiser
5235,16671622,"Isaac Diaz Lopez","2026-09-27 02:25:44",719.1,2,isaacdiazlopez
5236,16621802,fgwiebfaoish,"2026-08-13 12:21:54",719.0,2,fgwiebfaoish
5237,16671844,I2nfinit3y,"2026-08-07 02:27:10",719.0,2,i2nfinit3y
5238,16659000,xjlgg123,"2026-08-08 12:35:10",718.8,2,xjlgg123
5239,16665169,"Rahul Barakoti ITM","2026-08-07 10:58:30",718.6,2,rahulbarakotiitm
5240,16718916,"ROBERT SSEBAMBULIDDE","2026-08-14 19:21:24",718.5,2,robertssebambulidde
5241,16682336,"Çınar Efe Yetişen (Student)","2026-08-19 08:29:20",718.1,2,narefeyetienstudent
5242,16676280,agniii,"2026-08-06 17:05:08",718.1,2,agniii
5243,16665561,LuoXingda,"2026-08-07 08:22:42",718.0,2,luoxingda
5244,16682182,"himanshu chauhan2406","2026-09-26 11:54:31",717.7,2,himanshuchauhan2406
5245,16734312,truebelief,"2026-09-09 00:11:41",717.6,2,truebelief
5246,16699080,"Karthikeya Thatipamula","2026-09-12 04:52:19",717.4,2,karthikeya18
5247,16666358,"GAYATHRI SALINI","2026-08-07 07:55:26",717.4,2,gayathrisalini09
5248,16853733,Eugene,"2026-09-26 11:05:57",717.4,2,eugenejyuan
5249,16669518,Galagala,"2026-08-07 18:35:59",717.1,2,b12705059
5250,16742239,"Benny Joseph","2026-09-17 13:06:06",716.4,2,pbennyjoseph
5251,16670671,"TAUIL Abd Elilah","2026-08-11 01:17:39",716.1,2,tauilabdelilah
5252,16677675,"Roman Mironov","2026-08-06 17:30:28",716.1,1,helloromiro
5253,16639043,"saroj bono","2026-08-28 18:42:55",715.9,2,sarojbono197
5254,16699699,rudykane,"2026-08-11 16:06:34",715.7,2,rudykane
5255,16667091,"Nico Feiler","2026-08-07 14:27:47",715.6,2,nicofeiler
5256,16656296,Fususu,"2026-09-05 04:32:44",715.1,2,phuongncn
5257,16783131,Hawkeye,"2026-09-03 07:15:17",714.9,2,pragneshbagary
5258,16675981,"Luca R","2026-09-26 15:30:45",714.4,2,luck058
5259,16744809,"Ruben Romero Fernández-Monge","2026-08-25 18:00:39",714.2,2,salieri7
5260,16664890,ideal_m99,"2026-09-19 19:12:14",714.1,2,idealm99
5261,16667606,Manifolds1,"2026-08-06 16:36:46",713.8,2,ptrakuldit
5262,16699784,nianyu,"2026-08-10 09:46:32",713.8,2,nianyuc
5263,16656345,sunchang71,"2026-08-05 14:05:13",713.5,2,sunchang71
5264,16642154,Burkina_team_mate,"2026-08-06 15:30:54",713.5,2,"belemkalilou,tedjosegregorybere"
5265,16635781,wacata,"2026-08-19 14:53:05",713.4,2,wacata
5266,16676283,jnurik,"2026-08-07 17:24:01",713.3,2,nurdauletmoldik
5267,16674367,"zongze Yan","2026-09-22 05:31:47",713.2,2,aaayan
5268,16811628,"Roger Yang","2026-09-08 03:12:08",713.2,2,rogerjyang
5269,16896810,Xcution,"2026-09-16 18:23:35",712.9,2,gghhjjkk
5270,16679155,jeziorop,"2026-08-06 20:34:53",712.9,1,jeziorop
5271,16658025,"Dennis Gioche","2026-08-06 09:08:34",712.8,2,dennisgioche
5272,16702509,KošičanSVK,"2026-08-17 18:04:22",712.7,2,ryanstoner
5273,16660091,bcTiann,"2026-08-06 05:55:54",712.3,2,bctiann
5274,16666686,yolo,"2026-08-08 12:08:38",712.2,2,avin55
5275,16640582,Attension_Seeker,"2026-08-10 06:57:51",712.1,2,aisipu
5276,16669400,"Martin Konôpka","2026-08-06 12:16:13",711.7,2,rumburakk
5277,16668668,"George Byne","2026-08-25 10:10:36",711.6,2,georgebyne
5278,16656393,"Faris Abqari","2026-08-07 00:15:25",711.2,2,farisabqari11
5279,16669542,Agzam,"2026-08-06 05:09:43",711.0,2,mazgag
5280,16664368,"Ujjwal Reddy","2026-08-10 19:43:26",711.0,2,ujjwalreddyks
5281,16668545,Ronty00,"2026-08-06 08:24:07",710.9,2,ronty00
5282,16665431,"Monojit Nandy","2026-08-06 11:50:38",710.7,2,vedarthmn
5283,16936771,"Elvis Diniz","2026-09-22 10:49:26",710.5,2,elvisdiniz
5284,16666609,"visit palja.co","2026-08-15 03:34:49",710.3,2,sselrats
5285,16656009,"Steven Liu","2026-08-31 06:25:02",710.2,2,thornkey
5286,16668029,Timbo615,"2026-08-07 11:56:21",710.2,2,timbo615
5287,16624977,Avikumar93801,"2026-08-11 05:55:19",710.2,2,avikumar93801
5288,16802341,"Yousef Turk","2026-09-08 04:00:16",710.0,2,yousefturk
5289,16862705,karlmorg37,"2026-09-22 20:10:48",709.8,2,karlmorg37
5290,16638909,mbscgi,"2026-08-04 22:48:03",709.7,2,mbscgi
5291,16661229,Gena,"2026-08-04 15:18:42",709.6,2,gdonchyts
5292,16635890,Poojan,"2026-08-06 09:44:47",709.3,2,poojankumartandel
5293,16659820,Accayo14,"2026-08-06 14:20:30",709.3,2,accayo14
5294,16797134,Yooho0,"2026-09-07 16:25:05",709.3,2,yooho0
5295,16658717,"Aditya Kapadia","2026-08-06 14:32:16",709.0,2,adityakapadia2003
5296,16681065,SYC,"2026-08-07 03:22:25",708.9,1,yichengs
5297,16724556,"Yixiang Wu","2026-09-23 03:00:15",708.8,2,yixiang964
5298,16662496,KhalidKhan,"2026-08-05 05:31:07",708.8,2,feedfeed
5299,16667101,SundharSteyn,"2026-09-23 16:27:30",708.8,2,sundharsteyn
5300,16652900,cjen07,"2026-08-07 23:33:05",708.8,2,cjen07
5301,16705139,gogogo,"2026-09-27 08:39:53",708.6,2,huzech
5302,16660555,"Nguyễn Nhật Thanh","2026-08-07 03:45:29",708.5,2,nguynnhtthanhhhhh
5303,16839782,"mou chen111","2026-09-05 15:00:04",708.4,2,mouchen111
5304,16677240,"Jeevan Malla","2026-08-07 07:37:46",708.3,2,jeevanmalla
5305,16652896,"R^2 negative","2026-08-04 23:14:38",708.2,2,rktqwe
5306,16930968,"Harvey Zheng","2026-09-24 04:34:49",708.2,2,harveyzheng07
5307,16875632,HexTex,"2026-09-12 04:34:49",708.1,2,hexlab
5308,16847548,"Abhinav Sai Podugu","2026-09-10 06:59:09",708.0,2,abhinavsaipodugu
5309,16663178,Sm00thiecodes,"2026-08-07 11:00:29",707.8,2,sm00thiecodes
5310,16818086,wwewwt,"2026-09-08 05:44:07",707.7,2,wwewwt
5311,16934428,shib,"2026-09-24 18:37:26",707.6,2,shibendum
5312,16669491,"Parakh Sharma","2026-08-06 10:59:33",707.5,2,parakh20
5313,16661019,lmq,"2026-08-04 14:47:23",707.5,2,lmminhquang
5314,16866097,"Pradeep Kumar Mahato","2026-09-16 14:21:29",707.1,2,pradeepkr12
5315,16866109,AAA-建材批发旭哥,"2026-09-12 03:44:40",707.0,2,aaawenxu
5316,16667714,ZhexinJiang,"2026-08-06 11:26:30",706.9,1,zhexinjiang
5317,16772626,"Dr. Mikholae Hutchinson","2026-09-05 19:48:53",706.9,2,drmikholaehutchinson
5318,16698538,"Haozhe Wang 2022","2026-08-24 00:50:02",706.9,2,haozhewang2022
5319,16654486,alijs,"2026-08-06 14:27:22",706.8,2,alijs1
5320,16654081,"Aleksei Ponomarev","2026-08-06 00:43:57",706.8,2,alekseiponomarev
5321,16639280,"Faruk Çiftler","2026-08-09 11:27:46",706.6,2,abdullahfaruk
5322,16732022,Mosamosa,"2026-09-03 00:42:06",706.0,1,mosamosa
5323,16663052,gh,"2026-09-13 21:30:08",705.8,2,grzegorz
5324,16673682,MJ.LIU.T,"2026-08-06 08:14:05",705.3,1,mjliut
5325,16671407,JBro13,"2026-08-07 02:29:02",705.3,2,jbro13
5326,16935826,Ayush,"2026-09-27 04:52:04",705.3,2,"aniketchonu,ayush20081303"
5327,16686707,"Sébastien henry","2026-09-17 14:36:54",705.2,2,sebmontreal
5328,16654743,"Jaume Batlle i Ferrer","2026-09-25 06:18:38",705.2,2,jaumebatlleiferrer
5329,16655828,ack07,"2026-08-06 04:52:07",705.2,2,its07amit10
5330,16659761,cheng-han,"2026-08-06 08:16:10",704.7,2,neoshie
5331,16631016,木下陽平,"2026-08-06 14:52:20",704.7,2,yoheikaggle
5332,16745450,GusNicho,"2026-08-24 03:30:55",704.7,2,pineapplepencil
5333,16659565,Tekin24,"2026-08-13 21:25:21",704.6,2,tekin24
5334,16712577,"nattapon nakakong","2026-09-22 02:49:39",704.3,2,nattaponnakakhong
5335,16655294,Mobzya,"2026-08-26 23:11:15",704.2,2,mobzya
5336,16797785,"Vivek Verma","2026-08-31 20:36:45",704.2,2,cosmicescape
5337,16886420,infoproje,"2026-09-13 12:58:25",703.7,2,infoproje
5338,16806251,"Seok Jun Kim","2026-09-08 07:51:16",703.2,2,sjk1225
5339,16702796,Yavuz.YILMAZ,"2026-09-07 12:22:45",703.2,2,yvztpe
5340,16675027,namanbnsl,"2026-08-06 13:02:52",702.9,2,namanbnsl
5341,16655114,"Hippo Farming Ltd.","2026-09-21 15:22:01",702.7,1,felixmneumann
5342,16656444,"christopher athans crow","2026-08-05 00:08:13",702.5,2,cchrisaa
5343,16644861,"kanzaler ensemble","2026-08-11 14:30:36",702.1,2,kanzalerensemble
5344,16623236,"Yonatan Nemtsov","2026-08-06 00:28:01",702.1,2,yonatannemtsov
5345,16706523,"Aussie lover","2026-09-24 23:38:00",701.9,2,aussielover
5346,16665256,zhoujqi,"2026-08-06 18:31:31",701.6,2,zhoujqi
5347,16929792,"Ganesh K","2026-09-22 19:25:02",701.5,2,ganeshk2846
5348,16790145,"Casper du Jardin Kejser","2026-09-04 09:12:34",701.2,2,casperdujardinkejser
5349,16652986,"Justin Kimlim","2026-08-26 03:12:37",701.1,2,justinkimlim
5350,16678965,MrGS,"2026-08-09 01:18:09",701.1,2,gabrielsderhll
5351,16717448,getalife();,"2026-09-20 08:55:13",700.9,2,"byteknight28,dhairyapandya24,rounakagrwl"
5352,16727696,Milkman,"2026-08-19 15:05:17",700.5,2,talhasahi
5353,16629983,Amundsen,"2026-08-05 06:51:46",700.5,2,amundsen
5354,16670378,"Ari Carter","2026-08-08 23:18:02",700.4,2,aricarter
5355,16758174,REBEL_K,"2026-08-27 18:30:45",700.3,2,rebelk
5356,16724269,lava,"2026-09-25 13:51:26",700.2,2,fanxiaozhen
5357,16643095,ckyasb,"2026-08-05 14:39:42",700.0,2,ckyasb
5358,16654726,"James Mancillas","2026-08-07 15:46:12",699.7,2,jamesmancillas
5359,16664775,DoubleZs,"2026-08-06 02:55:02",699.6,2,zhang051018
5360,16661410,tmxdlr,"2026-08-05 12:40:54",699.5,2,tmxdlr
5361,16656171,ishu,"2026-08-04 03:27:45",699.5,2,ishhverma
5362,16632446,"Abdul Wahab Khan","2026-08-06 04:53:37",698.8,1,abdulwahab2321
5363,16832844,aliREZA,"2026-09-17 23:55:15",698.7,2,afazlik1
5364,16658709,"Kaggler Albafica","2026-08-06 10:05:39",698.6,2,kaggleralan
5365,16658265,kraken,"2026-09-05 15:23:26",698.4,2,krn0209
5366,16623665,Giba,"2026-08-05 22:44:41",698.4,2,titericz
5367,16623448,HoJoonYun,"2026-08-09 13:43:43",698.2,2,hojoonyun
5368,16625013,sash,"2026-08-05 01:00:10",698.2,2,sash2104
5369,16659435,Zerabyte_X,"2026-08-04 09:52:16",698.2,1,zerabytex
5370,16858849,"Mark Diamond","2026-09-13 22:11:38",698.0,2,ponkle
5371,16627751,lzeee,"2026-09-24 08:23:42",698.0,2,shzgong
5372,16641326,IY,"2026-08-05 19:27:31",697.9,2,irotrader
5373,16731990,Karl0106,"2026-09-18 08:35:18",697.8,2,karl0106
5374,16635679,WUHAOZHE618,"2026-08-15 04:08:45",697.7,2,wuhaozhe618
5375,16667205,"Andrew Lee","2026-08-06 11:16:52",697.5,1,andrewlee23023
5376,16770724,Louras,"2026-08-26 09:49:05",697.5,2,louras
5377,16668039,NotEnoughTokens,"2026-08-06 13:04:52",697.5,2,"adofai,jonghyun7777,taglink"
5378,16659217,Dynamic_fire07,"2026-08-05 18:51:51",697.3,2,"dynamicfire07,tryingmybest123"
5379,16729564,"Eirik Tveiten","2026-08-19 13:04:02",697.2,2,eiriktveiten
5380,16669282,sky233,"2026-08-06 17:06:04",697.1,2,sky233
5381,16666301,"James Felipe","2026-09-03 05:42:24",697.0,2,jamesfelipe
5382,16728345,ron,"2026-09-19 21:49:15",697.0,2,romart
5383,16664170,SpookyHippo,"2026-08-06 02:44:29",697.0,2,spookyhippo
5384,16684470,"Soumi Ghosh","2026-08-11 10:59:07",696.9,2,soumighosh911
5385,16636148,SanggeunParrk,"2026-08-05 04:04:32",696.8,2,sanggeunparrk
5386,16632426,Santhana,"2026-09-26 23:27:23",696.7,2,santhanalekshmic
5387,16668357,"B.Pardha Manoj Reddy","2026-08-24 16:57:25",696.7,2,pardhamanojreddy
5388,16654209,"Nirav Mehta 1612","2026-08-10 15:41:47",696.5,2,niravmehta1612
5389,16762021,Dhananjai1729,"2026-09-26 12:19:33",696.5,2,dhananjai1729
5390,16665399,"Shivam Shrivastava","2026-08-13 15:32:37",696.4,2,shivamshrivastava180
5391,16656304,"Gururaj Athani","2026-09-12 02:26:55",696.0,2,gururajathani
5392,16735488,"arhaan rai","2026-09-01 19:18:46",695.6,2,arhaanrai
5393,16639241,"Alissa King","2026-08-04 05:05:30",695.4,2,alissaking
5394,16675203,HK,"2026-08-06 11:38:05",695.4,1,hizurukonishi
5395,16764419,"Leo #2","2026-08-30 08:17:12",695.1,1,nanlihao
5396,16624600,ariacat,"2026-08-06 07:16:44",695.0,2,ariacat
5397,16664300,"swajay nandanwade","2026-08-05 04:57:10",694.8,2,swajaynandanwade
5398,16658723,"Waleed Alkhateeb","2026-08-05 13:31:44",694.7,2,waleedalkhateeb
5399,16662730,Operator-X,"2026-08-08 10:06:04",694.5,2,"jpexee,lavlinjaisonme23b250"
5400,16644221,"Guzha Panashe H","2026-08-22 15:34:41",694.2,2,guzhapanasheh
5401,16894603,"Riyan Ahasan Araf","2026-09-16 02:11:59",694.2,2,riyanahasanaraf
5402,16719793,dhuruvapriyan,"2026-08-14 16:06:42",694.2,2,dhuruvapriyan
5403,16916213,"Arjun Hans","2026-09-18 02:13:40",693.9,2,arjunhans
5404,16695555,S4K50M,"2026-08-12 14:39:41",693.8,2,setiasaksham
5405,16656170,"Chakrabhuana V  Deva","2026-08-05 06:54:50",693.7,2,chakrabhuanavdeva
5406,16668060,"Spiros Skarmoutsos","2026-08-08 12:48:07",693.4,2,spirosskarmoutsos
5407,16670765,"tensor choko","2026-08-05 23:03:23",693.3,1,tensorchoko
5408,16849443,"Abhishek Kumar Gupta","2026-09-08 17:27:49",693.3,2,guptabhishekumar
5409,16770454,"Nawaf Almutairi","2026-09-12 19:23:12",693.3,2,nawafbalmutairi
5410,16690889,"B A S E L #","2026-08-08 14:47:22",693.1,2,basselll
5411,16786115,"Andy Phan","2026-09-07 01:10:28",693.0,2,andyphan
5412,16662872,"Artem Garbart","2026-08-05 09:41:29",692.9,2,artyomgarbart
5413,16643922,Konstantin03,"2026-09-07 17:03:30",692.8,2,konstantin03
5414,16628727,dominyellow,"2026-08-04 11:44:21",692.8,2,dominyellow
5415,16698045,"Vikhas S G","2026-09-07 06:12:25",692.8,2,vikhassg
5416,16657817,"rohith sai midigudla","2026-08-05 12:36:40",692.6,2,rohithsaimidigudla
5417,16762722,"Bruno Romero García","2026-08-31 20:24:32",692.5,2,brunoromerogarca
5418,16935335,"Joshua Attridge","2026-09-22 07:07:14",692.5,2,joshuaattridge
5419,16659676,Light,"2026-08-05 03:07:39",692.5,2,aadarshashrestha007
5420,16764081,"Demir Durbakayım","2026-08-29 21:21:56",692.2,2,sixcode
5421,16663407,Denis,"2026-08-11 17:42:21",692.1,2,matsiusheuski
5422,16722341,"Pham Huu Bao Chung","2026-09-16 08:57:18",692.1,2,phamhuubaochung
5423,16654419,kreiack,"2026-08-09 23:47:00",692.1,2,kreiack
5424,16687135,"Kavya Bhandari","2026-08-22 17:20:43",691.8,2,kavyabhandari1998
5425,16881685,"Vladislav Mlechko","2026-09-12 16:41:48",691.7,1,vladislavmlechko
5426,16663591,"Joseph Franck","2026-08-25 10:07:56",691.7,2,josephfranck
5427,16825081,huohuaya,"2026-09-09 06:09:50",691.5,2,huohuaya
5428,16641093,"Satish ","2026-08-20 04:18:42",691.5,2,satishkommanaboina
5429,16753826,"Jai Mata Di","2026-08-31 10:09:11",691.4,2,mrigshira
5430,16667503,Yuzuki,"2026-08-05 12:19:45",691.1,1,yuzukiohya
5431,16653122,Wei_Chance,"2026-08-23 10:25:14",690.9,2,bystanderq
5432,16693164,nuggettttt,"2026-08-09 02:14:22",690.6,2,nuggettttt
5433,16664819,"SUBHASRI  S","2026-09-20 04:45:35",690.6,2,subhasri2007
5434,16841816,JasonDTao,"2026-09-14 06:38:01",690.4,2,jasondtao
5435,16651613,"Devin Zhou","2026-08-05 02:27:36",690.2,2,devinzhou
5436,16744640,"Marcin Skalski","2026-09-01 18:25:08",690.1,2,marcinskalski
5437,16632686,strike,"2026-08-06 06:21:38",689.9,2,nicolia
5438,16666242,"Lalwani Palash","2026-08-08 07:45:46",689.9,2,lalwanipalash
5439,16666163,"Muthuraman Raman 7","2026-08-06 05:25:09",689.8,2,muthuramanraman7
5440,16650018,EiMengLove,"2026-08-05 10:27:31",689.7,2,konicty
5441,16633240,Igor,"2026-09-20 01:59:30",689.6,2,igor14497
5442,16729515,"Emmanuel Tolani","2026-08-29 15:03:36",689.5,2,emmanueltolani
5443,16833063,"Fidel Escalona","2026-09-26 23:50:21",689.4,2,fbescalo
5444,16670304,"Daniel Tomaro1","2026-08-09 03:03:06",689.3,2,danieltomaro1
5445,16641141,"Yuri Barbashov","2026-09-26 18:31:05",689.1,2,yuribarbashov
5446,16861102,walnut11,"2026-09-27 00:34:40",689.0,2,walnut11
5447,16630760,dkzmn,"2026-09-04 08:59:03",688.8,2,dmkzmn
5448,16658684,"Takayuki Michishita","2026-09-13 11:00:03",688.3,2,takayukimichishita
5449,16660819,nya654nya,"2026-09-14 08:30:21",688.2,2,nya654nya
5450,16637519,Temprao,"2026-08-03 12:16:43",688.1,1,maruimono928
5451,16740633,zhangtingyu11,"2026-08-20 04:34:32",688.0,2,zhangtingyu11
5452,16762634,"Clement Ling","2026-09-11 08:49:26",688.0,2,clementling
5453,16621557,"Vijay Krishna Lanka","2026-09-27 05:51:08",687.9,2,vijaykrishnalanka
5454,16715255,"xiaocai liu","2026-09-13 19:19:43",687.8,2,xiaocailiu
5455,16667547,"miaoqing long","2026-08-06 03:31:43",687.8,2,miaoqinglong
5456,16634752,"Praise the SHOVEL","2026-08-03 16:16:28",687.8,2,barnobarno
5457,16943704,"Qutaiba Kaleem","2026-09-26 04:12:44",687.7,2,qutaibakaleem
5458,16632250,"Mesut Gözdemir","2026-08-05 17:54:14",687.6,2,gfkfu123
5459,16757741,"Malte Bories","2026-08-25 20:08:35",687.5,2,maltebories
5460,16713291,Lperalt,"2026-09-20 02:20:12",687.5,2,lucianobastidas
5461,16840641,"Yukar Fu","2026-09-26 07:31:34",687.1,2,yukarfu
5462,16654491,"Amedeo Biolatti","2026-09-25 19:08:34",686.8,2,abiolatti
5463,16748741,"pt ptao","2026-08-26 12:50:45",686.8,2,ptptao
5464,16662904,Bharathms1902,"2026-08-08 11:41:54",686.6,2,bharathms1902
5465,16635159,Abdulsamad,"2026-08-06 11:48:04",686.4,2,abdulsamadjod1234
5466,16658384,UwU,"2026-08-10 04:20:44",686.0,2,claudesewitz
5467,16848841,Spacejam,"2026-09-07 16:15:52",685.9,1,spacejam1221
5468,16664291,"William Dennis","2026-08-11 07:57:27",685.9,2,williamdennis
5469,16642207,"Nerijus Areska","2026-08-04 00:01:32",685.8,2,nerijusareska
5470,16663273,"Mason Frias","2026-08-06 22:57:08",685.7,2,masonfrias
5471,16663899,"Abdelrahman Aboegela","2026-08-05 13:54:26",685.6,2,abdelrahmanaboegela
5472,16690050,PersistentLife,"2026-08-08 17:16:17",685.5,2,persistentlife
5473,16623798,RuiKimura4,"2026-08-27 00:30:45",685.3,2,ruikimura4
5474,16713463,"Dillen Perumal","2026-08-29 16:39:37",685.3,2,dxllen
5475,16700265,Reesav,"2026-08-10 14:15:06",685.2,2,reez08
5476,16655339,harmo-miu,"2026-08-23 05:57:37",684.9,2,harmomiu
5477,16796145,Qian,"2026-09-01 15:04:00",684.8,2,"aurelianz,qianyuchaoni"
5478,16792155,abc,"2026-09-03 06:45:13",684.7,2,"datqg0,quangnguyn132"
5479,16726025,"Yanrun Chen","2026-09-07 12:15:23",684.7,2,yrchen98
5480,16765743,page0526,"2026-08-26 02:08:11",684.7,2,page0526
5481,16644774,lungjyuanz,"2026-08-07 01:03:20",684.7,2,lungjyuanz
5482,16623540,TheDuck,"2026-08-22 15:50:49",684.6,2,jaxroth
5483,16823948,"Alexey Stepanov","2026-09-04 21:57:25",684.6,2,alexey0508
5484,16652560,"Ahmed Samir","2026-08-03 12:15:01",684.4,2,ahmedsamir1598
5485,16661010,"Dante Dyches-Chandler","2026-08-05 04:36:09",683.9,2,dantedycheschandler
5486,16625663,sota1111,"2026-09-03 01:43:41",683.8,2,sota1111
5487,16807575,Rf28,"2026-09-03 10:29:55",683.8,2,rehyyy
5488,16658569,"Danu A.","2026-08-05 13:12:09",683.8,2,eu1234
5489,16943185,VarchaswaV,"2026-09-22 21:48:07",683.7,2,varchaswav
5490,16639330,"Dead Signal Works","2026-08-02 12:40:32",683.1,2,brooklynhalmstad
5491,16677965,felipe9695,"2026-08-12 21:23:05",683.0,1,felipe9695
5492,16650396,RaymondZhao0304,"2026-08-04 00:39:30",682.6,2,raymondzhao0304
5493,16700298,tmgf,"2026-09-26 07:43:37",682.6,2,tiagomgfernandes
5494,16676054,"Vladislav Konstantinov","2026-08-08 09:33:35",682.5,2,vladkonstantinov
5495,16898029,"Leonid Kononenko","2026-09-18 04:47:05",682.5,1,"aleksandraavetisova,leonidkononenko"
5496,16657294,"Ragul M","2026-08-04 07:08:51",682.4,2,ragul7002
5497,16655534,"Charles Mills","2026-08-06 16:40:27",682.4,2,charlesqmills
5498,16653855,"Klgv Klgv","2026-08-06 11:54:38",682.1,2,klgvklgv
5499,16666245,"Cagatay Morcicek","2026-08-13 06:53:40",682.0,2,thisismylabs
5500,16623969,"Akira Imae","2026-09-21 07:19:19",682.0,2,imaeakira
5501,16758889,bomboclat,"2026-08-30 08:52:08",681.9,2,sstprk
5502,16766274,"Satwato Dey","2026-09-24 20:50:22",681.9,2,satwato
5503,16682353,"counter puncher","2026-09-16 13:38:14",681.3,2,ahmadabdoumalickdiop
5504,16655712,"Smart Manoj","2026-08-04 01:55:13",681.2,2,smartmanoj
5505,16656709,"Anh-Vu Mai-Nguyen","2026-09-21 21:06:46",681.2,2,mainguyenanhvu
5506,16659045,Rai1,"2026-08-08 11:53:28",681.0,2,rai2003
5507,16669052,"Md. Asif Hossain","2026-09-18 05:29:41",681.0,2,sabuktagin
5508,16644415,Ztrk,"2026-09-03 17:04:24",680.8,2,ztrk123
5509,16663099,"Md. Abdullah Al Mamun","2026-08-05 02:16:43",680.7,2,mamun18
5510,16651180,yangyefd,"2026-08-03 08:42:57",680.7,1,yangyefd
5511,16679144,つるげーねふ,"2026-09-25 05:59:08",680.7,2,atom7666
5512,16655396,Tesla1AC,"2026-08-08 08:18:09",680.4,2,mathornton
5513,16770972,"Victoria Makarskaia","2026-08-27 12:28:53",680.3,2,victoriamakarskaia
5514,16633808,mmath2,"2026-08-07 10:52:38",680.3,2,mmath2
5515,16632694,8ct10nz,"2026-08-04 12:02:49",680.2,2,act10nz
5516,16939844,YH,"2026-09-23 00:23:49",680.1,2,febyeji
5517,16658571,"Yusuke Sato","2026-08-27 03:06:42",680.1,2,wanko123
5518,16655530,AlivRick,"2026-08-05 16:18:54",680.1,2,alivrick
5519,16664400,Boruiyang21,"2026-08-05 14:56:03",680.1,2,boruiyang21
5520,16734511,"Marcin Salaterski","2026-09-16 23:18:31",679.8,2,marcinsalaterski
5521,16923258,nono00,"2026-09-20 16:43:09",679.8,2,nono00
5522,16709136,ryanocm,"2026-08-13 15:08:49",679.2,2,ryanong
5523,16644390,"Manan Gupta","2026-08-05 17:08:32",679.1,2,obirdy
5524,16918433,"Mingkang He","2026-09-27 02:32:07",679.1,2,mingkanghe
5525,16670099,"Jon Snyder","2026-08-06 00:27:21",679.0,2,snyderj1515
5526,16691938,"PRASHANT SUTHAR11","2026-09-25 12:12:57",678.7,2,prashantsuthar11
5527,16660939,"Quenux Studio","2026-09-03 17:07:26",678.7,2,dieguis1976
5528,16683764,bf01,"2026-08-21 21:19:05",678.5,2,jalperov
5529,16659033,"Farzana Shaju","2026-08-05 07:18:29",678.3,2,"farzanashaju,shaikhharisjamal"
5530,16721639,"Ankit Sain","2026-08-25 01:14:02",678.1,2,thisankitsain
5531,16659883,"Ahmad Hfdx5","2026-08-05 03:33:48",678.0,2,ahmadhfdx5
5532,16919251,"Eric Fan","2026-09-19 19:04:44",677.9,2,ericfan1110
5533,16622760,yunus_bayram_kagle,"2026-08-04 07:49:00",677.9,2,yunusbayramkagle
5534,16835371,"Eli Ziv","2026-09-06 00:11:52",677.9,2,eliziv027
5535,16631261,Monster,"2026-08-04 15:46:32",677.8,2,tmtngtrng
5536,16665293,"ADITYA BEECHA","2026-08-10 05:16:38",677.6,2,bechaaditya
5537,16654235,"Mwanza Wambua","2026-08-06 10:16:13",677.5,2,mwanzawambua
5538,16658264,XiweiZhou,"2026-09-06 23:35:58",677.4,2,xiweizhou
5539,16770912,IsonaEi,"2026-08-26 12:48:48",677.3,1,isonaei
5540,16627023,Farrmer,"2026-08-05 08:02:35",677.2,2,noahfarr
5541,16637797,"Xiangchen Li","2026-08-04 09:47:59",677.1,2,xiangchenli07
5542,16650701,"Oliver Wang","2026-08-03 16:17:36",677.0,2,oliverwang15
5543,16925283,"Carlos Gallego Menor","2026-09-19 19:19:37",676.7,2,carlosgallegomenor
5544,16694399,"Sujith Kumar Sashikanth","2026-08-10 00:01:32",676.7,2,sujithsashi
5545,16809677,"Phong Khổng Hoàng","2026-09-26 14:45:43",676.5,2,phongkhonghong
5546,16658562,mashBrian254,"2026-08-04 10:48:33",676.5,2,mash1990
5547,16655603,"Veeranuch Leelalai","2026-08-11 12:55:29",676.5,2,veeranuchleelalai
5548,16632536,"Aleksander Sachuk","2026-08-02 21:33:27",676.3,2,alexsssachuk
5549,16660824,"Stitch Clarity","2026-08-04 15:27:53",676.0,2,stevenanctil
5550,16758383,"Tong Jing Yen","2026-09-03 20:42:50",676.0,2,tongjingyen
5551,16666900,sooflee,"2026-08-12 14:19:50",675.8,2,sooflee
5552,16722117,"Zhou Zhengyu","2026-09-25 14:47:07",675.8,2,"yanwenwang921,zhouzhengyu118"
5553,16655493,TheDigitalCK,"2026-08-07 12:31:58",675.0,2,thedigitalck
5554,16664653,Adir,"2026-08-26 00:49:46",674.8,2,adiradam
5555,16657077,_LT_zyc,"2026-08-05 01:01:42",674.6,1,zyczyc
5556,16949731,"Engel Ai Labs","2026-09-24 00:56:37",674.5,2,joshuaziese
5557,16661532,"Fedor Baart","2026-08-05 12:34:21",674.3,1,fedorbaart
5558,16653958,seowoohyeon,"2026-08-06 11:48:06",674.2,2,seowoohyeon
5559,16762494,西松大祐,"2026-09-26 11:46:07",674.2,2,wep212
5560,16876448,"Max Harvestappen","2026-09-23 05:18:56",673.8,2,ryosukefujita
5561,16941830,"Yasin Baykal","2026-09-23 09:27:10",673.8,2,godmethium
5562,16655588,"The Devil's World 678","2026-08-07 10:39:23",673.7,2,thedevilsworld678
5563,16667730,"Surya Vijjeswarapu","2026-09-03 18:49:07",673.4,2,suryavijjeswarapu
5564,16775250,Junrong,"2026-08-30 00:00:13",673.1,2,fjhgjf
5565,16677188,Nicooni,"2026-08-06 16:35:01",672.8,1,nicooni
5566,16794125,"Xero Scythe","2026-09-02 18:57:39",672.7,2,xeroscythe
5567,16876275,"JOP OK","2026-09-18 18:09:43",672.6,2,fuveo24
5568,16656420,"Aditya Raj #2","2026-08-18 16:37:49",672.4,2,optimus2005
5569,16654153,"Mateus Cruz, Msc.","2026-08-03 17:44:02",672.3,1,matteuscruz
5570,16654006,"Harish Dhanarajan","2026-08-03 17:23:50",672.3,1,harishdhanarajan
5571,16660376,"Ahmed Sedky 0100","2026-08-06 20:56:37",672.1,1,ahmedsedky0100
5572,16669227,"Tom Dufresne","2026-08-07 11:17:39",672.0,2,tadufre
5573,16804027,ceir-ceir,"2026-09-03 19:11:09",671.8,2,ceirceir
5574,16711556,"Avvy Lavoienne","2026-08-18 04:44:16",671.8,2,avvylavoienne
5575,16845284,KD0G22,"2026-09-07 20:07:47",671.7,2,kd0g22
5576,16738239,"Yaseen Shah7897","2026-09-08 05:57:15",671.7,2,yaseenshah7897
5577,16623389,"Mominul Islam Hemal","2026-08-02 11:23:03",671.6,2,mominulislamhemal
5578,16716522,"Lavanya Bacche","2026-08-17 08:43:40",671.6,1,lavanyabacche
5579,16654946,AliLucky,"2026-08-05 15:07:59",671.5,2,alilucky
5580,16644185,"Mimic Mohsin","2026-08-02 18:38:46",671.3,1,mimicmohsin
5581,16664565,"Wayne Chou","2026-08-05 12:30:14",671.3,2,ambientz
5582,16658852,"Chhaya Awasthi","2026-08-04 09:37:05",671.1,2,chhayaawasthi
5583,16656308,"Srishanth Sriramula","2026-08-08 09:02:13",671.0,2,srishanthsriramula
5584,16774787,wpk1122,"2026-08-29 01:54:49",670.5,2,wpk1122
5585,16654271,"Sophie and Yanna","2026-08-19 17:08:47",670.1,2,"morty3500,sophanie"
5586,16740659,haodou092,"2026-09-27 08:39:22",670.0,2,haodou092
5587,16846490,MazharShaikh,"2026-09-12 04:53:27",669.9,2,mazharshaikh
5588,16798401,"Hunter Mimaroglu","2026-09-02 22:00:37",669.7,2,huntermimaroglu
5589,16805598,"I'm just trying out here QQ","2026-09-02 22:31:17",669.6,2,zadatt
5590,16654705,"Abu Saleh","2026-09-09 17:01:47",669.3,2,salehjunior
5591,16885658,Mio,"2026-09-25 03:05:40",669.2,2,mio114
5592,16621709,smlcr,"2026-08-04 19:35:19",669.1,2,simulacri
5593,16632055,Bugra0,"2026-08-03 22:44:42",669.0,2,bugra0
5594,16730180,zshandy,"2026-09-08 04:57:54",669.0,2,zshandy
5595,16706993,Celibistrial,"2026-09-03 20:28:20",669.0,2,celibistrial
5596,16872090,DanielAarhus,"2026-09-17 07:10:37",668.7,1,danielaarhus
5597,16736314,"wuret henr","2026-08-20 09:10:48",668.4,2,wurethenr
5598,16883264,"João Felipe Aguiar","2026-09-13 15:32:14",668.3,2,joofelipeaguiar
5599,16656503,"Thiago Munhoz da Nóbrega","2026-08-04 20:47:37",668.1,2,thiagommtmn
5600,16665994,Rakhansyah,"2026-08-25 13:08:20",668.0,2,rakhansyah
5601,16664439,"Tony T","2026-09-10 12:16:04",667.7,2,thekke
5602,16644882,"SAMOILOV MIKHAIL","2026-08-03 02:10:04",667.7,1,samoilovmikhail
5603,16850098,"Bob Gerry","2026-09-09 05:35:31",667.4,2,bobgerry
5604,16693903,"Alief Randiansyah","2026-08-09 09:37:39",667.3,1,"aliefrandiansyah,salsaaghnia"
5605,16663187,"Teddy McBride","2026-08-07 03:59:53",667.3,2,tedcr100
5606,16775353,"YK Pan","2026-09-14 11:19:52",667.3,2,vansher
5607,16670365,"Konstantin Alekseev","2026-08-10 10:58:09",667.2,2,alekskst
5608,16914081,"Ashmit Janjirkar","2026-09-25 07:33:21",666.9,2,ashmitjanjirkar
5609,16641489,suminshim,"2026-08-03 06:24:39",666.8,2,suminshim
5610,16767453,IterumVici,"2026-09-06 19:28:10",666.5,2,iterumvici
5611,16668633,peien5,"2026-08-06 14:44:47",666.1,2,peien5
5612,16672264,iiTz_AK,"2026-08-15 12:18:44",666.0,2,iitzak
5613,16798334,"Gabriel othávio","2026-09-02 22:08:55",665.4,2,gabrielothvio
5614,16738506,"Rok Sechs","2026-09-16 21:43:58",665.1,2,rokshimiz
5615,16764445,sukesuke012,"2026-09-03 01:40:16",664.9,2,sukesuke012
5616,16655596,Bela,"2026-08-04 01:18:06",664.9,1,istribaik
5617,16875989,NapolianAdmin,"2026-09-26 11:28:22",664.8,2,ninadrai
5618,16658048,"Joel jaison 391","2026-08-05 02:31:57",664.7,2,joeljaison391
5619,16669466,"vuppuluri sriramsubhash","2026-08-06 08:42:50",664.5,2,vuppulurisriram
5620,16668361,NinhNguyen,"2026-09-12 12:55:39",664.4,2,ninhnt110695
5621,16622940,"Enrico Ambrosio","2026-08-06 19:56:30",664.4,2,enricoambrosio
5622,16916717,Rubén,"2026-09-18 18:44:49",664.3,2,rucamaba
5623,16726617,"Chase Lebarv","2026-08-19 01:07:58",663.9,2,chaselebarv
5624,16664221,Anish,"2026-08-14 00:53:48",663.8,2,anishmunje
5625,16819277,"Enshi Zhang","2026-09-05 16:26:29",663.8,2,enshizhang31
5626,16644566,"Guangjian Dong","2026-08-02 23:59:18",663.4,1,guangjiandong
5627,16680239,"Marinto Richee J","2026-08-12 08:21:02",663.4,2,marintoricheej
5628,16945354,"Aakriti Rao","2026-09-23 06:57:11",663.2,2,aakriti0110
5629,16672672,Koiiiiiopen,"2026-08-08 06:25:21",663.2,2,koiiiiiopen
5630,16718579,"Nazariy Karpov","2026-08-18 07:28:29",663.1,2,nazariykarpov
5631,16633083,bsenst,"2026-08-07 12:38:47",662.9,2,bnzn261029
5632,16718039,Uman_n3l,"2026-08-31 14:40:32",662.9,2,umann3l
5633,16640461,"Shigeru Kondou","2026-09-17 19:12:22",662.7,2,shigerukondou
5634,16634213,kkunizaw,"2026-08-03 20:47:58",662.5,2,kkunizaw
5635,16678250,"RMS Danaraj","2026-09-08 19:52:43",662.1,2,salorajan
5636,16640811,cyberia,"2026-08-02 09:12:23",662.0,1,cyberia
5637,16717414,"Akshit Sivaraman","2026-08-13 14:43:40",661.9,2,akshitsivaraman
5638,16632571,"nishchal jain","2026-08-03 07:27:14",661.7,2,nishchaljainds
5639,16734672,"Artom  Wade","2026-09-18 19:01:18",661.5,2,artomwade
5640,16688884,"As Wasti","2026-08-14 01:34:26",661.3,2,aswasti
5641,16734321,SubratP85,"2026-08-25 21:03:35",661.3,2,subratp85
5642,16679861,Pandabueno,"2026-08-12 15:51:48",661.2,2,ronaldomonzn
5643,16634036,"Emanuel Lázaro","2026-08-02 14:55:30",661.2,2,emanuellcs
5644,16774682,"Tatsuhito Yoshikawa","2026-09-04 02:14:45",661.2,2,tatsuhitoyoshikawa
5645,16842527,ko_fusion_JPN,"2026-09-26 23:46:34",660.9,2,kofusionjpn
5646,16750864,Ymori,"2026-09-27 03:41:35",660.8,2,yasunorim
5647,16659874,"ding yumeng","2026-08-26 11:59:06",660.8,2,dingyumeng
5648,16716089,wuzixiao,"2026-09-08 03:36:02",660.5,2,wuzixiao
5649,16661670,sansm1,"2026-08-04 16:54:59",660.5,2,sansm1
5650,16739551,arao,"2026-08-28 21:24:55",660.4,2,anjanarao
5651,16809371,"Aashir Noman","2026-09-18 10:03:45",660.4,2,aashirnoman
5652,16667516,Rosastella,"2026-08-05 16:00:48",660.3,2,rosastella
5653,16709800,nubx,"2026-08-20 17:12:04",660.3,2,manrajjitsidhu
5654,16665764,"izh yng","2026-08-21 06:16:21",660.3,2,izhyng
5655,16640877,Yorix.um,"2026-08-02 13:31:28",660.2,1,yorixum
5656,16663096,Agola_dasacic,"2026-08-04 20:07:50",660.1,2,mnu303
5657,16637489,"Gopal Krishna Gundumalla","2026-08-02 12:39:17",659.9,2,gopalkrishnag
5658,16875907,"Yash Mathur","2026-09-18 16:13:00",659.5,2,yashmathur03102001
5659,16639471,CaminoLSY,"2026-08-05 01:22:09",659.4,2,lsy37521
5660,16660470,"Oğuz Kaan Mavice","2026-08-28 09:39:58",659.1,2,oguzkaanmavice
5661,16670424,"Josep Audenis","2026-08-11 17:52:07",659.1,2,josepaudenis
5662,16660853,"lxh unbound","2026-08-05 00:02:02",658.9,2,lxhunbound
5663,16815488,"crothety liu","2026-09-05 06:27:35",658.7,2,crothetyliu
5664,16884517,"Fizie Fulumaka","2026-09-14 07:46:31",658.2,2,fiziefulumaka
5665,16658261,"Manan Khanna","2026-08-04 07:41:27",658.0,1,manankhanna0
5666,16646360,"Asrith Singampalli","2026-08-03 08:46:59",657.6,2,asrithsingampalli
5667,16658616,"Amitesh Chaudhary","2026-08-11 10:04:02",657.2,2,amiteshchaudhary
5668,16672095,"Friaseus ","2026-09-26 17:30:23",656.7,2,friaseus
5669,16622312,"Malak Reda","2026-08-03 09:02:41",656.6,2,malak457
5670,16652984,hxaxd,"2026-08-05 15:09:49",656.6,2,hxaxdcs
5671,16849153,"Zackary Loevseth","2026-09-08 06:14:48",656.4,2,zackaryloevseth
5672,16754845,"LG Music","2026-09-27 04:31:27",655.8,2,lgmusic
5673,16898276,SergioMoras,"2026-09-18 10:49:37",655.8,2,sergiomoras
5674,16669164,コノウイ,"2026-09-23 16:51:48",655.3,2,nickhu0414
5675,16921938,"Hikaru Kambe","2026-09-27 04:59:04",655.2,2,hikarukambe
5676,16666341,"Ege Güvener","2026-09-27 07:08:31",655.0,2,egegvener
5677,16713877,FunnyBishop,"2026-08-16 03:19:24",654.8,2,funnybishop
5678,16661685,"Lê Ngọc Lâm","2026-08-13 15:29:40",654.8,2,lengoclam
5679,16809515,"Александр Трифонов","2026-09-12 20:13:15",654.6,2,cybrvibe
5680,16881370,"xianhao Lin6077","2026-09-15 12:39:40",654.6,2,xianhaolin6077
5681,16678666,"Rudranarayan Pradhan","2026-08-09 12:28:32",654.6,2,itzrnp
5682,16659996,Schwifty,"2026-08-12 20:01:01",654.5,2,schwiftyc137
5683,16641068,"Rahul Ray","2026-08-05 14:27:07",654.4,2,rahulray5
5684,16863492,"Andrew Kalita","2026-09-10 03:32:25",653.9,2,andrewkalita
5685,16636105,"Md. Mehedi Hasan","2026-08-01 14:03:03",653.6,2,mehedi052
5686,16760087,Slizzle,"2026-08-30 04:37:40",653.5,2,sloan98
5687,16663933,AnshV1,"2026-08-06 03:03:35",653.0,2,anshv1
5688,16656379,"Jay Gautam","2026-08-12 12:19:40",652.0,2,jaygautam007
5689,16882072,"Ahmed Isa Zaweel","2026-09-13 09:57:29",652.0,2,ahmedisazaweel
5690,16688868,AlbanMaurel7,"2026-08-14 01:34:07",651.9,2,albanmaurel7
5691,16661376,"YERMES AMINE","2026-08-04 14:13:45",651.8,1,yermes
5692,16626217,"Stanislav Chistyakov","2026-08-05 18:52:47",651.5,2,chistyakov
5693,16730199,kawanot,"2026-08-24 09:15:18",651.3,2,kawano
5694,16747914,"Token's Expired","2026-08-22 16:25:39",651.3,2,"adeebshekh,akratisingh0101,shaankapoor21"
5695,16703203,"Hamza Shafik ","2026-08-17 23:48:06",651.2,2,hamzashafik12
5696,16639567,YassY_The_AlchemYst,"2026-08-11 15:07:03",651.1,2,yassineelhallaoui
5697,16692350,"Emerson Suarez","2026-08-16 05:09:13",650.9,2,jericksystem32
5698,16775210,"Daniel LPD","2026-09-10 14:44:52",650.4,2,daniellpd
5699,16659174,Soulwood,"2026-09-06 04:56:32",650.4,2,soulwood
5700,16712321,"Elias Schecke","2026-09-11 15:00:14",650.3,2,eliasschecke
5701,16652334,"Aldibek [dsmlkz]","2026-08-27 19:33:18",650.2,2,aldibek
5702,16749524,zzholo,"2026-09-06 00:16:17",650.1,1,zzholo
5703,16682908,"Masha Mashallah","2026-09-12 09:32:09",649.7,2,mashamashallah
5704,16707034,"Muhammed Ali Kul","2026-09-15 14:52:53",649.6,2,muhammedalikul
5705,16739640,TeamBanzaiSL,"2026-08-27 17:13:26",649.5,2,teambanzaisl
5706,16622015,"Ioannis M","2026-08-06 08:12:21",649.2,2,imeintanis
5707,16659125,"Meet Parekh","2026-08-19 10:31:09",649.0,2,meetparekh1
5708,16943936,"Wessel van Dijke","2026-09-24 21:23:34",648.8,2,wesselvandijke
5709,16664249,"Rohan Jain","2026-08-17 20:26:14",648.7,2,rohanjain2312
5710,16772394,TNWL,"2026-09-27 07:43:54",648.6,2,vuminh
5711,16675661,June_mk,"2026-09-06 00:08:47",648.5,2,jungoto
5712,16623732,A.S.TENSHU,"2026-08-17 16:25:35",648.3,2,kirvk013
5713,16654579,"anagha kv","2026-09-23 06:30:22",648.2,1,anaghakv6801
5714,16677752,"Senya Ka","2026-08-08 19:16:00",648.2,2,m1greatcool
5715,16667874,Vidushiii,"2026-08-10 12:25:42",648.0,2,vidushianand09
5716,16671980,601918_กิตติพงศ์,"2026-08-08 08:28:12",647.8,2,bluexg5502
5717,16715399,"Julia Chien","2026-09-05 08:21:06",647.7,2,juliachien
5718,16661353,mithi,"2026-08-11 20:04:07",647.7,2,singhaleo
5719,16697844,Noobykiller16,"2026-08-15 06:08:27",647.4,2,noobykiller16
5720,16672687,Liz,"2026-09-25 23:08:33",647.4,2,lizgarcia3
5721,16655187,cmxu,"2026-08-05 05:31:07",647.3,2,cmxu77
5722,16675452,Vladislav,"2026-08-12 13:58:35",647.3,2,simmeringoverstep
5723,16923772,"Aidan Edward Lawson","2026-09-21 05:55:34",647.2,2,modalpathethics
5724,16670759,"Lemmes Yad","2026-08-09 04:37:37",647.1,2,"austinsemmel,jonallday"
5725,16853417,"Aditya Prasetyo Budiarso","2026-09-11 11:59:34",646.9,2,artsodeva
5726,16888646,tinaztepec,"2026-09-19 16:21:38",646.8,2,tinaztepec
5727,16718539,"Divyansh Agrawal","2026-08-14 06:58:46",646.6,2,spartan1925
5728,16634876,MakiMakiAi,"2026-08-02 07:52:40",646.5,2,makimakiai
5729,16894008,"Marcus Jamieson","2026-09-25 10:34:42",646.4,2,marcusjamieson
5730,16678044,BJFC,"2026-09-20 16:07:06",646.1,2,"harshithharithsa,svsumanth"
5731,16674543,"Sujal Agarwal2301","2026-08-09 13:37:43",646.0,2,sujalagarwal2301
5732,16792512,ckd999,"2026-09-26 23:06:56",645.9,2,ckd999
5733,16688429,"Omrani Rabah","2026-08-11 22:19:21",645.7,2,omranirabah
5734,16804094,faheem,"2026-09-22 15:33:10",645.6,2,faheemkhaskheli9
5735,16661585,"Fully Liquidated","2026-09-01 01:57:16",645.4,2,kriskilgroe
5736,16665301,EricYang03,"2026-08-13 15:49:11",645.0,2,ericyang03
5737,16635127,"Sergey Bryansky","2026-08-26 20:39:37",644.8,2,sggpls
5738,16763865,SydneyC666,"2026-08-26 08:50:40",644.5,2,sydneyc666
5739,16691310,"Ganesh ","2026-09-24 21:34:39",644.3,2,hotshot1798
5740,16637340,the_vinci_coder,"2026-08-03 16:27:16",644.2,2,lokijt
5741,16663444,Thomas,"2026-08-11 04:21:42",644.2,2,tartieret
5742,16639473,"Jeff Borschowa","2026-08-02 00:39:11",644.0,2,jeffborschowa
5743,16658252,"Krishnan CS","2026-08-20 05:28:14",643.9,2,krishnanchathadi
5744,16659749,"Kavsik YVS","2026-08-22 19:30:45",643.7,2,kavsiku0512
5745,16670842,Cole,"2026-08-15 19:50:43",643.7,2,colechristensen
5746,16645705,wataru420,"2026-09-27 05:44:41",643.5,2,wataru420
5747,16855147,Kao0207,"2026-09-12 12:32:12",643.4,2,kao0207
5748,16699488,"Kelvin Lai","2026-09-25 02:56:40",643.3,2,kelvin84hk
5749,16657419,"Saivedant Hava","2026-08-05 06:36:39",643.0,2,saivedanthava
5750,16854339,"ML Underdogs","2026-09-22 06:19:48",642.9,2,mdjubairhasan
5751,16733131,Rad,"2026-09-23 09:12:43",642.8,2,vnt174
5752,16758298,"Jack p","2026-08-30 07:36:22",642.7,2,jtv199
5753,16923101,Kimodii,"2026-09-20 05:30:33",642.7,2,kimodii
5754,16634022,"Cihan Atak","2026-08-02 16:00:43",642.7,2,cihanatak
5755,16635680,starclan,"2026-08-14 17:50:55",642.5,2,starclan
5756,16759162,sgsuh,"2026-09-23 14:41:49",642.3,2,seukgyo
5757,16692954,"Adam Nhan","2026-08-16 19:10:48",642.2,2,asnhan
5758,16662050,HandsOffMyBigMelons,"2026-08-13 22:00:12",642.2,2,scrattle
5759,16719081,数学の山田,"2026-09-15 10:28:05",642.0,2,b612sum1
5760,16678246,"Mark Holloway","2026-09-05 22:23:35",641.7,2,markholloway
5761,16759229,"Samuel Kurabachew","2026-08-28 22:17:20",641.6,2,samuelkurabachew
5762,16692569,"Mark Kirwan","2026-08-26 08:05:16",641.6,2,markkirwan1990
5763,16654267,maniginam,"2026-09-27 03:00:06",641.5,2,maniginam
5764,16675475,"Andrey Aristov","2026-08-10 22:02:24",640.9,2,andreyaristov
5765,16891184,rbjp557,"2026-09-24 10:35:20",640.6,2,rbjp557
5766,16793626,"KO LIH HAN","2026-09-11 01:29:18",640.5,2,kolihhan
5767,16942760,"V Manmohan","2026-09-25 10:31:12",640.4,2,vmanmohan
5768,16924892,"cheng chen","2026-09-26 02:32:48",640.0,2,icebruce
5769,16655217,"Jiawei Zhao","2026-09-26 21:57:57",639.9,2,c789a123
5770,16668021,"bali rasem","2026-08-07 16:15:13",639.9,2,balirasem
5771,16726093,CocoTeam,"2026-08-18 14:22:45",639.8,2,"albaasca,ceemeese"
5772,16672035,diet1236364,"2026-08-09 23:37:45",639.7,2,kosuke123
5773,16818110,Kactus,"2026-09-16 00:15:43",639.4,2,kactus
5774,16716300,"Julian Kerignard","2026-09-07 10:12:31",639.2,2,juliankerignard
5775,16796509,"Taha Alselwi","2026-09-26 23:42:05",638.8,2,tahaalselwii
5776,16663515,HamsterSashka,"2026-08-20 14:40:55",638.8,2,hamstersashka
5777,16762719,"Ahmet Bilginoglu","2026-09-02 20:34:49",638.6,2,ahmetbilginoglu
5778,16623555,yindujuxi,"2026-08-01 10:11:35",638.1,2,yindujuxi123
5779,16926305,"Ιωάννης Μπερτολης","2026-09-23 16:15:30",638.1,2,"absor97,bertolis"
5780,16838855,"Sze Yu Sim","2026-09-09 01:37:05",638.1,2,szeyusim
5781,16668923,"duy tran","2026-08-10 18:38:49",637.9,2,duytran23
5782,16639973,akky,"2026-08-03 15:39:41",637.5,2,tellxxx
5783,16669330,"Panagiotis Charalabopoulos","2026-08-26 18:49:46",637.4,2,panagiotischaral
5784,16661467,sh_sub97,"2026-08-12 15:20:25",637.4,2,shsub97
5785,16903652,LokeshGiri,"2026-09-26 15:05:34",637.4,2,"lokeshjasrotia,vengatagirig"
5786,16663659,"Omer Rehman","2026-09-02 11:05:02",637.4,2,omerrehman97
5787,16844092,Johana01,"2026-09-15 08:10:42",637.3,2,johana01
5788,16944040,guarva,"2026-09-25 10:27:00",637.1,2,guarva
5789,16759443,"Ayman machhidan","2026-09-25 08:22:39",637.0,2,aymanmachhidan
5790,16665816,Vikas1306,"2026-08-10 05:53:19",636.9,2,vikas1306
5791,16639719,JASONSLIMWONG,"2026-08-02 08:11:22",636.9,2,jasonslimwong
5792,16691481,"Aditi Salvi","2026-08-18 15:24:53",636.7,2,aditisalvi04
5793,16662633,"Shekhar Suman","2026-08-15 19:17:49",636.6,2,shekharvc
5794,16927400,HaY0801,"2026-09-26 01:56:57",636.4,2,hay0801
5795,16675997,"Rintaro Moriwaki","2026-09-16 16:03:10",636.1,2,rintaromoriwaki
5796,16934906,"sou yamaguchi","2026-09-21 09:59:04",636.1,2,souyamaguchi
5797,16631090,yoikoarmor,"2026-08-09 07:01:44",635.9,2,yoikoarmor
5798,16652339,"Mohamed Amine Rebhi","2026-08-03 16:03:07",635.9,2,mohamedaminerebhi
5799,16643692,Samsay24,"2026-08-02 17:22:45",635.8,1,samsay23
5800,16662138,"Luan He","2026-09-05 21:53:24",635.6,2,luanhe
5801,16708369,JairSanchez151270,"2026-08-11 16:30:55",635.6,2,jairsanchez151270
5802,16667058,"Lê Quốc Duy","2026-08-08 01:03:08",635.4,2,lqucduy
5803,16640619,"Sơn Nguyễn","2026-08-28 08:19:19",635.1,2,sonnguyen10
5804,16660548,"Viraj Bakshi","2026-08-08 18:50:11",635.1,2,virajbakshi
5805,16654193,fvong,"2026-09-04 07:15:22",634.9,2,fvong35963
5806,16636725,shichi,"2026-08-11 12:47:35",634.9,2,shichi
5807,16699578,kakanekoka,"2026-09-04 17:45:15",634.7,2,kakanekoka
5808,16674532,"shoaib khan","2026-08-08 01:57:11",634.4,2,manifoldinfo
5809,16712567,PatWid,"2026-08-18 17:17:20",634.2,2,patwid
5810,16655062,KKS,"2026-08-08 07:36:03",633.9,2,sachisgod
5811,16668868,tawashi,"2026-08-13 06:51:45",633.6,2,tawashi
5812,16685412,Praveen8775,"2026-09-22 15:48:40",633.6,2,praveen8775
5813,16656167,"Minh Quang Do","2026-09-11 04:05:53",633.5,2,mrfreddy0209
5814,16677514,mayoristaNLP,"2026-08-09 16:33:23",633.4,2,mayoristanlp
5815,16728204,Meshwa,"2026-09-04 11:17:12",633.4,2,meshwapatel4287
5816,16685069,derek_kuang0213,"2026-08-22 10:33:21",633.4,2,derekkuang0213
5817,16947217,"Chikkam Sandeep Munna","2026-09-25 20:26:45",633.3,2,chikkamsandeepmunna
5818,16725150,"Nicolae Drabcinski","2026-09-01 11:45:51",633.2,2,nickdrabcinski
5819,16698596,ymok,"2026-09-12 02:00:52",633.2,2,iromao
5820,16799014,"Vaibhav singh kaira","2026-09-12 04:49:54",632.9,2,vaibhavsinghkaira
5821,16663361,protoLabs.studio,"2026-08-06 18:39:50",632.0,2,protolabsstudio
5822,16663356,Farm-ops,"2026-08-06 23:27:37",631.9,2,"dakotavannauker,tsho01"
5823,16710621,(´･_･`),"2026-08-16 07:14:53",631.8,2,tanakh
5824,16840735,"Heavy Drivers 2.0","2026-09-16 22:40:25",631.7,2,"cranjuice,pgggggggggggg,sudhanvaed25b055"
5825,16638667,"Sarvesh Nikas","2026-09-23 11:44:21",631.5,2,sarveshnikas
5826,16822111,hikarimaru,"2026-09-10 14:07:36",631.5,2,hikarimaru
5827,16694779,JacobKooi,"2026-08-10 09:16:35",631.4,2,jacobkooi
5828,16662066,"Yug Savalia","2026-09-25 19:48:56",631.3,2,"priyankagarg19,yugsavalia"
5829,16859900,ZZZ234234234,"2026-09-25 10:49:35",631.2,2,zzz234234234
5830,16925442,"Stef Sempels","2026-09-22 08:29:38",631.2,2,stefsempels
5831,16705345,"DEMON JI","2026-08-14 15:02:11",631.1,2,demonji04
5832,16669392,cobrapigeon,"2026-08-20 18:43:25",631.1,2,cobrapigeon
5833,16786485,"Sam Jenkins","2026-09-01 03:50:16",631.1,2,samjenkinsuk
5834,16693137,"Ich Benavides","2026-09-06 18:24:52",631.0,2,jabeichbenavides123
5835,16807281,sansh0u0,"2026-09-04 02:16:09",631.0,2,sansh0u0
5836,16662486,"KOTHAPALLI DILEEP","2026-08-10 12:06:14",630.8,2,kothapallidileep
5837,16657095,"Prashant Kumar","2026-08-20 12:59:11",630.7,2,praskr
5838,16656072,Vespidae,"2026-08-14 03:30:03",630.6,2,ianapis
5839,16635177,Zacchaeus,"2026-08-07 07:04:15",630.4,2,zacchaeus
5840,16662338,jaepyeocho,"2026-09-13 11:39:37",630.2,2,jaepyeocho
5841,16922434,Raduansm,"2026-09-26 23:23:49",630.2,2,raduansm
5842,16713236,kingofeverything,"2026-09-21 16:27:45",630.2,2,"kingofeverything,skyyyang"
5843,16887820,"Radosław Czajkowski","2026-09-21 17:59:25",630.2,2,radoslaw
5844,16856888,"Md Mehrab Hossain Opi","2026-09-10 07:16:45",629.8,2,iamopi
5845,16939742,"Shivang Modi","2026-09-26 08:52:23",629.4,2,shivang22
5846,16798268,KAEOS,"2026-09-06 20:09:49",629.2,2,hitesh221
5847,16924397,ngzeonwang,"2026-09-24 08:57:26",629.1,2,ngzeonwang
5848,16665120,nobody,"2026-08-13 14:48:45",629.0,2,rajesh1729
5849,16687883,CherylStoned,"2026-08-11 22:53:28",628.9,2,cherylstoned
5850,16684710,"Pratik Singh","2026-08-11 11:34:48",628.7,2,pratikks11
5851,16881453,"fahim magsi","2026-09-13 15:18:43",628.7,2,fahimmagsi
5852,16635848,KartoplyanePure,"2026-08-31 20:43:34",628.6,2,"danylotovp,wizardmp"
5853,16688929,"Kangqiao LIU","2026-08-18 07:44:55",628.6,2,kangqiaoliu
5854,16708189,Facouse,"2026-08-11 16:09:17",628.5,2,facouse
5855,16639810,gytdrop,"2026-08-14 12:47:28",628.5,2,"kartikeyrajbhar,shaikaktharali"
5856,16696724,arkmid,"2026-09-09 13:11:46",628.3,2,arkmid
5857,16639223,"SIDHAARTH SHREE","2026-08-19 15:03:55",628.3,2,sidhaarthshree
5858,16714166,"Naman Malik","2026-09-27 07:22:15",628.3,2,"adenijielijah,anapau11,marydata,namanmalik81714"
5859,16658083,"Gunjan Solanki","2026-09-03 10:39:28",628.2,2,blackhatv1
5860,16666391,"Harshpreet Singh","2026-08-06 10:32:51",628.2,2,harshpreet931
5861,16865982,"Orest Myth","2026-09-23 13:26:01",628.2,2,orestmyth
5862,16740404,BarrelAged,"2026-09-13 11:27:04",627.9,2,johnhosack
5863,16701036,"Tiandong Wang","2026-08-19 11:45:32",627.6,1,condone
5864,16662375,"Yunusa Hussein Adeiza","2026-08-14 22:12:49",627.6,2,yunusahusseinadeiza
5865,16702932,kyconf,"2026-09-12 14:10:46",627.3,2,kyconf
5866,16756176,"Unsh Rawal","2026-09-06 20:29:16",627.2,2,unshrawal
5867,16741892,astro,"2026-08-20 20:49:49",627.0,2,mayursamrutwar
5868,16655897,"Huanchen Jia","2026-09-27 02:56:43",627.0,2,huanchenjia123
5869,16669856,StrugglerK,"2026-09-22 17:10:09",626.9,2,muhammedkaanlker
5870,16630519,"Mehmet Özer","2026-08-01 16:51:55",626.6,2,ozermehmet
5871,16623645,"ayutin tin","2026-08-14 07:48:31",626.6,2,ayutintin
5872,16832474,"Isaac D. Hérnandez G.","2026-09-15 23:52:34",626.3,2,isaacdhrnandezg
5873,16658272,"Yash Katiyar","2026-08-08 20:17:05",626.2,2,yashkatiyar409
5874,16718202,"Abhi Kumar Agrawal","2026-08-18 09:52:24",626.2,2,abhikumaragrawal
5875,16857130,"Joao Araujo","2026-09-09 01:11:50",626.2,2,jhcaextra
5876,16741188,"Adarsh Samanu","2026-08-20 00:01:33",626.2,2,adarshsamanu
5877,16755398,takataok_42,"2026-09-25 18:19:32",626.2,2,takataok42
5878,16663343,"Abdullah M. Haque","2026-09-13 18:41:14",626.0,2,abdullahmhaque
5879,16811210,"Matt Dowis","2026-09-04 14:41:36",625.7,2,mattdowis
5880,16654855,"Pedro Rezende Gomes","2026-08-06 00:41:30",625.7,2,pedrorzgomes
5881,16773966,"Ronel Abraham Mathew","2026-08-26 16:05:26",625.6,2,ronelm
5882,16891179,feng222666888,"2026-09-24 10:49:47",625.6,2,feng222666888
5883,16882001,"Satyam Pote","2026-09-13 00:00:04",625.6,2,satyampote
5884,16655744,"Ademola Arigbabuwo","2026-09-03 21:44:49",625.4,2,princedemo
5885,16658430,bruyantq,"2026-09-23 08:33:16",625.2,2,bruyantq
5886,16763977,"Jong Park","2026-08-26 09:21:40",625.2,2,papercat318
5887,16770154,Florian,"2026-09-11 07:52:00",625.1,2,ftusek
5888,16755568,KHuShIMaHajan,"2026-08-21 18:55:05",625.0,2,bymista4578
5889,16665654,"Anurag H H","2026-09-10 15:05:26",625.0,2,anur4ghh
5890,16899024,Whooriiiaaaaa,"2026-09-24 23:24:57",624.9,2,"nickazaria,woupyie"
5891,16666452,"victor souza","2026-08-09 17:07:51",624.7,2,victorcaio
5892,16852559,永井こうたろう,"2026-09-09 04:01:11",624.6,2,kotakota914
5893,16875690,jwboost,"2026-09-16 04:31:31",624.5,2,kiritocui
5894,16728069,Taisei7,"2026-09-09 06:27:49",624.2,2,taisei7
5895,16912690,"Tegh Bindra","2026-09-20 04:55:09",624.1,2,teghbindra
5896,16802675,manishcs076,"2026-09-16 21:13:06",624.0,2,manishcs076
5897,16716402,"Shashvat Singham","2026-09-26 22:53:59",624.0,2,shashvatsingham
5898,16678773,"Steve Probst","2026-09-09 01:51:39",623.9,2,steveprobst
5899,16696267,"yu lesui","2026-08-10 05:41:40",623.9,2,yulesui
5900,16822523,bvgr,"2026-09-15 19:17:50",623.8,2,vbeeram
5901,16695633,"Kiran Kumar","2026-09-12 16:57:52",623.5,2,iamrkk
5902,16862913,MLEDV,"2026-09-11 18:13:10",623.4,2,edwardvaines
5903,16674324,"luca fregona","2026-08-08 13:37:49",623.4,2,lucafregona
5904,16635049,rooklift,"2026-08-16 06:27:36",623.3,2,rooklift
5905,16672103,"fred mahinay","2026-08-24 23:34:48",623.2,2,fredmahinay
5906,16633923,JackyFan123,"2026-08-01 15:22:04",622.9,2,jackyfan123
5907,16664219,JosephGuhlin,"2026-08-10 08:46:16",622.8,2,jguhlin
5908,16656501,"Thái Phạm Công","2026-08-05 03:59:47",622.2,2,thaipc
5909,16758204,kkKaan,"2026-08-24 07:56:58",622.1,2,kkkaan
5910,16667762,KucingGanteng,"2026-09-12 20:04:37",622.0,2,dhiyaussalam
5911,16724522,"stathis maurog","2026-08-26 07:01:48",621.7,2,stathismaurog
5912,16845664,fabio5050,"2026-09-16 04:04:27",621.5,2,fabio5050
5913,16784599,"Engineer Lisa","2026-09-27 02:24:18",621.3,2,lisamhines
5914,16658043,"Tran Huy Hoang1312","2026-08-05 01:58:39",620.9,2,tranhuyhoang1312
5915,16772673,"Alejandro Rendon B.","2026-09-22 22:21:04",620.9,2,alejandrorendonblan
5916,16735298,Watary0927,"2026-08-22 23:25:11",620.8,2,watary0927
5917,16664103,izack2666,"2026-08-07 14:41:10",620.6,2,izack2666
5918,16719065,"Aldo Rizona","2026-08-17 15:32:26",620.5,2,aldorizona
5919,16694269,Aftxb,"2026-08-11 14:58:08",620.4,2,aftxb07
5920,16780969,"Ewa Suknarowska","2026-08-30 15:53:25",620.4,2,ewasuknarowska
5921,16664828,Leon,"2026-08-09 09:00:09",620.4,2,leonmyl
5922,16687808,GorillaGhost,"2026-08-13 23:23:10",620.3,2,gorillaghost
5923,16755681,nic001,"2026-08-28 08:06:19",620.3,2,mimamura
5924,16939445,Dylan,"2026-09-26 17:15:34",620.3,2,dylan2778
5925,16640933,"Bhanu prasad","2026-09-21 03:21:24",620.1,2,restlesseagle
5926,16750175,"Quentin Pr","2026-08-27 18:08:14",620.0,2,quentinpr
5927,16932197,SamarthPD-21,"2026-09-25 13:57:11",619.4,2,samarthpd21
5928,16666833,DenisKoronchik,"2026-09-14 21:19:27",619.3,2,deniskoronchik
5929,16702713,"Rob Sartin","2026-09-24 21:59:26",619.3,2,robsartin
5930,16732048,jiangletian,"2026-09-27 07:42:41",618.8,2,jiangletian
5931,16668089,Goller,"2026-08-26 15:05:53",618.7,2,goller
5932,16658050,"changwei shi","2026-08-18 02:45:47",618.0,2,changweishi
5933,16784960,i-yuki23,"2026-08-30 01:13:11",617.8,2,iyuki23
5934,16694575,"Aloise Mutune","2026-09-17 13:48:22",616.8,2,aloisemutune
5935,16676308,DC,"2026-08-19 17:34:02",616.8,2,choudahchiun
5936,16624277,"D S S Kumar","2026-08-10 03:22:55",616.6,2,satrusskumar
5937,16634582,"Tarun Chaudhary","2026-08-12 06:36:33",616.5,2,tarunchdev
5938,16733195,"Zukas F.","2026-09-27 05:29:31",616.3,2,zukasf
5939,16743617,Dancing_Chaos,"2026-08-31 15:42:35",616.2,2,"bailynlove4ever,ripplecddc"
5940,16673346,gabrielep09,"2026-08-11 01:52:41",616.2,2,gabrielep09
5941,16663238,"Francesco Zaccaria","2026-08-21 07:28:57",616.2,2,francescozaccaria
5942,16893361,lemonjuice2312,"2026-09-19 07:36:26",616.2,2,lemonjuice2312
5943,16657332,"Amit Malakar","2026-09-27 06:02:06",616.1,2,amitmalakarjoy
5944,16715251,SoraGinko,"2026-08-28 18:52:17",616.0,2,terrywuu
5945,16677402,"Hıdır Demir","2026-09-10 22:35:54",615.9,2,hdrdmr
5946,16879477,liuzewen123,"2026-09-27 08:07:35",615.7,2,liuzewen123
5947,16635021,RiLi,"2026-09-27 07:44:47",615.6,2,hisatosenda
5948,16679079,"cedric stephan ","2026-08-25 20:39:15",615.4,2,cedricstephan
5949,16714894,"Mitsuaki Inoue","2026-09-27 06:57:47",615.4,2,mitsuakiinoue
5950,16662015,"ryan panda","2026-09-23 20:03:28",615.3,2,hollowpurple
5951,16690852,"Naveen Venu Bagadi","2026-08-30 04:38:13",615.0,2,naveenvenubagadi
5952,16757447,soyukke,"2026-09-13 17:38:12",614.9,2,soyukke
5953,16918826,NOTSUREKITTY,"2026-09-19 03:56:04",614.7,2,notsurekitty
5954,16633175,"Umut Kıvanç Sipahioğlu","2026-08-04 15:51:56",614.5,2,umutkvansipahiolu
5955,16698007,"Juanma Serrano","2026-08-23 15:49:31",614.5,2,juanmaserrano
5956,16669561,"Nikunj Pahwa","2026-08-15 20:04:36",613.8,2,nikunjpahwa
5957,16736579,rk777848,"2026-09-25 07:51:29",613.6,2,rk777848
5958,16797969,probability,"2026-09-07 09:44:49",613.5,2,probabilitywavepeak
5959,16679295,Mk26,"2026-09-04 13:52:05",613.5,2,"manishk26,mans31"
5960,16759351,"Shinsaku Haruta","2026-09-21 12:22:17",613.5,2,shinsakuharuta
5961,16664149,"Bushel Seed","2026-08-12 17:10:56",613.4,2,"dmyung,nicholasmschwartz"
5962,16748955,micchy,"2026-09-23 22:17:27",613.3,2,micchy326
5963,16635004,"jacob OKOTH O","2026-08-02 05:57:05",613.0,1,jacobokotho
5964,16661943,"Cow Wizard","2026-08-14 02:14:58",612.9,2,cowwizard321
5965,16717483,Caerno,"2026-09-25 19:38:44",612.8,2,caerno
5966,16660955,"Nihal l.suvarna","2026-09-17 14:24:23",612.8,2,nihallsuvarna
5967,16939419,goat,"2026-09-27 08:36:30",612.5,2,vinhdang2006
5968,16670214,"Louis @ tradeInsight.ai","2026-08-21 15:18:11",612.3,2,louisquart
5969,16623886,onepunch999,"2026-08-01 07:30:37",612.2,2,onepunch999
5970,16914138,"Amritesh Anand","2026-09-25 09:38:53",612.1,2,amriteshananad
5971,16797025,"Jonathan Glinton","2026-09-11 17:11:01",612.1,2,jonathanglinton
5972,16780019,"hamza khokhar890","2026-09-20 16:35:58",611.9,2,hamzakhokhar890
5973,16905608,ChrisVas123,"2026-09-16 09:44:56",611.9,2,chrisvas123
5974,16695822,"Ahmad Elawady","2026-08-18 20:06:59",611.3,2,aielawady
5975,16639492,"Vishnu R Mohan","2026-08-08 20:36:19",611.1,2,vishnurmohan
5976,16658224,"Daniel Gallardo Gómez","2026-08-07 08:17:24",610.9,2,danielgallardogmez
5977,16929645,"GeneralShizha ","2026-09-20 10:27:45",610.9,2,generalshizha
5978,16665517,"RUEI-HSIANG. CHANG","2026-08-17 15:23:55",610.7,2,rueihsiangchang
5979,16673477,ArtFix,"2026-08-11 00:51:09",610.5,2,artfix
5980,16741660,Dhruv_Goyal990,"2026-09-03 16:20:31",610.5,2,"dhruvgoyal990,prathameshbelavagi"
5981,16847275,"Giovanni Marco Dall'Olio","2026-09-09 20:43:20",610.2,2,dalloliogm
5982,16630501,"Haris Ahmed","2026-08-14 10:08:51",610.1,2,harisahmedgenai
5983,16688108,Special_octo20,"2026-09-14 19:16:13",610.0,2,specialocto20
5984,16657570,"Guruprasad Parasnis","2026-08-10 12:04:57",609.9,2,guruprasadparasnis
5985,16757614,"Eduardo Molina","2026-09-06 04:04:22",609.4,2,eduardomolinaai
5986,16777222,"José Daniel Ara","2026-08-27 00:12:53",609.3,2,josdanielara
5987,16724364,Sh4ron,"2026-09-11 15:48:11",609.3,2,sh4ron
5988,16737986,"Edris Yawar #2","2026-09-05 09:32:08",609.2,2,edrisyawar
5989,16892537,"🐖 piggy bank butchery 🥩","2026-09-26 18:34:34",609.1,1,artemkhakimov
5990,16941176,"Jesse #2","2026-09-26 20:21:59",609.0,2,atjesse
5991,16687788,"Me and the Geese","2026-08-26 15:57:41",609.0,2,skalermo
5992,16636954,"Jeff Horon","2026-09-13 16:30:41",608.7,2,jeffhoron
5993,16675952,bazinga,"2026-09-22 23:21:10",608.7,2,stephanhahn16
5994,16640816,pawaraman,"2026-08-02 19:46:52",608.1,2,pawaraman
5995,16725010,jenninglim,"2026-08-23 08:38:47",608.0,2,jenningl
5996,16671217,"Akshay V","2026-08-21 04:01:22",607.9,2,akshayv1001
5997,16684957,"Lucas Ferreira","2026-08-11 18:20:43",607.8,2,lucasdeoferreira
5998,16739128,"Praneeth Paikray","2026-09-07 11:18:26",607.6,2,paiky1995
5999,16668298,"Riki Garcia","2026-08-26 15:36:14",607.5,2,rikigarcia
6000,16664024,"Juan David Bolanos","2026-08-13 17:06:00",607.3,2,juandavidbolanos
6001,16669489,"Yichi Zhang","2026-08-28 19:31:07",607.1,2,yichizhang12
6002,16655340,LGarcia10,"2026-08-17 13:17:31",607.0,2,leonardogarcia10
6003,16741121,"Vignesh Nehru","2026-09-22 07:58:54",606.9,2,vigneshnehru
6004,16635796,MugaBros,"2026-08-04 05:27:02",606.8,2,"drrocktotpalkonwarh,monjyotid"
6005,16676254,"Lazy Lagoon","2026-09-17 16:26:05",606.4,2,"mokshoswal137,taniyasankhe"
6006,16690988,"Aditya Bharadwaj","2026-08-20 10:02:32",606.4,2,adityabharadwaj26
6007,16663784,Aniketh2k7,"2026-08-10 06:02:02",606.2,2,aniketh2k7
6008,16746151,"Nicolas Gomasjaya","2026-08-26 16:57:08",606.2,2,nicolasgomasjaya
6009,16918421,"Joseph Kosednar","2026-09-27 06:12:07",606.2,2,josephkosednar
6010,16667258,"Firman Imam","2026-08-09 02:36:56",605.9,2,piririp
6011,16766732,"Maziyar Abyari","2026-09-19 08:14:10",605.8,2,maziyarabyari
6012,16841397,"Petro Tarnavskyi","2026-09-06 12:36:05",605.5,2,petrotarnavskyi
6013,16654456,"Tristan Peng","2026-08-09 17:00:48",605.5,2,tristanpeng
6014,16879958,Sash.a,"2026-09-27 08:24:46",605.3,2,smashaza
6015,16670420,"Mihir Argulkar","2026-08-07 20:03:15",605.2,2,mihirargulkar
6016,16767802,"Luis Fernando Faria","2026-08-31 20:57:29",605.2,2,luisfernandofaria
6017,16664457,yaohongfu,"2026-08-10 12:30:43",605.0,2,yhfwww
6018,16712380,Rdjarbeng,"2026-09-27 08:21:09",604.9,2,rdjarbeng
6019,16635670,"Mr.S hanakosan","2026-08-09 00:31:34",604.8,2,earlgreytea15
6020,16630559,khan,"2026-08-02 12:18:56",604.4,2,khansolov
6021,16656274,googunmo,"2026-08-08 01:13:58",604.3,2,googunmo
6022,16658602,aldoktvns,"2026-08-04 15:51:08",603.9,2,alrette
6023,16784154,JoshJML,"2026-09-03 05:39:26",603.9,2,joshjml
6024,16721960,"Lê Khang","2026-08-18 19:42:43",603.6,1,kobtdatten
6025,16793895,"Moh Notif","2026-09-26 23:03:08",603.6,2,mohnotif
6026,16699838,"Harry Taylor","2026-08-21 10:38:18",603.2,2,harryphysics
6027,16699415,"Dohwan Kwak","2026-08-31 01:05:28",603.0,2,dohwankwak
6028,16656013,Asuran,"2026-09-04 04:43:56",603.0,2,zkasuran
6029,16670834,romin_123,"2026-08-14 01:25:19",602.7,2,romin123
6030,16665476,"Zhanghao Chen69","2026-08-19 12:42:33",602.5,2,zhanghaochen69
6031,16950015,"Jacob Stultz1","2026-09-23 22:49:13",602.5,1,jacobstultz1
6032,16764605,"Bandito Gangesterito","2026-09-22 18:06:53",602.4,2,"mrtrueteller,restovrator"
6033,16660310,KOLONEX.NET,"2026-08-10 12:40:46",602.4,2,danielandresmiranda
6034,16876642,Gruberx,"2026-09-25 17:53:44",602.4,2,gruberx
6035,16668354,"ashraf saiyed","2026-08-13 13:44:31",602.3,2,ashrafsaiyed58
6036,16756113,"George Megre","2026-09-16 07:04:00",602.2,2,georgemegre
6037,16632757,taopy2,"2026-09-27 04:27:15",601.8,2,taopy2
6038,16808956,"Denis Zerov","2026-09-03 10:59:46",601.8,2,dinoden
6039,16747390,SawadaTsurumai,"2026-08-24 09:48:07",601.8,2,sawadatsurumai
6040,16665942,"Satvik R Shetty","2026-08-09 03:59:52",601.7,2,satvikrshetty
6041,16911383,PurpleNightmare,"2026-09-26 07:35:39",601.6,2,purplenightmare
6042,16693949,"Eric Worrall","2026-09-24 12:55:00",601.6,2,ericworrall
6043,16698034,Anatoliy_Fomin,"2026-08-12 12:57:18",601.4,2,anatoliyfomin
6044,16766888,"Alex #4","2026-08-24 14:42:19",601.4,1,alxndrvara
6045,16655595,ashsah,"2026-08-31 08:37:35",601.2,2,ashsah
6046,16718133,KaranjeetSingh1110,"2026-09-16 15:31:45",601.2,2,karanjeetsingh1110
6047,16809762,"Ryan Wong","2026-09-04 14:47:39",601.1,2,taggatle
6048,16633772,ayuma,"2026-08-03 06:01:01",600.9,2,onthoze
6049,16738538,ZHANG_WuHua,"2026-08-18 16:21:19",600.8,2,zhangwuhua
6050,16724002,Yahia717,"2026-08-20 20:48:31",600.8,2,yahia717
6051,16624888,okome_niigata,"2026-08-06 06:47:17",600.7,2,okomeniigata
6052,16664241,payoon,"2026-08-07 08:24:05",600.7,2,payoon1234
6053,16750036,"Kiệt Lưu","2026-09-05 03:41:19",600.6,2,jaxyss
6054,16786140,valgrinderror,"2026-09-26 15:35:01",600.6,2,valgrinderror
6055,16734712,"Jamshid Ganiev","2026-08-19 06:03:31",600.4,2,jamshidganiev
6056,16738805,"Sergey Panasenko","2026-08-31 23:14:50",600.2,2,spanasenko
6057,16823957,"kiki yi2","2026-09-27 08:40:09",600.0,2,kikiyi2
6058,16665342,Prothos,"2026-08-23 13:44:29",599.8,2,vjuenemann
6059,16665984,hepialidae,"2026-08-10 16:05:19",599.7,2,hepialidae
6060,16659974,"anthony sinchi","2026-08-18 00:01:08",599.5,2,anthonysinchi
6061,16653222,StevenYuan7788,"2026-08-17 17:38:44",599.4,2,stevenyuan7788
6062,16876021,"Jeff Law #2","2026-09-17 23:31:28",599.3,2,jlaw99
6063,16775652,"Dat Dinh","2026-09-14 02:48:43",599.1,2,dathbdinh
6064,16702411,"Aryuemaan Chowdhury","2026-08-21 07:05:31",598.8,1,aryuemaanchowdhury
6065,16888546,"Skskj Sskm","2026-09-16 03:06:12",598.8,2,skskjsskm
6066,16709481,"Gerbilles Saucières","2026-08-22 10:38:44",598.8,2,"benjaminhrt30,volbox1902"
6067,16895824,"Dhruv lele","2026-09-20 05:41:57",598.1,2,dhruvlele
6068,16633269,op_star_platinum,"2026-08-09 17:52:52",597.9,2,opstarplatinum
6069,16665042,Neo_0x3f,"2026-08-10 21:36:56",597.8,2,neo0x3f
6070,16814805,Muzhi11,"2026-09-21 02:41:31",597.5,2,muzhi11
6071,16660270,Ziel_Lux,"2026-09-22 14:36:05",596.8,2,nahbilafaith
6072,16790257,"Shivam Kushwaha","2026-08-30 11:55:08",596.6,2,shivamk21
6073,16736856,misaki,"2026-09-26 00:42:12",596.6,2,"dicenull,iroharyo,jinnsou0219,misakima"
6074,16664709,kai,"2026-08-18 23:29:11",596.3,2,sungwo101
6075,16706192,rustlers42,"2026-09-02 15:24:05",596.1,2,"lkshrsch,powerofcreation"
6076,16639970,Gowtham2962s,"2026-09-20 17:35:06",595.9,2,gowtham2962s
6077,16623580,matsu997,"2026-09-22 15:27:14",595.8,2,mastu997
6078,16686715,"Adrien Secondaire","2026-08-08 15:54:58",595.6,2,adriensecondaire
6079,16636808,"Kaito Ichikawa","2026-09-18 10:15:37",595.6,2,kaitoichikawa
6080,16668720,"etienne duplessix","2026-08-10 22:48:53",595.5,2,etienneduplessix
6081,16663736,"Life Is Roblox","2026-08-17 18:58:37",595.4,2,alexlisenko
6082,16636454,epigene,"2026-08-02 10:14:52",595.2,2,nadhu59648
6083,16846149,"Arnav Salkade","2026-09-07 15:00:23",595.2,2,arnavsalkade
6084,16657397,"QSS Technosoft AI Team","2026-08-05 07:47:00",595.2,2,"kunalthedev,nishantkumarabes,prathamydvv,prishagdev,shreyakchakraborty"
6085,16660805,"Ramon van Dijk","2026-08-05 05:48:21",595.1,2,ramonvandijk
6086,16631573,uesi,"2026-08-01 12:04:04",595.1,1,uemura687
6087,16885575,"Kotaro Imamura","2026-09-18 00:47:04",595.1,2,kotaroimamura
6088,16719745,"Masih Pemula Beneran","2026-08-31 02:14:53",595.0,2,mikhaeldhika
6089,16663200,BONES,"2026-09-26 18:37:23",594.8,2,tusharkumar23321032
6090,16789898,"Trung Phạm Đức","2026-09-23 03:12:41",594.8,2,arscil
6091,16763838,"L. Barriga","2026-09-09 10:57:18",594.8,2,lbarriga
6092,16648215,"Terrence Chuwe","2026-08-03 13:32:15",594.4,2,terrencechuwe
6093,16664159,"james nazareth","2026-08-19 02:13:23",594.4,2,jamesnazareth
6094,16655142,"Stanislav Kuznetsov","2026-09-03 12:58:20",594.4,2,drtduck
6095,16738994,"Hem Viramgama","2026-08-21 00:34:48",594.4,2,hemviramgama
6096,16657172,Honkazu,"2026-08-28 16:55:46",594.2,2,janposlusny
6097,16668269,"Rashi Jain07","2026-08-05 17:46:37",594.2,1,rashijain07
6098,16659817,"Viet Anh Ngo ","2026-08-31 09:41:08",594.2,2,vietngogm
6099,16775770,"Ashish Kumar","2026-08-27 17:18:58",594.1,1,whoashish115
6100,16660491,"Ryan Hancock","2026-08-08 09:56:54",594.0,2,rychanfox
6101,16687925,BillDoser,"2026-09-11 21:54:35",594.0,2,billdoser
6102,16661225,"Monibee Fudgekins","2026-09-16 18:18:38",593.9,2,monibeefudgekins
6103,16851573,NaNomin,"2026-09-08 01:55:42",593.8,1,nanomin
6104,16659294,"Muhammad Rafzan","2026-09-05 18:30:44",593.8,2,revianalfariz
6105,16650160,nori8774,"2026-08-10 06:26:21",593.6,2,norimasayamamoto
6106,16675888,"Rob Gonzalez","2026-08-08 14:58:43",593.3,2,robg475
6107,16911847,LGC,"2026-09-17 08:21:20",593.2,1,victorlingc
6108,16763886,"Jackson Sauls","2026-09-04 22:59:51",593.1,2,jacksonsauls
6109,16630741,mrk,"2026-08-05 09:49:44",593.1,2,matsubaratakuji
6110,16658660,"Leo Lai","2026-08-13 08:14:45",593.0,2,junweilai
6111,16672493,ChloeeeeY,"2026-08-23 06:17:03",592.7,2,chloeeeey
6112,16860088,Lockers,"2026-09-09 11:32:59",592.7,1,lockers123
6113,16776928,aiexpert1120,"2026-09-01 16:48:18",592.5,2,aiexpert1120
6114,16699292,"Siddharth Kumar Gopal","2026-08-14 16:35:03",592.3,2,siddharthkumargopal
6115,16633466,"Aarush pandey","2026-08-25 19:17:14",592.2,2,aarushpandey
6116,16755548,"Manuel Ramos","2026-08-27 19:06:26",592.2,2,aizpask13
6117,16691580,"Toni Blanco","2026-08-11 13:10:45",591.8,2,toniblanco
6118,16791960,Boladi,"2026-09-10 00:53:38",591.3,2,boladi
6119,16810807,Cordiz,"2026-09-03 22:42:51",590.9,2,cordiz
6120,16869617,"Denis Chernyshov","2026-09-18 22:32:19",590.8,2,denischernyshov
6121,16665692,Straw_hats,"2026-09-01 07:40:19",590.7,2,"charanno,tvigneshreddy"
6122,16654085,"Bill Xu","2026-09-27 07:47:48",590.6,2,billll
6123,16633928,ghostiee11,"2026-08-01 01:33:25",590.6,1,ghostiee11
6124,16705348,"Howard lin","2026-08-20 23:01:36",590.6,2,howardlin007
6125,16805340,"Md. Rafiul Islam","2026-09-25 16:04:37",590.5,2,rafiulislamrafi
6126,16665759,"Shawn Zhang","2026-08-21 10:18:20",590.3,2,shawnzhang0318
6127,16781447,"Cody Schrank","2026-08-31 04:38:57",590.0,2,codyschrank
6128,16686787,"Lars Kammeijer","2026-08-07 21:31:11",589.9,2,larskammeijer
6129,16855646,Seshu,"2026-09-09 14:49:33",589.9,2,seshuthota
6130,16845570,CHCV,"2026-09-27 07:54:54",589.8,2,chcvpz
6131,16695662,"Ollie Lowe2","2026-08-16 16:47:01",589.7,2,ollielowe2
6132,16664112,"Ethan Hung","2026-08-08 21:44:57",589.7,2,chinesegorilla99
6133,16731516,Sumit0694,"2026-09-15 21:17:01",589.7,2,sumit0694
6134,16759623,"zhenglu wen","2026-08-26 06:24:09",589.7,2,zhengluwen
6135,16666188,"XueFeng Chen","2026-09-18 00:46:41",589.6,2,chxfmcs
6136,16795802,Kk,"2026-09-21 10:03:04",589.5,2,cudamax
6137,16939496,"Haotian Niu","2026-09-26 06:35:52",589.5,2,haotianniu
6138,16644456,Agbe,"2026-09-26 14:21:57",589.5,2,timmecom
6139,16854414,handsomeHBS,"2026-09-26 17:05:37",589.3,2,handsomehbs
6140,16755529,"Rafea Almejrab2025","2026-08-29 16:06:34",589.1,2,rafeaalmejrab2025
6141,16797395,"LCNN JJ","2026-09-17 16:38:59",589.0,2,supremebeast08
6142,16679887,ScriptRed,"2026-08-09 00:36:30",589.0,2,scriptred
6143,16759381,"Subhan Hussain","2026-09-20 09:00:54",589.0,2,subhanhussain0205
6144,16803726,Yaromir_Ko,"2026-09-08 13:25:00",588.7,2,ronanndex
6145,16726941,CJ103CJ,"2026-08-23 12:52:07",588.6,2,cj103cj
6146,16658334,"Roy Wei","2026-09-26 16:36:21",588.6,2,renyiwei
6147,16666204,"David Nana Kofi Ofosu-Arko","2026-08-05 11:04:42",588.3,2,davidnanak
6148,16769767,bruhbruh,"2026-08-28 08:51:26",588.3,2,nguyendinhbach69
6149,16653534,"Mohamed Amine Ettaki","2026-09-14 20:52:45",588.2,2,amine159
6150,16748979,"Venkata Madhu Sai D ","2026-08-21 19:49:08",588.1,1,venkatamadhusaid
6151,16649344,BeyondAnalytics,"2026-08-28 12:00:36",587.9,2,radumarinion
6152,16685649,YUYUTA,"2026-09-25 10:57:15",587.7,2,yuyuta
6153,16700546,"Nightshade Family","2026-09-07 13:24:48",587.5,2,"gihanchamod17,vishmithasamarakoon"
6154,16819872,"Shi Van","2026-09-03 16:50:46",587.2,1,shivanufo
6155,16905679,xaxipiruli,"2026-09-26 13:11:42",587.1,2,xaxipirulazo
6156,16656460,dlutwzh,"2026-08-08 06:48:33",587.0,2,dlutwzh
6157,16713061,Yuk!,"2026-09-26 05:55:25",587.0,2,mitsuyukiokamura
6158,16662128,BenPalmer59,"2026-08-11 19:16:24",586.9,2,benpalmer59
6159,16727059,ksankeerth1,"2026-09-03 02:28:22",586.8,2,ksankeerth1
6160,16757211,dacho,"2026-09-27 05:54:34",586.8,2,slothcafe
6161,16888900,"Koh Endru","2026-09-19 12:08:24",586.7,2,kohendru
6162,16659828,"Lebansty Valan","2026-08-21 14:14:56",586.7,2,lebanstyvalan
6163,16699689,"David Sedláček","2026-08-10 08:38:38",586.7,2,sibicek
6164,16684436,Simon-the-sorcerer,"2026-09-26 23:08:05",586.5,2,simonwiller
6165,16855755,"Jack Yap","2026-09-10 19:43:36",586.5,2,jackyap
6166,16777065,"dani yemane","2026-09-17 20:43:13",586.4,2,daniyemane
6167,16844262,"S Aishvarya","2026-09-25 19:23:59",586.3,2,saishvarya
6168,16660345,"Aadhithya Ramesh","2026-08-06 08:49:10",586.3,2,aadhithyaramesh
6169,16677105,"Chaitanya Yadav","2026-08-16 10:36:07",586.3,2,xhaitanya
6170,16659939,"Mouafak Dakhlaoui","2026-09-21 02:34:52",586.0,2,sharmoul
6171,16661898,Farfadet,"2026-08-12 06:04:18",586.0,2,farfadet
6172,16714208,TirumalaMarri,"2026-08-29 00:04:15",585.7,2,mtreddy
6173,16880938,nousername22,"2026-09-27 08:17:55",585.6,2,nousername22
6174,16793189,"Akash Mohan Chaudhary","2026-09-01 18:29:57",585.4,2,akashmohanchaudhary
6175,16651661,"Quyền Thịnh","2026-08-07 06:27:45",585.4,2,quynthnh
6176,16631353,"Shivam Shinde","2026-08-01 15:29:24",585.0,2,shindeshivam
6177,16668711,"David Leati","2026-08-28 00:47:39",585.0,2,davidleati
6178,16786043,Palimpsesto,"2026-09-08 23:44:50",584.9,2,denzelfuentes
6179,16702270,"Jonas Jaku","2026-09-09 06:37:15",584.3,2,jonasjaku
6180,16768466,BenJung,"2026-09-16 09:44:23",584.2,2,"benjung2512,hyeonglvl,hyeonho028,limjoonsoo"
6181,16664003,"Nakul Rajpal","2026-08-05 06:29:24",584.1,2,nakulrajpal
6182,16787200,"HayDay Protestors","2026-09-23 16:59:25",584.0,2,"aaronjoshuaemmanuel,anjulasankalpa,chamathjayashanka,ghostd,prabhashanmadurawala"
6183,16677366,Gmmastermind,"2026-08-07 01:19:13",584.0,2,gmmastermind
6184,16655013,"Adrian Martinez 1111","2026-08-12 00:52:14",583.9,2,adrianmartinez1111
6185,16777740,hoangnnh67,"2026-08-28 22:12:22",583.9,2,hoangnnh67
6186,16664804,ryanovovo,"2026-08-05 18:02:38",583.8,2,ryanovovo
6187,16884815,"Idrees Asghar","2026-09-26 04:54:41",583.7,2,adiladil1275
6188,16730028,"Ken Qian","2026-08-17 03:10:15",583.7,2,kenqian
6189,16723528,"Singaraj B","2026-09-05 15:33:26",583.4,2,singarajb
6190,16660600,"Beria Kalpelbe","2026-08-07 13:46:47",583.4,2,beriakalpelbe
6191,16866712,Ddm_demo,"2026-09-20 14:16:05",583.1,2,ddmdemo
6192,16781242,"Bobby Clare","2026-09-03 17:04:16",583.1,2,bobbyclare
6193,16663922,MoongladeAI,"2026-09-14 03:49:11",583.1,2,moongladeai
6194,16717952,Aydar,"2026-08-29 21:28:35",583.0,2,aydara
6195,16825667,"Lê Minh Dương","2026-09-08 05:45:07",582.9,2,minhduonq
6196,16655578,"Ahmed Merie","2026-08-13 00:11:40",582.9,2,aa7767
6197,16777746,"Daniel Bandy","2026-08-29 02:04:01",582.7,2,goddangitboby
6198,16664154,dwdwdwsdedwd,"2026-08-11 06:29:24",582.7,2,dwdwdwsdedwd
6199,16840445,"Danko Schroeder","2026-09-26 22:44:18",582.6,2,dankoschroeder
6200,16798478,"Vinicius Pupin","2026-09-02 21:29:51",582.5,2,viniciuspupin
6201,16680342,Game_khó_vkl,"2026-09-27 00:00:22",582.5,2,maruusha
6202,16634204,"m-toshi desu","2026-08-01 06:20:37",582.3,2,mtoshidesu
6203,16683383,Boardgamers,"2026-09-26 22:28:22",582.2,2,"cgchirag,hitishagoyal,nandneepriya,navneetprabhat"
6204,16786437,"Kiran Narayana K","2026-08-30 06:45:20",582.1,2,kirannarayanak
6205,16854582,BlackWizard00,"2026-09-08 15:32:36",581.9,2,blackwizard00
6206,16755111,ingemarieke,"2026-08-21 15:04:53",581.8,1,ingemarieke
6207,16657290,lol-hiker,"2026-09-08 07:32:03",581.7,2,lolhiker
6208,16924484,"Sadiq Ali","2026-09-20 07:51:11",581.7,2,sadiqali55
6209,16656107,Aotokitsuruya,"2026-09-02 14:35:20",581.6,2,elct9620
6210,16735408,"Evan S","2026-08-18 20:06:05",581.5,2,evansc123
6211,16665395,"bachi idriss","2026-08-10 15:23:30",581.4,2,bachiidriss
6212,16655629,Mai_Konare,"2026-08-17 06:20:49",581.3,2,maikonare
6213,16665932,"Fabian Birringer","2026-08-21 18:31:41",581.3,2,fabianbirringer
6214,16656912,"Sami Ali","2026-08-07 00:48:33",581.2,2,mrsamiali
6215,16665990,daffaharil,"2026-08-11 07:56:55",580.8,2,"daffaharil,farhansiddiq"
6216,16699091,Umkaaa,"2026-09-15 14:04:55",580.6,2,umkaaa
6217,16760439,XLX,"2026-09-06 03:20:58",580.4,2,lonelygleaner
6218,16658655,HbjaHbja,"2026-08-12 12:18:51",580.3,2,hbjahbja
6219,16703310,"israel ntumba","2026-09-14 17:42:47",580.3,2,israelntumba
6220,16692401,"Abdurehman Iqbal","2026-08-14 09:13:08",580.2,2,abdurehmaniqbal
6221,16687548,"Shubham Tibrewal","2026-09-22 07:13:23",580.2,2,researchai2026
6222,16795923,KaluzaKlein,"2026-09-14 10:50:35",580.1,2,kaluzaklein
6223,16698164,"Ruizhang Zhi","2026-09-25 22:59:36",579.9,2,ruizhangzhi
6224,16683282,ayushk_empire,"2026-08-14 11:50:15",579.8,2,ayushkempire
6225,16722502,Abyss,"2026-08-27 11:26:49",579.8,2,sahiltks
6226,16670356,"Dziriyin wa9il","2026-08-25 19:56:56",579.8,2,"akumanomu,alioualaeddine"
6227,16926026,"Michael Pamurahardjo","2026-09-24 17:40:08",579.7,2,michaelpamurahardjo
6228,16664072,"victor aguilera","2026-09-24 23:34:18",579.7,2,viaguilera
6229,16947797,"Chris Croft","2026-09-25 12:42:53",579.6,2,chriscroft
6230,16671646,Luche,"2026-08-08 04:23:32",579.4,2,henrylucky
6231,16882160,"John Doe #2","2026-09-12 18:04:56",579.3,1,realgrape
6232,16731260,"Jeel Gajera","2026-08-18 07:44:44",579.2,2,jeelog
6233,16739167,Yeyuqing0913,"2026-09-07 00:36:15",579.2,2,yeyuqing0913
6234,16655044,"Darius Kolycius","2026-08-04 09:49:01",578.8,2,dariuskolycius
6235,16668211,"Alejandro Hernández Mairal","2026-09-03 13:28:29",578.7,2,alherma7
6236,16927491,Adilkhan1275,"2026-09-26 03:29:26",578.5,2,adilkhan1275
6237,16694610,Kshitiz2002,"2026-08-11 15:44:41",578.3,2,kshitiz2002
6238,16742073,"nguyễn huệ anh","2026-09-15 15:55:00",578.2,2,akapatu
6239,16685938,"Gautier Fauchart","2026-08-12 05:57:21",578.2,2,gautierfauchart
6240,16692857,AbeLincoln1865,"2026-08-11 00:10:16",578.2,2,abelincoln1865
6241,16891689,"Jiawei Xi","2026-09-14 19:46:39",578.2,2,jiaweixi56
6242,16760604,"Thananut Phiboonbanakit","2026-08-25 14:04:44",578.1,2,tphiboonbanakit
6243,16717671,Jeremy,"2026-09-22 22:01:27",577.8,2,lukeenness
6244,16707037,"Cedoque BAGBONON","2026-09-20 10:27:32",577.8,2,cedbag
6245,16658377,Masaya,"2026-09-04 15:10:14",577.7,2,irrohas
6246,16682915,"igeo kK","2026-09-12 23:10:17",577.6,2,igeokk
6247,16796625,Nepsirhc,"2026-09-12 11:15:35",577.5,2,nepsirhc
6248,16687714,nabilux,"2026-08-09 13:27:11",577.5,2,eminesnabil
6249,16747180,KaiKogure,"2026-09-03 12:46:04",577.4,1,kaikogure
6250,16661318,"Zeel Kadvani","2026-08-25 11:17:53",577.2,2,zeelkadvani
6251,16823204,"Adilson Eduardo Tostes Carmo","2026-09-26 13:48:16",577.2,2,eduardotostess
6252,16716365,Murphy,"2026-08-21 14:00:29",576.9,2,taeyounglimdt
6253,16714100,SuperMercat,"2026-09-09 15:13:08",576.8,2,supermercat
6254,16645297,Mark_RowSet,"2026-08-09 05:25:39",576.8,2,markrowset
6255,16780484,"Edmond Kirsch","2026-09-01 17:30:28",576.6,2,edmondkirsch
6256,16654746,"Michael Mullen","2026-08-06 11:08:31",576.5,2,mmullen200
6257,16706456,"Michael van Mill","2026-08-12 09:58:40",576.5,2,michaelvanmill
6258,16867608,"Paul M","2026-09-25 21:16:56",576.5,1,pillow5
6259,16799391,"Mehdi El M.","2026-09-07 14:08:22",576.4,2,mehdielm
6260,16676885,"Riva Kajangu","2026-09-26 23:00:01",576.3,2,rivakajangu
6261,16670313,HamzZZzzZZa,"2026-08-06 22:01:28",576.2,2,memesalot
6262,16752324,"yunchuan liu","2026-09-06 22:21:06",576.1,2,hoteye
6263,16673151,skyblue01,"2026-08-27 07:56:10",576.0,2,skyblue01
6264,16937197,men-of-culture,"2026-09-24 06:52:33",576.0,2,leejianrong
6265,16904550,ukiyois,"2026-09-16 19:54:20",575.9,1,ukiyois
6266,16731447,"Rúben Martins","2026-08-19 20:55:42",575.8,2,rubenmartins10
6267,16718838,"josh mathers","2026-08-14 09:26:33",575.8,2,joshmathers
6268,16671438,"Aot Chanthorn","2026-08-15 16:16:25",575.6,2,aotchanthorn
6269,16833040,"Vadim Demchuk","2026-09-05 06:07:54",575.6,2,vadimdemchuk
6270,16622993,"Yaroslav Tanko","2026-08-18 04:34:12",575.5,2,yaroslavtanko
6271,16657654,TemperaryT,"2026-09-20 00:21:54",575.5,2,temperaryt
6272,16759427,Dhruv,"2026-08-23 12:20:16",575.5,2,dtalati1
6273,16724747,"Md.Mahfujul Karim","2026-09-26 07:07:31",575.5,2,mdmahfujulkarim
6274,16671421,"Gryffin Wang","2026-08-08 23:08:40",575.4,2,gryffindoraf
6275,16685785,KSAI,"2026-09-07 14:42:54",575.4,2,kishan2112004
6276,16654328,"QQ Farm","2026-08-28 12:59:12",575.3,2,"huiiyu,titirmt"
6277,16661650,"Docker container","2026-08-15 18:52:39",575.1,2,yossefaymanzedan
6278,16679018,"Kushpreet Singh","2026-09-03 23:23:41",575.0,2,kush639
6279,16883048,"Amit Gunjan","2026-09-23 00:17:42",574.9,2,daydreamerthinks
6280,16796810,JosephErikRibeiro,"2026-09-21 21:23:50",574.8,2,josepherikribeiro
6281,16941519,Dr.Hazbulla,"2026-09-24 14:05:45",574.8,2,drhazbulla
6282,16793892,cjc0013,"2026-08-31 18:27:50",574.7,2,cjc0013
6283,16666648,"Sriram Reddy19","2026-08-06 08:40:07",574.6,2,sriramreddy19
6284,16925564,"shikigami yao","2026-09-25 13:52:11",574.6,2,shikigamiyao
6285,16717614,Dhanyashree1028,"2026-08-16 15:00:37",574.2,2,dhanyashree1028
6286,16623213,zulfikar.khalwaniev,"2026-08-23 09:08:56",574.2,1,khalwaniev
6287,16734822,Zcy,"2026-09-20 12:04:41",574.2,2,laura831
6288,16660005,DreamX5678,"2026-08-06 07:55:06",574.1,2,dreamx5678
6289,16809158,"Kaito Sada","2026-09-08 05:17:26",574.1,2,kaitosada
6290,16755344,"Alizen James","2026-08-23 18:34:30",574.0,2,alizenjames
6291,16659341,Aryan88097,"2026-08-05 17:26:57",573.8,2,aryan88097
6292,16745571,"Yifan Xie","2026-09-03 13:55:15",573.8,2,yifanxie
6293,16675832,"Dean Shalev","2026-08-09 04:12:47",573.5,2,deanshalev
6294,16723729,"Lucas Cimiano","2026-08-29 17:21:55",573.5,2,lucascimiano
6295,16935929,"Bhavesh Kolhe","2026-09-23 08:47:28",573.4,2,bhaveshkolhe
6296,16663998,"Harith Al-Ani","2026-08-24 00:09:54",573.4,2,abo3losh
6297,16654099,"Bhupin Thapa magar","2026-08-10 09:22:06",573.2,2,vupeenthapamagar
6298,16629844,IsaacJinyu,"2026-08-01 15:39:55",573.0,2,isaacjinyu
6299,16665154,"Omkar Pawar","2026-08-23 12:22:56",573.0,2,omkarrr7
6300,16926090,"Amr Fadhilah Abiyyu Alif Basysyar","2026-09-21 00:35:25",572.6,2,amrfadhilah
6301,16892971,BeachedRobot,"2026-09-26 02:46:44",572.6,2,beachedrobot
6302,16632994,primal,"2026-08-12 16:02:29",572.5,2,primalhost
6303,16638031,vlad101,"2026-08-21 15:10:27",572.5,2,vlad101
6304,16767934,"taha berk","2026-08-26 15:21:51",572.4,2,tahaberkterekli
6305,16664267,"Alan T. Andrea","2026-08-09 03:22:40",572.2,2,alantandrea
6306,16655140,Efthimios,"2026-09-04 08:28:52",572.2,2,efthimiosfousekis
6307,16880672,"Bennett Hellman","2026-09-18 12:59:02",572.1,2,bennetthellman
6308,16793489,hendracos,"2026-09-02 03:10:03",572.0,2,hendracos
6309,16916387,Nathan,"2026-09-18 14:01:04",571.9,2,nathanpradostapia
6310,16671940,LJazya,"2026-09-05 02:54:37",571.8,2,jihanelek
6311,16756677,"Pyzh Vladislav","2026-08-24 10:19:44",571.7,2,pyzhvladislav
6312,16716941,林木子吖,"2026-08-24 09:28:59",571.7,2,linmuzi0108
6313,16670708,"Mohammad Usman Sajid","2026-09-03 18:26:11",571.7,2,mohammadusmansajid
6314,16797356,"Thalía Cantero","2026-09-15 15:41:27",571.4,2,thalicantero
6315,16700785,"VIVEK JAMI","2026-08-19 13:57:57",571.4,2,vivekjami
6316,16712410,aysfshn,"2026-09-09 15:09:08",571.4,2,aysfshn
6317,16743846,"Hemanth Raja Guttikonda","2026-09-26 21:51:07",571.4,2,"hemanthrajg,poojithakatta18"
6318,16897403,"Abel Markose","2026-09-18 03:08:38",571.2,2,"abelmarkose,sreehari3301"
6319,16657347,"Hibiki M","2026-08-20 15:30:40",571.2,2,hibikibrise
6320,16692994,turneja,"2026-08-08 23:50:13",571.1,2,turneja
6321,16669393,"ÖMER FARUK YILMAZ","2026-08-07 19:54:59",571.0,2,ofyzero
6322,16823681,Yielder,"2026-09-10 16:59:40",571.0,2,georgepapasideris
6323,16727241,Yogesh2850,"2026-08-17 09:55:08",571.0,2,yogesh2850
6324,16663884,DevilQ,"2026-08-23 22:08:52",570.7,2,"parhamesm,samuelescarfone12"
6325,16730231,chandler14362,"2026-08-29 03:04:49",570.7,2,chandler14362
6326,16623644,Accer_sz,"2026-08-02 00:27:32",570.7,2,accersz
6327,16667630,Sparsh389,"2026-08-06 15:46:09",570.5,2,sparsh389
6328,16659951,"CHRISTOPHER CRILLY","2026-09-11 12:23:20",570.5,2,christophercrilly
6329,16719696,"Spencer Farrand","2026-08-17 18:40:28",570.4,2,spencerfarrand
6330,16675780,susutem,"2026-09-24 12:14:06",570.3,2,susutem
6331,16711567,"Finn Brooks","2026-08-15 04:40:11",570.2,2,finnbr
6332,16651593,"huanxian chen","2026-08-11 11:13:05",570.1,2,huanxiachen
6333,16756564,"Nicolas Defossé","2026-08-25 21:10:58",570.1,2,nicolasdefoss
6334,16675708,"Mahder Tesfaye Abebe","2026-08-08 08:46:36",570.0,2,mahdertesfayeabebe
6335,16701034,notnorm,"2026-08-11 10:31:23",570.0,1,notnorm
6336,16715473,cmrfrd,"2026-08-14 04:58:15",569.8,2,thecmrfrd
6337,16655521,"Hemadri Rajyaguru","2026-08-04 02:12:55",569.7,2,hemadrirajyaguru
6338,16744133,"levr hang","2026-09-08 16:39:27",569.7,1,levrhang
6339,16698069,k_4821,"2026-09-26 21:23:21",569.7,2,edgarondoodevilclub
6340,16655449,tcvieira,"2026-08-06 18:20:34",569.6,2,tcvieira
6341,16738336,"Guo Xuehan","2026-09-02 05:44:05",569.6,2,zmllls
6342,16668819,"ahmedou sidi med","2026-08-19 00:05:55",569.5,2,ahmedousidimed
6343,16749236,"Michael Müller","2026-09-07 15:57:15",569.4,2,michaelmller
6344,16675457,"Ramana Prabhu Sana","2026-09-21 11:05:54",569.4,2,ramanaprabhusana
6345,16677701,"Coşkun Bağrıaçık","2026-08-10 00:02:25",569.4,2,cbagriacik
6346,16845009,"Nyasha Gandah","2026-09-15 06:20:21",569.2,2,nyashagandah
6347,16724202,"Sooriya Senthilkumar","2026-08-23 05:25:47",569.2,2,sooriyasenthilkumar
6348,16774890,SkoopSkoop,"2026-08-31 16:08:04",569.1,2,skoopskoop
6349,16677597,InformaBook2,"2026-09-10 05:38:23",568.9,2,informabook2
6350,16662094,"moncef elm","2026-09-23 09:09:03",568.7,2,moncefelm
6351,16796445,"Md Aminul Islam","2026-09-23 23:47:12",568.7,2,aminulabir
6352,16724355,hansama.qht,"2026-09-19 15:23:36",568.7,2,hansamaqht
6353,16713249,"vedant patnala","2026-08-27 22:38:03",568.6,2,vedantpatnala
6354,16706455,"John Andrei Martinez","2026-08-18 18:55:04",568.6,2,johnandreimartinez
6355,16686222,"Nika Chaduneli","2026-08-10 01:21:09",568.5,2,nikachaduneli
6356,16826098,Nomushin,"2026-09-11 13:22:26",568.4,2,nomushin
6357,16734595,"Abhimanyu Singh","2026-08-20 12:52:38",568.4,2,abhimanyusingh170702
6358,16763113,sowhatwillwelearn,"2026-09-01 11:03:47",568.0,2,sowhatwillwelearn
6359,16731009,"Joseph Paris","2026-08-24 05:32:21",567.7,2,josephkparis
6360,16808242,keowpwpwkeo,"2026-09-07 18:23:50",567.7,2,keowpwpwkeo
6361,16768058,"Ibrahim Anaz","2026-09-26 06:38:46",567.6,2,ibrahimanaz
6362,16670070,"Kirill Molostov","2026-08-31 12:18:26",567.4,2,kirillmolostov
6363,16663210,"Marco Nasuelli","2026-09-13 15:58:07",567.4,2,marconasuelli
6364,16791701,"Tired Dad Data","2026-09-12 21:37:23",567.3,2,alexmaggard
6365,16666099,"Marcben James Samuel","2026-09-17 05:52:20",567.3,2,marcbenjamessamuel
6366,16937434,iit24m1520,"2026-09-23 06:17:13",567.2,2,iit24m1520
6367,16806165,"Kaige Wei","2026-09-21 03:07:06",567.2,2,kaigewei0403
6368,16763088,mason.jr,"2026-08-25 04:29:36",567.1,2,haophanzx
6369,16655039,"Andrew Yip","2026-08-06 20:14:49",567.1,2,yipcma
6370,16733046,Afordancja,"2026-08-24 18:22:42",567.0,2,afordancja
6371,16665471,"Dennis Navamani","2026-08-25 11:10:08",566.8,2,dennisnavamani
6372,16841559,dal7,"2026-09-09 04:32:12",566.7,2,purelyconceptual
6373,16692896,"Guy Lev","2026-08-20 19:18:52",566.6,2,sarthobi
6374,16777228,"Zach Locke","2026-09-18 10:25:06",566.4,2,zachlocke
6375,16659444,"ANKIT AGARWAL","2026-09-26 16:43:06",566.1,2,ankwall223
6376,16943628,"Michael Liu","2026-09-23 04:19:13",566.0,2,mliu1204
6377,16662421,"Aparna Mantha","2026-08-06 17:23:34",565.8,2,aparnam91
6378,16639867,vibecoder,"2026-08-08 05:34:55",565.8,2,kunal808
6379,16810497,Garuda,"2026-09-07 06:32:01",565.6,2,santhoshreddypasnoor
6380,16661529,"AL Najafi","2026-08-08 03:39:39",565.5,2,alnajafi
6381,16739449,SelvapriyankaRam,"2026-08-24 18:44:21",565.3,2,selvapriyankaram
6382,16745109,deflexor,"2026-08-27 21:35:07",565.1,2,deflexor050
6383,16853993,"Christie Lam","2026-09-16 03:13:27",565.1,2,christielam
6384,16674950,Davide,"2026-09-03 09:22:38",565.1,2,quanttony
6385,16743382,"Pavan Rangisetti","2026-09-15 03:42:00",565.1,2,pavanrangisetti
6386,16655663,"Farmland Destroyer","2026-08-19 13:43:22",565.1,2,minghaopang
6387,16733763,Gaurav,"2026-09-04 00:54:37",565.1,2,gauravahlawat
6388,16717245,bernard558,"2026-08-24 22:18:16",565.1,2,bernard558
6389,16850246,"Makarand Gokhale","2026-09-24 01:08:26",564.7,2,makarandgokhale
6390,16711868,"Mark Cooper","2026-08-16 13:09:02",564.7,2,markjcooper
6391,16659663,Chintakrinda_Naveen,"2026-09-22 04:04:37",564.7,2,naveen998
6392,16712870,"Jose Gibson","2026-08-13 20:09:11",564.5,2,josegibson
6393,16697526,"Jurgen Sinjari","2026-08-10 21:21:26",564.4,2,jurgensinjari
6394,16745972,yamy893,"2026-08-22 02:14:20",564.3,2,yamy893
6395,16752362,"Shashank Jangid (G25AIT2100)","2026-09-26 15:52:26",564.3,2,shashankjangid
6396,16666084,"Andaç Demirdelen","2026-08-09 19:18:08",564.2,2,andacdemirdelen
6397,16809800,XYZ-Siddhartha,"2026-09-19 15:57:03",563.9,2,siddharthaganguly26
6398,16655027,"Artem Zenkevich","2026-08-16 13:09:58",563.8,2,artemzen
6399,16750751,AarizKh,"2026-09-09 16:28:15",563.6,2,aarizkh
6400,16671237,"Jose Alejandro Rivera Jaramillo","2026-08-07 18:13:13",563.6,2,alejandroriveraj
6401,16663656,"Andrii Kavetskyi","2026-08-20 21:48:20",563.3,2,andriykavetsky
6402,16851330,umar,"2026-09-16 03:04:16",563.1,2,umar4md
6403,16771001,"0x1369 T-Farm","2026-08-31 04:38:04",563.0,2,xcryst
6404,16654640,"Halil Akbas","2026-08-28 00:32:12",562.8,2,halilbrahimakbas
6405,16732504,"porsche zheng","2026-08-18 08:19:41",562.8,2,porschezheng
6406,16713366,BANKAI,"2026-09-21 18:36:08",562.8,2,igors97
6407,16785687,"AP SEM F STUDENTS","2026-08-31 03:52:37",562.7,2,"advaithn0518,rohanjeyavel,shrivatsamurugan,stitchsages"
6408,16671942,"JIVRAJ SINGH","2026-09-05 02:33:23",562.7,2,jivrajsingh
6409,16864562,otaniyu,"2026-09-15 00:53:18",562.4,2,otaniyu
6410,16689391,"Tejas Rajput","2026-08-08 17:21:18",562.3,2,tejasrajput123
6411,16890342,Bin.Han,"2026-09-21 05:17:00",562.1,2,binhan0514
6412,16847801,"Joachim Oliver Mampouya","2026-09-08 14:54:14",562.0,2,olivermam
6413,16795256,"N Nelson","2026-09-05 14:29:25",562.0,2,napoliyannelson
6414,16792449,SKYisSKYisSKY,"2026-08-31 04:16:07",561.7,2,skyisskyissky
6415,16699140,St.Valentine,"2026-08-18 09:49:04",561.7,2,stvalentin3
6416,16697261,nbauerle,"2026-08-14 15:10:38",561.7,2,nbauerle
6417,16689398,Reesh,"2026-08-11 08:55:10",561.6,2,rishileung
6418,16670615,Ahornsirup,"2026-09-06 21:03:14",561.4,2,ahornsirup
6419,16708824,"Tanaka Chiromo","2026-08-20 11:12:22",561.3,2,tanakachiromo
6420,16658042,"Giampietro Pregnolato","2026-08-13 09:17:36",561.1,2,giampietropregnolato
6421,16657798,"Ian Kim","2026-08-06 05:07:10",561.0,2,ianpkim
6422,16789550,foundtion,"2026-08-30 13:19:22",560.9,2,foundtion
6423,16753353,"Aayush Kumar","2026-09-23 14:16:00",560.9,2,devaayushkumar
6424,16664313,CompilingCoder,"2026-08-06 09:38:17",560.9,2,compilingcoder
6425,16858948,"Nizar Fathurohman","2026-09-26 10:17:47",560.8,1,nizarfathurohman
6426,16735476,"Matthew Liew","2026-08-18 08:02:11",560.7,2,matthewliew
6427,16678157,"Ayush Kumawat","2026-08-14 13:10:02",560.7,2,ayushkumawat21
6428,16663909,HDPark,"2026-08-17 04:48:41",560.6,2,hdpark
6429,16811935,"Bhargavaram Gajula","2026-09-05 18:08:56",560.6,2,bhargavaramgajula007
6430,16777056,"Seb boulba","2026-08-27 21:03:26",560.5,2,sebboulba
6431,16789914,AkikJana,"2026-09-07 16:37:53",560.5,2,firewaterair
6432,16664134,"Pelayo Fernández","2026-08-07 10:36:48",560.4,2,pelayofdez
6433,16731173,AynRmio,"2026-09-17 08:48:38",560.1,2,aynrmio
6434,16668439,Lugas024,"2026-08-08 05:33:51",560.0,2,lugas024
6435,16654454,"Haoxiang Li","2026-09-06 09:24:47",559.9,2,haoxiangli789
6436,16728799,JulianHahn28,"2026-08-17 21:26:57",559.9,2,julianhahn28
6437,16661210,vizyourdata,"2026-08-07 11:05:08",559.9,2,vizyourdata
6438,16625047,BOBQWERA,"2026-08-02 06:34:18",559.9,2,bobqwera
6439,16664790,"soumic 1088","2026-08-19 08:34:34",559.7,2,soumic1088
6440,16667514,"Kakarott 10","2026-08-06 09:05:43",559.6,2,kakarott10
6441,16668648,"Mason R. Brito","2026-09-10 16:58:25",559.6,2,masonrbrito
6442,16700885,"Malala Ramaha","2026-09-19 17:11:00",559.6,2,malalaramaha
6443,16674841,"Syna Bedi","2026-08-15 09:57:28",559.5,2,synabedi
6444,16623745,chunluran,"2026-09-26 07:44:42",559.4,2,chunluran
6445,16696916,Sundar,"2026-08-11 13:04:59",559.3,2,vsundar17697
6446,16730236,加麻不加辣,"2026-09-17 13:03:48",559.3,2,"shiyuanhe123,zihaokang"
6447,16793802,"Andrew Lam","2026-09-01 09:07:56",559.3,2,andrewlam23
6448,16691518,"Sander Ee","2026-08-09 12:03:09",559.2,2,sanderee
6449,16721877,SuzukiTakumi,"2026-09-26 11:09:24",559.0,2,suzukitakumi
6450,16715225,"Someswararao Tellakula","2026-08-17 01:15:37",559.0,2,someshtellakula
6451,16621407,Kh0a,"2026-09-15 06:55:26",558.9,2,llkh0a
6452,16808492,"beginner's luck","2026-09-26 11:49:01",558.8,2,"naohs01,tropicalbanana"
6453,16694134,"Sophia Leng","2026-08-24 20:04:10",558.8,1,sophialeng9
6454,16662120,"Harpal Gujral","2026-08-25 18:07:07",558.7,2,harpalgujral
6455,16854535,Dragon,"2026-09-09 16:48:11",558.6,2,dragon116rus
6456,16664041,"an Expired Engineer","2026-08-17 12:02:21",558.6,2,sanggusti
6457,16664415,"Imerson Krysthio","2026-08-12 05:37:03",558.5,2,imersonk
6458,16877886,"Mohamed el.harery","2026-09-16 00:51:49",558.5,2,mohamedelharery
6459,16872064,"Jimmy Erickson","2026-09-13 19:43:54",558.4,2,jimmyerickson
6460,16674504,"Arunabh Gupta","2026-08-18 11:10:33",558.3,2,"arunabhsgupt4,eggsysy"
6461,16664884,Abhijeetgg,"2026-08-12 08:53:50",558.3,2,abhijeetgg
6462,16750447,Morpheus0303003,"2026-08-24 16:58:42",558.0,2,morpheus0303003
6463,16709318,"Jana Hagen","2026-08-26 18:00:16",558.0,2,janahagen
6464,16658686,"Alpesh Kumar","2026-08-08 06:12:31",557.9,2,alpeshkumar
6465,16658019,ไอติวบ้านปังมาเอาแช้มมมม,"2026-08-08 18:43:05",557.7,2,tewnabhat
6466,16655272,"Artur Sakhiullin","2026-08-09 14:27:52",557.7,2,artursakhiullin
6467,16652635,panacea9320,"2026-08-05 10:45:06",557.5,2,panacea9320
6468,16623938,flashthunder,"2026-09-27 06:53:22",557.5,2,thunderflash
6469,16759265,AI老爸,"2026-09-06 15:42:27",557.4,2,tsengchienchih
6470,16707078,"Loïc & Zach","2026-08-24 20:25:24",557.1,2,"locmmeteau,zachariedubus"
6471,16793913,"Vrushal Patil","2026-09-06 11:13:36",556.7,2,vrushalpatil
6472,16892496,"Alif Mahmud 1993","2026-09-15 16:35:27",556.7,2,alifmahmud1993
6473,16676360,"Chris Kang","2026-08-17 10:07:49",556.6,2,rukawa917
6474,16757280,"manos papagiannidis","2026-09-09 08:30:46",556.6,2,manospapagiannidis
6475,16924174,"Brijesh Sankhavara","2026-09-19 07:12:58",556.5,1,brijeshsankhavara1
6476,16725871,"Patrice Santiago","2026-09-03 22:19:56",556.3,2,patricesantiago
6477,16732609,"Filippo Paninforni","2026-08-19 18:30:22",556.2,2,filippopaninforni
6478,16658937,SebastianQbiak,"2026-08-05 06:20:18",556.1,2,sebastianqbiak
6479,16888433,SINKO1,"2026-09-25 20:49:06",556.0,2,sinko1
6480,16655527,"Saurabh Kumar","2026-08-06 08:14:52",555.8,2,sk25oct
6481,16946099,"CupidCloris Zeus","2026-09-27 06:04:01",555.6,2,cupidcloriszeus
6482,16692995,RafaMartinaitis,"2026-08-22 11:50:10",555.5,2,rafaelmartinaitis
6483,16771283,taroyan-vamos,"2026-09-08 15:31:54",555.5,2,taroyanvamos
6484,16805275,"Women or something","2026-09-26 04:03:19",555.5,2,"appalachianmounta1n,reneeschmidt"
6485,16928702,UnkaiNene,"2026-09-24 18:17:23",555.3,2,unkainene
6486,16726684,"William Lee","2026-08-19 15:35:28",555.2,2,notyouravgwilly
6487,16760025,DEBI,"2026-09-26 14:51:42",555.1,2,"mayarabdelfattah,omarelmaghraby03"
6488,16682876,"Kartik Garg","2026-08-09 05:21:34",555.1,2,kartikgarg97
6489,16665894,"Pedro Wu","2026-09-03 03:40:31",555.1,2,pedropei
6490,16693233,"Noah Wheeler","2026-09-22 23:13:00",555.0,2,nwheeler806
6491,16767632,"robin baldeo","2026-09-24 22:26:00",555.0,2,robinbaldeo
6492,16725913,StarStone_233,"2026-08-16 07:22:12",554.8,2,starstone233
6493,16705401,"Nguyen Hong","2026-09-27 08:37:45",554.8,2,nguyenhongbubu
6494,16809136,"Xander Lee","2026-09-04 13:56:48",554.7,2,xndlee
6495,16671680,"Joe Hall","2026-08-10 19:02:30",554.6,2,halljr
6496,16635377,het2554,"2026-09-13 07:55:05",554.5,2,crazy2554
6497,16732529,"lixinglong ye","2026-09-09 07:46:16",554.5,2,lixinglongye
6498,16731996,Chloe,"2026-08-18 02:58:05",554.4,2,chenchloehaimo
6499,16881624,RetrainMap,"2026-09-12 20:08:45",554.3,2,retrainmap
6500,16650930,"Govind Sharma","2026-08-24 09:25:23",554.3,2,govindsarswat
6501,16665133,"Abhishek Dubey","2026-08-10 13:28:57",554.2,2,abhishekdubey911
6502,16686655,"Emir Baki Demirci","2026-09-26 00:48:25",554.2,2,emirbakidemirci
6503,16848416,"Mayank Bhatia","2026-09-07 15:09:19",554.2,2,mikemayankb
6504,16880707,Joy_22@1,"2026-09-25 18:15:40",554.2,2,joy221
6505,16782187,"Margo Kim","2026-08-28 19:15:18",554.1,2,margokim
6506,16779539,"Dmitri Bugakov","2026-08-27 16:34:42",554.0,2,dmitrybugakov
6507,16689033,arman1o1,"2026-09-01 05:01:27",553.8,2,arman1o1
6508,16704437,babybuffalo,"2026-08-25 16:11:16",553.7,2,babybuffalo
6509,16738777,"Balwinder Singh1235","2026-08-20 10:21:34",553.6,2,balwindersingh1235
6510,16690869,"Yudai Hayashi","2026-08-23 09:14:30",553.6,2,yuhaya9
6511,16720788,Anson,"2026-09-05 19:45:48",553.5,2,anson0496
6512,16637894,"Leonardo Domingues","2026-09-25 17:28:07",553.4,2,leonardodomingues
6513,16658009,"Lando Wang","2026-08-05 02:18:17",553.2,2,landowang
6514,16743815,"Asanka Pradeep","2026-08-23 14:32:46",553.2,2,asanakapr
6515,16733873,"Shirish Chinchanikar","2026-08-30 15:53:12",552.9,2,"codemastersj,shirishchinchanikar"
6516,16694064,RRK0123,"2026-08-17 05:30:52",552.8,2,rrk0123
6517,16926064,"amit shulstein","2026-09-25 12:06:45",552.7,2,amitshulstein
6518,16696526,"Reda HEDDAD","2026-09-05 21:17:22",552.6,2,redaheddad
6519,16728220,Naki,"2026-09-08 11:50:44",552.5,2,nanakiohashi
6520,16858944,Ashish_G_A,"2026-09-26 07:32:35",552.4,2,ashishga
6521,16687390,"Mark Calvert","2026-08-08 09:51:55",552.4,2,markycalvert
6522,16947326,"Sachin Sachdeva","2026-09-23 12:55:56",552.3,2,sachinsachdeva
6523,16664731,UT,"2026-08-21 15:24:42",552.3,2,"sabapunch,wasshan"
6524,16702993,PLM,"2026-08-30 13:58:34",552.1,2,"ileabogdan,popu23,razvaniga,rvaurs"
6525,16925954,"Ibrahim Emir Tosun","2026-09-20 10:48:22",552.0,2,tosunn
6526,16639679,"Felix Allistar","2026-09-23 09:14:32",551.9,2,felixallistar
6527,16774524,ShinYingChua,"2026-09-13 15:35:15",551.8,2,shinyingchua
6528,16677178,"YOUSSEF FAID","2026-08-11 21:10:38",551.7,2,yousseffaid
6529,16848263,Xenongas,"2026-09-08 14:23:14",551.7,2,xenongas1
6530,16730104,BartHeart,"2026-08-20 18:58:23",551.7,2,bartheart
6531,16674612,"Muhammad Dhiaz Rafilianza","2026-09-25 12:28:11",551.4,2,dhiazr
6532,16654351,"Manish Kumar","2026-08-04 07:45:22",551.1,2,manishkumarphd2000
6533,16735624,"Marc Rippee","2026-08-24 05:03:34",551.1,2,marcrippee
6534,16655426,engin_zhou,"2026-08-05 15:21:18",550.9,2,enginzhou
6535,16659367,"Tayyab Aamir","2026-08-06 10:59:49",550.9,2,duketi
6536,16731616,"Mohamed Aashik 24","2026-09-14 19:24:28",550.9,2,mohamedaashik24
6537,16660319,fahimMK,"2026-09-19 16:43:05",550.8,2,fahimmk
6538,16738261,"Samuel Moreira","2026-08-24 14:11:40",550.7,2,samuelmoreira420
6539,16883042,"Stefan Berger","2026-09-20 21:06:25",550.7,2,stefanberger1111
6540,16730030,"Jared Wilder","2026-08-17 14:23:15",550.7,2,jaredwilder
6541,16880022,Abdulbosid,"2026-09-26 21:40:56",550.6,2,abdulbosid
6542,16684886,HTHub,"2026-08-08 00:12:47",550.5,2,adegokesaidi
6543,16844385,"Michael Leo Tan","2026-09-08 02:56:03",550.3,2,michaelleotan
6544,16748603,qianzhonhao,"2026-09-03 08:20:45",550.3,2,qianzhonhao
6545,16697941,"Raphael Coelho","2026-08-16 15:24:28",550.1,2,raphaelrrcoelho
6546,16665622,one,"2026-08-11 04:10:11",549.9,2,richardsplayground
6547,16738923,Quantum,"2026-08-29 01:40:45",549.8,2,jawadxhassan
6548,16793680,prajval_p,"2026-09-01 01:03:39",549.8,2,prajvalp
6549,16667565,BeeDeeR,"2026-09-23 01:13:42",549.6,2,beedeer
6550,16670698,"Tamerlan Dadashov","2026-08-09 10:36:12",549.6,2,tamerlandadashov
6551,16663551,"Germinator G-1000","2026-09-18 19:25:47",549.5,2,sinkingpoint
6552,16930840,machineabao,"2026-09-22 19:18:24",549.3,2,machineabao
6553,16781377,AgriMind,"2026-09-20 23:27:15",549.2,2,slimaneguermat
6554,16811603,hundun,"2026-09-04 09:48:18",549.0,2,zhongh4oyang
6555,16673981,"Aarya Jadhav","2026-09-22 15:24:49",548.8,2,aaryajadhav0310
6556,16707767,"Lai Eu Wen","2026-08-16 16:47:50",548.7,2,laieuwen
6557,16823853,Zerbytheboss,"2026-09-06 22:03:05",548.4,2,zerbytheboss
6558,16658775,"Vincent Pan","2026-08-29 12:55:20",548.2,2,"judithhong,vincentpan2005"
6559,16677231,"Ahmed Bootaan","2026-08-06 18:08:52",548.2,2,ahmedbootaan
6560,16668175,el_dedalus,"2026-08-06 14:48:01",548.2,2,eldedalus
6561,16660540,Minikotey,"2026-08-16 15:34:40",548.0,2,juliapatarishina
6562,16718445,"Hamza Elmorjani","2026-08-15 12:16:55",547.9,2,hamzaelmorjani03
6563,16659138,allenbcy,"2026-09-10 14:41:18",547.9,2,allenbcy
6564,16674106,Nanga_rendu_peru,"2026-09-27 02:12:33",547.8,2,"dineshak07,jaikrishna007"
6565,16657016,"MD. AS-AID RAHMAN","2026-08-26 15:57:49",547.8,2,mdasaidrahman
6566,16744752,"Dean Johnson","2026-08-27 10:26:20",547.7,2,deanjohnson202
6567,16691552,"Koshtubh Singh Parihar","2026-08-09 03:19:39",547.7,2,koshtubhsinghparihar
6568,16691398,"Time to Win","2026-09-03 04:36:52",547.6,2,yatharthdurgapal
6569,16717742,"Ghawwjsb Vsjsjsbs","2026-08-13 22:32:49",547.6,2,ghawwjsbvsjsjsbs
6570,16692680,"Marc-Luca ","2026-08-11 12:02:15",547.5,2,marcluca
6571,16637776,MarvelousXun,"2026-08-03 09:33:38",547.4,2,marvelousxun
6572,16851079,"Nathaniel Marshall","2026-09-08 02:04:22",547.3,2,nm4rshall
6573,16844670,"Zheng haoling","2026-09-07 04:22:40",547.2,2,zhenghaoling
6574,16659418,"Fonge Bertin","2026-08-06 09:26:33",547.0,2,fongebertin
6575,16632510,shi_koyo,"2026-08-04 08:58:56",547.0,2,shikoyo
6576,16732725,MackTen,"2026-08-19 08:14:01",546.9,2,mackten
6577,16623678,"Mahog & Gerar","2026-09-25 14:01:38",546.8,2,"gerardeltoro,mahoganybuttstrings"
6578,16673359,hasshi7965,"2026-09-23 04:34:47",546.8,2,hasshi7965
6579,16684674,"Ch Muhammad Umer ","2026-08-11 08:11:36",546.7,2,chmuhammadumer
6580,16728195,"6 GOD","2026-08-21 15:50:28",546.5,2,tertospacko
6581,16688175,aarav221w,"2026-08-25 23:40:16",546.4,2,aarav221w
6582,16744534,"Leonardo Custode","2026-09-11 09:16:04",546.2,2,leocus
6583,16660138,"Sanchit Handa","2026-09-12 18:45:23",546.2,2,"harmanjotsingh8,sanchithanda182006"
6584,16774843,"Assylkhan Kerey","2026-08-30 03:16:54",545.6,2,n0nlyy
6585,16732357,"Thales Augusto Leite de Souza","2026-08-23 23:43:38",545.5,2,thalestals
6586,16866643,"Yan Slabodich","2026-09-15 08:02:34",545.5,2,yanskij
6587,16770674,"Arpit Jain","2026-09-02 11:44:36",545.4,2,arpitjain5
6588,16897043,"Suyog Dahal","2026-09-26 15:45:17",545.3,2,uzumakidahal
6589,16767932,"Mark #3","2026-09-24 12:07:36",544.9,2,markdjadchenko
6590,16845593,matsudaatom,"2026-09-07 14:44:59",544.7,2,matsudaatom
6591,16642994,"Danila Galkin","2026-08-13 19:22:17",544.6,2,danilagalkin
6592,16770891,"Oleg Shatov","2026-09-05 16:34:56",544.5,2,bishkek
6593,16621657,"Nikita Batuev","2026-09-22 23:14:25",544.4,2,batuevnikita
6594,16886077,"Rajan Aggarwal","2026-09-17 15:19:02",544.4,2,rajanaggarwal11
6595,16700441,"Houssem RIAHI","2026-08-27 14:54:09",544.3,2,houssemriahi
6596,16724819,Dwij12,"2026-08-20 18:28:01",544.2,2,dwij12
6597,16689919,"Koren Ben Ezra","2026-08-08 17:49:55",544.2,2,korenbenezra
6598,16656883,KK,"2026-08-05 10:27:15",543.9,2,kkonzyb
6599,16676534,AlphaBound,"2026-08-25 05:26:32",543.8,2,somsubhrometya
6600,16819076,"Keyur Gohel","2026-09-22 16:04:23",543.7,2,venuzdonoa
6601,16660670,"Chirag Bhatnagar","2026-08-31 09:21:45",543.5,2,chiragbhatn
6602,16623112,Tians12,"2026-08-09 19:10:24",543.3,2,tiansang12
6603,16926169,LeoBode,"2026-09-23 14:47:18",543.2,2,lebo124
6604,16669597,农业农村部,"2026-08-10 19:11:08",543.0,2,"bingzhenghan,hrwan1,krasuszl"
6605,16844527,"Suyog Gund","2026-09-12 18:30:05",542.9,2,suyoggund
6606,16656690,"Sushant Kumar (xWF)","2026-08-06 04:44:38",542.8,2,sushantkumarxwf
6607,16666249,Kawa_pt,"2026-09-08 22:24:25",542.8,2,kawapt
6608,16732307,"Shobha Vashishtha","2026-08-17 12:32:07",542.8,1,shobhavashishtha
6609,16673191,juliye,"2026-08-10 03:49:13",542.7,2,juliye
6610,16630837,"Vishal Sharma","2026-08-05 18:24:44",542.7,2,vishal40182
6611,16661564,yang20251228,"2026-09-02 03:40:29",542.6,2,yang20251228
6612,16885464,"Javier Hernáez","2026-09-19 18:09:39",542.6,2,javierhernaez
6613,16690352,"Aled von Oppell","2026-09-24 16:04:36",542.6,2,aledgvonoppell
6614,16896490,"Yiman Gao","2026-09-21 08:15:16",542.6,2,yimangao
6615,16756388,"Sam Scott","2026-08-22 22:04:06",542.5,2,shepard5
6616,16846408,"Arpit Gole","2026-09-16 02:21:23",542.5,2,connecttoarpitgole
6617,16826099,"Aykut Çağlar","2026-09-15 16:08:32",542.2,2,aykutcaglar
6618,16688220,Aadi,"2026-08-24 23:10:37",542.2,2,aadicv
6619,16669396,Fleo98,"2026-08-10 15:43:34",542.1,2,fleo98
6620,16868576,DarkhanShakhan,"2026-09-15 20:17:01",541.9,2,darkhan1991
6621,16633379,"Artem Prokhorov","2026-07-31 20:53:32",541.9,1,catfield123
6622,16837934,"Osman ILICA","2026-09-09 02:30:19",541.8,2,osmanilica
6623,16686743,charmander,"2026-09-11 15:44:15",541.7,2,rahuladhi
6624,16672370,"Yash Barhanpurkar","2026-09-10 17:36:18",541.6,2,yashbarhanpurkar
6625,16891652,Cristian034,"2026-09-24 09:24:15",541.5,2,cristian034
6626,16681149,Lee14k,"2026-08-19 17:00:35",541.4,2,lee14k
6627,16692450,duckypants,"2026-08-23 20:36:59",541.4,2,duckypants
6628,16857823,"Hà Công Nga ","2026-09-10 02:49:42",541.4,2,hcngnga
6629,16662103,"Saravana Thiagarajan K","2026-08-05 21:43:42",541.3,2,saravanatk1984
6630,16793150,Comet19,"2026-08-31 10:53:04",541.3,2,comet19
6631,16640504,"Recep Öztürk","2026-08-26 11:19:31",541.3,2,rcpztrrk1
6632,16744239,"Diogo Gomes ","2026-08-25 09:39:28",541.2,2,diogogomes
6633,16658106,"Devam juthani","2026-08-05 08:18:14",541.1,2,devamjuthani
6634,16775237,"Haruki Iwase","2026-09-12 14:38:17",540.9,2,harukiiwase
6635,16863952,"Kuei-Hsien Chu","2026-09-10 06:14:39",540.9,2,formosa21
6636,16853288,ypl0lpy,"2026-09-09 07:56:50",540.8,2,ypl0lpy
6637,16654761,"Mohammed Mukthar","2026-08-05 02:06:15",540.8,2,mohammedmukthar9
6638,16763287,Sathishkumartheta,"2026-08-25 18:53:26",540.7,2,sathishkumartheta
6639,16729531,alfphafarm,"2026-08-19 19:09:48",540.7,2,vudattumaniteja
6640,16740662,宣城市机械电子职业技术学院,"2026-09-15 02:05:22",540.7,2,chenzhengy
6641,16892008,#FeedThePuffer,"2026-09-21 02:24:32",540.7,2,"andrdalbosco,gabmaury"
6642,16657104,"Bashar Gamal","2026-09-15 05:51:30",540.7,2,bashargamal
6643,16889017,Bigwh3el,"2026-09-23 20:52:54",540.6,2,bigwh3el
6644,16762994,AdvancedRising,"2026-09-13 14:54:28",540.6,2,advancedrising
6645,16663437,inversion,"2026-08-04 20:44:41",540.6,1,inversion
6646,16686912,@mldsdev,"2026-08-13 02:07:44",540.3,2,lan1mel
6647,16862124,"Lei Yang23","2026-09-16 18:09:55",540.3,2,leiyang23
6648,16767754,"Dr. T","2026-09-23 06:55:54",540.2,2,davinor
6649,16697346,"sayyid mogaka","2026-08-10 21:37:36",540.1,2,sayyidmogaka
6650,16659598,kudston,"2026-09-15 18:38:11",540.1,2,kudston
6651,16675074,ahiokk,"2026-08-07 07:58:44",540.0,2,ahiokk
6652,16774317,A_yuki,"2026-09-21 16:26:27",539.9,2,yukiys
6653,16690940,NKryst,"2026-08-29 10:57:18",539.8,2,nkryst
6654,16675461,mins0_0,"2026-08-30 07:50:53",539.8,2,mins00
6655,16786297,isxinhe,"2026-09-19 16:25:26",539.7,2,isxinhe
6656,16663677,"Aghazie David","2026-08-07 00:32:14",539.7,2,aghaziedavid
6657,16655651,"Kevin Cho","2026-09-14 16:40:58",539.7,2,chokevinjs
6658,16655571,yuken,"2026-08-07 13:27:53",539.7,2,yukenai
6659,16656792,"Gnanaprakash R","2026-08-28 15:05:38",539.6,2,gnanaprakashr
6660,16699711,"maxscender ","2026-08-13 14:03:35",539.5,2,maxscender
6661,16622938,"Farmville Redux","2026-08-03 18:58:04",539.5,2,daveconnor
6662,16655075,"Félix Rodríguez Roble","2026-08-04 09:16:25",539.4,2,flixrodrguezroble
6663,16633934,Alexy,"2026-08-25 04:40:02",539.1,2,alexycactus
6664,16743823,"Zeyu Huang_summer","2026-09-14 15:40:41",539.0,2,zeyuhuangsummer
6665,16691271,"Ashler Herrick","2026-08-09 14:54:33",539.0,1,ashlerjohnherrick
6666,16800950,"Mani Kanta Kalluru","2026-09-09 17:17:20",538.9,2,manikantakalluru
6667,16663708,"Imran Ahamed","2026-09-23 19:36:27",538.8,2,immu4989
6668,16660295,Pentos,"2026-08-10 00:06:56",538.8,2,nishiumi
6669,16775001,"Maarij Aqeel","2026-08-26 14:48:03",538.7,2,maarijaqeel
6670,16665060,Pipeweed,"2026-08-27 18:14:40",538.7,2,pipeweed56
6671,16687448,"Israel Burns","2026-08-12 08:41:38",538.4,2,israelburns
6672,16913155,DT,"2026-09-20 14:19:20",538.2,2,"bhd233,vatlegend"
6673,16660035,NoNamedeo,"2026-08-27 14:20:15",538.2,1,nonamedeo
6674,16727009,B05801037,"2026-08-18 02:28:48",538.1,2,peteropop
6675,16669595,evanca,"2026-08-08 12:27:56",538.1,2,evanca
6676,16634316,"Cao Tùng Lâm","2026-09-01 07:16:08",538.1,2,liamislazy
6677,16657105,"Mathijs Deelen","2026-08-05 01:16:34",538.1,2,mathijsdeelen
6678,16808696,마짱MAZZANG,"2026-09-04 09:41:16",538.0,2,mazzang
6679,16703129,"Pratik Vadher","2026-08-10 21:08:27",538.0,1,pratikvadher
6680,16681660,"Parham Ghazanfari","2026-08-07 20:18:18",538.0,1,parhamghazanfari
6681,16782993,hayashida,"2026-09-07 14:01:36",538.0,2,daichihayashi
6682,16823519,GarciasN,"2026-09-07 18:43:18",538.0,2,garciasn
6683,16845148,"nasa Furiy","2026-09-07 08:24:40",537.9,2,nasafuriy
6684,16657871,Lucienne,"2026-08-05 03:13:59",537.9,2,yangnianan
6685,16841589,加藤正樹,"2026-09-06 01:59:11",537.8,2,masaki9920
6686,16640888,"Dhe Yeong","2026-09-25 03:38:43",537.7,2,dheyeong
6687,16726080,"Arda Yasar","2026-08-19 06:02:10",537.7,2,ardayasar
6688,16904690,"yuya #2","2026-09-17 07:21:26",537.6,2,pineandtree
6689,16750666,"Mitali Yadav","2026-09-23 07:31:39",537.5,2,mitaliyadav18
6690,16744898,"Tore Erdmann","2026-09-19 16:19:24",537.5,2,toreerdmann
6691,16730461,"Mubin Shaikh","2026-08-19 06:09:17",537.1,2,shaikhmubin
6692,16749104,danielx119,"2026-08-20 16:36:00",537.0,2,danielx119
6693,16720143,"AMAN PANDEY","2026-08-16 13:57:00",537.0,2,amanapofficial
6694,16674599,"Luka Duvanov","2026-08-19 22:03:46",537.0,2,nekkon
6695,16671256,"Navid Zaman","2026-09-08 13:58:31",537.0,2,navidzaman01
6696,16715495,Yashi003,"2026-08-24 04:44:40",537.0,2,yashi003
6697,16712746,itsraininnnn,"2026-08-12 16:38:56",536.9,1,itsraininnnn
6698,16718366,RATriculture,"2026-08-28 19:15:28",536.9,2,tarasshchur
6699,16806260,"Kotaro Furuno","2026-09-03 14:36:00",536.9,2,kotarofuruno
6700,16670544,"William Rients","2026-08-06 00:01:02",536.5,2,williamrients
6701,16840365,"Pranjal Morwal","2026-09-25 20:33:52",536.5,2,pranjalmorwal
6702,16670596,prabalsingh_23,"2026-08-26 02:33:14",536.5,2,prabalsingh23
6703,16764330,"Koral Kulacoglu","2026-08-26 04:51:33",536.4,2,koralkulacoglu
6704,16677303,"Chase Martyn","2026-08-19 02:05:12",536.3,2,chasemartyn
6705,16660119,"Dhruva Das","2026-08-05 17:05:52",536.2,2,dhruva77
6706,16639408,Invictus,"2026-08-11 22:44:04",536.2,2,nicho256
6707,16887280,"ronger zhu","2026-09-17 04:03:22",536.2,2,rongerzhu
6708,16855052,pk954061458,"2026-09-14 10:37:54",536.2,2,pk954061458
6709,16761451,gulag,"2026-08-24 03:39:54",536.1,2,moglin
6710,16708907,"[Deleted] 84526ff4-3aed-4b4b-a45f-a4486f01cb7b","2026-08-13 20:01:55",536.1,2,del=34c747d6ee8d2bd7
6711,16764149,"Manish Rai","2026-09-26 23:49:31",536.1,2,magiuscain
6712,16726873,@F,"2026-08-16 01:43:22",536.0,1,atefbouzid
6713,16841827,"pohang milk collector","2026-09-20 14:27:51",535.9,2,"duckhun,idearendil"
6714,16693988,"Pranav Gupta","2026-08-18 03:51:41",535.9,2,kumbhakarann
6715,16726839,syunsuke,"2026-08-21 23:12:13",535.7,2,syunsuke1024
6716,16667143,"Noct-Tech zombie","2026-08-06 13:46:51",535.6,2,jo3thaboss
6717,16831074,BiNar,"2026-09-18 19:13:55",535.6,2,durbinar
6718,16752899,"Nicolò Alberti","2026-08-23 09:16:36",535.6,2,nicolalberti
6719,16895374,JerryWang19,"2026-09-15 08:09:57",535.4,1,jerrywang19
6720,16767800,awee,"2026-09-07 19:34:52",535.4,2,aweertw
6721,16667500,jiannebab,"2026-08-14 14:29:12",535.1,2,jiannebab
6722,16697800,DR_Mkelvo,"2026-08-09 20:42:15",535.1,1,drmkelvo
6723,16680297,"Ajay Singh","2026-08-08 04:33:24",534.9,2,ajaysinghg
6724,16717850,"HeeGwan Lee","2026-09-06 11:51:49",534.8,2,heegwanlee
6725,16865454,"Zhihuan Xue","2026-09-16 11:16:53",534.8,2,xuantianfengwu
6726,16728743,Miki_Nuummiu,"2026-09-16 20:54:12",534.6,2,mikinuummiu
6727,16843633,"Arbnor Grubi","2026-09-13 02:32:30",534.5,2,protocool
6728,16718363,"Jarbas Camurça","2026-08-28 11:15:44",534.4,2,pjarbas
6729,16663766,"Anup Gautam","2026-08-08 01:29:10",534.2,2,anupanda
6730,16762206,"mohammad khanjani2026","2026-09-06 05:17:52",534.2,2,mohammadkhanjani2026
6731,16669479,"Shifa Salsabiila","2026-08-09 02:56:11",534.2,1,shifasalsabiila
6732,16659446,zhaozy233,"2026-08-15 16:51:36",534.1,2,zhaozy233
6733,16681509,"Kethan Sai","2026-09-18 09:53:32",534.1,2,kethansaikoneru
6734,16697704,"Leonid Matetskiy","2026-08-09 21:39:06",534.0,2,leonidmatetskiy
6735,16676155,"Adam Carnaffan","2026-08-07 16:48:03",533.8,2,adamcarnaffan
6736,16669165,"IT Neko","2026-08-14 13:17:33",533.8,2,"nirvaanaa,zhexuanyecust"
6737,16621523,"Victor Orihuel","2026-08-18 05:40:18",533.8,2,victororihuel
6738,16691164,"Krishna Saathwik","2026-08-13 13:50:40",533.8,2,krishnasaathwik
6739,16722366,"Aki Lit","2026-08-14 23:24:20",533.6,2,akilit
6740,16890221,"Kalebu Makombe","2026-09-14 10:07:31",533.6,2,kalebuomakombe
6741,16658718,"Duong Bao Duy","2026-09-15 13:31:45",533.5,2,duongbaoduy
6742,16811259,"Aaryan Agarwal","2026-09-03 20:21:00",533.4,1,aaryanagarwal
6743,16736636,torch,"2026-08-18 10:35:29",533.4,2,rhtsingh
6744,16706413,"Song Research","2026-08-18 00:39:36",533.3,2,sangbong91
6745,16702820,"Plorek ","2026-08-28 11:28:11",533.3,2,plorek
6746,16679364,VicD,"2026-08-14 20:16:52",533.2,2,durandv
6747,16621811,"Shaun Andrade","2026-08-01 00:44:42",533.2,2,shaunandrade
6748,16670274,"dankwa wadie","2026-09-01 08:45:40",533.2,2,dankwawadie
6749,16747345,"Alex #3","2026-09-17 08:59:07",533.1,2,alexb99
6750,16667025,"Anjitha Mekkayil Anand ","2026-08-28 05:59:46",532.9,2,anjithamekkayilanand
6751,16671420,"Chengchen Duan","2026-08-17 15:25:09",532.9,2,chengchenduan
6752,16660419,"Kai-Shih Chiu","2026-08-06 12:54:22",532.8,2,kaishihchiu
6753,16660850,"Khoa Le","2026-08-05 13:23:55",532.7,2,bryanle2025
6754,16756029,EndCreeper,"2026-09-18 15:46:59",532.3,2,endcreeper
6755,16699756,"zhang xin","2026-09-23 02:00:57",532.0,2,zhangxin300
6756,16662057,DeokJin,"2026-08-05 04:01:38",531.8,2,deokjin
6757,16666483,"Salih Erdem Kaymak","2026-08-08 17:32:38",531.7,2,saliherdemkaymak
6758,16673333,"Dimas Renggana","2026-08-06 23:40:39",531.6,2,dimasrenggana
6759,16624941,"KO Ho Tin","2026-08-10 03:33:47",531.5,2,b14ckc4tmr
6760,16937883,Philip,"2026-09-21 21:27:47",531.5,2,timmi22194
6761,16658151,"Nguyễn Phúc Gia Bảo","2026-08-06 15:15:07",531.5,2,kevincrazy678
6762,16675264,"Alon Bar Koter","2026-08-06 16:16:43",531.5,2,alonbarkoter
6763,16825999,"Atsushi Yoshikawa","2026-09-07 02:06:13",531.5,2,atsushiyoshikawa
6764,16644508,"Vandana Pathania","2026-08-22 21:59:37",531.4,2,vandanapathania
6765,16920613,"vietnam vo dich","2026-09-18 13:38:00",531.4,2,ctun12
6766,16917921,xxxx333,"2026-09-19 03:58:31",531.3,2,xxxx333
6767,16749764,Aquaflame,"2026-09-11 16:41:58",531.0,2,aquaflame
6768,16675066,Opticulture,"2026-08-16 12:19:48",530.8,2,"bajibaburowthu,ponnuripavankumar,radhakrishnadoredla,veereshkumar1219"
6769,16657794,"Aromal vK","2026-08-06 15:35:11",530.7,2,aromalvk
6770,16701795,Proshian,"2026-08-11 00:01:04",530.7,2,proshian
6771,16794491,"Sushant Pargaonkar","2026-09-02 02:59:45",530.7,2,sushantpargaonkar
6772,16798918,"Toan Nguyen Mau","2026-09-07 08:39:35",530.5,2,toannguyenmau
6773,16718042,"Muddassir Shah","2026-09-02 21:49:44",530.4,2,wisemanseed
6774,16787010,"Samir Patel","2026-09-04 02:59:28",530.4,2,mesamirpatel
6775,16669545,"Rishabh Gupta","2026-08-06 18:19:04",530.3,2,rishabhguptajs
6776,16899050,SerenaLsr,"2026-09-16 03:35:02",530.3,2,serenalsr
6777,16723045,"Albert Einstein F Muritiba","2026-09-19 02:35:02",530.0,2,spideryzarc
6778,16716632,shini47,"2026-08-22 20:30:17",530.0,2,shini47
6779,16765031,"Allen JL Li","2026-08-27 06:12:23",529.7,2,allenjlli
6780,16702118,"cemal özdeniz","2026-08-10 20:27:17",529.7,2,cemalzdeniz
6781,16773779,"Daichi Tanaka","2026-08-31 03:38:48",529.7,2,daichit64
6782,16659813,"Uday Kumar R","2026-08-13 09:47:39",529.5,2,udaykumarramineni
6783,16747163,"Sarthak Patel","2026-08-21 06:36:26",529.5,2,sarthakpatel2028
6784,16730649,Mink,"2026-09-20 22:14:02",529.5,2,"mahendransaeyohnn,mysterious5577"
6785,16667818,AjayVarma555,"2026-08-09 15:14:45",529.4,2,ajayvarma555
6786,16926556,Fufig,"2026-09-20 17:31:56",529.4,2,yafufig
6787,16673923,"Gabriele Giacometti","2026-09-10 12:15:50",529.3,2,gabrielegiacometti
6788,16775749,Yurikada,"2026-09-03 11:13:54",529.2,2,yosukeinada
6789,16697681,"Mahfujur Rahman Rakib","2026-08-10 05:14:21",529.1,2,mahfujurrahmanrakib
6790,16709494,"Aditya Dushara","2026-09-10 22:24:55",529.1,2,adityadushara
6791,16735517,"Philipp k-s","2026-09-13 19:12:05",529.0,2,philippkeussenstrau
6792,16727376,"Roko Torbarina","2026-08-18 18:31:57",528.9,2,rokotorbarina
6793,16750614,"Shivansh Chaudhary","2026-09-05 06:17:27",528.9,2,shivanshchoo
6794,16702359,"Ethan Pl","2026-08-11 19:43:21",528.9,2,ethanpl
6795,16760226,"Erich Hofstötter","2026-08-24 15:49:06",528.7,2,erichhofsttter
6796,16840437,nick.ai007,"2026-09-10 06:36:01",528.6,2,nickai007
6797,16927697,Mikiyaas,"2026-09-25 11:09:28",528.6,2,mikiyaas
6798,16690736,omarkami007,"2026-08-11 18:40:45",528.5,2,omarkami007
6799,16783367,hezhiqian,"2026-09-17 00:06:34",528.5,2,hezhiqian
6800,16664140,Sxwat,"2026-08-23 01:13:13",528.5,2,aybatov
6801,16657981,"Arijit Kar","2026-08-18 11:05:52",528.4,2,demonicak
6802,16712902,"Ethan Benjamin Cole","2026-08-13 12:19:26",528.4,2,ethanbenjamincole
6803,16658477,"chathura prasadh9817","2026-08-06 07:18:04",528.1,2,chathuraprasadh9817
6804,16667794,knadithyavr,"2026-08-13 12:24:05",528.1,2,knadithyavr
6805,16668817,"Sean ODonnell","2026-08-08 03:27:47",528.0,2,sjean11
6806,16762010,"Ivan Piaternev","2026-09-15 08:14:40",527.7,2,iamvanya
6807,16752665,"Dominik Toric","2026-09-14 17:20:14",527.6,2,dominiktoric
6808,16665462,ZSZ,"2026-08-12 13:55:00",527.6,2,zsuzsanna2
6809,16702481,"Scott G","2026-08-13 15:19:02",527.5,2,verifiedscott
6810,16849108,raypratik,"2026-09-25 10:19:40",527.4,2,raypratik
6811,16695799,Vaycheslav,"2026-09-22 08:05:40",527.3,2,vaycheslav
6812,16704569,"Lorenzo Grattarola","2026-08-16 22:24:15",527.3,2,lorenzograttarola
6813,16658116,Emmy,"2026-09-26 08:34:35",527.3,2,emmyone
6814,16730105,"Leonardo Palis","2026-08-17 03:35:05",527.2,2,leonardopalis
6815,16778145,TW_益民_li,"2026-09-03 12:28:49",527.2,2,liyimintw
6816,16659309,irisV11,"2026-08-18 05:23:01",527.2,2,irisv11
6817,16718565,Frankyface,"2026-08-13 18:54:37",527.1,1,frankyface
6818,16777150,Eduardo2c,"2026-09-06 14:23:04",527.1,2,eduardo2c
6819,16690152,"The Ceris","2026-08-16 11:49:31",526.9,2,amedeopachera
6820,16773361,"tom yi","2026-09-24 08:56:59",526.9,1,tomyi1547
6821,16927406,wmar,"2026-09-25 17:51:43",526.9,2,wmar38334
6822,16730922,"Shengyuan Yin","2026-09-24 10:49:46",526.8,2,flaming0
6823,16730740,"claude opus5🏆","2026-08-19 09:58:24",526.4,2,yinpinggao
6824,16662313,"Maximus Sambucetti","2026-08-09 15:36:46",526.4,2,maximussambucetti
6825,16790206,"bogdan chirkov","2026-09-15 13:46:30",526.4,2,bogdannchirkovv
6826,16722028,"Aw Ming Xuan","2026-08-16 09:24:48",526.3,2,awmingxuan
6827,16671779,"Syed Jawad","2026-09-06 12:12:28",526.3,2,syedjawad11
6828,16664750,"shubham kumar","2026-09-13 16:24:23",526.3,2,shubzk17
6829,16661066,"André Kuster","2026-08-06 00:54:20",526.1,2,andrkuster
6830,16827864,"Tùng Dương Bùi","2026-09-04 14:31:54",526.1,2,tdbui1209
6831,16839030,minedmap,"2026-09-07 20:19:52",526.1,2,minedmap
6832,16743001,Nikhilasree,"2026-09-03 11:33:45",526.0,2,nikhilasree2003
6833,16631772,yuki,"2026-08-03 17:39:58",526.0,2,yururoi
6834,16682815,"Saiyam Bharara","2026-08-19 15:03:06",526.0,2,saiyambharara
6835,16714592,"Carey Casile","2026-08-14 18:34:16",526.0,2,ccasile
6836,16673266,Preet,"2026-08-14 05:57:17",525.9,2,hpkaur34
6837,16762881,Yuki0x80,"2026-09-22 14:30:53",525.8,2,saiyuki1919
6838,16632253,nasuuuuun,"2026-08-04 13:30:11",525.7,2,hikarumatsuzaki
6839,16743438,嘎嘎滴辣晒,"2026-08-24 09:30:32",525.7,2,yuhangzhang0621
6840,16723037,"Red Cat","2026-09-10 19:23:50",525.7,2,severl
6841,16724904,"Carlos Eduardo De Paula Arantes","2026-08-15 15:48:43",525.6,2,carloseduardo1753
6842,16692637,"Blox Amaze","2026-08-09 09:47:42",525.4,2,bloxamaze
6843,16762831,026,"2026-09-07 00:58:19",525.4,2,thahaarsh
6844,16756858,"Rushi A.","2026-08-23 18:54:03",525.4,2,rushia
6845,16757417,otter_0714,"2026-09-21 02:42:56",525.2,2,otter0714
6846,16658738,Aman,"2026-08-05 11:12:10",525.1,2,amank95amank95
6847,16885591,Orange,"2026-09-13 11:30:58",525.1,2,orangecoppers
6848,16748774,"hakan ulucan","2026-08-25 19:19:11",524.9,2,hakanulucan
6849,16741766,lrik00,"2026-09-15 13:27:32",524.8,2,lrik00
6850,16710521,"Natpaphon Nukhunthod","2026-08-17 03:37:15",524.6,2,natpaphonnukhunthod
6851,16731013,"Abimael Firstana","2026-09-11 06:55:02",524.6,2,abimaelfirstana
6852,16733910,davidsmith42,"2026-08-19 23:59:03",524.6,2,ananthvydianath42
6853,16892437,chukbert,"2026-09-26 06:29:07",524.5,2,chukbert
6854,16845760,Alyosha85,"2026-09-07 05:42:01",524.5,2,alyosha85
6855,16658820,"Jonathan Ashenaf1","2026-08-11 16:59:20",524.5,2,jonathanashenaf1
6856,16794797,zzzyan10,"2026-09-21 02:45:51",524.4,2,zzzyan10
6857,16692246,"Pamod Jayaneth","2026-09-08 05:13:09",524.4,2,pamodjayaneth
6858,16742172,"Felisitas Mellania","2026-09-11 06:39:04",524.4,2,felisitasmellania
6859,16727961,"Ebenezer Olumeyan","2026-08-22 15:54:00",524.4,2,eolumeyan
6860,16740709,"Abimael Firstana #2","2026-09-11 07:19:13",524.3,2,abimaelfirstana99
6861,16659507,"Lokesh Lalan","2026-08-26 08:51:50",524.2,2,lokeshlalan
6862,16853582,"Qiao Ke","2026-09-09 09:44:44",524.2,1,bridgekk
6863,16732003,"HAO jia liu","2026-08-18 09:58:05",524.1,2,haojialiu
6864,16784966,oouiaa,"2026-09-03 21:53:59",524.1,2,tomofumihata
6865,16671364,"Mike Riggs","2026-08-09 03:22:55",524.1,2,riggsasi
6866,16764600,"Tanmay Shingavi","2026-09-03 05:43:57",524.1,2,decodingafterlife
6867,16756131,"Emre Atilgan","2026-08-24 20:20:06",524.0,2,emreatilgan
6868,16818405,MickyDot,"2026-09-08 08:16:06",523.9,2,mickydot
6869,16675585,"Jacob Joy","2026-08-11 12:13:06",523.9,2,jac0b1
6870,16686149,"Luc Mantoux","2026-08-09 20:25:33",523.9,2,lucmantoux
6871,16719172,"Victor Carriço","2026-08-24 03:35:14",523.8,2,kronossaurus
6872,16635145,"Isaac Menard","2026-08-05 21:11:36",523.8,2,isaacmenard
6873,16892255,"Jegors Čemisovs","2026-09-23 21:02:44",523.7,2,fortemate
6874,16666328,"Dornus !","2026-08-05 21:53:19",523.7,2,dornus
6875,16915731,INF2_josallo4_anpego3,"2026-09-20 16:30:53",523.7,2,josepsalvador
6876,16708625,"Lê Văn Pháp","2026-08-29 03:15:56",523.6,2,"linhsarah,lvnphp"
6877,16658074,"Qui Ngx","2026-08-05 05:57:15",523.6,2,quingx
6878,16759246,wangfeifei_si,"2026-08-26 14:27:19",523.2,2,wangfeifeisi
6879,16904318,"wofi poria","2026-09-18 01:33:18",523.1,2,wofiporia
6880,16736261,"Saptanshu Samal","2026-08-22 12:02:42",522.9,2,saptanshusamal
6881,16914880,"Mohammed Afreed Pasha","2026-09-26 11:51:11",522.8,2,mohammedafreedpasha
6882,16672463,"Muzammil Baloch","2026-08-07 12:45:39",522.8,2,muzammilbaloch
6883,16635746,"jeon hyeon woo","2026-08-13 15:32:43",522.8,2,jeonhyeonwoo
6884,16663864,RamónLópez,"2026-09-25 21:45:37",522.7,2,lopeznomar
6885,16659181,Hongjie04,"2026-08-05 04:07:04",522.6,2,hongjie04
6886,16841858,"Aadit Agrawal","2026-09-08 07:23:56",522.5,2,aaditagrawal
6887,16632504,"[Deleted] c2f6c5d5-ecb1-4f92-95d7-7c9f0fd3474f","2026-07-31 16:04:32",522.3,1,ryota517
6888,16657400,indrapurnama,"2026-08-08 05:42:05",522.2,2,indr0008
6889,16658779,"Richard G Atkinson","2026-08-05 00:29:59",522.2,2,richardgatkinson
6890,16678633,"Tanishq Tayade","2026-09-14 21:39:04",521.9,2,tanishqtayade
6891,16673712,"Alejandro Betato","2026-08-16 10:48:24",521.9,2,alejandrobetato
6892,16867745,"Carlos Uño Magne","2026-09-13 15:09:49",521.9,2,carlosuomagne
6893,16679671,Ash0666,"2026-08-09 19:28:52",521.9,2,ash0666
6894,16686613,Zubatch,"2026-08-15 20:11:39",521.7,2,zubatch
6895,16704864,ksj00610,"2026-08-12 08:47:16",521.5,2,ksj00610
6896,16662293,"Alejandro Fonda","2026-09-25 00:56:43",521.5,2,alejandrofonda
6897,16731887,"hoo aam","2026-08-21 05:37:16",521.5,2,hooaam
6898,16740646,"Darren Chung","2026-08-25 18:00:27",521.4,2,chungdarren
6899,16780513,"Hugo JOBÉ","2026-08-27 20:51:09",521.3,2,hugojob
6900,16907148,Blooriculture,"2026-09-23 15:02:43",521.1,1,"aarnsantosgonzlez,danireyna08,fernandopardoalonso,marcobarrancomoreno"
6901,16670779,"Aditya Dube","2026-08-06 01:41:24",521.0,2,dubeaditya
6902,16661550,SeriouS_K,"2026-09-24 08:28:49",521.0,2,serious101
6903,16621354,pengshy,"2026-08-06 04:54:01",520.9,2,dm15336142
6904,16905582,Movilly,"2026-09-25 15:11:36",520.9,1,movilly
6905,16654943,"Alexis Selorm Gbeckor - Kove","2026-08-10 11:44:58",520.9,2,advancedbeginner
6906,16666055,Axit,"2026-08-06 10:16:15",520.9,2,axitslab
6907,16926699,"Juliano Batistim","2026-09-25 00:02:10",520.8,2,julianobatistim
6908,16929796,"Emre Balsar","2026-09-20 11:03:09",520.6,2,emrebalasar
6909,16723125,"Shubham Dhapola","2026-08-16 13:35:23",520.5,2,shubhamdhapola24
6910,16729157,HahaTaco,"2026-09-12 17:33:16",520.4,2,hahataco
6911,16924914,AgriPredictors,"2026-09-26 21:29:03",520.4,2,"mehakiftikhar,mnkaggler"
6912,16685652,LeonDuue,"2026-09-01 06:55:54",520.3,2,leonduue
6913,16799485,"Bartholomew Jordan","2026-09-19 09:48:21",520.2,2,bartholomewjordan
6914,16669118,"yunus yavuz","2026-08-05 21:51:21",520.2,2,yunusyvz
6915,16752153,zhao569,"2026-09-17 08:34:24",520.2,2,zhao569
6916,16700484,白井孝太郎,"2026-08-15 01:08:02",520.0,2,kotaroshirai
6917,16673324,Amaranta,"2026-09-21 18:08:18",519.8,2,ulyanovantonamaranta
6918,16640077,larry54321zhao,"2026-09-09 08:48:32",519.8,2,larry54321zhao
6919,16710512,FishWotou,"2026-08-19 04:45:40",519.7,2,fishwotou
6920,16717716,"Диас Издибаев","2026-08-15 05:32:14",519.7,2,diasiz1
6921,16731635,懒惰的金枪鱼,"2026-09-23 06:45:21",519.6,2,jiaclv
6922,16676259,Th_Gbay,"2026-08-19 20:42:35",519.6,2,thgbay
6923,16845161,"Abate etienne","2026-09-08 00:28:04",519.4,2,abateetienne
6924,16664142,"The Studio 1","2026-08-16 23:04:06",519.4,2,landonsheatsley
6925,16630773,"An Hoang Vo","2026-09-05 14:49:25",519.1,2,anhoangvo
6926,16669028,"Atishay Kasliwal","2026-08-11 17:54:59",518.9,2,atishaykasliwal
6927,16791027,"Ryan Cheung","2026-09-07 04:46:47",518.6,2,doggychip
6928,16773942,"Malhar Shah","2026-09-24 18:20:06",518.3,2,"malharshah2511,veervohra123"
6929,16686645,Ornaat,"2026-09-25 10:39:18",518.2,2,ornaat
6930,16865918,yh00722,"2026-09-14 04:52:38",518.1,2,yh00722
6931,16666371,jiten_topiwala,"2026-08-08 16:51:13",518.1,2,jitentopiwala
6932,16664119,FSzekut,"2026-08-07 00:03:04",518.0,2,fszekut
6933,16760190,"Florian Tigoulet","2026-08-24 12:37:14",517.9,2,floriantigoulet
6934,16717817,"Nick Stoddart","2026-08-14 05:15:23",517.9,2,nickstoddart
6935,16667011,"Chung Yu Jin","2026-09-21 05:44:32",517.9,1,chungyujin24
6936,16712921,"Come Back","2026-08-20 00:45:45",517.7,2,amirhosseinltf
6937,16651167,ArmanVardanyan07,"2026-08-03 22:43:13",517.7,2,armanvardanyan07
6938,16808641,papajams,"2026-09-26 19:13:20",517.5,2,papajams
6939,16645446,gogo98415,"2026-08-29 06:04:15",517.2,2,gogo98415
6940,16666597,Ramkumar4240,"2026-08-10 12:19:20",517.1,2,ramkumar4240
6941,16729202,Sven,"2026-08-27 21:55:40",517.0,2,sventleman
6942,16680108,dentalsoup,"2026-08-07 09:03:47",516.8,2,afinemonkey
6943,16906705,"Gaurav Vyas","2026-09-20 17:24:05",516.7,2,ctogaurav
6944,16676320,"Khôi Trần","2026-08-29 14:14:57",516.6,2,khoitrn
6945,16769793,"Shivam Batra","2026-08-26 14:21:49",516.5,2,shivam744
6946,16740894,BetOnMe,"2026-08-19 14:40:02",516.3,2,betonme
6947,16664370,"Joel Arias","2026-08-06 17:29:01",516.2,1,j4rias
6948,16926574,"walid waccub","2026-09-19 22:12:00",516.1,2,walidwaccub
6949,16664143,"Lucas Henrique Mateo","2026-08-21 19:10:52",516.1,2,lucashmateo
6950,16858984,Katherine_2002,"2026-09-24 07:17:45",516.0,2,katherine2002
6951,16693207,"Vamshi Guntupalli","2026-08-11 22:40:36",516.0,2,vamshiguntupalli
6952,16840480,jignesh13,"2026-09-16 19:33:04",516.0,2,jignesh13
6953,16846845,Shunsuke,"2026-09-07 15:25:38",516.0,2,shunsukeisono
6954,16740534,"Gao Wenjiang","2026-09-02 09:48:37",515.9,2,gaowenjiang
6955,16915853,popwenman,"2026-09-19 08:21:09",515.8,2,popwenman
6956,16669470,"ASDM HUB","2026-08-12 20:13:20",515.8,2,jesushechavarria
6957,16665281,"[Deleted] 899172b8-e148-4564-ba8c-c46356105ab8","2026-08-05 09:55:11",515.8,2,del=cd7e9a4014b872ef
6958,16855185,ArdiaNova,"2026-09-18 11:08:04",515.6,2,ardianova
6959,16696163,"Romain Durand","2026-08-17 19:00:46",515.5,2,romaindurand1607
6960,16688366,yokoikazumasa,"2026-08-08 19:25:58",515.4,1,yokoikazumasa
6961,16660173,"PAULO HENRIQUE DE LIMA","2026-08-06 02:42:20",515.3,1,paulohenriquedelima
6962,16696020,"Hugo Voisin","2026-08-11 16:08:06",515.3,2,hugovoisin
6963,16661832,"Roberto Garcia","2026-08-08 15:09:39",515.2,2,robertogarciada
6964,16793889,zhzz,"2026-09-01 11:28:52",515.1,2,ucsdzhengzeng
6965,16660364,dadandsats,"2026-08-14 11:41:04",515.0,2,continuingdev
6966,16715897,shettynaisha,"2026-09-06 17:28:58",514.9,2,shettynaisha
6967,16861492,Adi_271,"2026-09-10 09:47:25",514.7,2,adi271
6968,16654596,"khusham sheth","2026-08-13 05:28:55",514.5,2,khushamsheth
6969,16654890,"Josh Hipps","2026-08-06 14:16:49",514.5,2,joshuahipps
6970,16649339,"华东 朱","2026-09-22 16:35:19",514.4,2,mgdbzny
6971,16795609,2023314806_이승민,"2026-09-04 10:21:31",514.4,2,sminleeee
6972,16652952,lackmind,"2026-09-04 18:46:11",514.3,2,lackmind
6973,16640845,"tang yangzhou","2026-08-04 21:36:09",514.3,1,tangyangzhou
6974,16666614,"Arjun Annamalai","2026-08-18 09:23:28",514.3,2,arjunannamalai
6975,16682076,"Igor Riegel","2026-09-02 14:49:12",514.3,2,igormriegel
6976,16678602,"hassan manour","2026-08-07 12:52:23",514.2,1,hassanmanour
6977,16665046,"Srish Jana","2026-08-06 18:12:59",514.0,2,srishjana
6978,16810343,"Aleksandr Borodin","2026-09-02 20:29:06",514.0,2,aleksandrbor
6979,16862225,"Dmitriy Ershov","2026-09-09 19:38:26",513.9,2,bejeweled
6980,16686150,"Aek KunKub","2026-08-14 05:21:43",513.5,2,aekkunkub
6981,16674714,"Kaaleedass Manoharan","2026-08-31 19:07:47",513.5,2,kaaleedassmanoharan
6982,16668022,"Lady and tech","2026-08-19 04:08:50",513.5,2,ladyandtech
6983,16660214,ytddsyt1214,"2026-08-09 12:32:06",513.2,2,ytddsyt1214
6984,16890133,Adsterr,"2026-09-19 07:58:59",513.2,2,adsterr
6985,16632118,nk,"2026-09-11 09:55:01",513.1,2,nagatakengo
6986,16671648,"[Deleted] 05e6ae2c-c72f-4044-b02f-dc74277e34ab","2026-08-09 07:21:22",512.9,2,del=871ca06d8c734ede
6987,16771171,Manfucci,"2026-09-12 14:08:47",512.8,2,manfucci
6988,16705363,"Matt Hall","2026-08-16 01:44:32",512.6,2,matthall0
6989,16678644,"Kanik Aggarwal","2026-08-13 19:01:16",512.4,2,roronoazoro200
6990,16781545,"Jake Lin","2026-09-23 01:14:34",512.2,2,jakelinai
6991,16661927,JHCodeQuest,"2026-08-25 11:36:46",512.2,2,josephkhassan
6992,16685582,Wasaanyi,"2026-08-18 09:21:30",512.1,2,"cnakakeeto,wasaanyi"
6993,16709885,"Manuel Pérez","2026-08-14 01:54:02",512.1,2,manuelperezzz
6994,16669397,"Abed Kibbe","2026-09-13 06:09:10",512.1,2,abedkibbe
6995,16731729,"Sumit Bopche","2026-08-21 15:53:56",512.1,2,sumitbopche
6996,16714335,"Jake Mordan","2026-09-24 08:39:37",512.0,2,jakemordan
6997,16808750,ssssying,"2026-09-11 14:41:53",511.9,2,ssssying
6998,16863015,"Carlos Jaime","2026-09-24 03:14:47",511.9,2,cjaime708
6999,16656913,"Inna Davidov","2026-08-20 04:43:47",511.5,2,innadav
7000,16658160,yunquer,"2026-08-17 07:18:53",511.5,2,yunquer
7001,16659645,Drakus_Julia,"2026-08-09 02:15:20",511.2,2,drakus74
7002,16664348,"Rocket Zech","2026-08-29 08:23:04",511.2,2,isaactunglaw
7003,16677585,Pan,"2026-08-07 13:54:22",511.2,2,mehdiacho
7004,16693033,AgriBot,"2026-08-13 23:53:10",511.1,2,prcieuxcomlan
7005,16929820,sdssJ0,"2026-09-23 09:57:21",511.0,2,sdssj0
7006,16677360,"Jatin Chawla","2026-08-08 13:45:06",510.9,2,jatin221
7007,16760352,"Romain Bomba","2026-08-24 01:27:23",510.8,2,romainbomba
7008,16700661,"Aakash Kavuru","2026-08-12 05:13:05",510.8,2,aakashkavuru
7009,16660361,"Abhishek Sharma","2026-09-26 16:41:40",510.6,2,abhisheksharma425
7010,16914771,"Moritz Schobesberger","2026-09-17 15:21:34",510.6,2,moritzschobesberger
7011,16947214,bzttub,"2026-09-23 07:25:28",510.3,2,"bzttub,hehahakl,michaelyu99,y1jun0000"
7012,16932020,Syedxd,"2026-09-24 12:53:04",510.3,2,syedxd
7013,16795997,"Boyu Wan","2026-09-04 04:58:57",510.3,2,pupudan
7014,16672078,vietlinhh02,"2026-08-08 07:46:53",510.2,2,vietlinhh02
7015,16832891,"Kana Kuroyanagi","2026-09-23 05:10:12",510.2,2,kanakuroyanagi
7016,16753887,"Hong Tang","2026-08-24 21:41:20",510.1,1,hongtang15
7017,16720714,"Lithole Munangiwa","2026-08-19 11:23:49",510.0,2,litholemunangiwa
7018,16655072,Sonuaswar1,"2026-08-04 07:33:47",509.7,2,sonuaswar1
7019,16691807,lbs-vadar,"2026-08-26 18:29:57",509.6,2,lbsvadar
7020,16630438,"Aayush Bansal","2026-09-25 13:35:55",509.6,2,aayushbansal0330
7021,16774333,"Nazim Shoikot","2026-09-03 11:20:20",509.5,2,nazimshoikot71
7022,16661432,"Ange Adantchede","2026-09-21 09:00:05",509.4,2,angeadantchede
7023,16757407,"Dylan Bailes","2026-08-26 07:11:56",509.3,2,dylanbailes
7024,16658031,BSam79,"2026-09-12 09:12:39",509.1,2,bsam79
7025,16749371,"Renisa Assyifa Putri","2026-08-21 05:24:07",509.1,1,renisaassyifaputri
7026,16662201,"Saumitra Verma","2026-08-04 18:28:36",509.0,2,saumitraverma
7027,16658925,CYBWithFlourish,"2026-08-06 15:56:28",508.7,2,cybwithflourish
7028,16833476,"Richard Pagan","2026-09-05 03:01:54",508.7,1,richardpagan
7029,16887274,Shakeel,"2026-09-14 09:55:20",508.5,2,shakeel787
7030,16696460,"Enzo 7mlk","2026-09-16 15:19:51",508.4,2,enzo7mlk
7031,16708230,"jose manuel Tinajero","2026-08-25 15:02:46",508.2,2,josemanueltinajero
7032,16669408,"Josaphat Adjele","2026-08-31 17:26:56",508.2,2,josaphatadjele
7033,16713033,Contact-Nade,"2026-09-10 07:44:18",508.1,2,"masanammedha,rayofc"
7034,16795624,"Shashwat Khare","2026-09-02 01:46:54",508.0,2,shshwtkhr
7035,16786461,"Caleb Bredlow","2026-09-07 04:17:50",507.9,2,calebbredlow
7036,16854398,"VALERIY MIKHALEV","2026-09-08 16:27:24",507.8,2,valeriymikhalev
7037,16730749,"Đông Hà","2026-09-23 10:43:32",507.8,2,phapsucongu
7038,16743282,"Srivishnu Charan","2026-09-03 14:06:54",507.7,2,srivishnucharan
7039,16657401,korpo,"2026-08-25 20:18:13",507.5,2,krisko
7040,16889005,Dino,"2026-09-23 08:43:11",507.5,2,ngohongthai
7041,16658973,"not today","2026-08-05 05:57:14",507.4,2,cemhan44
7042,16662875,Jimmy,"2026-09-21 04:29:42",507.3,2,jiyo4476
7043,16658327,pocari1,"2026-08-19 07:17:28",507.2,2,pocari1
7044,16655424,Fayche,"2026-08-10 16:50:28",507.1,2,fayche
7045,16631981,"Karen Letir","2026-08-10 09:21:51",507.0,2,karenletir
7046,16884148,mengxc410,"2026-09-18 03:42:08",506.8,2,mengxc410
7047,16663188,"Ethan Feng","2026-08-05 22:09:38",506.8,2,xenon111231
7048,16664841,vohi01,"2026-09-26 06:42:32",506.8,2,vohi01
7049,16769648,"Alok Kumar","2026-08-28 18:04:50",506.8,2,shadowserpent
7050,16884997,"Le Huy Tuong","2026-09-17 12:55:49",506.8,2,lehuytuong
7051,16738456,"Pritul Raut","2026-08-21 08:45:04",506.7,2,pritulraut
7052,16679771,Coolgolf,"2026-09-02 13:56:54",506.6,2,coolgolf
7053,16907151,"Susana Horias","2026-09-23 14:46:43",506.5,2,"diegobarriosalonso,noelcalvoortega,robertocanrubio,rubnvalcarcelvarez"
7054,16735475,SunjaeLee02,"2026-08-19 08:12:41",506.5,2,sunjaelee02
7055,16844334,lsnm,"2026-09-07 15:02:17",506.4,2,eliasnema
7056,16918629,humblegod,"2026-09-20 19:49:23",506.3,1,sophatodom
7057,16683918,Thuytien,"2026-08-07 17:20:33",506.2,2,thuytien200529
7058,16871854,"Tanvi Parsam","2026-09-13 16:07:41",506.2,2,tanviparsam
7059,16688646,lakranitesh,"2026-08-08 12:49:18",506.0,2,lakranitesh
7060,16795284,"Kostas Tsolis","2026-09-14 09:14:56",505.8,2,tkostas
7061,16779813,zitihc,"2026-08-29 14:18:49",505.8,2,zitihc
7062,16947496,"lit tlemiaos","2026-09-26 19:12:25",505.7,2,littlemiaos
7063,16740840,"Huchen Jiang","2026-09-02 09:18:47",505.5,2,huchenjiang
7064,16761589,"Eren -","2026-08-27 08:48:44",505.4,2,erenozyurek
7065,16886832,"Ayush Patel","2026-09-13 16:25:18",505.4,2,ayushpatel02
7066,16674076,rigsutra,"2026-09-12 16:57:45",505.3,2,rigsutra
7067,16664605,"Nathaniel Shou","2026-08-05 17:51:47",505.2,2,nathanielshou
7068,16761751,KrishnaKumar_AIML,"2026-09-02 14:38:24",505.2,2,krishnakumarcsr
7069,16740248,KK_nut,"2026-08-25 03:26:52",505.2,2,k0k0nut
7070,16715711,"Shawon Biswas","2026-08-19 10:42:24",504.9,2,shawonbiswas11
7071,16877016,"Jasper Wessing","2026-09-18 14:08:07",504.8,2,jasperwessing
7072,16664502,"Alejandro Morales","2026-08-10 01:05:59",504.8,2,langley96
7073,16685618,"Krupa Vardhan","2026-08-28 09:24:21",504.8,2,krupavardhan
7074,16662043,"Hengcong Zhu","2026-08-05 14:46:24",504.8,2,hengcongzhu
7075,16728137,mchicen,"2026-08-20 16:48:10",504.8,2,"iyaiji,mchicen"
7076,16663232,"Marco Mangan","2026-09-06 21:20:24",504.7,2,masmangan
7077,16735251,AlviH47,"2026-08-19 14:25:48",504.6,2,alvih47
7078,16648589,"Yilan Zhu","2026-08-05 11:23:23",504.4,2,yilanzhu
7079,16875479,"Debasish Gorai","2026-09-27 07:59:27",504.1,2,debasishgorai
7080,16857732,bzczz123,"2026-09-17 09:52:43",504.0,2,bzczz123
7081,16745655,巴啦啦能量,"2026-09-08 01:30:14",503.8,2,wsh10086
7082,16875818,Mateollqw,"2026-09-12 22:08:38",503.4,2,mateollqw
7083,16697730,JCN2365,"2026-08-13 18:06:35",503.3,2,jcn2365
7084,16668606,"Hasith Kulathilaka","2026-08-31 19:09:39",503.3,2,hasithkulathilaka
7085,16786450,fujii,"2026-09-15 14:01:51",503.3,2,kojisoemi
7086,16887642,"Dimitrios Giannoulis","2026-09-14 12:38:24",503.3,2,plagiagia
7087,16676663,"This cat is called Fumi","2026-08-11 18:21:43",503.3,2,qwer556617123
7088,16872190,"Zephyr Pong","2026-09-11 11:07:15",503.1,2,zephyrpong
7089,16623316,"Ondrew Zudin","2026-08-06 23:08:41",502.7,2,ondrewzudin
7090,16946591,zahid11177700,"2026-09-25 05:38:44",502.6,1,zahid11177700
7091,16926609,SunriseL,"2026-09-20 07:56:01",502.6,2,sunrisel
7092,16906032,Volkan,"2026-09-22 08:59:20",502.3,2,volkan97
7093,16660360,"Joey Gonzales","2026-08-05 00:00:47",502.3,2,joeygonzales
7094,16693738,"Sonu Jha","2026-08-14 20:32:37",502.2,2,sonujha090
7095,16666709,JSQL,"2026-09-02 18:52:37",502.1,2,jeffreyschott
7096,16922976,kotemendo,"2026-09-20 00:43:54",502.1,2,kotemendo
7097,16661099,TheSven,"2026-08-06 17:05:25",502.0,2,thesven
7098,16765380,jslee_homeofson,"2026-08-25 13:10:22",501.8,2,jsleehomeofson
7099,16939706,"Priyanshu Patel","2026-09-22 17:54:24",501.5,2,"abuzarkhan99,priyanshupatel007"
7100,16925216,krigga,"2026-09-21 09:35:00",501.5,2,krigga
7101,16630903,"Hrushikesh Pawar","2026-08-09 14:44:37",501.5,2,hrushikeshpawar
7102,16682707,"AJAY KUMAR","2026-08-07 19:13:08",501.5,2,worldsslayer
7103,16907592,may2223,"2026-09-21 06:31:05",501.4,2,may2223
7104,16899234,vimes1984,"2026-09-17 01:19:19",501.4,2,vimes1984
7105,16806084,"DSDgsdgs SDgsdfgs","2026-09-03 05:19:11",501.2,1,dsdgsdgssdgsdfgs
7106,16768178,Scarttish,"2026-08-26 22:44:26",501.0,2,scarttish
7107,16798775,Lissabon,"2026-09-07 03:36:41",500.8,2,lissabon
7108,16657674,Warriors,"2026-08-29 14:12:29",500.6,2,"karthikreddykarri,kovvurisaimohanreddy,vikramadityaabhiram"
7109,16885124,"LABHESH YAWALKAR","2026-09-25 16:40:50",500.6,2,labheshyawalkar
7110,16735702,opflare,"2026-09-04 23:47:49",500.5,2,opflare1144user
7111,16870372,ALİHAKANÜNAL,"2026-09-23 14:59:55",500.5,1,needdata123456
7112,16674540,"Pratik Priyanshu","2026-08-07 18:28:12",500.3,2,pratikpriyanshu5
7113,16756987,"Joseph Paggeot","2026-08-24 04:32:57",500.3,2,josephpaggeot
7114,16656871,"Pedro Henrique","2026-08-07 03:37:29",500.2,2,pedrohets
7115,16668678,"Madhur Sabherwal","2026-08-14 02:47:14",500.2,2,madhur321
7116,16885828,U-Bex,"2026-09-21 16:03:53",500.2,2,shuichiurabe
7117,16654970,"Maycon Coutinho","2026-08-27 21:28:32",500.1,2,coutinhomaycon
7118,16680562,devsloppy,"2026-08-10 20:02:19",500.1,2,twu1738
7119,16662741,"Abhiraj Govind","2026-08-04 18:01:16",500.0,1,abhirajgovind
7120,16707159,"Toua Innocent TIA","2026-08-17 16:28:36",499.9,2,centino
7121,16687330,"Mehmet Ensar Çetin","2026-09-20 07:45:48",499.8,2,mehmetensaretin
7122,16714363,guohaowen,"2026-08-13 14:25:48",499.6,2,guohaowen1910
7123,16657807,"Ragav Rida","2026-08-07 16:22:34",499.6,2,ragavrida
7124,16725123,"Pham Quang Nghia","2026-08-22 15:00:51",499.4,2,phamquangnghia
7125,16664652,QuasarHeart,"2026-09-04 14:00:05",499.4,2,quasarheart
7126,16928039,"Hideki Fujiwara","2026-09-27 00:14:55",499.3,2,hidekifujiwara
7127,16688134,"Marc Dakuginow","2026-08-13 01:40:44",499.3,2,marcdakuginow
7128,16629002,Alpro,"2026-09-08 23:32:24",499.3,2,"dogaakal,egekemalkaraca"
7129,16685349,Onelux,"2026-08-13 12:58:31",499.0,2,leehomhuang
7130,16661507,Siddharth1984,"2026-08-06 13:39:22",499.0,2,siddharth1984
7131,16888000,Akhilesh,"2026-09-19 00:03:29",498.9,2,akhilkas
7132,16669699,nikesh23,"2026-08-08 01:52:56",498.9,2,nikesh23
7133,16778579,"Jiajia Zhang","2026-08-29 18:19:12",498.9,2,jiajiazhang01
7134,16638645,ChrisDavis,"2026-08-03 23:29:34",498.6,2,alpacas
7135,16687538,aefinityaiinc,"2026-08-27 20:59:35",498.5,2,aefinityaiinc
7136,16705183,"Tong Jiakai","2026-08-14 08:23:26",498.4,2,tongjiakai
7137,16628487,"Koichi HIRAOKA","2026-08-01 08:42:40",498.3,2,koichihiraoka
7138,16738640,"Tjay Burger","2026-08-18 17:35:39",498.2,2,tjayburger
7139,16728014,Alpha223,"2026-09-05 15:51:24",498.1,2,alpha223
7140,16661402,"Abin Biju","2026-08-11 18:00:35",498.0,2,abinbiju1
7141,16724395,"Hampton Yeh","2026-08-22 04:07:32",498.0,2,hamptonyeh
7142,16843316,"Felipe Chiarini","2026-09-12 12:03:15",497.9,2,felipechiarini
7143,16666988,"Sarthak Vedant Mohanty","2026-08-08 00:10:11",497.9,2,sarthakvedantmohanty
7144,16686109,"Triple Tensor","2026-08-17 08:24:26",497.8,2,"adinathjagtap777,pds178,prajwalzolage05"
7145,16662751,ZeD,"2026-08-06 10:11:24",497.8,2,hussamcheema
7146,16705480,Mint120,"2026-08-19 05:49:10",497.6,2,mint120
7147,16664913,"ABHISHEK KUMAR","2026-08-17 04:20:56",497.5,2,abhishek6545
7148,16672333,"Giovanny Rodríguez","2026-09-17 16:32:24",497.4,2,giovannyrodrguez
7149,16685800,"Sumit Ridhal","2026-09-05 11:44:15",497.2,2,sumitridhal
7150,16722252,pwdh2026,"2026-08-14 22:16:22",497.2,2,pwdh2026
7151,16674308,"Ayush Roy","2026-08-06 20:28:57",497.1,2,ayushroy39
7152,16755101,"Thomas van der Meer","2026-08-26 11:19:19",497.1,2,tvdermeer
7153,16641622,datajanko,"2026-08-22 07:40:54",497.0,2,jankoch
7154,16659025,"Mohammed Naseef","2026-08-05 09:01:20",497.0,2,mohammednaseef
7155,16698292,"Dallas Manning","2026-08-17 14:29:53",496.9,2,dallasmanning
7156,16701454,"André-Marie BEHANZIN","2026-09-15 11:42:17",496.8,2,andremariebehanzin
7157,16868761,TboneBrown,"2026-09-11 17:14:42",496.4,2,tbonebrown
7158,16672657,"Lochan Naik","2026-08-07 08:41:44",496.4,2,lochannaik
7159,16862188,KJ007123,"2026-09-10 07:02:20",496.3,2,kj007123
7160,16663093,"Akul Sareen","2026-08-21 23:49:50",496.2,2,akulsareen
7161,16661397,"T. Scharf","2026-08-05 02:54:36",496.1,2,scharf
7162,16659896,TedT,"2026-08-11 19:36:14",496.1,2,fdsaur
7163,16666637,"Uttam Limbani","2026-08-07 13:41:14",496.0,2,uttamlimbani
7164,16870486,"Sincere Bailey","2026-09-25 01:03:44",495.9,2,sincerebailey
7165,16654174,"Dharmeswar Basumatary","2026-09-09 11:09:15",495.9,2,dharmeswarbasumatary
7166,16896566,Bleriot11,"2026-09-15 15:08:27",495.7,2,bleriot11
7167,16848498,KeiroS,"2026-09-11 07:59:01",495.7,2,keiros
7168,16658391,"Jack #2","2026-09-23 17:30:45",495.3,2,jack1233
7169,16655899,"Dominic Tedrow","2026-08-17 20:37:28",495.1,2,dominictedrow
7170,16662060,"Richard Valino","2026-08-06 16:03:36",494.9,2,richardvalino
7171,16692644,"Achille Gohin","2026-08-10 00:26:26",494.9,2,achillegohin
7172,16851553,Sentinel,"2026-09-24 04:01:47",494.8,2,atlasar
7173,16720760,ysteh05,"2026-08-15 05:14:53",494.7,2,ysteh05
7174,16726445,"James Patounas","2026-08-19 08:37:06",494.6,2,jamespatounas
7175,16661858,"Lukas Lee e","2026-08-18 00:58:12",494.6,2,lukasleee
7176,16829729,NoobMaster69,"2026-09-06 09:12:58",494.4,2,thelegend007
7177,16706985,Valmrnch,"2026-08-24 07:57:56",494.3,2,valmrnch
7178,16655630,askBillyWhatMamaDid,"2026-08-28 02:06:18",494.3,2,askbillywhatmamadid
7179,16694171,"guanran wang","2026-08-11 05:57:12",494.3,2,guanranwang
7180,16823067,Francisco,"2026-09-10 18:00:57",494.3,2,cheneblanc
7181,16742059,dafei2025,"2026-09-03 09:19:34",493.8,2,dafei2025
7182,16711812,"zhan renyi","2026-08-31 05:24:39",493.6,2,zhanrenyi
7183,16947207,"Ayush Khandwe","2026-09-24 07:37:55",493.4,2,ayushkhandwe
7184,16780592,sergey,"2026-08-27 19:09:25",493.3,2,sadsdfsdf
7185,16723737,HaruhiroKazami,"2026-08-21 16:12:04",493.2,2,haruhirokazami
7186,16802663,ipefix,"2026-09-01 17:34:35",493.0,2,nmsis91
7187,16632100,"Mohit Shirke","2026-08-07 17:55:11",493.0,2,orcivion
7188,16661934,"Viacheslav Kasatkin","2026-08-10 10:48:25",492.9,2,viacheslavkasatkin
7189,16796164,harsh,"2026-09-22 16:02:23",492.8,2,harshdeshwar
7190,16641009,"Marius Kirschner","2026-08-03 08:41:47",492.8,2,mariuskirschner
7191,16670218,"What is Coding?","2026-08-07 01:47:17",492.5,2,matthewshvarts
7192,16826447,"Absara viswanathan","2026-09-07 06:16:20",492.3,2,viswanathanabsara
7193,16675900,"Pranav Advani","2026-09-26 11:23:53",492.3,2,pranavadvani
7194,16845696,Huskkky,"2026-09-07 03:47:13",492.3,2,huskkky
7195,16890884,"Michael Swartz","2026-09-14 17:50:04",492.2,2,michaelbruwerswartz
7196,16722561,Asia214,"2026-08-30 02:26:16",492.2,2,asia214
7197,16705149,"Allen Chun","2026-08-15 04:59:05",492.2,2,allenchun
7198,16771340,pang,"2026-09-05 16:41:51",492.2,2,pangwenfeng
7199,16693522,shadycoderalltime,"2026-09-21 00:01:59",492.2,2,shadycoderalltime
7200,16639244,"Romone Dunlop","2026-08-11 10:19:49",492.1,2,romonedunlop
7201,16698103,JJ,"2026-09-02 09:46:15",492.0,2,jianjinchen
7202,16664706,olivbhxf,"2026-08-06 07:10:34",491.9,2,olivbhxf
7203,16687604,Harrislrobinson,"2026-08-11 00:25:10",491.7,2,harrislrobinson
7204,16752191,"Wenxuan Ye","2026-09-04 07:10:28",491.7,2,akomwins
7205,16725483,PQ_Marz,"2026-08-15 16:25:50",491.5,2,pqmarz
7206,16668461,SobanAli,"2026-08-19 15:49:03",491.5,2,soban256
7207,16789996,"Chen Jiaqi","2026-09-02 15:48:25",491.4,2,elaemchen
7208,16697568,"Sergey Fedorov","2026-08-20 21:25:34",491.1,1,bd01ar
7209,16663777,"Mortis Beans","2026-08-24 05:27:44",491.0,2,mortisbeans
7210,16857013,Dote,"2026-09-25 01:48:04",490.9,2,"shriramgunasekar,valid22"
7211,16890155,GSD,"2026-09-26 14:24:03",490.8,2,gsdeepakkumar
7212,16778947,mart3104,"2026-09-05 15:31:43",490.7,2,mart3104
7213,16733948,novodude,"2026-09-06 18:41:26",490.7,2,novomont
7214,16718295,doinggyu,"2026-08-18 12:56:58",490.6,2,doinggyu
7215,16654485,"Mahbub Alam","2026-08-04 02:08:23",490.6,2,mahbubalam214
7216,16763351,shutong114,"2026-09-20 18:38:08",490.3,2,shutong114
7217,16774134,kokdonbaq,"2026-08-30 14:07:52",490.2,2,darkhan14
7218,16718338,"Oladimeji Adeyemi","2026-08-17 15:33:50",490.1,2,adeyemioladimeji
7219,16745065,MrEvidentYew,"2026-08-24 18:36:02",489.9,2,mrevidentyew
7220,16749038,Seuz,"2026-09-23 08:08:39",489.8,2,kohdawei
7221,16726854,"Tâm La Thành","2026-08-27 08:55:02",489.7,2,tmlathnh
7222,16691007,"Nhật Khoa Phạm","2026-08-14 16:15:43",489.7,2,pnk123456
7223,16673034,"Milos Vlainic","2026-09-26 09:00:25",489.7,2,wlakinsson
7224,16675477,"Joanne Yun","2026-08-07 13:40:53",489.7,2,joannejyun
7225,16756561,"Eren Tekin","2026-09-14 23:41:50",489.7,2,erennntkn
7226,16858250,"ayush kumar","2026-09-14 10:35:32",489.7,2,ayushkumar1610
7227,16726913,"T T‗Worker","2026-08-22 11:08:14",489.6,2,ttworker
7228,16659183,"Leonard Yaw Mensah","2026-08-05 02:22:25",489.4,2,leonardyawmensah
7229,16668509,HarryZ,"2026-09-13 04:29:04",489.2,2,mzhumzhu
7230,16668612,"raffael prem","2026-08-06 08:02:13",489.1,2,raffaelprem
7231,16685722,"Jiahan Cao","2026-08-12 09:01:22",489.0,2,jiahancao
7232,16684024,"Work From Home 3.0","2026-08-14 12:33:30",488.8,2,"direct1,gongyiqian,jovansee,maxtankialok,n00bcak"
7233,16891695,yuruihito,"2026-09-16 14:04:22",488.6,2,yuruihito
7234,16941927,想想偶像怎么做,"2026-09-24 08:47:33",488.6,2,fjt12138
7235,16660081,fakyyy,"2026-08-09 11:19:15",488.1,2,manideepreddyakula
7236,16914539,Kou111111,"2026-09-18 10:32:09",488.0,2,kou111111
7237,16623302,"Raffi Ardhi Naufal","2026-07-31 18:31:57",487.9,1,raffiardhi
7238,16709522,"Sanjay Dilip","2026-09-23 23:11:27",487.9,2,sanjaydilip
7239,16631480,"Kumar Abhijeet","2026-07-31 13:29:40",487.9,1,krabhijeet
7240,16775131,"Re Son","2026-08-27 14:29:31",487.9,2,lemelson
7241,16666652,"Mohamed Fanni","2026-08-17 00:51:38",487.8,2,"arachid,mohamedfanni,soukaynamokhtari"
7242,16658627,"Osman Can ÇETLENBİK","2026-08-05 15:25:30",487.7,2,osmancancet
7243,16687942,"Arya Arun","2026-08-16 08:52:26",487.7,2,aryaarun07
7244,16631919,"Ghinwa Allaoui","2026-08-04 16:27:17",487.6,1,ghinwaallaoui
7245,16692263,"ADITYA CHAVAN","2026-08-09 17:44:15",487.6,2,adityasnr7
7246,16661443,"STEPHEN ASANTE OPOKU","2026-08-04 16:45:41",487.5,1,stephenasanteopoku
7247,16658344,SOONHANKWON,"2026-08-28 02:00:59",487.5,2,soonabletv
7248,16665511,phoenix_merk,"2026-08-05 09:46:25",487.3,2,phoenixmerk
7249,16725757,AchyutKishore123,"2026-09-25 10:58:03",487.3,2,achyutkishore123
7250,16772455,dextrecity,"2026-08-30 11:37:56",487.3,2,"dextrecity,leo0pa"
7251,16675060,"Xinger Gao","2026-08-31 08:52:07",487.1,2,xingergao
7252,16773195,"Pham Nguyen Thanh Huy","2026-08-27 05:25:55",487.1,2,huyphmnguyenthanh
7253,16694146,"JIlong Zhou","2026-08-26 15:04:38",487.0,2,acemaker
7254,16809898,wodDAOdun,"2026-09-14 07:14:35",486.9,2,kylaucode
7255,16729152,Antoine,"2026-08-17 10:12:04",486.9,2,a11t01n3
7256,16659681,"Aditya Seth","2026-09-04 13:12:36",486.7,2,adityaseth777
7257,16635481,Jamaisvu,"2026-08-20 15:39:29",486.7,2,jamaisvu
7258,16656797,"رحيم محمد","2026-08-04 20:05:45",486.6,2,darkmaxedwe
7259,16799023,"Alkava Ind","2026-09-21 14:40:10",486.5,2,alkavaind
7260,16673214,Boiga7,"2026-08-06 14:03:53",486.4,2,lewiselliot
7261,16656470,Glimmeron,"2026-08-12 02:01:48",486.3,2,rishabhraushan
7262,16688383,plong2101,"2026-08-18 06:21:34",485.9,2,plong2101
7263,16709880,"Javier Pérez Robles","2026-08-15 02:21:07",485.9,2,javierprezrobles
7264,16931219,AzureYu,"2026-09-21 10:44:17",485.9,2,azureyu
7265,16693797,"Riyaz Ur Rehman","2026-08-17 02:21:15",485.8,2,riyazurrehman
7266,16640399,Hubbahub,"2026-08-04 20:40:39",485.8,2,hubbahub
7267,16665257,"Ken Li","2026-08-09 12:59:32",485.7,2,kenliwt
7268,16634790,"Steven Lui","2026-08-03 12:22:08",485.7,2,stevenlui
7269,16705661,"Toshiki Touda","2026-08-13 06:51:05",485.7,2,toshikitouda
7270,16653118,"Elmira Yekani","2026-08-18 17:05:20",485.6,2,elmirayekani
7271,16791550,Team21,"2026-09-08 12:53:38",485.6,2,"fchen121,muktharam"
7272,16701250,T00bii,"2026-08-11 16:11:06",485.4,1,t00bii
7273,16661950,moonmelonpizza,"2026-08-09 12:25:23",485.1,2,moonmelonpizza
7274,16683837,"Blessed Ngorima","2026-08-18 09:40:53",485.0,2,blessedngorima
7275,16777132,"Soham Dave","2026-08-27 14:51:01",484.9,2,sohamdave19
7276,16678083,"Abdeljalil Idalahaj","2026-09-05 04:28:08",484.9,2,abdeljalilidalahaj
7277,16768939,"Pratham Sonawane","2026-08-30 17:37:23",484.9,2,prathamsonawane1
7278,16883234,Cpleasance,"2026-09-14 00:24:24",484.8,2,cpleasance
7279,16737362,"moushun chen","2026-08-20 06:45:46",484.7,2,moushunchen
7280,16657601,Simon,"2026-08-05 15:59:44",484.6,2,benten10
7281,16668324,"Alden Jenish S","2026-08-06 14:02:09",484.6,2,aldenjenishs
7282,16691466,"Jeeta Nandi ","2026-09-04 09:23:34",484.5,2,jeetanandi
7283,16940953,"Bob Liu","2026-09-26 10:39:56",484.5,2,bobliu02041302
7284,16920464,reddishregent,"2026-09-18 11:40:22",484.4,1,reddishregent
7285,16675468,"atakan akgün","2026-08-13 15:32:32",484.4,2,atakanakg
7286,16692480,"Khalis Murfid","2026-08-24 07:03:02",484.4,2,khalismurfid
7287,16657929,Robert-zwr,"2026-08-05 11:15:48",484.3,1,robertzwr
7288,16701761,BalaVignesh,"2026-08-11 17:04:37",484.3,2,balavignesh
7289,16659558,Ayuroshbo,"2026-09-23 09:28:54",484.2,2,ayuroshbo
7290,16925815,"[Deleted] c3923c6e-1011-4da1-9c40-584a2fcbcc36","2026-09-20 01:04:14",484.1,1,del=0e85502e1e45d7da
7291,16627009,c0sm1c,"2026-08-01 11:06:14",484.1,1,tanghao111
7292,16683934,"Teja Madala","2026-08-10 14:46:07",484.1,2,tejamadala
7293,16724842,"Mikaela Gkolemi","2026-08-21 19:04:38",484.0,2,mikaelagkolemi
7294,16683309,"Zealous Sebastian","2026-08-09 12:45:32",484.0,2,zealoussebastian
7295,16668562,"Anthony LOISEAU","2026-08-06 16:07:52",483.6,2,anthonyloiseau
7296,16662715,"Great Okwuma","2026-08-17 00:10:46",483.6,2,greatokwuma2
7297,16843921,Ruijiehe1213,"2026-09-13 03:40:30",483.5,2,ruijiehe1213
7298,16729081,"Venkata Y","2026-08-19 00:45:13",483.5,2,venkatayerrapothu
7299,16662722,"Ajeet Jain","2026-08-07 06:32:10",483.4,2,jainajeet29
7300,16717601,"Mariem Fersi","2026-08-24 23:22:14",483.2,2,"mariemfersi,yassinebrahem2"
7301,16661596,t@got@go,"2026-08-10 06:24:24",483.0,2,kamdaanahessod
7302,16665424,taaaaanq,"2026-08-17 14:23:35",482.9,1,"chuayaplong,flashtigro,huayu05,taaaaanq"
7303,16878695,"Yang Lv","2026-09-25 05:41:36",482.6,2,lvyang199888
7304,16660089,ChristosGrigoras,"2026-08-07 22:41:49",482.6,2,cgrigoras
7305,16755781,NaveenManwani,"2026-08-28 05:37:31",482.5,2,naveenmanwani
7306,16645870,"Barathan Aslan","2026-08-03 08:21:55",482.4,2,barathanaslan
7307,16814952,"Ngọc Huyền","2026-09-15 03:55:18",482.3,2,ngchuynss
7308,16895340,Prakhareshwar,"2026-09-22 15:22:36",482.2,2,prakharpathak12
7309,16778703,kamaras,"2026-08-30 11:58:07",482.1,2,kamaras
7310,16679958,Bum_Fy_Mz,"2026-08-13 20:31:44",482.0,2,bumfymz
7311,16672105,"Natural Stupidity","2026-08-10 19:39:53",482.0,2,"parthb21,sujaygolla"
7312,16688296,"Michael Pollind","2026-08-28 13:30:32",481.9,2,mpollind
7313,16656689,"Vansh Gupta","2026-08-11 08:56:56",481.9,2,vanshrl9ine
7314,16852342,"Minh Đăng Lê","2026-09-08 17:30:17",481.7,2,minhngle
7315,16871538,freesoso,"2026-09-15 13:11:39",481.6,2,freesoso
7316,16682984,"Rishikesh Bharat Koli","2026-08-08 04:18:06",481.5,2,rishikeshbharatkoli
7317,16736951,giacomovin,"2026-08-25 20:14:52",481.4,2,giacomovin
7318,16733644,Gavilán,"2026-08-23 19:41:22",481.4,2,gaviln
7319,16805196,"Sebastian Griesbach","2026-09-22 11:47:22",481.3,2,sebastiangriesbach
7320,16685028,"serene ng","2026-08-13 14:53:37",481.1,2,sereneng
7321,16725847,"Shel Horta","2026-08-18 04:29:55",481.1,2,shelhorta
7322,16871722,agenlu,"2026-09-27 07:30:37",481.1,2,agenlu
7323,16694314,"Ali Abbas Baig","2026-08-28 19:55:16",480.9,2,aliabbasbaig
7324,16674943,feyZERO,"2026-08-16 10:48:50",480.9,2,faezamora
7325,16637649,cameronezrajones579,"2026-08-15 15:49:12",480.6,2,cameronezrajones579
7326,16660462,"Vishwanath N Iyer","2026-08-07 07:22:17",480.5,2,vishwanathniyer
7327,16725938,"Ben Cheng","2026-09-05 16:03:36",480.5,2,benczb
7328,16656410,Sam,"2026-08-14 01:58:04",480.4,2,beartrader
7329,16926532,"Akash Shah","2026-09-26 20:20:50",480.4,2,akashshah3
7330,16662643,Mohit_Singh,"2026-09-26 06:30:36",480.2,2,mohitsingh955
7331,16783713,Gale,"2026-09-05 02:29:43",480.2,2,na1vel
7332,16695400,"Karam Khasawneh","2026-08-10 20:29:16",479.9,2,karamkhasawneh
7333,16825996,"Alex Li","2026-09-04 08:02:19",479.9,2,alexli1998
7334,16895121,Timmmmmmmy,"2026-09-17 05:51:31",479.7,2,"molic1,timmmmmmmy"
7335,16947257,"Hassan Bazzoun-dev","2026-09-26 23:53:13",479.6,2,hassanbazzoundev
7336,16880843,"Triều Đinh Hải","2026-09-12 19:41:11",479.6,2,triuinhhi
7337,16715126,준환,"2026-09-10 11:28:25",479.6,2,paulguilbert
7338,16798512,"Yuichiro Kinoshita","2026-09-27 07:21:35",479.3,2,yuichirokinoshita
7339,16719257,"Alexander Morozov","2026-08-14 23:53:53",479.3,2,scanhex
7340,16705415,"Mauro Najera","2026-08-11 05:30:13",479.2,2,mauronajera
7341,16725955,"Aditya Pandey","2026-08-17 00:10:10",479.2,2,adipandey777
7342,16679096,WilliamXylean,"2026-09-26 00:33:23",479.2,2,williamxylean
7343,16645302,LuCcc,"2026-08-03 09:45:35",479.1,2,luuuuccccc
7344,16659261,PromptEngineer48,"2026-08-04 16:44:46",479.0,2,promptengineer48
7345,16819549,APEX101,"2026-09-06 06:16:51",478.9,2,"akshitasrivastava1,irongm"
7346,16658115,SantaClaws,"2026-08-10 14:50:31",478.8,2,vovikdrg
7347,16798074,"Akkapop Prasompon","2026-09-09 12:17:36",478.6,2,akkapopprasompon
7348,16680799,zixma13,"2026-08-25 13:12:44",478.6,2,zixma13
7349,16630163,"SEREENA JERRY","2026-08-06 08:59:17",478.6,2,serenajerry
7350,16799797,"Zimin Zhong","2026-09-23 15:17:43",478.5,2,"dracfy,lyylyy2,zhongzinmin"
7351,16709487,Kohei,"2026-08-19 20:54:42",478.5,2,kshintani
7352,16846143,germanyum,"2026-09-13 14:32:05",478.3,2,germanyum
7353,16797002,ZhixinLuo,"2026-09-01 14:16:09",478.3,2,zhixinluo
7354,16796273,"Kiplangat Vincent","2026-09-22 13:52:17",478.2,2,balvins
7355,16818158,Noza,"2026-09-16 04:36:09",478.1,2,harukanozato
7356,16689908,Hyun777,"2026-08-14 01:11:17",478.0,2,hyun777
7357,16668589,"Gleb Naumkin","2026-08-05 22:46:26",477.9,1,glebnaumkin
7358,16657681,"Prince Raj","2026-08-11 22:49:02",477.8,2,princerajmdb
7359,16715769,Ethereallll1,"2026-08-14 15:21:12",477.7,2,ethereallll1
7360,16658476,"goksel yesiller","2026-08-04 11:07:53",477.6,2,gokselyesiller
7361,16649077,"Yifan Yang 135","2026-08-11 06:22:40",477.6,2,yifanyang135
7362,16630335,"Solve Langseth","2026-08-05 06:48:57",477.4,2,solvelangseth
7363,16762427,Raj_craj,"2026-08-30 20:27:00",477.4,2,rajcraj
7364,16888050,"Ayoub Fliless","2026-09-14 17:56:12",477.3,2,ayoubfliless
7365,16678154,"Hashim Far","2026-08-08 04:20:32",477.1,2,hashimfar
7366,16764751,"Abhishek Parmar","2026-08-26 04:06:39",477.1,2,abhisheknparmar
7367,16701847,"Xi Li","2026-09-27 06:41:55",477.1,2,bruhuh
7368,16649421,Eltormtace,"2026-08-14 04:35:15",476.9,2,eltormtace
7369,16633577,Boxy,"2026-08-15 18:55:40",476.8,2,boxyml
7370,16686972,"Ankit Maurya","2026-08-23 07:05:44",476.7,2,"ankitmaurya16,rudraprasadsah"
7371,16627463,dnish,"2026-08-05 07:37:16",476.7,2,dnishio
7372,16880689,yasmine0809,"2026-09-12 16:19:37",476.5,2,yasmine0809
7373,16626105,sasaki,"2026-08-24 02:34:55",476.5,2,rsasaki
7374,16692168,"Kinshuk Aggarwal","2026-08-09 04:23:32",476.3,1,kinshukaggarwal
7375,16672798,yaphanqiii,"2026-08-27 07:55:23",476.3,2,yaphanqiii
7376,16656317,"Manu Rahi","2026-08-06 16:43:55",476.2,2,manurathi
7377,16699707,"Afana Khalit putra","2026-08-11 08:57:25",475.9,2,afanakhalitputra
7378,16664608,sid,"2026-08-07 18:18:04",475.9,2,sidshastri04
7379,16639814,"Nikhil Krishna A","2026-09-07 07:37:56",475.9,2,techmasternikhil
7380,16687293,"Aurelie Jodelle Kemme","2026-08-20 00:25:43",475.8,2,"audreydemafo,aureliejodellekemme"
7381,16636973,"Ali Ali G","2026-08-03 18:36:40",475.6,2,alialig
7382,16655069,"Jason Harrison","2026-08-05 20:56:59",475.6,2,jasonharrisonco
7383,16678613,iBooNDK,"2026-08-09 19:03:37",475.6,2,iboondk
7384,16664252,"Huy Hoang","2026-08-15 03:59:40",475.5,2,themeend
7385,16661930,zzangsunghyeon,"2026-08-08 16:22:21",475.3,2,zzangsunghyeon
7386,16771972,"Vansh Ahlawat","2026-09-22 15:35:39",474.9,2,vansh5126
7387,16713179,"Enise Zengin","2026-09-15 02:53:02",474.9,2,enisezengin
7388,16659505,"Duleeka Mevan","2026-08-06 09:32:46",474.8,2,duleekamevan
7389,16779152,"taijiu int","2026-09-04 22:22:20",474.5,2,taijiuint
7390,16761979,"Chaitany Patel","2026-09-17 14:59:29",474.3,2,chaitanypatel
7391,16743494,"ROHAN Exploit","2026-09-08 11:13:08",474.3,2,rohanexploit
7392,16660413,Ritesh-2006,"2026-09-24 05:25:22",474.2,2,ritesh2006
7393,16876700,"Omar Mukhtar","2026-09-18 10:05:32",474.2,2,omarmukhtar3
7394,16810019,M&S,"2026-09-02 17:19:11",474.1,2,"martinhma,yishusheng"
7395,16744610,"Safiullah Baig","2026-08-20 13:16:58",474.1,1,safm1rza
7396,16715942,_@HimShukla23,"2026-09-19 18:14:05",473.8,2,himshukla23
7397,16693795,kurt,"2026-08-30 15:22:47",473.8,2,syarht
7398,16769170,"Hardik Savaliya211","2026-08-25 11:07:10",473.7,2,hardiksavaliya211
7399,16702281,"Dhruv Patel #2","2026-08-10 21:25:08",473.7,2,dhruvpatel1972
7400,16867680,Asuka,"2026-09-11 05:45:46",473.6,2,asuka0langley0soryu
7401,16886765,LZWang,"2026-09-13 22:00:47",473.6,2,wlzwlz
7402,16676613,LCZ1996,"2026-08-29 02:02:59",473.4,2,lcz1996
7403,16645936,"Abhy Rejikumar","2026-08-22 19:26:23",473.4,1,abhyrejikumar
7404,16668108,"Suresh Chandra Mangena","2026-08-11 09:32:31",473.4,2,sureshchandramangena
7405,16623198,"Chris D'Mello (ineligible)","2026-07-31 17:32:46",473.1,1,cdmello
7406,16645841,Lucien,"2026-09-24 07:55:19",473.1,2,lucienhu6775765
7407,16884418,xuechengzou,"2026-09-13 12:22:43",473.1,2,xuechengzouinkaggle
7408,16831839,404_Brains_Not_Found,"2026-09-20 12:36:19",473.0,2,"manavtejani,rohangadhiya1911,sakshamdubeynew,trushankvaghasiya"
7409,16893233,"Garrick Lai","2026-09-15 08:44:07",472.9,2,garricklai
7410,16689372,"Kiran Yerpude","2026-08-12 05:39:43",472.9,2,kiranyerpude
7411,16914972,cdwswb,"2026-09-19 02:25:22",472.9,2,cdwswb
7412,16768079,Sohee087,"2026-08-24 20:21:01",472.4,1,sohee087
7413,16762168,Lewbei,"2026-09-10 04:58:43",472.4,2,lewbei
7414,16656745,"BHARATH KOWSHIK ULLANGULA","2026-09-25 10:30:21",472.2,2,"bharathkowshik25,honeyharshith,kesanibhargavaram"
7415,16933345,"Sourin Rakshit","2026-09-21 09:32:28",472.2,2,sourinrakshit01
7416,16699207,"Bipin Rimal","2026-08-10 07:45:21",472.0,2,bipinrimal314
7417,16663618,Anthaus,"2026-08-09 17:06:35",471.9,2,anthaus
7418,16700080,Kaushik,"2026-08-10 11:11:18",471.8,2,kgarumugam
7419,16809022,CheeseFunction,"2026-09-05 06:58:36",471.8,2,cheesefunction
7420,16665080,"RAVI KUMAR696996","2026-08-05 06:14:29",471.7,2,ravikumar696996
7421,16665436,Aeternum,"2026-08-15 18:31:32",471.6,2,"donbinoy2004,surajkumarks"
7422,16662995,"carlos mario de oro aguado","2026-08-06 21:08:28",471.6,2,cdeoroaguado
7423,16920641,"Tailee Kim_7","2026-09-19 11:52:02",471.3,2,emilykim01
7424,16729510,ARM,"2026-09-08 13:01:17",471.3,2,"midhun4126,mrohithjohn"
7425,16887058,"Michael Eberhard","2026-09-15 20:29:09",471.2,2,michaebe
7426,16775214,"Sambhav R","2026-08-27 15:34:44",471.1,2,sambhavr
7427,16658702,sherlockwatson007,"2026-08-29 08:48:53",471.1,2,sherlockwatson007
7428,16644577,"Arthur Merritt","2026-08-04 07:11:11",471.0,2,jarthuph
7429,16731636,関西人,"2026-08-24 06:23:14",470.8,2,m1333666888
7430,16724470,"Mahdi Rafati","2026-08-24 15:32:51",470.8,2,mahdirafati
7431,16655881,"Zhuoran Zhao","2026-08-07 16:50:04",470.7,2,yearcakes
7432,16851860,"Senih Bayankulu","2026-09-08 03:13:24",470.6,2,senihbayankulu
7433,16943979,"Joshua Willie","2026-09-26 16:12:25",470.6,2,joshuawillie
7434,16726155,miyawakiayaka,"2026-08-15 18:50:10",470.5,2,kanatakon
7435,16660060,AnkitGoyal,"2026-08-05 15:33:29",470.5,2,goyalankit
7436,16728933,dOvOb,"2026-09-08 14:51:10",470.5,2,waytosleep
7437,16706143,Adityaupadhyay0805,"2026-08-20 04:28:06",470.4,1,adityaupadhyay0805
7438,16638883,LeiYang,"2026-08-03 15:04:07",470.3,2,leiyangcq
7439,16665865,"Agrippa Beaulieu","2026-08-08 19:09:28",470.1,2,agrippabeaulieu
7440,16662690,"Pablo Gomez Perez","2026-09-04 16:45:32",470.1,2,pablogp
7441,16774958,"Charles Wuytack","2026-08-27 14:58:07",470.0,2,charleswuytack
7442,16811454,"Zakaria Taouil","2026-09-07 16:11:13",469.8,2,ztaouil
7443,16707986,Pones_kaggle,"2026-09-01 22:08:32",469.6,2,pyd966
7444,16886012,smartkdy7,"2026-09-13 11:37:51",469.5,1,smartkdy7
7445,16681924,WEcoS,"2026-08-10 04:32:03",469.5,2,aungkhainghtun
7446,16655415,"Ivan Jarp","2026-08-29 17:07:03",469.4,2,ivanjarp
7447,16774035,"Shengfeng Wang","2026-08-26 07:28:46",469.4,1,shengfengwang
7448,16831819,"Roy Lampe","2026-09-24 11:46:45",469.2,2,roylampe
7449,16640516,"Alfandi Hassan","2026-08-08 03:41:33",469.2,2,alfandihassan
7450,16729914,Christina,"2026-09-14 11:16:46",469.1,2,geekycb
7451,16665364,"Shien Zhang","2026-08-06 06:50:46",469.0,1,shienzhang
7452,16758526,"sudo give_me_the_prize","2026-08-24 16:34:02",468.9,2,ibrahimab2
7453,16632368,"Yuelin Bai","2026-08-03 08:15:12",468.9,2,paralym
7454,16752081,"Ahmad Dehaini","2026-08-30 06:04:54",468.8,2,ahmaddehaini
7455,16744572,DivyanshAgg,"2026-08-31 19:30:49",468.7,2,divyanshagg
7456,16667078,dprinzensteiner,"2026-08-05 14:06:26",468.7,2,dprinzensteiner
7457,16940818,Laiba,"2026-09-24 11:45:36",468.6,1,laibasm01
7458,16745574,"Yadunandan Raman","2026-08-22 12:20:06",468.1,2,yadunandanraman
7459,16738145,綿鍋だよん,"2026-09-25 08:28:07",468.1,2,potrue
7460,16719857,"Howey do it","2026-08-14 23:06:06",468.1,2,ronincoppins
7461,16722793,Murphyzz,"2026-09-19 23:32:31",467.4,2,theophileperez
7462,16783677,"Đặng Anh Thịnh","2026-08-28 08:31:12",467.3,1,nganhthnh
7463,16662938,CarlitrosParra,"2026-08-05 21:34:52",467.3,2,carlitrosparra
7464,16693003,ShirrleyChen,"2026-08-15 12:54:58",467.3,2,shirrleychen
7465,16681637,nasu01,"2026-08-07 10:14:10",467.1,2,nasu01
7466,16726211,RepeatAfterMe,"2026-08-17 08:21:41",467.0,2,bekirsciftler
7467,16696061,Mingyuan2002,"2026-09-22 04:17:12",467.0,2,mingyuan2002
7468,16668698,Addie,"2026-08-08 05:21:08",466.9,1,addie999
7469,16915448,asdfghjklbelinda,"2026-09-26 11:59:24",466.8,2,"asdfghjklbelinda,yyyemin,zhouqingwen"
7470,16691628,"Gavin Walsh (N1DGE11)","2026-08-08 16:07:24",466.8,2,gavinwalshn1dge11
7471,16651872,Evgen21,"2026-08-05 14:03:50",466.7,2,evgen21
7472,16721814,"DOAMBA Jean Edouard Odilon","2026-08-24 14:48:43",466.7,2,doamba
7473,16897899,templar7245,"2026-09-27 08:34:31",466.5,2,templar7245
7474,16656573,"Ashiq Firoz","2026-08-17 18:20:11",466.4,2,ashiqfiroz
7475,16778127,Nimmokumar,"2026-09-20 18:45:50",466.3,2,nimmokumar
7476,16681655,"Tae seong Gim","2026-08-14 14:14:10",466.3,2,taeseonggim
7477,16760191,"Kushal Shiva1","2026-08-26 20:19:36",466.3,1,kushalshiva1
7478,16632105,"shreyas sangalad","2026-08-02 12:01:08",466.2,2,spoortisangalad
7479,16701046,"Thanakorn Kaewwiang","2026-08-14 17:13:39",466.2,2,deweytng
7480,16733785,"Stuart Gilbert","2026-08-30 01:52:41",466.1,2,stuartgilbert
7481,16843511,"JiaHui Ni ","2026-09-13 14:59:35",466.1,2,jiahuini
7482,16628268,toxic_2499,"2026-09-14 13:39:02",466.0,2,toxic2499
7483,16668137,"Thomas De Sousa","2026-08-06 06:34:48",466.0,2,thomasdesousa
7484,16870864,"Overfitting Is All You Need","2026-09-18 09:25:23",466.0,2,ryylll
7485,16722109,Navneet,"2026-08-14 14:02:35",465.9,2,zxcdfg
7486,16773194,NgNhan3110,"2026-08-27 09:36:17",465.8,2,ngnhan3110
7487,16717018,"Urvashi Bansal","2026-08-17 09:12:29",465.7,2,urvashibansal123
7488,16774849,RiyadhLakadimu123,"2026-08-31 19:51:17",465.5,2,riyadhlakadimu123
7489,16728318,T3jas06,"2026-08-22 19:45:13",465.5,2,t3jas06
7490,16773020,HyperNeonByte,"2026-09-23 00:23:03",465.4,2,hyperneonbyte
7491,16664251,zzy123123,"2026-08-08 09:22:51",465.3,2,zzy123123
7492,16739711,SBC,"2026-08-20 10:16:10",465.2,2,"anusasaha2406,harshkumar3014,rahulmaity"
7493,16889822,CornReform,"2026-09-21 01:01:52",465.2,2,cornreform
7494,16875460,"Safa Nasrin","2026-09-24 07:30:11",465.1,2,safanasri
7495,16926614,"Mike Codispoti","2026-09-19 18:17:10",464.9,1,mikecodispoti
7496,16663267,"Sravya Isukapatla","2026-08-11 10:14:54",464.9,2,sravyaisukapatla
7497,16665949,Rbda,"2026-08-06 14:18:03",464.9,2,brazvan
7498,16672473,goldfish,"2026-08-13 03:34:21",464.8,2,dolgfish
7499,16770440,"Tegar Putrayas Dentatama","2026-09-27 06:32:14",464.7,2,tegarputrayasd
7500,16719742,"Varun Dave","2026-08-31 22:56:07",464.1,2,"pranavtrivedi02,varundave95"
7501,16656431,"Venetta Smithen","2026-08-20 02:19:45",464.0,2,venettasmithen
7502,16681778,kzeus@003,"2026-08-12 05:12:15",463.5,2,kzeus003
7503,16792069,"Yen Hung1021","2026-09-03 16:09:33",463.4,2,yenhung1021
7504,16717679,mureee,"2026-09-26 06:28:10",463.4,2,"hosyan3279,mureee54"
7505,16627324,"Attack on Kaggle","2026-08-06 13:27:22",463.2,2,user19394494
7506,16885999,"Vansh #2","2026-09-20 14:22:18",463.2,1,vanshnavi
7507,16664211,"Ben Wilson","2026-08-06 23:57:29",463.1,2,crispyryse
7508,16755677,"Rutwik Kumar M","2026-08-26 16:31:00",463.0,2,rutwikkumarm
7509,16667517,"Recep Barkın Topcu","2026-08-31 05:30:02",463.0,2,recepbarkntopcu
7510,16658149,X,"2026-09-21 13:42:54",462.9,2,lohithhb
7511,16804924,"Kevin L.","2026-09-09 07:04:46",462.8,2,zorgis
7512,16847947,"Phongwit Sri","2026-09-22 04:30:08",462.8,2,phongwitsri
7513,16679872,"Kirby Won","2026-09-22 22:10:05",462.7,2,kirbywon
7514,16883859,"Carlos Daniel Polanco","2026-09-19 18:45:16",462.7,2,carlospolanco00
7515,16935530,"[RU] Evgeniy Kamyshan (sharing)","2026-09-26 05:24:25",462.6,2,svo1488zov
7516,16909602,jack1e32,"2026-09-18 02:32:58",462.5,2,jack1e32
7517,16663327,Gnr8tr,"2026-08-13 14:16:44",462.4,2,wilburjpereira
7518,16707951,K_ChanHo,"2026-09-17 11:40:29",462.4,2,kchanho
7519,16889078,"Md Waquar Ahmad","2026-09-16 02:52:56",462.4,2,mohdwaquarahmad
7520,16765194,henry,"2026-08-24 13:39:29",462.1,2,zchenry
7521,16847740,FarmAre,"2026-09-07 17:31:01",462.1,2,abishekak
7522,16794309,"Sanyam Jain","2026-09-25 22:15:39",461.7,2,sjain03
7523,16623824,zhangende02,"2026-08-01 01:15:21",461.7,2,zhangende02
7524,16794499,smileMAN13912339850,"2026-09-07 10:01:07",461.6,2,smileman13912339850
7525,16665374,UmangDobhal03,"2026-08-06 03:46:29",461.5,2,umangdobhal03
7526,16938142,"Pavel Krotkov","2026-09-23 20:23:34",461.4,2,pashkal
7527,16688873,cancel,"2026-08-18 06:50:33",461.4,1,rugaru
7528,16916625,"Dhoni Theja007","2026-09-25 19:34:04",461.3,2,dhonitheja007
7529,16663594,"NGU BLACK SANTA","2026-08-05 15:23:10",461.1,2,ngublacksanta
7530,16773043,"Petani Baik","2026-09-03 00:56:35",461.0,2,durrahandri
7531,16765688,jihunai,"2026-08-26 23:15:54",461.0,2,jihunai
7532,16720049,"aditya emmadishetty","2026-08-14 13:20:54",461.0,2,adityaemmadishetty
7533,16675000,"Carl Bell","2026-09-16 20:55:33",460.9,2,allegedcarlbell
7534,16674605,Versilogic,"2026-08-16 07:54:48",460.8,2,versilogic
7535,16631547,"Chong Xuan Ng","2026-08-08 15:38:52",460.4,2,chongxuanng
7536,16786351,"Pradeep P","2026-09-14 16:39:50",460.0,2,pradeeppuranam
7537,16661105,"Vignesh Murugan","2026-08-04 19:57:46",459.8,2,vigneshv1cky
7538,16667042,"Adarsh Mukundan","2026-09-20 14:16:32",459.8,2,aadarshmukundan
7539,16718828,"Tejas Nisar","2026-08-23 17:04:45",459.7,2,tejasnisar
7540,16840130,tkm_ktn,"2026-09-05 15:48:40",459.3,2,takumikotani
7541,16623006,"Aaradhy Singhvi","2026-09-08 12:48:10",459.3,2,aaradhysinghvi
7542,16688662,"Faz Forward","2026-08-08 09:03:10",459.3,2,fazforward
7543,16641948,JustForFun,"2026-08-18 08:00:36",459.2,2,thangphung215
7544,16657383,"Shih Hua Chou","2026-08-18 03:51:08",459.2,2,shihhuachou
7545,16786281,"Saumya Prasad","2026-09-24 19:16:29",459.1,2,saumyaprasad2004
7546,16847224,Kfarmer,"2026-09-19 12:51:27",459.0,2,"cwy0904,jasonchao89,jaspersooks,makomek,peiyingtok"
7547,16762154,lli,"2026-09-07 19:04:26",458.9,2,colesuoseue
7548,16730870,"Jiang Ryan","2026-09-03 03:37:12",458.7,2,jiangryan
7549,16756812,"Alex Amirkhanyan","2026-08-24 05:51:16",458.7,2,aleksamirkhanyan
7550,16892006,"Leul Hailemichael","2026-09-16 21:00:15",458.5,2,leulhailemichael
7551,16661682,"Rishi Gupta","2026-08-05 07:46:38",458.5,2,rishigupta07
7552,16852845,quantumgeek,"2026-09-12 06:54:58",458.4,2,yk1598
7553,16668154,JuanEspana,"2026-08-09 11:38:32",458.3,2,juanespana
7554,16706277,"ratat Zheng","2026-08-12 10:25:38",458.2,2,ratatzheng
7555,16903680,"marwan na","2026-09-19 09:27:52",458.2,2,marwanna
7556,16661449,"Samarjeet Singh","2026-08-23 04:32:19",457.7,2,samarjeet010
7557,16855836,"Srinivasan Raghavan","2026-09-08 18:07:38",457.7,1,srinivasan1812
7558,16732200,"Louis WhoEat","2026-08-24 12:02:40",457.5,2,louiswhoeat
7559,16751058,"Henrique Loyola ","2026-08-21 05:29:59",457.4,2,henriqueloyola
7560,16668068,"Neural Harvest","2026-08-27 19:23:44",457.4,2,meghashyampawar
7561,16654984,"Guseinov Elvin","2026-08-08 21:44:00",457.4,2,guseinovelvin
7562,16646286,"C Aravindhan","2026-08-04 05:03:22",457.3,2,caravindhan
7563,16695692,Saadii2279,"2026-08-11 16:44:39",457.2,2,saadii2279
7564,16670651,Echare,"2026-09-15 23:28:38",457.1,1,echare
7565,16661382,CBenaventte,"2026-09-02 13:35:27",457.0,2,cbenaventte
7566,16701871,"Raj Nandan","2026-08-10 15:13:30",456.9,1,imrajnandan
7567,16621437,AdamBelniak,"2026-08-03 18:15:21",456.9,2,adamos581
7568,16663368,"Laurence Dale","2026-08-12 18:00:07",456.8,2,laurencedale
7569,16663822,BhavyaSaini001,"2026-08-29 23:10:34",456.8,2,bhavyasaini001
7570,16840624,Deepakexplores,"2026-09-11 17:51:43",456.8,2,deepakexplores
7571,16625808,"Etsushi Yamamoto","2026-08-09 16:50:41",456.7,2,etsushiyamamoto
7572,16661154,"gronky goobers","2026-08-15 14:39:05",456.6,2,"viktoriusontop,yoshisurjuise"
7573,16741053,"Bui Minh Thanh","2026-09-07 18:50:23",456.6,2,buiminhthanh
7574,16916293,Hun731r,"2026-09-17 20:49:12",456.3,2,hun731rkooki
7575,16644410,"Swaroop Kallakuri","2026-08-04 15:40:29",456.3,2,ksjpswaroop
7576,16714488,"HusseinNadem Nadem","2026-08-26 01:53:13",456.2,2,husseinnademnadem
7577,16662790,"Derek Earnhart","2026-08-04 18:04:01",456.2,1,derekearnhart
7578,16670719,SimoImane,"2026-08-05 23:36:09",456.2,2,simoimane
7579,16922524,"Aleksandar Belic","2026-09-24 20:48:44",455.9,2,aleksandarbelic
7580,16767585,Hyena,"2026-08-25 22:17:26",455.9,1,hemant0
7581,16666071,"Arda Yıldız","2026-08-20 09:33:54",455.8,2,xreina8
7582,16794598,"Andrew Yu","2026-09-02 04:51:57",455.7,1,andnyu
7583,16760480,yat0i811,"2026-09-13 14:13:59",455.7,2,yat0i811
7584,16784417,"Dallas Odem","2026-08-29 13:14:30",455.7,2,dallasodem
7585,16794052,"Sarthak Mishra","2026-09-24 18:06:07",455.4,2,"aarushverma04,pg541425,sarthak25b15310182,yadavup50"
7586,16757204,hhcjj,"2026-08-22 06:42:32",455.3,2,hhcjjkk
7587,16655080,"Mohamed Judi","2026-09-07 19:18:31",455.3,2,mhjudi
7588,16636333,xiaoyang66,"2026-08-17 13:35:28",455.1,2,kennethhao8
7589,16623712,Dapp,"2026-08-03 23:09:19",455.1,2,lgloria
7590,16654885,"Jason Kong","2026-08-04 06:52:19",455.0,2,jasonkongie
7591,16763898,"Tarık Sarıcı","2026-08-24 09:54:31",454.9,2,ssarici
7592,16687237,Khalibryler,"2026-08-11 09:17:03",454.9,2,khalibryler
7593,16876859,Broncat,"2026-09-15 02:27:28",454.8,2,broncat
7594,16756900,Kome_Sh,"2026-08-30 13:40:56",454.8,2,komeshun
7595,16690698,posty_melek,"2026-08-15 05:06:40",454.7,2,srisaraswati
7596,16665184,woorym,"2026-08-10 03:04:12",454.6,2,woorym
7597,16737532,lsystudyhard,"2026-08-22 12:16:47",454.4,2,lsystudyhard
7598,16687959,"Destin Nedjou","2026-08-27 05:45:33",454.0,2,destinnedjou
7599,16780783,pri,"2026-08-28 15:10:15",453.9,2,priscilamaria5363
7600,16888067,Van,"2026-09-21 01:29:39",453.8,2,lanxirye
7601,16757135,Agrihand,"2026-09-02 15:00:23",453.8,2,mayur756
7602,16683316,moonriver0922,"2026-08-11 07:04:11",453.8,2,moonriver0922
7603,16862542,"Mitchelle's Team","2026-09-23 20:10:55",453.8,2,mitchellluciana
7604,16655600,"VYSHAKH G NAIR","2026-08-04 21:31:24",453.7,2,vyshakhgnair
7605,16695102,whitelok,"2026-08-11 12:54:41",453.6,2,whitelok
7606,16653809,acbabc123,"2026-08-04 13:53:53",453.2,2,acbabc123
7607,16639577,Haitaks,"2026-08-16 09:42:16",453.1,2,haitaks
7608,16726044,"Lena Traczuk","2026-08-22 12:03:58",453.1,2,lenatraczuk
7609,16747670,"Luis Molina","2026-09-21 14:34:46",453.1,2,micuentadecasa
7610,16690793,"MOHAMMAD ALRASHED","2026-08-08 18:33:34",452.9,2,mohammadalrashed
7611,16657664,"Nguyễn Anh Kiệt 28","2026-08-06 04:17:40",452.9,2,nguynanhkit28
7612,16676803,"Josue Villao","2026-08-14 05:20:13",452.9,2,josuevillao
7613,16670155,Kiznaiver,"2026-08-23 14:27:19",452.8,2,kiznaiver
7614,16767147,"Hacker Trinity","2026-09-09 12:20:12",452.8,2,hackertrinity
7615,16653049,"Umut Doruk Öztürk","2026-09-02 09:52:16",452.7,2,umutdorukztrk
7616,16880953,IAMNAMNAM,"2026-09-23 14:12:56",452.6,2,iamnamnam
7617,16705276,layr0,"2026-08-14 00:53:11",452.4,2,layr0dotdev
7618,16685570,"Micah Fernando","2026-08-07 19:46:31",452.1,2,micahfernando
7619,16625216,"Emre Can","2026-08-01 17:05:51",451.7,2,seicatsu
7620,16658521,"Vishal Dhariwal","2026-08-08 11:43:36",451.5,2,user412
7621,16654974,"ACd Rooy","2026-08-11 06:35:28",451.4,2,acdrooy
7622,16661460,Lucky,"2026-09-03 07:49:58",451.3,2,tmiya0107
7623,16677524,"Phúc Phạm","2026-08-07 20:16:24",451.2,2,phucpham77
7624,16663258,sawe,"2026-09-16 09:10:13",451.1,2,boiihhh
7625,16915747,xiao,"2026-09-17 17:03:40",450.9,2,xiao789
7626,16668813,zhaowang,"2026-08-06 05:19:52",450.7,2,zhaowangwang
7627,16654347,"aarav maheshwari1","2026-08-26 05:57:03",450.7,2,aaravmaheshwari1
7628,16882021,"lucas honoratodesouza","2026-09-14 05:21:58",450.7,2,lucashonoratodesouza
7629,16776824,"Manuel Santiago Atencio","2026-09-23 00:46:42",450.5,2,manuelsatencio
7630,16757806,Richardwe,"2026-09-08 08:43:12",450.1,1,richardwe
7631,16755394,"Ruben Lucas","2026-08-21 21:50:16",449.7,2,rubenlucas
7632,16775236,hohohoZzZ,"2026-09-16 16:14:37",449.7,2,hohohozzz
7633,16879532,kiwamizamurai,"2026-09-14 20:27:53",449.6,2,kiwamizamurai
7634,16670634,"Narayan Sharan","2026-09-12 06:55:27",449.6,2,narayansharan
7635,16792630,Vipluv1,"2026-09-04 20:32:56",449.6,2,vipluv1
7636,16666716,"Fanis Alexakis","2026-08-17 11:59:15",449.6,2,fanisalexakis
7637,16932257,"Joumier Loick","2026-09-25 05:25:04",449.4,2,loickjoumier
7638,16786280,Shambhavi21,"2026-09-24 18:04:34",449.2,2,shambhavi21
7639,16704597,"Wallace Switzer","2026-08-12 01:09:49",449.1,2,wallaceswitzer
7640,16881765,"aakriti & tanya","2026-09-18 11:53:42",449.0,2,"aakritiinchaos,tanyac1"
7641,16694330,"Jack Way","2026-08-10 11:48:42",449.0,2,jackway05
7642,16660330,wangyikai,"2026-08-09 07:59:45",448.8,2,wangyik
7643,16621367,Numari,"2026-07-31 16:30:01",448.8,2,numaritaisei
7644,16844010,"Nori Miya","2026-09-06 15:17:38",448.8,2,norimiya
7645,16669117,"Shrikant Lambe","2026-08-10 23:31:50",448.8,2,shrikantlambe
7646,16662111,"Mood Vikram","2026-09-05 23:15:35",448.7,2,"moodvikram,sidhantchauhan"
7647,16656641,AndrewEly8,"2026-08-05 00:56:32",448.6,2,andrewely8
7648,16893255,"Amal Raj Singh","2026-09-19 08:37:00",448.5,2,amalrajsingh
7649,16738218,kiyo,"2026-09-10 13:01:37",448.5,2,kiyohiro
7650,16757366,"Sean Connolly","2026-09-05 04:10:21",448.5,2,seanconnolly
7651,16719521,xarquin,"2026-08-25 03:16:23",448.4,2,xarquin
7652,16661287,"Jacob Hanlon","2026-08-11 13:59:58",448.2,2,jacobhanlon
7653,16721940,DarkLayer,"2026-08-22 02:07:13",448.1,2,nnpaopao
7654,16936983,"hanlin zhu","2026-09-22 13:06:50",448.0,2,dhanlinzhud
7655,16657528,"Symekah Shadrack Basweti","2026-08-05 10:17:09",447.9,2,symekah99
7656,16838981,"Adil Shamim","2026-09-09 13:55:52",447.8,2,adilshamim8
7657,16793465,"Farming Sols","2026-09-03 23:40:36",447.7,2,rishitreddypalle
7658,16724984,anish711,"2026-08-22 17:54:18",447.7,2,anish711
7659,16809985,"ADOLE Edache","2026-09-25 11:47:46",447.6,2,adoleedache
7660,16829367,"quant park","2026-09-15 10:29:07",447.3,2,quantpark
7661,16853895,sailohith07,"2026-09-08 10:49:11",447.2,2,sailohith07
7662,16838619,HeroGod,"2026-09-05 12:25:27",446.8,2,herogod
7663,16908418,Ayush_1319,"2026-09-17 11:59:04",446.8,2,ayush1319
7664,16713218,"Julien Baumgartner","2026-08-14 08:36:27",446.8,2,julienbaumgartner
7665,16621572,"Abdulazeez AbdulMumeen","2026-08-05 10:59:27",446.7,2,ayobeen
7666,16758970,"Jason Wong","2026-09-16 16:00:15",446.6,2,jsin27
7667,16664327,"Maged Hegazy","2026-08-06 13:13:28",446.5,2,magedhegazy
7668,16711823,Abi_e,"2026-09-07 09:47:37",446.5,2,abidjacquelineanadi
7669,16698141,Zippo,"2026-08-16 05:44:18",446.2,2,gagemerrick
7670,16656568,"FARIATHTHEEN F","2026-08-04 11:44:49",446.1,2,fariaththeenf
7671,16675916,Lorenzo176ITA,"2026-08-14 11:02:15",446.1,2,"alessiopap,lorenzo176ita"
7672,16930490,freesunp,"2026-09-21 02:48:31",446.0,2,freesunp
7673,16749271,"Shoki Suzuki","2026-09-26 15:00:23",445.9,2,shokisuzuki
7674,16661576,"Yash Jumde","2026-08-15 20:09:59",445.9,2,yashjumde
7675,16785568,"Sneha Bhargava4","2026-09-16 17:56:17",445.8,2,snehabhargava4
7676,16729086,samanyu,"2026-08-23 10:13:11",445.7,2,samanyu1808
7677,16667722,Radhouen911,"2026-08-06 21:37:37",445.5,2,radhouen911
7678,16636719,"Naman Durve","2026-09-12 16:14:56",445.5,2,namancdurve
7679,16687602,"jithin manoj","2026-08-12 13:00:23",445.4,2,jithingmanoj
7680,16885346,"Michael Handal","2026-09-13 16:23:03",445.4,1,michaelhandal
7681,16867305,Prikat,"2026-09-26 23:21:26",445.4,2,prikat
7682,16661786,Nagaraju,"2026-08-10 01:53:04",445.2,2,orugantn
7683,16661628,PradipBanerjee,"2026-08-05 21:03:11",445.2,2,pradipbanerjee
7684,16659919,"SILVISTON EMMANUEL","2026-08-06 06:51:55",445.2,2,silvistonemmanuel
7685,16641501,Sonal,"2026-08-08 22:07:46",445.1,2,sonalm13
7686,16664205,"shr Wei","2026-09-03 06:00:47",444.9,2,shrwei
7687,16663040,"BARBARA GASKINS","2026-08-12 01:08:47",444.4,2,barbaragaskins
7688,16657312,"baolood herid","2026-08-06 13:13:48",443.9,2,baoloodherid
7689,16861019,CloriTeam,"2026-09-09 15:34:28",443.7,2,lorenzocomis
7690,16670986,"Anas Erami","2026-08-08 01:38:43",443.6,2,anaserami
7691,16684031,"Phillip Kamundia","2026-08-14 20:35:15",443.4,2,phillipkamundia
7692,16700596,"Markel Iru","2026-08-13 15:52:53",443.3,2,markeliru
7693,16663707,DotBix,"2026-08-12 21:45:54",443.2,2,dotbix
7694,16660899,"Clarence Trinidad","2026-09-16 18:28:20",443.1,2,claree007
7695,16652661,"Petru-Mihai Craciun","2026-08-05 14:55:07",443.1,2,petrumihaicraciun
7696,16692128,gibocx,"2026-08-10 18:10:34",443.0,2,gibocx
7697,16925447,"Peter Tinashe Mundowa","2026-09-20 09:37:57",443.0,2,petermundowa
7698,16675686,"PRERIT MAURYA","2026-08-14 06:37:51",443.0,2,preritmaurya
7699,16842936,"Sreejit Pradhan","2026-09-12 19:11:37",442.9,2,sreejitpradhan
7700,16799224,"Tian Yan666","2026-09-03 14:48:42",442.7,2,tianyan666
7701,16804902,"aitahmed amina","2026-09-08 16:15:15",442.7,2,aitahmedamina
7702,16664558,"Praneeth Annapureddy","2026-08-05 04:52:45",442.7,2,praneethannapureddy
7703,16630520,dimitris_x94,"2026-08-23 21:10:57",442.6,2,dimitrisx94
7704,16888455,Erin,"2026-09-14 02:55:17",442.5,2,eringobyte
7705,16631609,dlougen,"2026-08-04 16:40:03",442.4,2,dlougen
7706,16661360,"Jasper Jiss","2026-08-13 18:45:37",442.2,2,jasperjiss
7707,16654312,Xmeeeee,"2026-08-05 00:11:29",441.9,2,xmeeeee
7708,16657502,Jasmeen,"2026-08-16 08:59:05",441.7,2,jasmeen0207
7709,16640965,jidaoluckey,"2026-08-08 07:10:45",441.7,2,jidaoluckey
7710,16666878,aaronykchen,"2026-08-17 15:06:13",441.5,2,aaronyukuchen
7711,16663622,sammuq1,"2026-08-10 23:56:19",441.3,2,sammuq1
7712,16841679,Chafuuu,"2026-09-09 16:26:02",441.2,2,chafuuu
7713,16785352,"joão Vitor","2026-09-05 20:19:12",441.2,2,jaov30718
7714,16661233,"Uriel Johnson","2026-08-05 08:45:24",441.2,2,urieljohnson
7715,16668267,Saran,"2026-08-27 14:18:05",441.1,2,saran2
7716,16659520,"Play Code","2026-08-05 14:28:00",440.8,2,codenya
7717,16802580,WarlockCode,"2026-09-03 14:07:58",440.8,2,maktub83
7718,16659658,"Tim Wong","2026-08-06 02:02:30",440.7,2,wai0186
7719,16686093,"Muhammad Usman Butt","2026-08-07 22:00:04",440.7,2,debugdemon
7720,16761148,Deku,"2026-08-23 13:36:57",440.7,1,piyushsharma5654
7721,16892719,"Sandeep Guttavalli","2026-09-21 11:33:21",440.6,2,sandeepguttavalli
7722,16671602,"Nithin Nambi","2026-08-07 00:09:31",440.3,2,nitthewit
7723,16932760,"Ian Hsu I guess","2026-09-23 01:09:40",440.2,2,ianhsuiguess
7724,16859368,"Emmanuel King Christopher","2026-09-09 23:31:24",440.1,1,emmanuelkingchris
7725,16707331,"Simon Ziegs","2026-08-23 22:54:11",440.0,2,simonziegs
7726,16726441,Enrique.rfm,"2026-09-14 16:40:46",439.9,2,enriquerfm
7727,16764151,Jpadilla987@gmail.com,"2026-08-25 21:00:27",439.8,2,jpadilla987gmailcom
7728,16683761,"Chiefmen749 Aris","2026-08-10 07:42:42",439.6,2,saysplayz
7729,16944547,アライグマ,"2026-09-23 12:54:39",439.5,1,alaiguma
7730,16838929,Charlesm85,"2026-09-06 05:56:26",439.3,2,charlesm85
7731,16662133,"Ding Lifeng","2026-08-29 08:20:49",439.3,2,dinglifeng
7732,16708348,"Edilaine Arceno","2026-09-25 16:16:44",439.2,2,edilainearceno
7733,16815817,haiy_qq,"2026-09-04 01:41:26",439.2,2,haiyqq
7734,16670090,"Gianpaolo Nettis","2026-08-24 08:42:07",439.2,2,rakes7
7735,16718517,"Jessica Yin","2026-08-17 00:10:31",439.1,2,jeqyin
7736,16795330,"Alejandro Villacampa","2026-09-02 17:32:11",438.9,2,avillacampa
7737,16658678,"Manav Aghera","2026-09-06 18:16:28",438.9,2,manavaghera
7738,16786101,Cai0Emanuel,"2026-08-29 01:11:51",438.8,1,cai0emanuel
7739,16719679,ZhiruiLuo,"2026-08-25 15:52:57",438.6,1,zhirluo
7740,16728845,"Mohamed Kaleel","2026-08-22 16:12:58",438.4,2,mdkaleel
7741,16661751,"Shailaja J","2026-08-12 14:51:15",437.9,1,shailajaj
7742,16877297,"Aaryan Gole","2026-09-15 09:37:08",437.7,2,aaryangole
7743,16676497,"Non-veg plants","2026-08-07 09:54:00",437.7,2,mohammadshadabshaikh
7744,16668331,"Maitreya Mohapatra","2026-09-23 22:26:09",437.6,2,maitreyamohapatra
7745,16676482,GitLyf,"2026-08-16 12:47:59",437.5,2,"jaideva30,rohithkrishnaak"
7746,16709918,GUI666,"2026-08-26 16:17:40",437.5,2,gui666
7747,16728394,"Aisultan Davletkan","2026-08-16 13:01:38",437.5,1,aisdav
7748,16731790,"A random farmer","2026-08-18 02:19:53",437.4,1,hinatatokuda
7749,16785932,"Thomas Yi","2026-09-04 00:33:06",437.4,2,tyyslashd
7750,16659080,VENKY,"2026-08-07 17:22:03",437.4,2,venkateshthatha
7751,16858543,"Fakhar Mustafa","2026-09-10 05:07:39",437.3,2,fakhar90
7752,16793145,KarlNUrban,"2026-09-05 12:19:50",437.3,2,karlnurban
7753,16641513,"Sameer Chakravedi","2026-08-15 16:06:11",437.1,2,sameerchakravedi
7754,16728414,"Pedro Caycho","2026-08-16 12:40:26",437.1,1,pjcc1123
7755,16668810,ZZZZGOD,"2026-08-07 19:11:09",437.0,2,zzzzgod
7756,16677047,LINOXYR,"2026-08-15 13:13:58",436.7,2,linoxyr
7757,16709512,Rustamdurdyyev,"2026-08-31 19:59:56",436.7,2,rustamdurdyyev
7758,16853371,JIAWEILI0001,"2026-09-23 15:42:25",436.7,2,jiaweili0001
7759,16692618,"Ali Zakaee","2026-08-09 10:13:02",436.7,1,itheequalizer
7760,16658520,drownedsnake,"2026-08-05 01:03:22",436.6,2,makerplay
7761,16667601,"Audrius Molis","2026-08-27 19:30:39",436.6,2,vienas
7762,16674266,HamYad,"2026-08-06 18:19:46",436.5,2,hamyadlab
7763,16717051,"Chirag Hosdurga","2026-08-13 13:38:41",436.3,2,chiraghosdurga
7764,16660697,"Dannis Wong11","2026-09-09 10:07:46",436.3,2,danniswong11
7765,16723614,"James Atteh","2026-09-12 06:28:17",436.2,2,jamesatteh
7766,16663871,"Iyed Djebbi","2026-08-07 09:25:07",436.2,2,iyeddjebbi
7767,16624414,"Chaitanya Jamble","2026-07-31 05:42:10",436.2,1,chaitanyajamble
7768,16634060,"Chí Thành Đỗ","2026-08-02 05:11:58",436.2,2,chithanhdeptrai
7769,16716636,"Mahamane Lawaly","2026-08-13 10:22:51",436.1,1,mahamanelawaly
7770,16699633,Nafmo,"2026-08-11 17:10:53",435.9,2,nafmo2
7771,16666132,andres555,"2026-08-28 14:36:21",435.7,2,"andres555,violalin"
7772,16632503,"Wei Hsiang Lin111","2026-08-01 07:42:33",435.7,2,weihsianglin111
7773,16713723,"Jyot Buch","2026-08-12 23:09:41",435.5,2,jyotbuch
7774,16892976,"Tony He","2026-09-19 17:41:31",435.5,2,tonyyang0504
7775,16656627,"Soykot Podder","2026-08-14 05:39:06",435.5,2,diptopodder
7776,16745980,"Arif Amijoyo","2026-08-30 07:54:40",435.3,2,arifamijoyo
7777,16771725,"Rijusmit Biswas","2026-09-18 10:55:33",435.3,2,rijusmitbiswas
7778,16654458,"Likith Narakala","2026-09-10 20:27:03",435.2,2,likith17052004
7779,16711918,"Pavel Filin","2026-08-13 05:23:28",435.1,2,pavelfilin
7780,16706790,"Stas Chereshkevich","2026-08-19 12:23:33",435.1,2,staschereshkevich
7781,16735177,shilpa.rpns,"2026-08-22 04:57:10",435.0,2,shilparpns
7782,16917703,"Tommy Mac Bird","2026-09-18 02:14:59",434.9,1,tommymacbird
7783,16726285,Dhananjay,"2026-08-15 18:48:20",434.9,2,dhananjaylakkawar
7784,16644053,Rafiozoo,"2026-08-03 19:26:40",434.7,2,rafiozoo
7785,16759112,songxin,"2026-09-27 03:54:32",434.6,2,likewaterandwind
7786,16705510,"Palak Choudhary","2026-08-11 07:12:44",434.6,2,palak2564
7787,16633984,"Mongkhon Hatit","2026-08-04 11:58:56",434.6,2,mongkolhatit
7788,16632855,Shreyash_Automation,"2026-08-21 00:06:49",434.5,2,shreyashautomation
7789,16671033,"Alexandr Shustikov","2026-09-17 22:35:17",434.4,2,alexandrshustikov
7790,16723490,"Panashe Arthur Mhonde","2026-08-22 11:41:19",434.3,2,panashearthurmhonde
7791,16661323,mzyktkhs,"2026-08-10 13:21:59",434.1,2,mzyktkhs
7792,16660484,"Waiswa Geoffrey","2026-08-31 08:29:58",434.0,2,waiswageoffrey
7793,16654394,sserges,"2026-08-08 20:46:14",433.5,2,sserges
7794,16644765,MoeCode,"2026-09-12 16:46:28",433.4,2,syrianeagle
7795,16697448,"Mykola Mazniuk","2026-08-15 17:57:39",433.0,1,mykolamazniuk
7796,16735206,"Shiyal Kishan","2026-08-20 04:01:28",432.9,2,shiyalkishan01
7797,16662079,"Farrukh Hussain","2026-09-08 11:36:07",432.8,2,farrukhhussai
7798,16713557,kaggri-kal-chal,"2026-09-16 18:53:51",432.8,2,"nainikaanish,shrivastavaaryan"
7799,16690221,"HISOKY DEV","2026-08-10 09:42:03",432.4,2,omarfahid
7800,16716002,"Preethi Gnanaprakasam","2026-08-14 09:10:46",432.2,2,preethignanaprakasam
7801,16676256,"Kotaro Nakamura","2026-08-11 22:18:41",432.0,2,kotaroma
7802,16773264,LA28,"2026-09-03 19:44:02",431.9,2,saisreelasyaappali
7803,16726765,"Ali Al-Killidar","2026-08-16 09:47:37",431.9,1,alialkillidar
7804,16691761,"Evie Barker","2026-08-15 13:40:05",431.9,2,eviebarker
7805,16729214,kisamaki0815,"2026-08-28 01:21:57",431.6,2,kisamaki0815
7806,16759239,SunYaoXi,"2026-08-27 09:32:42",431.3,2,sunyaoxi
7807,16623528,"Faijur Rahaman","2026-08-20 09:40:07",431.3,2,faijurrahaman
7808,16654401,ChronoForensics,"2026-08-08 17:26:11",431.3,2,ryanwollmuth
7809,16743032,"Sabarishvar S S","2026-09-03 17:49:08",431.2,1,sabarishvarss
7810,16623271,"William Morley","2026-07-31 10:09:16",431.0,2,williamkmorley
7811,16665647,hr15de,"2026-09-25 08:52:49",431.0,2,hr15de
7812,16633786,tuannm3812,"2026-08-28 08:00:42",430.9,2,tuannm3812
7813,16728821,"Alen Maria Nirmal","2026-08-17 21:51:03",430.6,1,alenmarianirmal
7814,16820596,Karina,"2026-09-16 11:36:45",430.5,1,karinajoey
7815,16706843,"yh z","2026-08-11 09:32:56",430.5,1,yhz123456
7816,16625149,Rubylicious,"2026-07-31 07:53:00",430.3,2,labibahalya
7817,16675631,"Aswini Gowda","2026-08-10 05:37:33",430.1,2,aswinigowda
7818,16760377,"Yuxuan Qian","2026-08-29 23:45:28",429.9,2,yuxuanqian
7819,16726882,"Albert Yu","2026-08-17 00:01:53",429.7,2,yukinying
7820,16696271,"Neeta Sanjay Gajabi","2026-08-09 14:48:42",429.7,2,neeta2574
7821,16938771,"Daniel Peng","2026-09-22 03:53:05",429.6,2,codewithdaniel1
7822,16728945,"Suryansh Kulshreshtha","2026-09-26 05:57:16",429.5,2,"busyfellow,suryanshkulshreshtha"
7823,16695095,"Jayanth Chowdary","2026-08-22 17:50:39",429.3,2,jayanthchowdary24
7824,16880350,喜欢逢坂大河,"2026-09-16 08:36:54",429.1,2,yhsno69
7825,16651042,Mira_332,"2026-08-27 04:58:29",429.0,2,ichiiohno
7826,16755159,"Kay Gijzen","2026-08-23 11:51:31",428.9,2,kaygijzen
7827,16732513,Taogege,"2026-09-22 09:17:12",428.9,2,"liyiyiyi6,taogege520"
7828,16692782,"Andres Regino","2026-08-23 20:26:03",428.8,2,andresregino
7829,16671670,"Karla Ziegler","2026-09-24 00:26:42",428.3,2,karlaziegler
7830,16825489,"Monishwar S","2026-09-24 18:56:22",428.1,2,monishwar2718
7831,16734601,sweetlesson,"2026-08-18 00:40:55",427.9,2,sweetlesson
7832,16791617,"Neil Li","2026-08-30 00:10:32",427.9,1,neilliroub
7833,16664129,"Mr M 8641","2026-08-06 18:57:45",427.5,2,mrm8641
7834,16729996,"Michael Roust","2026-08-18 16:09:56",427.4,2,michaelroust
7835,16885547,L0k1xd,"2026-09-13 10:04:10",427.4,2,l0k1xd
7836,16775069,JWlKIM,"2026-08-26 23:22:43",427.2,2,jwlkim
7837,16838460,"Yash Vardhan","2026-09-08 07:39:50",426.9,2,poruskapil1
7838,16668095,Menna_Allah_Samy12,"2026-08-15 15:04:56",426.9,2,mennaallahsamy12
7839,16891504,"Taha N Kaya","2026-09-14 14:03:21",426.9,1,tahankaya
7840,16776990,"Yash Kumar #2","2026-09-26 12:43:51",426.9,2,yashkumargunnersshot
7841,16890511,"Alex Solonsky","2026-09-14 08:57:30",426.8,1,alexsolonsky
7842,16654175,abhiv142,"2026-08-11 13:22:03",426.8,2,abhiv142
7843,16658051,SethuMadhavan004,"2026-08-09 09:38:27",426.6,2,sethumadhavan004
7844,16663976,"wangyang denis","2026-08-12 06:26:08",426.2,2,wangyangdenis
7845,16637342,SupremeWarrior108,"2026-09-20 19:21:39",426.0,2,supremewarrior108
7846,16809943,"A Rook","2026-09-03 19:06:08",425.9,2,rookcastle
7847,16683390,Christopher34,"2026-08-08 00:20:59",425.8,2,christopher34
7848,16661014,manu,"2026-08-16 04:45:12",425.7,2,manupandit
7849,16701367,CryptoQuant1992,"2026-08-11 13:04:12",425.7,2,cryptoquant1992
7850,16792685,李明,"2026-09-22 08:03:47",425.6,2,liming2026good
7851,16766803,"Kanishk Sharma","2026-09-01 23:52:42",425.6,2,kan1shq198
7852,16845679,"Wenhai Tang (raisin)","2026-09-07 03:33:14",425.6,1,wenhaitangraisin
7853,16657201,ShayML,"2026-08-08 09:02:05",425.5,2,shayml
7854,16725065,"Maxim Smirnov","2026-08-15 13:21:05",425.3,2,smirnoffmg
7855,16892644,ElKnilcho,"2026-09-14 19:01:37",425.3,2,elknilcho
7856,16911283,"Apratim Bajpai","2026-09-18 17:19:51",425.1,2,apratimbajpai
7857,16719460,"Amon #2","2026-08-15 12:40:41",425.0,2,ezjameng
7858,16702200,"ANGAD JANGIR","2026-08-11 02:01:38",425.0,2,angadjangir
7859,16792392,pansya,"2026-09-20 10:00:15",424.9,2,pansya
7860,16662095,"Buzz shocker","2026-09-13 20:28:48",424.9,2,buzzshocker
7861,16699436,"Oluwaseun O Adeya","2026-08-23 01:22:24",424.9,2,oluwaseunoadeya
7862,16941095,"P. Sewmuthu Abewickrama Singhe","2026-09-23 12:34:39",424.8,2,psewmuthu
7863,16912864,zhzhang,"2026-09-19 12:54:48",424.7,2,lililizh11
7864,16659414,TTGP_TEAM,"2026-08-06 15:33:09",424.6,2,phttrntrnggia
7865,16663804,"Fredy Meyer","2026-08-05 20:19:51",424.5,2,alexmeyerm
7866,16848309,"Angela Wu","2026-09-09 03:56:03",424.5,1,angelawurx
7867,16668241,"Shreyansh Kanotra","2026-08-08 19:56:15",424.4,2,shreyanshkanotra
7868,16773032,fecrescencio22,"2026-09-02 21:07:10",424.3,2,fecrescencio22
7869,16706184,"Lingaraju Saikumar","2026-08-16 11:51:34",424.2,2,lingarajusaikumar
7870,16656989,Crunchex,"2026-08-29 10:52:11",424.2,2,"asmo04,chinmaysoni48,codencry"
7871,16696993,healer2408,"2026-08-15 07:10:57",424.1,2,healer2408
7872,16666066,Khush3e,"2026-09-16 23:20:51",424.1,2,khush3e
7873,16872182,yxxchh,"2026-09-11 13:18:38",424.0,1,yxxchh
7874,16665470,KanakoS,"2026-08-18 13:13:58",424.0,2,kanakos
7875,16693255,"Carlos Hideo Yamaguchi","2026-08-10 00:59:12",423.8,2,carloshy
7876,16671665,"Kobata Sota","2026-08-06 07:17:03",423.8,1,kobatasota
7877,16742009,"Mutyam kavyanjali","2026-08-19 10:25:06",423.3,1,mutyamkavyanjali
7878,16796102,yiliang,"2026-08-31 12:55:20",423.3,2,yilianglv
7879,16660455,"Alex Kapend","2026-08-05 08:42:26",423.2,2,alexkapend
7880,16634911,onlytimeknows,"2026-08-22 12:31:11",423.2,2,onlytimeknows
7881,16925537,pballurkar,"2026-09-19 13:08:26",423.0,1,pballurkar
7882,16785010,"Victor Wangles","2026-08-28 16:01:17",422.8,1,victorwangles
7883,16897148,"Ikrame Ibn Hayoun","2026-09-15 14:26:06",422.7,2,ikrameibnhayoun
7884,16629201,"GUILLERMO REY PANIAGUA","2026-08-01 16:41:58",422.7,2,guillermoreypaniagua
7885,16638967,"Jenny Luo","2026-08-01 23:55:07",422.7,2,"jennyluo96,kyeoh92"
7886,16664352,"Shreyash Asati","2026-08-06 10:40:56",422.6,1,shreyashasati
7887,16663104,Sohan,"2026-08-23 14:42:40",422.1,2,sohansinghrawat
7888,16670464,halfpintcider,"2026-09-16 08:50:31",422.1,2,"amoghdeshpande2021,visspric7"
7889,16675340,"SHAURYA SHARMA","2026-09-03 00:57:48",422.0,2,shauryas555
7890,16778886,"Sandeep Das","2026-08-31 09:48:37",421.9,2,sandypos
7891,16857747,ru-shao,"2026-09-24 15:30:00",421.9,2,"shaoxw,souwaka"
7892,16918087,Kenyo8,"2026-09-21 07:47:02",421.8,2,kenyo8
7893,16640814,"Kritika Adhikari","2026-08-07 09:25:26",421.8,2,kritikaadhikari
7894,16651939,"Yogesh Jadhav","2026-09-17 06:54:06",421.8,2,dynamo14324
7895,16854332,kotaross,"2026-09-09 15:18:06",421.8,2,kotaross
7896,16666447,"Shuaib ayad Jasim Jasim","2026-08-06 20:51:47",421.8,2,shuaibayadjasimjasim
7897,16862497,DefiAudit,"2026-09-27 01:40:33",421.6,2,defiaudit
7898,16768262,"Brayan Miranda G","2026-08-26 19:40:15",421.2,2,brayanmirandag
7899,16623631,SeaEag1e,"2026-07-31 06:26:17",421.0,1,seaeag1e
7900,16660990,"Bunny Tang","2026-09-10 14:33:23",420.8,2,tanghung64
7901,16805621,"DIVYANSH KUMAR SINGH CHAUHAN","2026-09-02 04:04:53",420.8,2,capdiv
7902,16662167,"Tara Singh Kharwad","2026-08-05 17:13:10",420.8,2,tarasi7261
7903,16698570,MurphyIIVan,"2026-08-10 03:35:41",420.7,2,murphyiivan
7904,16786264,"THISHA S","2026-09-06 06:53:09",420.5,2,thishas
7905,16621518,jaccobian,"2026-08-29 08:11:50",420.4,2,harshraj22
7906,16627313,"Zafer Liu","2026-08-03 05:13:39",420.4,2,zaferliu
7907,16630896,OpenBuilder,"2026-08-08 12:09:06",420.3,2,weijunguo
7908,16664044,IntentionalSayshara,"2026-09-05 14:45:02",420.2,2,jaelle
7909,16655783,KonaKonaz,"2026-08-04 09:36:57",420.1,2,konakonaz
7910,16845067,"Vineet Gupta","2026-09-14 09:08:20",420.0,1,"graceydugar,vineetgupta2023"
7911,16669170,AsadUsmanFAST,"2026-08-05 22:37:33",420.0,2,asadusmanfast
7912,16686796,"Harinath Reddy A","2026-08-23 21:23:45",420.0,2,harynath
7913,16716299,Biwaaa67,"2026-08-13 19:57:06",419.9,1,biwaaa67
7914,16722819,Anna,"2026-08-21 15:01:26",419.7,2,annatmp
7915,16656608,"Jeffrey Dilley","2026-08-04 15:40:08",419.5,1,jeffreydilley
7916,16668093,Sai_Dattu,"2026-08-07 07:35:01",419.5,2,saidattu2003
7917,16734096,"Cem Ali Görmez","2026-09-06 10:48:37",419.5,2,cemaligrmez
7918,16751796,"Leo Pallorina","2026-08-23 14:06:17",419.4,2,lelelsp
7919,16689017,"Mounica Challa","2026-09-17 19:39:39",419.4,2,mounicachalla
7920,16653429,mktdev,"2026-08-10 12:19:54",419.3,2,mktdev
7921,16706054,"ErrorX Info","2026-08-20 11:30:03",419.3,2,"errorxinfo,shyampatel47"
7922,16677166,Spectrobot,"2026-08-08 11:11:46",419.3,2,spectrobot
7923,16765863,MADUPU.SRINIDHI,"2026-09-05 10:31:08",419.1,2,madupusrinidhi
7924,16729522,all-coder,"2026-08-16 17:55:08",419.0,2,allcoder
7925,16717912,"Anu Kumari","2026-08-13 18:03:07",418.9,1,anuk16020
7926,16926757,MengXun326,"2026-09-20 21:55:59",418.7,2,mengxun326
7927,16675215,"Viljen Apalset Vassbø","2026-08-06 22:24:44",418.7,2,viljenapalsetvassb
7928,16919693,Maham1199,"2026-09-25 13:08:46",418.7,2,maham1199
7929,16625434,"Chirapathleo Saelim","2026-09-08 08:40:06",418.4,2,chirapathleosaelim
7930,16623503,"D Mohith","2026-08-01 01:06:22",418.2,2,dmohith
7931,16659269,"Bedirhan Dinçer","2026-08-10 20:26:46",418.2,2,bedirhandiner
7932,16633097,"Matheus Bonjour Laviola da Silva","2026-08-02 11:08:21",418.1,2,matheusbonjour
7933,16661194,"Sandeep Vanapalli","2026-08-04 15:37:06",417.9,2,mrleaf
7934,16926880,KarthikeyaAnna,"2026-09-20 13:40:19",417.9,2,karthikeyaanna
7935,16697396,"Collective Win","2026-08-18 05:10:12",417.9,2,collectivewin
7936,16856112,"Thomas White","2026-09-08 19:39:13",417.7,1,leopardguy
7937,16705640,"Dongre Laxman","2026-08-12 12:36:29",417.6,2,dongrelaxman
7938,16890098,"Binief Ta","2026-09-14 14:08:36",417.6,2,biniefta
7939,16807636,"Liu Panfeng","2026-09-05 00:30:20",417.6,2,liupanfeng
7940,16709299,"Divyanshu Choudhary","2026-09-04 13:13:32",417.4,2,divyanshuchoudhary25
7941,16664512,oggyiu,"2026-09-01 07:46:10",417.3,1,oggyiu
7942,16623135,mohduwaishchaudhary,"2026-07-30 22:05:45",417.2,2,muwaish5
7943,16809998,chzCharbs,"2026-09-15 08:14:49",417.2,2,chzcharbel
7944,16644023,"Yiğit Efe Albaş","2026-08-02 18:34:39",417.1,1,yiitefealba
7945,16931956,Aari101,"2026-09-20 19:23:51",417.0,2,aari101
7946,16700627,"Benedict Ebito Boyubie","2026-08-10 11:03:38",416.7,1,bboyubie
7947,16656579,"Riad Rayhan","2026-08-15 06:40:35",416.6,2,riadrayhan
7948,16662896,"Adrian Dubois","2026-09-21 03:33:43",416.6,2,adriandubois
7949,16660420,tipofyzik,"2026-09-05 14:34:30",416.5,2,tipofyzik
7950,16666873,"linli duan","2026-08-12 15:06:42",416.4,2,linliduan
7951,16790603,xinbao,"2026-09-22 05:21:16",416.4,2,zww123456
7952,16665040,"Arnav Yashlaha","2026-08-05 05:44:26",415.9,2,arnavyashlaha
7953,16717420,"Muhammad Yasir Sarwar","2026-08-13 14:40:09",415.8,2,muhammadyasirsarwar
7954,16804803,"01000110 01010101 01000011 01001011 00100000 01011001 01001111 01010101 00100001","2026-09-14 16:38:59",415.7,1,f01010101
7955,16653998,www1727,"2026-09-15 16:45:05",415.6,2,www1727
7956,16802866,"Antonio Di Cecco","2026-09-01 18:37:02",415.5,1,antdic
7957,16692373,"Ornevis Montero","2026-08-20 01:59:43",415.4,2,ornevisbolaosmontero
7958,16925224,Raosaheb,"2026-09-20 08:17:04",415.4,2,raosahebmore
7959,16669703,AnubhavBhadani142,"2026-08-15 06:32:19",415.1,2,anubhavbhadani142
7960,16715456,"wilson LUNG","2026-08-17 23:54:10",415.1,2,wilsonlung
7961,16664004,"Me, Myself, and I","2026-08-11 03:57:46",415.1,2,notlunarxd
7962,16907577,"Дмитрий Витальевич","2026-09-17 07:59:28",415.0,2,mtkrqt
7963,16748500,stimmie,"2026-08-30 16:11:56",414.9,2,stimmie
7964,16802750,"[Deleted] fafa60dd-8026-43cc-b656-34ca4625ef7d","2026-09-01 12:22:13",414.9,1,del=e2a734cecd171934
7965,16707437,"Ivan Plekhanov","2026-08-11 12:03:11",414.9,1,nnob0dy
7966,16660318,"Aiman Al-Shalfi","2026-09-14 12:39:08",414.7,2,aimanalshalfi
7967,16668522,"Moatez Litaiem","2026-08-06 16:57:54",414.6,2,moatezlitaiem04
7968,16768578,"Patrick Lzz","2026-08-25 02:56:30",414.6,2,patricklzz
7969,16728839,Mharfe,"2026-09-06 23:26:08",414.5,2,mharfe
7970,16729155,WangZihao5649,"2026-08-24 02:32:08",414.4,2,wangzihao5649
7971,16735012,"Shuvam Swapnil Dash","2026-08-28 19:56:48",414.3,2,"shashwatmandal,shuvamswapnildash"
7972,16735934,"Uday Kiran003","2026-08-18 06:23:18",414.1,1,udaykiran003
7973,16684776,"D Rithika","2026-08-10 18:36:30",414.1,2,drithika
7974,16721942,"Daniel Rodriguez Bothe","2026-08-18 16:57:00",414.0,2,danielrodriguezbothe
7975,16784400,K_DHEERAJ_11,"2026-08-31 02:58:38",413.8,2,kdheeraj11
7976,16682906,Masiki,"2026-09-05 13:55:54",413.8,2,blackseed
7977,16668185,"Swayam Chavan","2026-08-09 01:12:23",413.8,2,swamboy
7978,16655820,"Cory Tortorici","2026-08-08 15:20:42",413.6,2,corytortorici
7979,16657520,"Joel De la Cruz Fuertes","2026-08-12 16:33:48",413.5,2,joeldcf
7980,16660923,naganikshith,"2026-08-06 08:01:09",413.5,2,naganikshith
7981,16896794,Cidoai,"2026-09-18 08:45:45",413.4,2,cidoai
7982,16694497,Kawai,"2026-09-25 17:21:01",413.3,2,"lavendermoon19,sumitwod"
7983,16811013,"Sara Vahidestakhri","2026-09-03 00:32:07",413.2,1,saravahidestakhri
7984,16723072,Arthurt1,"2026-09-23 22:09:27",413.0,1,arthurt1
7985,16712259,geqiulin,"2026-08-13 04:46:11",413.0,2,geqiulin
7986,16660073,"Mahad Kakooza","2026-09-06 20:30:18",413.0,2,mahadkakooza
7987,16919106,Jocelyn--JY03,"2026-09-23 05:45:05",412.9,2,jocelynjy03
7988,16714240,"The Shovel","2026-08-26 03:21:18",412.8,2,"astapasta0,qotqat"
7989,16761319,Yuvraj,"2026-08-23 07:29:44",412.7,1,yuvrajkr01
7990,16778939,"Stepan Antonov","2026-08-27 07:59:30",412.7,1,stepanantonov
7991,16751979,"Sasha Sam","2026-08-27 20:02:46",412.6,2,sashasam
7992,16941853,"Prem Raga1809","2026-09-23 18:27:49",412.3,2,premraga1809
7993,16883044,"Muhammad Olamide","2026-09-16 10:59:44",412.2,2,muhammadolamide
7994,16725957,"Ayman Tarig Mohammedosman Elgadi","2026-08-24 02:57:16",412.2,2,aymantarig17
7995,16662985,DanTheDataScienceMan,"2026-08-05 17:40:06",412.1,1,danthedatascienceman
7996,16630020,"Piotr Gabrys","2026-08-09 16:53:59",412.1,2,piotrekga
7997,16712488,"Vansh Bhura","2026-08-12 14:23:18",412.1,2,vanshbhura
7998,16638704,"Lee Yen Fei","2026-09-01 03:31:45",412.0,2,leeyenfei
7999,16927170,"çağrı okan","2026-09-19 23:33:54",412.0,2,cagrokan
8000,16670475,Adib,"2026-08-06 02:02:27",411.7,2,adibemohamed
8001,16624935,"Anjana mohan","2026-08-01 06:06:39",411.6,2,anjanamohan13
8002,16678819,"Digant Kathiriya","2026-08-07 02:07:51",411.6,2,digantkathiriya
8003,16827781,c1626343198,"2026-09-04 14:50:37",411.3,2,c1626343198
8004,16665152,"Ahmed Karim","2026-08-17 11:32:15",411.2,2,versusic
8005,16662646,"Jay Parsana","2026-08-09 18:07:10",410.8,2,jay051
8006,16723411,CaZen,"2026-08-15 10:48:16",410.6,2,cathzwah
8007,16662089,"Alonso Gallego Pacho","2026-08-27 13:27:36",410.6,2,alonsogallegopacho
8008,16745485,"Thamires dos Santos ","2026-09-25 01:42:25",410.4,2,thasantos
8009,16934824,Ken,"2026-09-21 09:28:50",410.4,2,kensuke77
8010,16623582,yunsuxiaozi,"2026-08-01 13:59:57",410.3,2,yunsuxiaozi
8011,16638953,"Joe Young","2026-08-03 19:23:13",410.3,2,jsphyg
8012,16750435,"Oleksandr Zalievskyi","2026-08-23 18:34:59",410.3,2,sashaworker
8013,16840668,"Aratrika Ruhal","2026-09-13 23:35:13",410.1,2,aratrikaruhal
8014,16695828,rihiRule,"2026-08-11 13:40:24",410.0,2,rihirule
8015,16757336,Stevejustin,"2026-08-31 04:18:31",410.0,2,stevejustin
8016,16663055,jainish_d24ce180,"2026-08-10 13:54:40",409.7,2,jainishshah35
8017,16732395,"Nikita Antonov","2026-08-23 08:33:03",409.2,2,nantonov
8018,16660343,"Mert Olgun899","2026-08-05 13:05:07",409.0,2,mertolgun899
8019,16676327,shu10038,"2026-09-14 12:07:16",408.9,2,shu10038
8020,16662726,"Juan Carlos González Aguilar","2026-08-14 19:54:48",408.9,2,juancg
8021,16818498,"AARYAN VISHAL","2026-09-07 11:53:23",408.8,2,aaryanvishal
8022,16746562,"The Learning loop","2026-09-24 10:32:16",408.8,2,"jananikasenthilkumar,ssjaswanth"
8023,16716657,"Jasti Phani","2026-08-19 08:38:00",408.8,1,jastiphani
8024,16804231,illegalplumbing,"2026-09-16 02:55:22",408.6,2,illegalplumbing
8025,16698029,"Meet Vachhani","2026-08-10 18:34:55",408.4,2,meetvachhani7
8026,16663259,erush,"2026-09-08 03:16:44",408.3,2,erushia
8027,16668141,"Soichiro Mochizuki","2026-08-07 22:13:36",408.0,2,soichiromochizuki
8028,16715404,"karthik reddy","2026-09-04 01:34:50",407.7,2,karthikreddyp
8029,16796474,"Chaitanya Mundhe ","2026-09-13 12:27:10",407.7,2,chaitanyamundhe
8030,16701713,"Максим Хованский","2026-08-10 14:35:38",407.7,1,yeezynaizi
8031,16655997,tanatet8,"2026-09-05 11:00:05",407.6,2,tanatet8
8032,16660531,greySnow,"2026-09-10 23:39:09",407.5,2,shlomoron
8033,16808233,"Yash Hingane","2026-09-04 12:53:43",407.5,2,yashhingane
8034,16657545,"Deepak Singh","2026-08-11 13:50:31",407.5,2,vihaannegi
8035,16671913,res67,"2026-08-07 16:22:30",407.4,2,junyeanyap
8036,16657574,harikrishnacs,"2026-08-04 12:28:53",407.3,2,harikrishnacs
8037,16669168,"Kingsley Jide","2026-08-31 21:30:18",407.3,2,kingsleyjide
8038,16665228,Jason_Qian,"2026-08-05 16:00:43",407.2,2,jasonqia
8039,16696959,"Joe Filfli","2026-08-11 10:47:03",407.2,2,joefilfli
8040,16768174,lambdap,"2026-09-06 13:25:29",407.2,2,lambdap
8041,16758987,"Irtaza Ahmed Khan","2026-09-08 06:38:25",407.0,2,yrrebeere
8042,16700294,"SWAPNEEL BANERJEE","2026-09-24 15:53:50",406.9,2,swapneelbanerjee
8043,16691704,"Rahman Aliyev","2026-09-10 17:59:57",406.8,2,rahman4li
8044,16808646,"Yimeng Wang","2026-09-08 06:33:38",406.8,2,yimengwang0814
8045,16757351,SaiVenkatesh,"2026-09-05 10:30:00",406.7,2,nothingnew
8046,16669229,"Kayvan Sinha","2026-08-11 15:23:35",406.6,2,kayvansinha
8047,16809931,"john crick","2026-09-16 02:07:20",406.6,2,johncrick
8048,16632841,AGG,"2026-09-05 18:33:20",406.4,2,aleixgim
8049,16725349,"Saj Patel","2026-08-15 21:55:42",406.4,2,sajpatel15
8050,16689256,"Pavan Pusapati","2026-09-17 11:26:52",406.0,1,pavanpusapati
8051,16686954,"Davie Mdumuka","2026-08-09 19:40:56",405.9,1,daviemdumuka
8052,16759916,"Jeevith G","2026-08-23 06:58:50",405.8,2,jeevithg090
8053,16763523,"Nam Khánh Lê","2026-09-02 06:28:44",405.8,2,"khanhss,khimbodoi"
8054,16656156,"Kshitij aucharmal","2026-08-06 04:35:27",405.6,2,narutoaucharmal
8055,16660317,esgranja,"2026-08-04 18:58:48",405.5,1,esgranja
8056,16681209,AgenticBuilder,"2026-08-13 18:44:29",405.3,2,gau2112
8057,16721530,revv0o,"2026-08-15 13:58:34",405.2,2,revv0o
8058,16674278,"Niels de Gier","2026-08-07 15:57:04",405.1,2,nielsdegier
8059,16716488,"Will Henderson290","2026-09-21 13:11:11",405.1,2,willhenderson290
8060,16849620,rgbweston,"2026-09-07 18:00:17",405.1,1,rgbweston
8061,16734431,"Maxwell Herron","2026-08-19 02:06:34",404.9,2,maxwellherron
8062,16659018,"Ramziddin Toxirov","2026-08-11 04:58:03",404.5,2,ramziddintoxirov
8063,16790718,"Carlos Alves","2026-09-02 04:29:42",404.5,2,carlosone
8064,16753895,Andrew98,"2026-08-22 13:10:58",404.4,2,vitem98
8065,16661966,Rocket,"2026-08-29 18:05:35",404.4,2,"aarchie4,nick16541,siddharthdongardive"
8066,16857871,SHP123SHP,"2026-09-10 03:20:57",404.3,2,shp123shp
8067,16854266,もふもふ神,"2026-09-12 16:26:42",404.3,2,mohumohukami
8068,16738351,"Haidar Faruqi","2026-08-25 05:00:00",404.2,2,haidarfaruqi
8069,16839457,HugoLee_dreamer,"2026-09-14 01:18:31",404.1,2,hugoleedreamer
8070,16908873,KelOliHar,"2026-09-18 20:02:58",403.9,2,kelolihar
8071,16930439,wessa0,"2026-09-22 13:42:39",403.9,2,wessa0
8072,16669434,"Saugat Kannojia","2026-08-07 11:45:47",403.9,2,saugatkannojia
8073,16723779,Matheubern,"2026-09-07 02:24:32",403.8,2,matheubern
8074,16658366,kuroneko,"2026-08-04 10:43:29",403.8,2,kurorosuke
8075,16777612,"zebra G","2026-08-27 15:46:59",403.8,1,zebrag
8076,16798347,"Mr Michael Chung","2026-09-14 19:39:17",403.6,2,mrmichaelchung
8077,16675232,"Rafif Ariq Rabbani","2026-08-27 19:37:32",403.5,2,rafifariqrabbani
8078,16793657,Xin_T,"2026-08-30 16:48:11",403.3,1,xint666
8079,16708896,"Alberto Scinetti","2026-08-13 19:18:11",403.3,2,albertoscinetti
8080,16655891,"Yukihito Ikoma","2026-08-27 03:55:41",403.2,2,yikoma
8081,16728017,"medkhalil hawachi","2026-09-25 10:02:52",403.1,2,medkhalilhawachi
8082,16696939,"Keaton Zang","2026-08-10 21:24:20",402.9,1,keatonzang
8083,16654947,"Ömer Hüseynov","2026-08-08 22:06:03",402.9,2,omarhuseynov
8084,16864670,"Takahiro Cho","2026-09-10 04:55:10",402.8,1,takahirocho
8085,16716589,"Shaik Adilazeez","2026-08-13 09:29:44",402.8,1,shaikadilazeez
8086,16898808,katoue,"2026-09-16 21:47:46",402.7,2,katoue
8087,16700685,"Preeti Dhotmal","2026-08-27 11:25:29",402.6,2,preetidhotmal
8088,16676205,"Alhassan Fedawy","2026-08-14 17:15:07",402.3,2,alhassanfedawy
8089,16715416,"Md. Adnan","2026-09-20 08:53:58",402.3,2,mdadnan96
8090,16666944,"Meghnath S","2026-08-11 01:56:22",402.3,2,meghnaths
8091,16664514,"Henry Adjanor tetteh","2026-08-12 00:43:41",402.2,2,henryadjanortetteh
8092,16681441,"Lamiaa Al-bdrani","2026-08-07 04:25:50",401.8,1,lamiaaalbdrani
8093,16712633,"Andy Andy","2026-08-13 08:11:38",401.7,2,andy3373
8094,16795877,"Marco Polo","2026-09-16 00:02:55",401.4,2,zhesong1
8095,16657712,"samuel job Adeola ","2026-09-20 22:25:10",401.2,2,samueljobadeola
8096,16750743,"Nagimov Timur","2026-08-20 21:10:30",401.1,2,nagimovtimur
8097,16630662,Akshatjhawar777,"2026-08-05 12:18:30",401.0,2,akshatjhawar777
8098,16622809,"German Vdovin","2026-08-03 00:38:01",400.9,2,ertrerhtytmnbdsefdw
8099,16656951,"[Deleted] 6015b650-8e16-4705-8036-db40bdd2d353","2026-08-04 09:08:05",400.8,1,del=084ea76838ad756b
8100,16944152,JanGO,"2026-09-24 00:35:44",400.7,2,jankoai
8101,16657054,"ömer umut güngör","2026-08-05 06:10:22",400.6,2,merumutgngr
8102,16758093,_student,"2026-08-23 22:21:25",400.4,2,drvtalan
8103,16659588,"Priya J","2026-08-14 05:57:46",400.4,2,priyaj21
8104,16695627,"Xu Lou","2026-08-09 13:01:23",400.4,2,xuxiaozhou666
8105,16664406,"MURDER GOOSE","2026-08-05 09:45:33",400.1,2,ujjwalar
8106,16671911,"Dwi Eflatino","2026-08-16 10:44:17",400.1,2,eflatino
8107,16659459,"Akandé Philippe ABIODOUN","2026-08-06 11:58:09",399.9,2,vrmelo
8108,16786328,"DanishGW School","2026-09-02 03:50:19",399.8,2,danishgwschool
8109,16938488,Firdannn,"2026-09-22 20:12:18",399.8,2,firdannn
8110,16700876,"Oyegoke Emmanuel","2026-09-27 07:00:14",399.8,2,oyegokeemmanuel
8111,16668368,"Waleed Hasan","2026-08-12 01:42:22",399.7,2,whasan
8112,16661453,"Disleve Kanku","2026-08-14 15:32:51",399.6,2,dislevekanku
8113,16659659,"michael J king","2026-09-22 02:24:45",398.9,2,michaeljking
8114,16702980,GCSudarshanReddy,"2026-08-15 17:32:06",398.9,2,gcsudarshanreddy
8115,16689286,"Telman Yusifov","2026-08-09 07:08:46",398.8,2,yusifovtelman
8116,16913940,"Mustafa Rehman","2026-09-21 09:33:59",398.6,2,mustafar34
8117,16719296,Mr.TtT_Games,"2026-08-14 04:58:39",398.5,2,mrtttgames
8118,16679904,"Joshua Bensemann","2026-09-12 12:08:09",398.5,2,qazcat
8119,16707987,"Big Balls Entertainment","2026-08-12 10:18:24",398.3,2,"pavivin,semenkolesnikov"
8120,16701064,KMishra011,"2026-08-20 20:30:34",398.2,2,kmishra011
8121,16664401,"Pranav Premchand","2026-08-05 03:07:24",398.1,1,pranavpremchand
8122,16672292,"KARTIKEY PANWAR","2026-08-06 05:46:16",398.0,2,kartikeypanwar
8123,16670387,"Oracle69 AI","2026-09-26 21:10:07",398.0,2,princeadewaleadewumi
8124,16663815,"Tetsuya Sasaki","2026-09-05 00:00:30",398.0,2,sasakitetsuya
8125,16686411,NeoCodes.Dev,"2026-08-23 23:53:10",397.9,2,neocodesdev
8126,16669945,"Turab Zaidi","2026-08-07 13:27:44",397.8,2,turabzaidi
8127,16671773,"Sawyer Lundberg","2026-08-07 03:33:23",397.8,2,sawyerlundberg
8128,16763400,"Parth Sarnobat","2026-09-24 18:54:48",397.8,2,parthsarnobat
8129,16639727,"Andres Mohali","2026-08-13 23:03:25",397.5,2,mohax3
8130,16661717,"Yaswanth Ippili","2026-08-06 11:32:13",397.4,2,yaswanthippili
8131,16757017,"William Green","2026-09-05 01:33:23",397.2,1,dskswu
8132,16840626,"Christopher Márquez","2026-09-12 22:23:02",397.2,2,christophermrqz1174
8133,16653006,"anthony mbadiwe ikeme","2026-08-18 09:08:02",397.1,2,anthonymbadiweikeme
8134,16888334,"Ohene A","2026-09-14 17:36:00",397.1,2,pamo12
8135,16791546,fatimakhlid,"2026-09-10 21:00:33",397.0,2,fatimakhlid
8136,16919222,"Lakshmi Sayyapureddy","2026-09-20 12:41:09",396.7,2,lakshmisayyapureddy
8137,16708409,toshiconner,"2026-08-12 06:30:06",396.6,2,toshiconner
8138,16661633,"Joseph Garcia","2026-08-19 16:28:08",396.6,2,josephpgar
8139,16690197,"Ankit Kushwaha_06","2026-08-18 08:10:12",396.6,2,ankitkushwaha06
8140,16666596,"Daumas Benjamin","2026-09-03 10:05:38",396.5,2,daumasbenjamin
8141,16726052,"Peter Mugoya","2026-09-17 08:35:32",396.4,2,petermugoya
8142,16639764,CortexExplorer,"2026-09-20 15:15:59",396.4,2,cortexexplorer
8143,16834632,casua132,"2026-09-05 07:56:17",396.1,1,casua132
8144,16658202,"SNAEHATH P","2026-08-06 13:51:15",395.9,2,snaehath
8145,16639916,BloomBerry,"2026-08-12 12:38:31",395.8,2,kagglepalandata
8146,16640810,まさやん,"2026-08-12 15:22:53",395.7,2,masayam1234
8147,16729708,msmsuman,"2026-09-06 11:11:45",395.7,2,msmsumanmuskan
8148,16690299,"EL GORRIM MOHAMED","2026-09-01 10:59:10",395.7,2,elgorrimmohamed
8149,16701885,"Mehdi L.","2026-08-13 13:41:14",395.6,2,lmehdi
8150,16667615,"Zayd Mulani","2026-08-08 23:05:57",395.5,2,zaydmulani
8151,16817520,shreyansh0103,"2026-09-15 09:18:38",395.3,2,shreyansh0103
8152,16666334,UnderBlade,"2026-08-05 09:56:11",395.0,2,"athillazaidan,kurtmikhael"
8153,16663674,"Mason Mahar","2026-08-30 04:00:17",395.0,2,masonmahar
8154,16790615,"Suryansh Vashisth","2026-08-31 10:38:54",395.0,2,songoku2005
8155,16744018,"ZK Adam","2026-08-27 17:40:04",395.0,2,zkadam
8156,16726168,"Shrey Modi","2026-08-15 19:42:14",395.0,2,shreymodi2
8157,16881479,GG,"2026-09-13 11:27:34",394.9,2,ggroth
8158,16715033,"Colton Byers","2026-08-17 10:41:50",394.9,2,coltonbyers
8159,16658498,cheesama,"2026-08-04 23:36:18",394.8,2,cheesama
8160,16805176,"Hritvika Tawde","2026-09-13 11:22:46",394.5,2,hritvikatawde
8161,16736432,"Sarthak #2","2026-08-18 12:33:53",394.4,2,srthkdixit
8162,16656023,JD_Mello,"2026-09-06 01:41:52",394.4,2,jdmello
8163,16664818,"B M Dimpu Shree","2026-08-21 10:51:22",394.3,2,bmdimpushree
8164,16779823,"Jean Dem","2026-08-31 12:38:41",394.3,2,jeandem
8165,16666479,"Prajwal Nivangune","2026-08-09 18:33:51",394.1,2,prajwalnivangune
8166,16658219,"Deepesh Pankaj","2026-08-15 05:58:07",393.9,2,deepeshpankaj
8167,16763938,"joel paul","2026-08-26 02:05:07",393.7,2,joelpaulf
8168,16780101,jjjhoon,"2026-08-28 04:04:26",393.7,2,jjjhoon
8169,16931682,"Vijay kumar Gandem","2026-09-20 18:04:40",393.5,2,vijaykumargandem
8170,16716702,"majjati khalid ","2026-08-19 14:12:32",393.5,2,khalidma
8171,16808705,Danielaijdkx,"2026-09-03 11:29:34",393.4,1,danielaijdkx
8172,16906688,"Qiao Ruicheng","2026-09-17 11:47:47",393.4,2,qiaoruicheng
8173,16671532,"Yuri Nakayama","2026-08-13 11:34:55",393.4,2,yurinakayama
8174,16850232,"Kharchenko Bogdan","2026-09-09 18:57:16",392.9,2,kharchenkobogdan
8175,16624879,indira,"2026-07-31 06:52:02",392.9,2,inansia
8176,16661990,"Olaoluwa Abiodun","2026-08-05 14:57:07",392.8,2,laoluwaa
8177,16843393,"Rizki Syawaldi","2026-09-20 08:55:34",392.6,2,rizkisyawaldi
8178,16695479,Anandhasabesan,"2026-08-09 13:50:37",392.6,1,anandhasabesan
8179,16802028,Dong,"2026-09-11 03:53:23",392.2,2,protostar
8180,16664064,lookapmaka,"2026-08-10 17:19:05",391.9,2,lookapmaka
8181,16665988,"Ronel maamoc","2026-08-31 09:37:13",391.9,2,ronelmaamoc
8182,16759765,"Ososanwo Idris Olaitan","2026-09-11 18:38:06",391.9,2,ososanwoidrisolaitan
8183,16660287,BhatNasir,"2026-08-04 16:29:18",391.9,2,nasir94
8184,16693307,"Vlad Gavrilov","2026-08-09 04:00:29",391.6,2,vladgavrilov
8185,16735307,"Ayush Dhabsa_real","2026-09-10 09:13:50",391.6,1,ayushdhabsareal
8186,16732340,"BJ Kim","2026-08-19 15:17:16",391.5,2,doitdoit80
8187,16666958,TinkerBotics,"2026-08-05 20:29:19",391.1,2,salosojaedwin
8188,16776777,cerceanit,"2026-08-29 14:51:48",390.9,1,uaisamangeldi
8189,16691891,"Gagan Thakur","2026-08-16 04:36:51",390.9,2,gaganthakur2006
8190,16732355,"Nagesh gite","2026-09-06 07:44:05",390.7,2,"kuberb,nageshgite,vasugupta1121"
8191,16890562,Names231,"2026-09-14 16:08:48",390.6,2,names231
8192,16658535,khanna.rohit5,"2026-08-10 05:00:31",390.6,2,khannarohit5
8193,16675385,Apex🦾,"2026-08-14 18:00:17",390.5,2,"raghadabdullara,renadahmadalamri,zzainh"
8194,16673009,CruelShow,"2026-09-13 10:36:40",390.5,2,cruelshow
8195,16768884,z y f 007,"2026-08-31 05:39:35",390.5,2,zyf007
8196,16654290,"Srinivasa Ranga","2026-09-23 20:38:38",390.5,2,srinivasaranga
8197,16685904,KavYaHD,"2026-08-10 13:02:45",390.5,2,kavyahd
8198,16659720,Project_Kurukshetra,"2026-08-16 05:01:34",390.0,2,"chaitanyaterli05,lavanyayandapalli"
8199,16747782,"Muhammad Agam Febryan","2026-08-29 18:22:04",390.0,2,muhammadagamfebryan
8200,16675462,bkcoban,"2026-08-07 18:22:48",389.7,2,bkcoban
8201,16783050,"Charles Chen","2026-09-07 06:24:21",389.7,2,charles2580
8202,16719603,"sravan Tirumala","2026-08-14 03:05:43",389.5,1,sravantirumala
8203,16666216,missss,"2026-08-06 06:49:00",389.5,2,missssb
8204,16941652,里奥梅东,"2026-09-25 10:55:28",389.2,2,lionalmedong
8205,16689877,Amr_Said1233,"2026-08-08 08:48:28",388.9,1,amrsaid1233
8206,16711374,Jascha,"2026-08-13 11:22:30",388.9,2,lippja
8207,16686726,"Skander Neffati","2026-09-19 12:40:23",388.8,1,skanderneffati007
8208,16738441,"Moritz Huber","2026-08-30 21:00:10",388.8,2,moritzhuber
8209,16758681,"Sahil suman","2026-08-26 16:26:13",388.8,2,gruntingtorch
8210,16671512,"Darren Grendi","2026-08-10 00:38:51",388.6,1,darrengrendi
8211,16661095,"AAYUSHMAAN PATEL","2026-08-09 08:16:53",388.5,2,aayushmaanpatel
8212,16660294,"Mohamed Amadu Bangura","2026-08-04 16:14:07",388.4,1,mohamedamadubangura
8213,16730589,山谷知輝,"2026-09-02 02:03:05",388.4,2,tomokiyamaya
8214,16673583,"Priyanshu Jha","2026-08-16 08:10:08",388.4,2,codewithjha
8215,16876529,"Νικόλαος Μπριάκος","2026-09-17 09:06:24",388.3,2,bnikos
8216,16676397,Rohan_Joshi6404,"2026-08-13 13:58:56",388.2,2,rohanjoshi6404
8217,16625418,"Hariprasanth Paranjothy","2026-08-01 05:52:19",388.1,2,hariprasanth8
8218,16759225,"Andrea Jordan Paro","2026-08-24 11:24:14",387.9,2,andreajordanparo
8219,16662267,"Fahim Montasir","2026-08-10 16:15:10",387.8,2,fahimmontasir
8220,16669102,Ritik,"2026-08-07 18:11:13",387.4,2,xritikx
8221,16667759,"Nafis Fuad Shahid","2026-08-05 19:21:39",387.1,2,nafisfuadshahidd
8222,16657063,"those how","2026-08-04 07:50:57",387.1,2,thosehow
8223,16894573,VISHWAPRIYAI,"2026-09-26 05:20:43",387.1,2,vishwapriyai
8224,16717447,zhiyue666,"2026-09-10 09:01:07",387.0,2,zhiyue666
8225,16782192,"Marcelo Correa","2026-09-25 11:24:09",386.9,2,mvcorrea
8226,16860003,"Aatif Sayyad","2026-09-10 21:31:13",386.9,2,aatifsayyad
8227,16712906,"Sharad Garg","2026-08-13 14:54:43",386.3,2,sharadgarg
8228,16625770,"Đức Trung Trần","2026-08-24 11:01:33",386.2,2,ctrungtrn
8229,16691565,"Blu cky","2026-08-09 19:13:27",386.0,2,llmdablucky
8230,16623054,"Max Bond ABE","2026-08-15 22:43:34",386.0,1,maxbondabe
8231,16851939,"Naoya Mieno","2026-09-11 06:19:02",386.0,2,naoyamieno
8232,16716670,"Aremanda Yasaswini","2026-08-13 09:27:46",385.9,1,aremandayasaswini
8233,16665449,AgroVisionAI,"2026-08-11 19:52:49",385.6,2,"aishwaryvarshney,bhuppisharma,kirtisharmaphd,pragyasingh59,priyasingh0590"
8234,16757615,"Muhammad Umer Khan","2026-09-26 09:01:02",385.3,2,mehmedumer0028
8235,16622943,"Erwin Huizenga","2026-09-06 15:04:57",385.1,2,erwinh
8236,16655372,abobakrosman87,"2026-09-26 04:03:07",384.8,2,abobakrosman87
8237,16660489,"Luca Lullo","2026-09-24 06:56:17",384.4,2,lucalullo
8238,16675043,malibu_orange,"2026-09-05 13:27:13",384.3,2,malibuorange
8239,16689349,"Adunola Abdulrahman","2026-08-10 17:38:47",384.3,2,adunolaabdulrahman
8240,16656902,"Ram Chandra Gupta","2026-08-05 10:18:41",384.2,2,ramchandra142
8241,16662319,ethan.ai,"2026-08-13 18:16:35",383.7,2,ethanai
8242,16677747,"Yuvraj Bhatt","2026-08-10 08:38:11",383.5,2,bhattyuvraj22
8243,16638938,Light&Thunder,"2026-08-09 06:39:19",383.4,2,yerne39
8244,16676726,"Manaswi Bansal","2026-08-16 06:28:05",383.4,2,manaswibansal
8245,16663286,"Fan Wang","2026-08-10 21:12:40",383.3,2,wangfan420
8246,16738335,"Xuzhou Dong","2026-08-20 14:39:16",383.3,2,xuzhoudong
8247,16772511,"Max Gläser","2026-08-26 23:39:34",383.3,1,maxglser
8248,16668286,"Sabari V","2026-08-15 14:38:41",383.1,2,sabari112005
8249,16727920,"Youssef Yacoup","2026-09-27 02:17:18",383.1,2,youssefyacoup
8250,16685615,Spectra,"2026-08-07 16:14:32",383.1,2,thomaskressig
8251,16839419,"Gunratna borkar","2026-09-05 23:32:33",382.9,2,gunratnaborkar
8252,16658227,Gugu888,"2026-08-14 04:27:57",382.9,2,gugu888
8253,16660852,"K VISHALINI","2026-08-13 06:59:27",382.9,2,kvishalini
8254,16794302,bettta11,"2026-09-04 23:25:27",382.8,1,bettta11
8255,16793391,"Muhammad Ussman","2026-09-24 20:18:29",382.8,2,muhammadussman
8256,16790076,Jessewudao,"2026-09-04 16:54:58",382.7,1,"jessewudao,zongruixie"
8257,16689344,"Shalini Gangrade","2026-08-09 13:17:30",382.3,2,shalinig1
8258,16669516,GorgeousCookie,"2026-08-06 09:17:13",381.9,2,axellindqvist
8259,16668431,"Harshpreet Singh #2","2026-08-06 01:06:28",381.8,1,harshpreetsingh45
8260,16784030,"Pooja Gera","2026-09-02 15:10:47",381.8,2,poojagera00
8261,16709179,"SATENDRA SINGH","2026-09-17 03:39:22",381.8,2,satendrasingh9876
8262,16856809,"Mateusz Kuzniar","2026-09-08 22:14:50",381.7,2,mateuszkuzniar
8263,16710241,"Julien Serbanescu","2026-08-12 14:32:50",381.5,2,julienserbanescu
8264,16677804,"Pravin Takpire","2026-08-11 08:17:51",381.1,2,pravintakpire
8265,16704985,"Ethan Marchisano","2026-08-24 21:36:54",381.1,2,ethanmarchisano
8266,16691790,"Akshay Sawant","2026-08-08 19:33:14",380.7,2,akshaysawant8983
8267,16693087,osprey2k,"2026-09-09 02:34:27",380.5,2,osprey2k
8268,16892509,"Konko M","2026-09-14 18:52:34",380.4,2,konkomaji
8269,16660228,"Ochuwa Pearl Isa","2026-08-06 09:29:36",380.3,2,pearlisa
8270,16779805,"Ákos Blaschek","2026-09-01 17:21:44",379.9,2,kosblaschek
8271,16774921,"conor lowth","2026-08-28 10:46:42",379.8,2,conorlowth
8272,16732041,"Vallapu Nandini","2026-08-17 10:22:47",379.8,1,nandinivallapu
8273,16947693,"Mohammad Rashid Pathan","2026-09-26 16:47:36",379.7,2,pathanmohammadrashid
8274,16898258,"Eugene Blackman","2026-09-22 22:46:05",379.6,2,eugeneblackman
8275,16765643,canwind,"2026-09-25 14:19:51",379.6,2,canwind
8276,16664617,BarkeviousBingo,"2026-08-19 04:34:59",379.5,2,barkeviousbingo
8277,16709337,"Chris Turnbull","2026-08-11 22:15:57",379.3,2,christurnbull
8278,16661659,"Ivan Zagorulko","2026-08-05 10:53:13",379.2,2,normaldaki278
8279,16662081,Ayush_Bhaskar_25323010,"2026-08-08 19:49:56",379.2,2,ayushbhaskar25323010
8280,16690812,zhangkai_0121,"2026-08-09 01:40:21",379.1,2,zhangkai0121
8281,16663990,"OURNO PAPA SALIF","2026-08-07 23:18:43",379.1,2,belfiremine
8282,16664454,"Naga Vinay Avvaru","2026-08-05 07:04:44",378.9,2,anagavinay
8283,16662162,"THE predict","2026-08-13 21:18:25",378.8,2,vikaspal505
8284,16668268,"Kunal Rout","2026-08-06 05:48:25",378.8,2,charlotte26
8285,16793944,"Grupo 808","2026-08-30 22:36:59",378.8,1,grupo808
8286,16658367,"Prachii Sonii","2026-08-31 17:28:45",378.7,2,prachiisonii
8287,16897491,"Santipab Tongchan","2026-09-15 14:39:58",378.7,1,santipabtongchan
8288,16658512,fatariq,"2026-08-10 21:18:35",378.7,2,fatariq
8289,16915490,"Rounak Mukherjee","2026-09-26 09:11:58",378.7,2,zade799
8290,16689718,HumsAuraTech,"2026-08-21 17:11:42",378.6,2,humaima03
8291,16936198,"Greedy Acres","2026-09-25 06:32:24",378.4,2,axelmd
8292,16858496,"Aziz Alqwm","2026-09-27 07:00:55",378.3,2,azizalqwm
8293,16654758,f--n,"2026-09-06 13:37:43",378.3,1,a17442473
8294,16896549,"Nived P A","2026-09-15 16:39:35",378.1,2,nivedpa
8295,16658304,"KETHAVATH Aadarsh","2026-08-05 21:00:45",377.9,2,kethavathaadarsh
8296,16794153,"harshita harshita","2026-08-31 17:47:11",377.6,2,harshitaharshitaaaa
8297,16643278,"Giovani Moresco","2026-08-06 05:30:45",377.5,2,giovanimoresco
8298,16729351,vlad.shorodok,"2026-08-16 18:05:09",377.4,2,vladshorodok
8299,16848262,Philedo,"2026-09-12 14:33:59",377.1,2,philedo
8300,16726569,"Andrey Balvaneda","2026-08-17 20:59:45",377.1,2,andreybalvaneda
8301,16698188,"Smartex Dan","2026-09-25 22:13:17",377.0,2,smartexdan
8302,16702935,"Defne Demir","2026-08-11 18:27:36",377.0,2,defnedemir
8303,16774592,"Oliad Dandana","2026-08-27 09:28:20",376.8,2,olidan
8304,16662854,"NISCHAY SANJAY JIWANKAR 23115098","2026-08-13 05:38:18",376.8,2,nischay2908
8305,16658286,"Jatin Gujarathi","2026-09-20 08:36:06",376.8,2,jatingujarathi
8306,16935594,"wenya hao","2026-09-27 08:26:54",376.7,2,wenyahao
8307,16670257,RonitKhanna333,"2026-08-12 12:22:11",376.6,2,ronitkhanna333
8308,16659247,cindrella_18,"2026-09-22 09:10:52",376.4,2,"ankithraj30,neharaj1518"
8309,16735580,"Dhiya Nachimuthu","2026-08-30 06:13:38",376.3,2,dhiyanachimuthu
8310,16673201,"Sanjay Varma Malladi","2026-09-18 07:00:17",376.0,2,sanjayvarmamalladi
8311,16758663,"Light In","2026-08-22 19:18:51",375.8,2,lightin45
8312,16629742,yun,"2026-08-15 09:10:21",375.8,2,yuyumarupython
8313,16660515,"pooja sandali","2026-08-08 05:51:03",375.8,2,poojasandali
8314,16727480,MSAM,"2026-09-07 13:43:02",375.8,2,arashdeepsinghmaan
8315,16685207,"Koushik Thummu","2026-08-07 18:15:47",375.5,2,koushikthummu
8316,16741746,"Ahmed Harfoush","2026-08-19 09:47:45",375.2,1,ahmed1harfoush
8317,16681188,"Tresor Mufalme.","2026-08-08 09:29:05",375.0,2,tresormufalme
8318,16670188,orivael,"2026-08-05 21:20:17",374.9,2,orivael
8319,16656860,SamReiswig,"2026-09-02 04:04:09",374.8,1,sreiswig
8320,16661476,slowpoke,"2026-08-29 16:33:07",374.6,2,banboyechristains
8321,16660929,ttkk,"2026-08-12 16:39:58",374.6,1,optimavia
8322,16905792,"Omar Tarek Fahmy","2026-09-16 10:59:04",374.1,1,omartarekfahmy
8323,16714425,sileza,"2026-08-13 12:57:35",374.0,1,azelis
8324,16670565,"Grant Biellak","2026-08-05 22:52:01",374.0,2,grantbiellak
8325,16657438,"Udit Aggarwal1","2026-08-08 19:09:27",373.8,2,uditaggarwal1
8326,16667987,"Kunj Kansara","2026-08-05 13:41:26",373.6,1,kunjkansara
8327,16654788,bumbum,"2026-08-14 12:59:51",373.6,2,krzysztoff1
8328,16692825,"Saad Arain","2026-08-09 12:27:08",373.4,2,saad451
8329,16656932,"Thivvin Raj","2026-08-13 03:53:35",373.4,2,thivvinraj
8330,16733318,"Anuj Bolewar","2026-08-18 11:11:01",373.3,2,anujbolewar
8331,16844246,"CS Abhinay","2026-09-17 08:56:32",373.1,2,csabhinay
8332,16792703,yuvansh,"2026-09-27 07:54:55",373.0,2,yuvansh
8333,16692710,"Baran Haydar","2026-08-12 06:56:50",373.0,2,baranhaydar
8334,16796468,suin7328,"2026-09-05 02:05:08",373.0,2,suin7328
8335,16896207,"Bùi Cao Trí","2026-09-15 16:17:43",372.7,1,bicaotr
8336,16654258,"Ashray Bagde","2026-08-13 08:13:00",372.6,2,ashrayaaaaa
8337,16875657,"Валерия Захарова","2026-09-12 23:53:56",372.5,2,melomanpanda
8338,16663981,"Steven Pun","2026-08-07 01:59:52",372.5,2,stevenpunn
8339,16920572,"Mahalakshmi boga","2026-09-26 12:26:50",372.4,2,mahalakshmiboga
8340,16662791,"Shiva Neshan yuva","2026-08-15 18:39:16",372.4,2,shivaneshanyuva
8341,16890222,"Borisov Emilian","2026-09-18 05:14:34",372.2,2,emili123
8342,16682386,"Charbel Nehme","2026-09-27 07:47:40",371.9,2,charbelnehme
8343,16731108,"Vipparla Nandini","2026-08-17 06:29:48",371.9,1,vipparlanandini
8344,16664450,"Fritz Adelbertus","2026-08-10 01:13:44",371.8,1,fritzadelbertus
8345,16761784,"Ghaith Kammoun","2026-08-24 21:19:54",371.8,2,ghaithkammoun
8346,16727326,AhmedMousaHassan2510,"2026-08-17 12:56:01",371.7,2,ahmedmousahassan2510
8347,16710244,Bytemindd,"2026-08-26 10:20:45",371.7,2,"daisy023,sruthikanv,thasneemj,uthayanandhini,vajraparameswari"
8348,16666257,"Shijian Wen","2026-08-06 09:40:44",371.6,2,shijianwen
8349,16706257,dlv,"2026-08-13 11:11:14",371.6,2,ducott1
8350,16867865,"ADITYA RAJ","2026-09-20 17:14:43",371.5,2,adityaraj2026yp
8351,16809202,amano,"2026-09-03 13:44:49",371.2,2,amanoshotaro
8352,16894517,kuchinwei,"2026-09-17 14:52:52",371.1,2,kuchinwei
8353,16870467,wentingyun,"2026-09-11 10:21:01",371.1,1,wentingyun
8354,16691753,"Jan Moilanen","2026-08-09 12:02:17",371.0,2,janmoilanen
8355,16794088,"Felipe Colombarolli","2026-08-31 00:46:32",370.9,2,felipecolombarolli
8356,16684225,"Aum Savaliya","2026-08-10 20:10:02",370.6,2,aumsavaliya
8357,16730745,"Aymerou Yaya Koné","2026-09-26 01:30:11",370.6,2,aymerouyayakon
8358,16671613,Tyler_026,"2026-09-26 09:44:50",370.6,2,tyler026
8359,16890976,zyh222,"2026-09-24 04:52:22",370.5,2,"eason0407,hrj314,tanghuan2005,zyh222"
8360,16705696,"TS Farmer","2026-08-13 11:22:09",370.4,2,"shivangkainth,tusharsekhri27"
8361,16792567,"Karan Rai","2026-09-24 22:40:06",370.4,2,karanrai248
8362,16749503,ally,"2026-08-23 11:48:49",370.3,2,phamngoclinh
8363,16891519,SongShijieCC305,"2026-09-14 16:03:59",370.1,2,songshijiecc305
8364,16690947,"Veiled Star","2026-08-10 13:36:49",370.1,2,veiledstar
8365,16727022,Saharkh99,"2026-09-01 00:18:26",369.6,2,saharkh99
8366,16628404,theken,"2026-08-09 12:19:19",369.5,2,theken
8367,16658519,"David kinyanjui","2026-08-31 07:10:00",369.3,2,davidkinyanjui
8368,16673825,h_jun,"2026-08-10 06:21:12",369.2,1,lhjoon77
8369,16757236,"Erlanda Miko P","2026-08-23 07:02:01",369.1,2,snneva
8370,16721529,"Danny De Bree","2026-08-20 09:46:36",368.7,1,dannydebree
8371,16668479,"Muneera Mahjabeen","2026-09-15 03:45:05",368.6,2,muneeramahjabeen
8372,16662197,"Zehra Basaral","2026-08-07 10:42:57",368.5,2,zehrabaaral
8373,16690029,Nitesh_Prajapati2569,"2026-09-15 07:04:17",368.4,2,niteshprajapati2569
8374,16706516,"Mohit Khade13","2026-08-26 16:03:22",368.4,2,mohitkhade13
8375,16729669,HYPEREUCLIDEAN,"2026-08-19 07:47:48",368.3,2,hypereuclidean
8376,16689943,"NAM NGUYỄN CÔNG","2026-09-24 12:41:05",368.0,2,namnguyenhcmut
8377,16773370,"Nishant #1","2026-08-26 06:11:42",367.9,1,nishanttomar110
8378,16888733,"Sébastien Callegari","2026-09-14 03:49:42",367.8,1,sbastiencallegari
8379,16710417,"Aryant Jadhav","2026-08-15 18:57:18",367.8,2,aryantjadhav
8380,16669218,"Shaik Sabiya","2026-08-12 09:15:22",367.5,2,shaiksabiya55
8381,16924761,"Chang Loukas","2026-09-24 06:22:27",367.3,2,changloukas
8382,16730191,rRTZZZ,"2026-08-17 02:43:14",367.2,2,rrtzzz
8383,16796572,"Phan Van Hieu ","2026-08-31 14:23:03",367.2,2,phnvnh
8384,16695177,"Ajith Bagali","2026-08-15 12:23:37",367.1,2,ajithbagali
8385,16758192,"Dev Monk","2026-08-29 14:03:22",367.0,2,devmonk63
8386,16696384,Sisu16,"2026-08-13 20:13:27",366.9,2,sisu16
8387,16722757,"Sebastian Adamatzky","2026-08-14 19:10:23",366.8,2,sebastianadamatzky
8388,16675324,"Attempt Seven","2026-08-10 10:13:50",366.7,2,attemptseven
8389,16658960,"Amit Kumar","2026-08-06 05:44:30",366.6,2,anmitkumar
8390,16739939,crescent_star,"2026-09-09 04:42:10",366.4,2,cenzop
8391,16784379,超级陆战队,"2026-08-29 14:43:33",366.4,2,luyi61227
8392,16679850,AryaGarg23,"2026-08-09 03:33:14",366.3,2,aryagarg23
8393,16678298,"RITIK CHAUDHRY","2026-08-10 13:34:35",366.1,2,ritikchaudhry13
8394,16723569,"Trishanth Mellimi","2026-08-15 07:09:55",365.5,2,trishanthmellimi
8395,16855738,"Anuj Gupta","2026-09-09 07:38:48",365.5,2,anuj6540
8396,16634352,"sovit karki","2026-08-12 17:21:13",365.5,2,sovitkarki
8397,16635130,Pongsaky,"2026-08-01 12:56:02",365.2,2,gantanch
8398,16770085,AllenCheng329,"2026-08-25 10:05:43",365.0,1,allencheng329
8399,16906238,Naaz,"2026-09-17 06:33:26",365.0,2,naaz03
8400,16662964,"Tim Ogilvie","2026-08-13 13:18:59",364.7,2,timogilvie
8401,16662967,"Amalio Gomez","2026-08-04 22:07:16",364.6,1,amaliogomez
8402,16671714,"Donnell Layne","2026-08-07 15:40:35",364.5,2,jupiter1127
8403,16717797,"patan hashmi","2026-08-13 15:02:52",364.4,1,patanhashmi
8404,16764608,messibeatgravity,"2026-08-24 05:34:05",364.3,1,messibeatgravity
8405,16780915,"Aravind S","2026-09-22 14:16:59",364.1,2,aravind20061981
8406,16723947,"Ariel GNANSOUNOU","2026-09-22 21:11:28",364.1,1,arielgnansounou
8407,16641330,"Takuya Yoshimi","2026-08-04 05:16:22",364.0,2,tkyysm
8408,16634219,"Michael J Hammel","2026-08-01 11:37:10",363.5,2,michaeljhammel
8409,16769110,tianlululing,"2026-08-26 13:09:45",363.3,2,tianlululing
8410,16665959,"Lourenz Baliber","2026-08-18 00:34:06",363.2,1,lourenz
8411,16628521,arai9953,"2026-08-24 22:46:57",363.1,2,arai9953
8412,16679392,Dickie,"2026-08-09 09:05:10",363.0,2,dickieho
8413,16685625,"silvan ion","2026-08-08 13:05:39",362.9,2,john1one
8414,16779769,"Pravin jeyavel","2026-09-14 05:39:48",362.9,2,pravinjeyavel
8415,16799743,"Luc Tellier","2026-09-05 08:31:17",362.9,1,luctellier
8416,16633475,betagammashtrit,"2026-08-29 16:24:03",362.7,2,betagammashtrit
8417,16652230,BorisSpider,"2026-08-13 11:34:46",362.6,2,borisspider
8418,16733961,"Julia Fredo","2026-09-27 00:20:10",362.6,2,juliafredo
8419,16665400,FieldOps,"2026-08-10 16:16:03",362.6,2,sycpr1me
8420,16705300,T3485D5T,"2026-09-03 08:20:18",362.6,2,"danijelbilalli,t3485d5t"
8421,16682869,"Sepideh Rahmati","2026-09-14 09:43:57",362.4,2,sepidehrahmati
8422,16779505,"Prasad Ovhal","2026-09-24 13:31:06",362.4,2,prasadovhal
8423,16771187,FernandoRB,"2026-08-26 15:53:49",362.4,2,fernandorb
8424,16657883,jps,"2026-08-06 08:36:04",362.3,2,jahaziel
8425,16668523,Bumblerrr,"2026-08-06 19:46:02",362.3,2,bumblerrr
8426,16668696,Fabian,"2026-09-03 15:52:06",362.0,1,fabiantoh98
8427,16668673,"kyran sinha","2026-08-14 14:21:34",362.0,2,kyransinha
8428,16891781,"mohamed saafan","2026-09-14 14:54:04",361.9,2,mohamedsaafan
8429,16747544,OliverYip,"2026-08-25 06:01:07",361.1,2,oliveryip
8430,16677761,"Rithuraj Nambiar","2026-08-06 18:11:41",360.8,2,rithurajnambiar
8431,16688381,"Teresa Fitzgerald","2026-09-13 21:02:07",360.6,2,teresafitzgerald
8432,16653001,"Alexey Kuleshov","2026-08-04 12:07:51",360.6,2,alexkulll
8433,16634720,Thiyo,"2026-08-18 11:51:04",360.5,2,thimirajayasekara
8434,16794431,"Yash Apps","2026-09-08 04:12:52",360.5,2,yashwanthgajji
8435,16675093,"Nikhil Srivastava","2026-08-15 08:47:12",360.4,2,nikhilsrivastavark
8436,16867501,aueurm,"2026-09-11 05:07:13",360.4,2,aueurm
8437,16657687,"Siddardha Shayini","2026-09-15 12:52:57",360.4,2,siddardhashayini3
8438,16656190,"Akshaj Shandilya","2026-08-06 03:14:36",360.3,2,akshajshandilya
8439,16689970,"Константин Паращук","2026-08-08 09:15:08",360.2,1,kangchenxi
8440,16624102,Khadersha.sk,"2026-08-03 02:45:03",359.9,2,khadershask
8441,16801437,"Koh Saito","2026-09-05 06:01:20",359.7,1,kohsaito
8442,16670724,"Neel Patel","2026-08-14 19:33:43",359.7,2,n33lpat3l
8443,16828390,Yuhuping,"2026-09-04 11:22:14",359.6,1,yuhuping
8444,16655737,Dharshini,"2026-08-08 15:00:05",359.6,2,dharshini1812
8445,16730060,"Enzo Pio","2026-08-21 16:44:03",359.6,2,enzopio
8446,16673310,dffzno1,"2026-08-14 01:44:55",359.4,2,joyzip
8447,16693098,broken_gpu,"2026-08-30 10:07:27",359.3,2,brokengpu
8448,16638343,"Phong Khoi","2026-08-04 12:20:52",359.2,2,phongkhoi
8449,16759115,chabinhwang,"2026-08-22 14:33:59",359.2,1,chabinhwang
8450,16894000,"Vivek Silimkhan","2026-09-15 11:11:29",359.0,2,viveksilimkhan
8451,16659312,qwertyDmitry,"2026-08-05 13:44:24",358.9,2,qwertydmitry
8452,16715097,"Yusuf Yavuz","2026-08-13 00:25:40",358.8,1,yusufyavuzz
8453,16659394,"יוסף בש","2026-08-09 15:11:23",358.8,2,josiii123212
8454,16674012,ahankesumah,"2026-08-16 07:34:05",358.8,2,ahankesumah
8455,16907754,Shenghan,"2026-09-22 16:17:41",358.6,2,shenghanxie
8456,16717522,kyunyoung,"2026-08-14 07:16:00",358.4,2,kyunyoung
8457,16641665,huangjunjia,"2026-08-04 14:12:26",358.4,2,huangjunjia777
8458,16747683,"Jianyu Lin","2026-08-27 13:05:05",358.4,1,jianyulin1999
8459,16684677,"Sean Southwick","2026-08-27 14:45:32",358.3,2,seansouthwick
8460,16663969,"Aarush Kute","2026-09-21 17:06:14",358.2,2,aarushkute
8461,16763255,"I P Tharun Gowda","2026-09-16 17:24:11",358.2,2,iptharungowda
8462,16658882,"toukali samir","2026-08-07 13:43:05",358.1,2,toukalisamir
8463,16669176,"Karakam Sridevi","2026-08-11 07:44:48",358.1,2,karakamsridevi
8464,16702771,n_samii,"2026-08-14 01:20:08",358.0,2,nsamii
8465,16660397,Divyansh82Raj,"2026-08-04 15:01:28",358.0,2,divyansh82raj
8466,16728881,Ch.Manvita,"2026-08-16 16:33:52",357.8,2,chmanvita
8467,16796834,"Harsh Gupta #2","2026-09-09 19:20:48",357.7,2,harshgupta0415
8468,16933436,"Shi Chen","2026-09-22 07:39:57",357.5,2,hjhhhk
8469,16716497,xpxg,"2026-08-16 17:04:22",357.5,2,deepxchat
8470,16708723,zaltark,"2026-09-25 12:29:49",357.4,1,zaltark
8471,16785676,Bilal11122,"2026-08-29 08:15:46",357.4,1,bilal11122
8472,16702742,"Kavyanshu Singh","2026-08-11 10:47:02",357.2,2,kavyanshusingh
8473,16666590,"Hoàng Anh Tú","2026-08-12 23:59:58",357.0,2,anhtu9999
8474,16681638,aadi_065_,"2026-09-27 03:50:16",356.9,2,aadi065
8475,16715988,"Hsyn Kskn","2026-09-03 12:08:15",356.9,2,hsynkskn
8476,16668592,"Ashutosh jatav","2026-08-09 13:34:45",356.8,2,ghost1412
8477,16710564,"Clarice Harijanto","2026-08-14 04:28:13",356.7,2,clariceting
8478,16688364,"Om Raval08","2026-08-21 02:57:23",356.6,2,omraval08
8479,16696419,detectivseb,"2026-08-12 10:34:45",356.6,2,detectivseb
8480,16733007,"Not Found","2026-08-17 16:32:16",356.5,4,"ammarkhan05,zainabirfanansari"
8481,16947575,Rekh_Sharath_Chandra,"2026-09-26 07:37:12",356.4,2,rekhsharathchandra
8482,16664671,Acteus,"2026-08-06 00:01:12",356.2,2,acteus
8483,16895317,MrUserm,"2026-09-25 18:18:10",355.9,2,mruserm
8484,16661002,"Eliyas sk","2026-09-02 12:32:51",355.8,2,eliyassk
8485,16721615,"Dai Dai","2026-09-08 07:59:14",355.7,2,jumpingdaidai
8486,16668159,ABDELGHANY,"2026-08-12 11:04:36",355.3,2,abdelghanyrageh
8487,16662577,"Shreyash Suryawanshi","2026-09-02 19:42:31",355.2,2,shreyashsuryawanshi
8488,16771216,"Hugo Ponce","2026-08-25 17:54:30",355.2,2,hugoskn
8489,16739447,"Jacob Stambaugh","2026-08-19 17:53:29",355.2,2,jacobstambaugh
8490,16677470,"Saish Walavalkar02","2026-08-09 12:44:51",355.0,2,"harichaudhari1,kaiserjayin,meetramjiyani,nirbhaygajabi30,saishwalavalkar02"
8491,16909521,"Rabs Cats","2026-09-17 02:10:02",355.0,1,rabscats
8492,16803129,hdttnk,"2026-09-02 14:13:00",354.9,2,hdttnk
8493,16881853,Sleepyman,"2026-09-15 09:22:24",354.8,2,alishakeri1
8494,16775684,ketterking,"2026-09-27 08:29:04",354.6,2,"ketterwang,wwppyywwww"
8495,16655689,花朝,"2026-08-05 04:10:02",354.5,2,xhxyyds
8496,16660980,"João Marcelo Curi","2026-08-05 18:31:19",354.2,2,joomarcelocuri
8497,16638383,"Yunus Emre Sarıduman","2026-08-12 12:57:08",354.2,2,emresariduman
8498,16792188,anisotropies,"2026-09-12 05:25:04",354.2,2,achan31
8499,16637762,"Greek olive oil","2026-08-09 19:56:48",353.9,2,alexanderchar
8500,16785821,"Naresh Meena","2026-08-28 21:24:31",353.7,1,nareshmeena12
8501,16630772,"Mitsuhiro Iizuka","2026-08-04 10:31:00",353.5,2,mitsuhiroiizuka
8502,16654330,"Perumalla Pujitha","2026-08-12 18:09:24",353.5,2,perumallapoojitha
8503,16903827,"joy lul","2026-09-24 06:52:11",353.5,1,joylul
8504,16755264,wsdsby,"2026-08-21 15:16:42",353.4,2,wsdsby
8505,16693147,"Oliver Curtis1","2026-08-09 14:51:57",353.4,2,olivercurtis1
8506,16745497,"Handsome Heretic","2026-08-21 19:14:30",353.2,2,handsomeheretic
8507,16701060,"Paula Jimenez","2026-08-22 16:18:37",353.2,2,paulajimenez
8508,16666275,HeatS33ker,"2026-08-15 14:37:36",353.0,2,byronokou
8509,16866482,"Sunday Ibidapo","2026-09-10 21:46:49",352.7,1,sundayibidapo
8510,16877927,"EFE ULKER","2026-09-12 00:13:05",352.5,2,efeulker
8511,16793536,yukko08,"2026-09-25 12:09:25",352.3,2,yukko08
8512,16721948,ziszim,"2026-08-26 14:38:30",352.3,2,ziszim
8513,16656946,"Sambit Padhan","2026-08-05 10:10:10",352.2,2,sambitpadhan
8514,16640901,"Kian Maghsoodi","2026-08-20 23:01:51",352.1,2,kizmodo
8515,16890029,"Siqing Jing","2026-09-15 02:53:04",352.0,2,siqingjing
8516,16762854,J8young,"2026-08-26 13:52:54",351.9,1,j8young
8517,16665460,"Shubham kumar jha","2026-08-23 07:36:36",351.9,2,shubhamjhakr
8518,16655257,"Afia Animah Fosu","2026-08-04 18:21:50",351.7,2,afiaanimahfosu
8519,16633944,Toru59er,"2026-09-27 03:24:04",351.4,2,toru59er
8520,16666997,"Krishnamurthy Venkatasubramanian","2026-08-05 15:09:46",351.4,2,krishnamurthyvenkat
8521,16667177,"Raunak Phull","2026-08-10 11:14:44",351.3,2,raunakphull4
8522,16711573,"Sushmitha Vasantha","2026-08-13 09:08:29",351.2,1,sushmithavasantha
8523,16882081,Aabualella,"2026-09-13 00:58:37",351.0,1,aabualella
8524,16933048,"Anusuya Gurusamy","2026-09-23 04:45:03",350.9,2,anusuyagurusamy
8525,16661891,BALLEN1337,"2026-08-04 19:22:30",350.9,2,ballen1337
8526,16770758,"Maor talker","2026-08-26 20:18:59",350.9,2,maortalker20
8527,16697627,abinandhan03,"2026-09-01 10:38:15",350.8,2,abinandhan03
8528,16670988,"Pavle Skoric","2026-09-24 21:18:17",350.7,2,pavleskoric
8529,16641140,NITISH_GOYAL1,"2026-08-27 06:42:29",350.7,2,nitishgoyal1
8530,16654213,"Hojin Jang","2026-08-20 09:59:20",350.7,2,hojinjang
8531,16675801,"Neeraj Jha","2026-09-27 07:38:16",350.7,2,neerajjha1996
8532,16656472,angusdddsa,"2026-08-04 06:04:22",350.6,2,angusdddsa
8533,16709519,"p pxl16","2026-08-19 09:49:35",350.5,2,ppxl16
8534,16738581,"mr moradi1","2026-08-18 14:31:26",350.3,1,mrmoradi1
8535,16858795,"Радик Владимирович Хорошев","2026-09-10 07:59:02",350.3,2,rodionkh
8536,16747403,"Kanchan Chavan","2026-09-12 17:46:56",350.2,2,momovedant
8537,16752067,neuroxaker,"2026-08-22 14:50:32",350.1,2,neuroxaker
8538,16722122,Abhas20,"2026-08-19 10:02:51",349.9,2,abhas20
8539,16666218,"sugan Chandrasekar","2026-08-16 11:02:09",349.8,2,suganchandrasekar
8540,16662589,"Arunagirinadan Sudharshan","2026-09-20 10:20:48",349.7,2,sudhanaruna
8541,16709754,"Simon Preuss","2026-08-12 16:39:55",349.4,2,simonpreuss01
8542,16629476,NOOBS,"2026-08-09 19:58:48",349.4,2,"patelkrishna8,sakshamranawade,shravanideshpande25"
8543,16657658,"Esther Usman","2026-08-25 23:45:50",348.9,2,estherusman
8544,16691027,"Jelle Maas","2026-08-08 14:58:19",348.8,2,jellemaas
8545,16738563,"Amrutha H","2026-09-16 13:19:31",348.6,2,amr13utha
8546,16780268,"SAI ESHWAR S","2026-08-29 06:26:11",348.4,1,saieshwars
8547,16898498,"Prakash Bandi","2026-09-21 01:59:35",348.3,2,prakashbandi
8548,16927652,"Mukilan A.R.","2026-09-27 03:40:27",348.3,2,mukilanar
8549,16739702,"Vasantha Kumar552","2026-08-19 07:22:10",348.2,2,vasanthakumar552
8550,16770039,"Yevhen Tsyba","2026-09-23 06:25:44",348.1,2,yevtsy
8551,16740197,Winssk,"2026-08-27 01:55:06",347.9,2,winssk
8552,16659533,"Pavan Desai","2026-08-10 16:29:20",347.9,2,pavancdesai
8553,16831875,"Hamza Mughrabi","2026-09-06 19:10:53",347.8,2,hamzamughrabi
8554,16661331,"John Wessel","2026-09-26 20:15:27",347.7,2,johnwessel
8555,16685164,cleanledger,"2026-08-07 13:38:23",347.6,2,cleanledger
8556,16656480,"Dip Biswas","2026-08-07 04:35:56",347.4,2,dipjacobiswas
8557,16716585,"tejaswini kakollu","2026-08-13 09:12:37",347.3,1,tejaswinikakollu
8558,16716649,"Meghana Busse","2026-08-13 09:33:08",347.2,1,meghanabusse
8559,16662647,"Ruben Maya","2026-09-23 22:06:52",346.9,2,rubenmaya
8560,16778526,starkhushi,"2026-08-27 07:01:28",346.9,2,starkhushi
8561,16624029,"Miguel Angel Rodriguez Fonseca","2026-08-07 03:55:38",346.9,2,miguelangelrodriguez
8562,16665907,"Jonathan Saina","2026-09-15 23:12:31",346.4,2,jonathansaina
8563,16655250,"Juan Pablo Ponce","2026-08-08 03:34:18",346.4,2,juanpabloponce28
8564,16755029,"Jashan Bajwa","2026-08-22 12:56:30",346.1,2,jashanbajwa
8565,16641606,"Tanisha Sahu","2026-08-02 14:39:27",346.0,2,tanisha3
8566,16848598,"Work 3","2026-09-12 09:26:57",345.9,2,nanisriram
8567,16716322,zhaimh,"2026-08-14 02:43:21",345.8,2,zhaimh
8568,16831170,"None #2","2026-09-05 04:16:51",345.8,2,mdmorshalinemojumder
8569,16876354,A_Mose,"2026-09-12 08:57:15",345.7,2,mmameh
8570,16927163,1234321,"2026-09-23 18:14:38",345.7,1,sakamoto1234
8571,16656135,"JAYASURYA R","2026-08-05 15:43:01",345.7,2,suryar261
8572,16628409,"yann sadowski","2026-07-31 09:39:25",345.3,1,yannsadowski
8573,16657142,"Vishisht Gupta","2026-08-16 16:16:54",345.2,2,vishishtgupta
8574,16841549,"Ayush Kumar #4","2026-09-06 03:30:02",345.1,2,akyushumar
8575,16669298,"Dinesh Naveen Kumar Samudrala","2026-09-27 03:10:36",345.1,2,dnkumars
8576,16794285,Penelope.pnlp,"2026-09-01 15:38:43",345.1,2,penelopepnlp
8577,16831106,asd1984,"2026-09-05 17:40:01",345.0,2,asd1984
8578,16726381,"Adriana Redondo","2026-08-15 19:39:41",344.9,1,adrianaredondo
8579,16659410,TTH,"2026-08-07 08:21:16",344.9,2,tthungdz
8580,16656919,Sumaiya,"2026-09-09 18:09:44",344.8,2,ayeshasummaiyya
8581,16662428,"Sonu kumar","2026-08-24 05:18:49",344.8,2,sonukumar9142
8582,16718662,Safin,"2026-08-22 17:50:27",344.6,2,safinlynx
8583,16732936,"Kateryna Dudko","2026-08-25 12:15:40",344.5,2,dudkiina
8584,16661351,"Adekojo Adeyemi","2026-08-04 15:25:52",344.4,1,adekojoadeyemi
8585,16732296,"duong nguyen","2026-08-20 14:51:38",344.4,1,duongnguyen161
8586,16682108,"Shadow Monarch","2026-08-17 06:45:10",344.3,2,avinashk01
8587,16667105,"Vikram Tiwari","2026-08-10 11:12:26",344.3,2,vikramtiwari
8588,16876167,"kjl jkl","2026-09-17 15:51:01",343.9,2,kjljkl
8589,16690098,"Akshay Kashyap","2026-08-10 17:10:28",343.7,2,akshaykashyapakku
8590,16870360,"Tedi Septiana","2026-09-14 06:57:54",343.2,2,tediseptiana
8591,16912504,"Zongyi Zhou/ Joe","2026-09-22 15:24:35",343.1,1,zongyizhoujoe
8592,16681397,"Vishal Dubey","2026-08-11 08:51:13",343.0,2,visha1dubey
8593,16666577,"Jatin khandelwal112","2026-08-05 11:26:41",342.8,2,jatinkhandelwal112
8594,16680015,"Khôi Trương","2026-08-10 01:11:55",342.8,1,kiykhoi
8595,16917267,"jean-thomas Dauchel","2026-09-18 21:41:23",342.6,1,jeanthomasdauchel
8596,16716594,"U Anand Williams","2026-08-13 09:19:09",342.4,1,uanandwilliams
8597,16937616,"ZIYU NI","2026-09-21 17:26:32",342.4,1,jacsonpercy
8598,16649794,"Wanzhu Zhao","2026-08-04 13:04:05",342.4,2,wanzhuzhaora
8599,16735393,Dai_Research,"2026-08-18 10:40:17",342.4,2,dairesearch
8600,16683400,"wo zhe yi sheng ru lu bo bing","2026-08-10 16:53:48",341.9,2,"ivanlo103,panckck,waijai"
8601,16677950,"Rounak Laddha","2026-08-15 01:47:41",341.7,1,rounakladdha
8602,16777515,Abhimanyu21,"2026-08-27 13:33:38",341.5,2,abhimanyu21
8603,16741512,Offenders,"2026-08-30 15:08:39",341.5,2,"karthicchockalingams,shakil2411,shehnaaz01"
8604,16783322,kentaro,"2026-08-29 03:55:45",341.4,2,kentarokujo
8605,16927761,"M Asghar Shakir","2026-09-21 04:04:32",341.3,2,masgharshakir
8606,16654808,Vishwajeet-maker,"2026-08-17 21:17:02",341.1,1,vishwajeetmaker
8607,16757338,Dewakaran,"2026-08-22 05:34:35",341.1,1,dewakaran
8608,16690077,"GOMATHI PRIYA","2026-08-13 06:38:45",340.8,2,gomathipriyaraj22
8609,16630007,"Yuankun Liu","2026-07-31 15:48:13",340.8,2,lyk1652
8610,16723047,"Matheus Finger","2026-09-11 19:15:11",340.7,2,matheusfinger
8611,16665996,AVATAR3905,"2026-08-06 18:14:01",340.5,2,avatar3905
8612,16674725,"rajan jha","2026-08-13 12:05:42",340.3,2,rajan1673
8613,16913989,Sanatan21,"2026-09-18 11:41:17",340.2,2,sanatan21
8614,16658817,"Andrew Glez","2026-08-04 12:10:17",338.6,1,andgos
8615,16652422,Kite,"2026-08-17 16:26:55",338.6,1,kiteyinlong
8616,16940601,ShreyanshK099,"2026-09-23 07:57:43",338.6,2,shreyanshk099
8617,16683087,qiuchenglong,"2026-08-07 09:25:48",338.5,2,qiuchenglong
8618,16697694,"Adithya Thiruvalluvan","2026-08-29 17:28:42",338.4,1,forestfire7
8619,16723273,"Bradley ZODOME","2026-08-19 07:06:18",338.3,2,bradleyzodome
8620,16937995,"Aleksandr Rybin","2026-09-21 22:21:56",338.3,2,aleksandrrybin
8621,16690775,"Prasanna Raut","2026-08-08 20:41:38",338.3,2,prasannaraut
8622,16661191,"Yudha Eka Saputra","2026-08-04 19:28:31",338.3,2,yudhaekasaputra
8623,16949156,"shamaev dimon PR-3-1","2026-09-23 19:16:32",338.1,1,shamaevdimonpr31
8624,16641294,YogeshG22,"2026-08-03 17:58:51",338.0,2,yogeshg22
8625,16735966,kyone,"2026-08-18 08:09:32",337.9,1,xtraky
8626,16657145,"Shudipto Trafder","2026-08-04 19:25:24",337.9,1,iamsdt
8627,16716713,"T Vamsi Krishna","2026-08-13 09:37:43",337.6,1,vamsee3763
8628,16666719,helenkwok,"2026-09-12 06:53:13",337.5,2,helenkwok
8629,16658733,luoqiuy,"2026-08-04 10:46:04",337.5,2,luo912
8630,16862308,"Furkan CAT","2026-09-10 15:07:24",337.5,2,furkancat
8631,16715791,CustardApple47,"2026-09-06 11:34:26",337.4,2,custardapple47
8632,16770270,"salthiel nishimwe","2026-08-25 10:45:23",337.4,2,salthielnishimwe
8633,16668091,Solidscripts.io,"2026-09-24 02:14:47",337.3,2,juancamera1
8634,16700360,"Thanush Soma","2026-08-10 09:49:02",337.3,2,thanushsoma
8635,16711497,"Korvi sai kumar","2026-08-13 08:02:21",337.2,1,korvisaikumar
8636,16664147,JordanM10,"2026-08-05 19:54:08",337.2,1,jordanm10
8637,16654688,"Terrell Millz","2026-08-10 16:08:33",337.1,2,terrellmillz
8638,16936809,"Caleb Ibeh","2026-09-22 08:34:43",336.8,2,calebibeh
8639,16743604,KeswaniRohit,"2026-08-22 17:19:18",336.8,2,keswanirohit
8640,16691153,"Hafsa Rouchdi","2026-09-26 12:25:36",336.5,2,hafsarouchdi
8641,16623739,SarsaShen,"2026-08-05 07:12:00",336.4,2,sarsashen
8642,16751311,JoangHZ,"2026-08-21 09:18:57",336.3,2,joanghz
8643,16661390,"Raúl García Gómez","2026-08-04 17:04:39",336.1,2,corso138
8644,16624235,appu2431,"2026-08-11 15:56:41",336.1,2,appu2431
8645,16696439,VaraPrabha,"2026-08-10 04:36:00",336.0,2,galiveetipoornima
8646,16660246,taqnik,"2026-08-08 11:54:39",336.0,2,taqnik
8647,16879281,"Monesh M","2026-09-25 19:41:47",335.8,2,moneshm908
8648,16673167,Karam96,"2026-08-08 11:40:36",335.7,2,karam96
8649,16692906,CodeZee,"2026-08-09 19:50:49",335.5,2,codewithzaeem
8650,16768551,"AAYUSHMAAN SINHA","2026-08-25 02:43:00",335.2,2,aayushmaansinha
8651,16867163,"Harikesh Shukla","2026-09-14 05:04:51",335.1,2,harikeshshukla
8652,16646644,BeyondBirthday,"2026-08-09 06:39:01",334.9,2,near07
8653,16721675,stork8i,"2026-08-14 13:16:26",334.5,1,stork8i
8654,16844410,ナポレオン,"2026-09-07 15:46:40",334.5,2,naporeondesu
8655,16682632,Sebastiaan,"2026-08-27 18:24:40",333.9,2,sebastiaanreinders
8656,16622097,"Garrick C.P.","2026-08-10 18:12:06",333.9,2,garrickchinnis
8657,16711383,"Monika Kocianova","2026-08-14 11:01:11",333.7,2,monikakocianova
8658,16795163,"Nguyễn Đỉnh","2026-09-14 05:05:43",333.5,2,nguyendinh1507
8659,16652805,"Rodrigo Batista da Silva","2026-08-13 13:35:19",333.4,2,eurodrigobatista
8660,16658319,"Huỳnh Nguyễn Trọng Tín","2026-08-06 06:23:40",333.3,2,tnhunhnguyntrng
8661,16767037,"Yubraj Sigdel","2026-08-24 15:45:56",333.2,1,yubraj11
8662,16655446,"Ismael Omar Leonidas Hurtado Vargas","2026-08-04 00:07:01",333.1,1,ihurtadov
8663,16682229,"mayuri sarangi","2026-08-29 14:03:36",333.0,2,mayurisarangi
8664,16691936,"Adhar Chaudhari 07","2026-08-09 08:13:35",332.9,2,adharchaudhari07
8665,16659260,hitesh,"2026-08-05 19:29:28",332.9,2,shahhs
8666,16735080,"SARTHAK PATIL","2026-09-02 19:23:03",332.4,2,sarthakpatil23
8667,16735751,"Hasan Taşkın","2026-08-24 19:36:02",332.2,2,hasantaskin
8668,16633133,Holeneckles,"2026-09-25 05:06:07",332.1,2,holeneckles
8669,16732873,"Yash Rana","2026-08-18 04:57:04",332.1,2,yashrana24
8670,16696800,"VEER GOMA","2026-08-14 15:42:47",332.0,2,novaxoxo
8671,16852606,Hallucinators,"2026-09-26 08:59:16",331.9,2,samikshakamdi
8672,16668471,Broomva,"2026-08-05 14:57:35",331.6,1,broomva
8673,16845081,"Sera Ria Gomes","2026-09-10 12:28:43",331.6,2,serariagomes
8674,16655555,Bharath2411,"2026-09-03 07:14:26",331.5,2,bharath2411
8675,16654407,"Serendeep Rudraraju","2026-09-04 03:17:43",331.5,2,serendeeprudraraju
8676,16692427,"Infy ","2026-08-09 20:48:09",331.4,2,infydes
8677,16683178,soulasin,"2026-08-07 14:32:26",331.1,2,soulasin
8678,16773402,齐乐,"2026-09-27 04:01:47",331.0,2,qile200107
8679,16639624,"Nishanth Rajan","2026-08-02 03:25:35",331.0,2,nishanthrajandev
8680,16656732,"Shivam Kashyap","2026-08-04 05:28:03",330.6,1,shiyan0090
8681,16883375,"Sam Robin Singh E","2026-09-14 22:42:51",330.6,2,samrobinsinghe
8682,16774954,Ye_xz233,"2026-08-26 15:35:23",330.4,2,yexz233
8683,16758426,"Attique Ansari","2026-08-22 11:50:42",330.2,2,attiqueansari
8684,16657056,"Jacob Ross Piedad","2026-08-06 12:15:14",330.2,1,jacobrosspiedad
8685,16658011,"Arooba Hanif","2026-08-05 07:24:53",330.1,2,aroobahanif
8686,16666171,"JD Crew","2026-08-06 12:52:58",329.8,2,"abhijnanpodder,ahsafabid"
8687,16928286,sofonias201012,"2026-09-20 09:33:20",329.7,1,sofonias201012
8688,16754141,SicilyTing,"2026-09-08 14:53:25",329.6,2,sicilyting
8689,16691667,jeremyllll,"2026-08-12 03:30:26",329.6,2,jeremyllll
8690,16705798,"orhun uygun","2026-09-24 08:48:21",329.4,2,orhunuygun
8691,16659234,"MARY RAISA P","2026-08-27 07:06:43",329.3,2,"harinimala21,maryraisap,saha0102"
8692,16687699,jegazhu,"2026-08-13 22:25:15",329.3,2,jegazhu
8693,16709165,"Yooraj Gole","2026-08-13 18:10:17",329.1,1,yoorajgole
8694,16706276,MitulbhBhatia,"2026-08-18 04:02:38",329.1,2,mitulbhbhatia
8695,16659415,PincheCabrón,"2026-08-17 17:34:01",329.1,2,pinchecabrn
8696,16670812,"Brian Toman","2026-08-09 15:56:22",329.0,2,briantoman
8697,16672138,mostafa69ca,"2026-08-06 05:03:43",329.0,1,mostafa69ca
8698,16668340,"Sibi Vishnu","2026-08-08 10:35:33",328.9,2,sibivi
8699,16778327,WangYingChen,"2026-08-28 03:11:28",328.9,1,wangyingchen
8700,16712257,Banarto,"2026-08-13 07:49:16",328.8,1,banarto
8701,16670881,"Amir Y. Sajjadi","2026-08-05 23:56:26",328.6,1,amirysajjadi
8702,16694264,"Vansh Visariya","2026-08-10 09:00:11",328.4,2,vanshvisariya
8703,16676974,"Deveshwar U","2026-08-31 01:10:42",328.2,2,deveshwaru
8704,16661212,AnkitRaj4004,"2026-08-23 13:17:37",328.2,2,ankitraj4004
8705,16660341,"Nefise Aybar","2026-08-04 12:37:29",328.0,2,nefiseaybar
8706,16795677,"Carol bright","2026-08-31 09:30:28",328.0,2,carolbright
8707,16710906,Krunal.ix,"2026-08-12 07:06:58",327.9,1,krunalix
8708,16882973,"Omar Tarek Abdelkader Ahmed El Belbeisy","2026-09-12 22:59:07",327.7,2,patmux
8709,16678653,Wzjj98,"2026-08-06 19:31:39",327.7,1,wzjj98
8710,16735593,"timur tytrin","2026-08-18 07:37:46",327.6,2,timurtiutrin
8711,16686332,毛治钦,"2026-09-01 05:05:37",327.3,2,maozhiqinf
8712,16755377,"Rishi Sutar","2026-09-26 18:22:49",326.7,2,rishisutar
8713,16725769,NikunjMakhija_,"2026-08-19 13:01:57",326.6,2,nikunjmak
8714,16926528,"Badri Vishal","2026-09-19 18:42:19",326.4,2,badrivishal90
8715,16639067,"ToMY F.","2026-08-11 11:34:31",326.3,1,tomyfdev
8716,16655652,Emergence,"2026-08-10 03:21:04",325.9,2,daylighth
8717,16690166,"Niteshwar Mishra","2026-08-08 10:02:22",325.9,2,niteshwarmishra
8718,16633330,"danielle Ange","2026-08-12 16:26:03",325.7,2,danielleange
8719,16660658,Shlok_Sharma0001,"2026-08-19 09:31:48",325.5,2,shloksharma0001
8720,16660099,Desireog71,"2026-08-08 15:01:19",325.5,2,desireog71
8721,16688859,"Muhammad Fayaz Khan","2026-08-08 06:36:02",325.2,2,mfayazkhan
8722,16683136,"Stefano Ciaci","2026-08-16 14:47:29",325.0,2,stefanovcciaci
8723,16667033,"Geethika Sandireddy","2026-08-15 07:04:31",324.9,2,geethikasandireddy
8724,16893490,"Thales Galuchi","2026-09-27 02:20:04",324.8,2,thalesgaluchi
8725,16706181,"Juvenal Pedro Baptista","2026-08-16 14:58:40",324.7,2,juvenalpedrobaptista
8726,16628296,NoxMetenis,"2026-08-15 17:54:03",324.7,1,avasgaire
8727,16689923,Dhinesh,"2026-08-09 08:39:37",324.7,2,dhineshwarrs
8728,16661551,SimonAx,"2026-08-10 09:41:59",324.6,2,simonaxel
8729,16731458,"Arthur Baygildin","2026-08-17 10:06:55",324.6,1,arthurbaygildin
8730,16653105,James,"2026-08-17 16:52:18",324.5,2,jamesquirk
8731,16730679,"Hoàng Trọng Hiếu","2026-09-13 08:32:32",324.3,2,hongtrnghiu
8732,16682342,"Jebez Oswald","2026-08-10 05:38:15",324.3,2,jebezoswald
8733,16668453,"Kawish Hassan","2026-08-05 16:51:03",324.2,2,kawishhassan
8734,16636643,"Babul Kumar","2026-08-02 07:46:50",324.0,2,babulkumar07
8735,16662659,"Chiziterem Eze","2026-08-11 12:20:48",323.9,2,chiziteremeze
8736,16854519,nmw,"2026-09-09 15:23:56",323.9,2,rubikkaggle
8737,16655919,"Tạ Minh Lễ","2026-08-04 06:46:45",323.9,2,tminhl
8738,16925237,"Abdullah Ahmed saeed","2026-09-22 09:42:28",323.8,2,abdullahahmedsaeed
8739,16676416,"Abhishek Mishra","2026-08-10 10:09:30",323.8,2,abhishekmishra23
8740,16777489,"Yousef Elbaz","2026-08-27 11:18:54",323.2,1,yousefelbaz
8741,16658320,"Justin Eight","2026-08-27 07:29:52",323.1,2,justineight
8742,16670600,"Leon Lum","2026-08-20 14:58:27",322.9,2,leonlum
8743,16782747,goodgreen,"2026-09-19 07:55:18",322.9,2,goodgreen
8744,16672689,"Yusuf Yemez","2026-08-06 06:51:07",322.7,1,yusufyemez
8745,16802128,"vaman soni","2026-09-02 10:08:49",322.5,1,vamansoni
8746,16741982,barry_Paddi,"2026-08-27 07:10:52",322.4,2,barrypaddi
8747,16859646,Andy2009,"2026-09-09 12:12:02",322.4,2,andy2009
8748,16654348,rkeshwani,"2026-08-07 16:17:49",322.1,2,rkeshwani
8749,16894314,curious007hi9387983,"2026-09-17 07:41:07",321.7,1,curious007hi9387983
8750,16632620,"[Deleted] d9d74cbb-c76e-4fbb-a4bf-35e25b48627d","2026-08-08 16:00:16",321.5,2,del=c21e6a8a03ad3b3c
8751,16671519,"Mandhati Sai ganesh","2026-08-06 06:36:45",321.5,2,mandhatisaiganesh
8752,16929788,"Yusuf Sanusi","2026-09-21 00:50:47",321.5,2,mindbender7
8753,16661012,"Tesfahun Feleke","2026-09-24 09:04:19",321.3,2,tesfahunfeleke
8754,16865101,"Hanlinh ","2026-09-11 03:58:09",321.0,2,hanlinh227
8755,16733886,LuisMV8,"2026-09-19 16:51:14",321.0,2,luismv8
8756,16659688,Daniel,"2026-08-05 12:21:37",320.8,2,danielyazgi
8757,16677732,"Alessandro Mermali","2026-08-06 20:52:35",320.7,2,alessandromermali
8758,16662874,"Dev Shah","2026-08-08 01:52:52",320.5,2,imdevshah11
8759,16855459,"Shune Lae lae Khaing","2026-09-11 17:55:19",320.5,2,shunfloryn
8760,16728261,"Smit Deshaval","2026-08-24 17:44:12",320.5,2,smitdeshaval11
8761,16683075,"Manuel lasarte León","2026-09-04 10:27:02",320.5,2,manuellasarte
8762,16666115,"Iam Intolerable","2026-08-06 07:48:28",320.4,2,iamintolerable
8763,16686716,"menna hassanM","2026-08-28 21:49:51",320.2,2,mennahassanm
8764,16759407,"Giovanni Colpani","2026-08-22 17:02:37",320.2,2,giovannicolpani
8765,16757689,YanXiaohan666,"2026-09-14 03:29:51",320.0,2,yanxiaohan666
8766,16663738,"Handre Bezuidenhout","2026-08-04 23:27:08",319.9,2,handrebezuidenhout
8767,16628190,Horizonx30,"2026-08-09 18:06:56",319.8,2,horizonx30
8768,16624990,"Tanjim Ahmed Kingshu","2026-08-02 07:05:52",319.8,2,tanjimahmedkingshu
8769,16713319,"David Tilman","2026-08-12 18:56:13",319.7,2,davidtilman
8770,16851029,john01234,"2026-09-08 04:57:12",319.7,2,john01234
8771,16635243,MlMlDev34,"2026-08-01 11:26:52",319.5,2,mlmldev34
8772,16625011,"Heng Yu","2026-08-18 06:30:56",319.1,1,megalobox1
8773,16727044,"Kai Leisten","2026-08-16 10:19:42",319.1,2,kaileisten
8774,16657729,"Kandregula V S S V P Krishna Murthy","2026-08-08 15:29:35",319.0,2,kkandregula
8775,16660436,turkenm,"2026-08-06 13:03:36",318.8,2,turkenm
8776,16658897,"Teja Pattem","2026-08-07 10:42:44",318.6,2,tejapattem
8777,16682454," Vandanaa R","2026-09-02 09:48:24",318.3,2,vandanaar
8778,16666056,"sarthak gupta1303","2026-08-05 11:01:04",318.3,2,"sarthakgupta1303,sathviktummalapenta"
8779,16663351,MiguelS,"2026-08-07 15:25:29",318.2,2,lordm758
8780,16726021,"The Farm Game","2026-09-02 13:23:00",317.9,2,"tacostew,thomasbower6"
8781,16941648,ITibe88,"2026-09-22 19:04:58",317.8,2,itibe88
8782,16693821,"DARSHAN A","2026-08-11 18:02:26",317.7,2,ad12345kag
8783,16665980,cshara,"2026-08-06 08:41:16",317.3,2,cshara
8784,16742209,"melih Bektaş","2026-09-26 19:31:08",317.2,2,melihbekta
8785,16714418,AdriMonFer,"2026-09-01 12:15:21",317.2,2,adrimonfer
8786,16746121,Nononoi,"2026-08-21 07:18:02",316.7,1,nononoi
8787,16783863,"Vivek Vardhan Reddy","2026-08-31 06:14:34",316.6,2,vivekvardhanreddy77
8788,16668012,"Aleksander Iżemski","2026-08-05 20:52:54",316.4,2,aizemski
8789,16667406,"Abdulrahman AlAsali","2026-08-05 13:20:41",316.2,1,abdulrahmanalasali
8790,16664469,"Thorlapati Nikhil","2026-08-11 19:11:09",316.1,2,thorlapatinikhil
8791,16709910,Spinort,"2026-09-19 07:37:27",316.0,2,spinort
8792,16896350,"Abdelghani M'BAREK","2026-09-20 11:26:09",316.0,1,abdelghanimbarek
8793,16740191,"Arjun Dhillon","2026-08-19 15:15:57",315.6,2,arjundhillon07
8794,16659453,"Ishwar Rathod","2026-08-06 03:29:27",315.5,2,ishwarrathodofficial
8795,16659523,"Ahmad Khidir","2026-08-27 22:33:31",315.1,1,ahmadkhidir
8796,16633737,nrg,"2026-08-04 20:19:50",315.1,1,nargizaskarbekkyzy
8797,16691813,Hyezir4,"2026-08-10 08:36:47",315.1,2,hyezir4
8798,16800468,Vaishnavi,"2026-09-01 11:13:30",314.9,1,vaishnavisri09
8799,16916821,"Amjath S","2026-09-19 18:03:15",314.9,2,amjaths
8800,16695592,"André Luiz Pedroso","2026-08-09 11:59:19",314.9,1,andreluizpedroso
8801,16656351,"Triet Ho","2026-08-07 07:27:33",314.8,2,trietho247
8802,16765805,"sayyad karimun","2026-08-25 10:14:26",314.5,1,sayyadkarimun
8803,16698739,"Sahrul Adicandra","2026-08-11 04:06:08",314.2,2,sahruladicandra
8804,16713082,"Siyam Molla","2026-09-06 08:06:43",314.2,2,siyammolla
8805,16669725,chosunghwan,"2026-08-06 03:52:24",314.1,1,chosunghwan
8806,16723046,"Pedro Joás","2026-09-11 14:59:09",313.6,2,pedrojos
8807,16868034,"Vivek Teja","2026-09-14 19:25:09",313.3,1,vivektejaraju
8808,16823229,aper,"2026-09-05 08:42:58",313.2,2,todaya
8809,16755632,"Adarsh Yadav","2026-08-21 16:34:37",313.1,1,adarsh12yadav
8810,16724976,Soham,"2026-08-18 11:28:07",313.0,2,soham308
8811,16675048,Wizard_King,"2026-08-06 19:35:41",312.9,2,anshumanrayy
8812,16794729,Copperford,"2026-09-08 00:41:27",312.6,2,copperford
8813,16665360,"Ayush Bhadauria","2026-08-19 11:11:51",312.5,2,ayushbhadauria50
8814,16757557,BitxWolf,"2026-08-22 19:06:48",312.2,2,bitxwolf
8815,16661157,Shenlai,"2026-09-17 14:02:50",311.9,2,shenlai
8816,16838913,LunaT2,"2026-09-05 09:10:21",311.0,1,lunat2
8817,16720606,Williamtime,"2026-08-17 03:11:34",311.0,2,williamtime
8818,16719709,Rishiii360,"2026-08-18 03:46:23",310.9,2,rishiii360
8819,16660369,"Dev MCP","2026-08-04 12:59:09",310.9,1,nishant2905
8820,16672168,"Justin Rutkowski","2026-09-13 08:13:41",310.8,2,justinrutkowski
8821,16664718,Vedika_,"2026-08-11 18:28:09",310.7,1,lighjt
8822,16657616,"Manikumar Kundena","2026-09-20 17:25:19",310.6,1,manikumarkundena
8823,16943467,"Goose Gang","2026-09-26 16:26:37",310.2,2,"itzpk16,mohamedfarih,radeshl"
8824,16660568,Fascetta,"2026-08-07 20:48:53",310.1,2,fascetta
8825,16777607,"je nap","2026-08-30 01:56:28",310.0,2,johnenapoles
8826,16666639,"Dheeraj Pranav","2026-08-24 19:38:42",309.0,1,dheerajpranav
8827,16623730,"Ethan Higgins","2026-07-31 02:25:21",308.9,2,ethanhigginz
8828,16739356,Renuka,"2026-09-22 11:47:53",308.8,1,alphy1603
8829,16866140,Mantis,"2026-09-22 16:59:18",308.7,2,orchidmantis
8830,16677312,"Kavuri Sravya","2026-08-19 02:33:01",308.6,2,kavurisravya
8831,16686700,"Hakkı selim Ak","2026-08-07 17:06:03",308.6,1,hakkselimak
8832,16770232,MinhTran2346,"2026-09-07 14:12:04",308.4,2,minhtran2346
8833,16689841,Pavani2325,"2026-08-08 10:00:56",308.3,2,pavani2325
8834,16784712,SIDDpat,"2026-08-30 08:13:50",308.3,2,siddpat
8835,16633982,Nikunj1375,"2026-08-07 08:40:29",308.3,2,nikunj1375
8836,16665252,"Harsh Katara","2026-08-05 06:51:14",308.1,1,harshkatara
8837,16687648,"RSJ CorneR","2026-09-23 19:07:08",308.0,2,rsjcorner
8838,16698591,FestusKipkoech,"2026-08-28 18:58:28",307.5,2,festuskipkoech
8839,16701902,"Matthew Souza Chong","2026-08-11 05:58:50",307.5,2,matthewsouzachong
8840,16791786,BladeOffline,"2026-08-30 03:42:42",307.3,1,bladeoffline
8841,16674678,"Tinotenda Garikayi","2026-09-24 06:22:44",307.0,2,tinotendagarikayi
8842,16655729,"Arnab Mallick","2026-08-04 02:41:48",306.9,2,arnabmallick24
8843,16661690,codefusiondu,"2026-08-06 04:53:25",306.6,2,codefusiondu
8844,16632558,RUI,"2026-09-18 11:34:17",306.5,2,zaiwubian
8845,16729572,"Aswin Ramanathan","2026-08-17 16:17:38",306.4,1,aswinramanathan
8846,16668271,"Shashank Raj","2026-08-06 14:27:00",306.4,2,ssr6156
8847,16700187,"adrian purnama","2026-08-10 10:50:45",306.3,1,adrianpurnama
8848,16659865,Rithikaaaaah,"2026-08-17 07:09:08",306.2,2,rithikaaaah
8849,16898267,Tannybro,"2026-09-20 09:31:41",306.2,2,tannybro
8850,16661639,"Jayanth Kumar D","2026-08-06 13:36:46",306.0,2,jayanthkumard
8851,16672020,"Arum Puri ","2026-08-18 14:03:33",305.3,2,arumpuri
8852,16728948,L3MG,"2026-08-16 21:17:06",305.3,2,lemgyy
8853,16707092,"Asharani Sahu","2026-08-11 11:19:08",305.0,1,asharanisahu
8854,16662491,Rudra070311,"2026-08-11 17:06:39",304.9,2,rudra070311
8855,16655811,"Duy Trần","2026-08-04 08:23:27",304.8,1,duyqtrn
8856,16763916,"Mohamed Nchourupouo","2026-08-24 09:28:47",304.7,2,mohamednchourupouo
8857,16660992,"Vishnu Vardhan Dumpala","2026-08-05 18:17:30",304.5,1,vishnuvardhandumpala
8858,16681177,"Ivan Kevin Garcia Hernandez","2026-08-17 19:25:34",304.1,2,jedilgh
8859,16732315,"Filip Chladek","2026-08-17 13:37:38",304.0,2,filipchladek
8860,16807668,kilariHemalatha,"2026-09-05 04:33:19",303.9,1,kilarihemalatha
8861,16881665,"Negar Hassantabar","2026-09-27 03:29:07",303.7,2,negarhassantabar
8862,16665661,Ikhbar,"2026-08-05 09:50:57",303.7,2,ikhbar
8863,16659493,"Ori Glisko","2026-08-09 14:27:44",303.6,2,origlisko
8864,16681801,majj,"2026-08-11 03:07:46",303.3,2,m313786372
8865,16690183,ankit8924praj,"2026-08-14 15:43:56",303.2,2,ankit8924praj
8866,16662856,"Pranjal Arya","2026-09-11 09:30:08",303.2,2,pranjalaryaa
8867,16844194,小林周人,"2026-09-17 14:57:34",303.0,2,kobashu
8868,16634769,Fivingone,"2026-08-03 03:47:43",302.9,2,fivingone
8869,16660996,"Thịnh Nguyễn Chí Tiến","2026-08-08 01:49:40",302.7,2,thnhnguynchtin
8870,16765997,"Diya Sharma","2026-09-13 18:08:07",302.7,2,diyasharmanexa
8871,16624553,"Abiram Bharathi S.A","2026-09-08 11:40:32",302.7,2,abirambharathisa
8872,16701924,"Uma maheshwari T","2026-09-23 15:36:09",302.6,1,umamaheshwarit
8873,16669204,Scout,"2026-09-26 23:48:19",302.4,2,"aeryst,divyanshxanshu,mridulahluwalia06,shlokgoyal1234,smaggr"
8874,16784538,"mou1234568 fdsfds","2026-08-28 18:05:29",302.3,2,mou1234568fdsfds
8875,16789486,TanjiahaoXX,"2026-08-29 07:47:37",302.2,1,tanjiahaoxx
8876,16673152,"Arijit Raj","2026-08-06 08:23:14",301.9,2,arijitraj02
8877,16711348,ticoraph,"2026-08-21 18:55:56",301.8,2,ticoraph
8878,16810051,Reddi_twelve,"2026-09-03 23:26:30",301.8,1,redditwelve
8879,16623405,nbarlow,"2026-08-12 20:01:08",301.5,2,nickbarlow
8880,16823858,"James Mills","2026-09-23 17:08:00",301.0,2,jamesmills1975
8881,16774471,"Seymour Schmidt","2026-09-16 10:56:11",300.9,2,angrybread
8882,16687403,"Raja Sai Vardhan","2026-08-09 08:19:22",300.7,2,rajasaivardhan
8883,16706591,"Poorvi Shetty","2026-09-25 14:34:13",300.4,2,poorvishetty1
8884,16652970,"Abhay sarkar","2026-08-05 14:40:05",300.3,1,abhaysarkarai
8885,16749568,"Nana Hung","2026-08-23 02:17:34",300.0,2,nanahung
8886,16702052,"Beny Pratama Putra","2026-08-12 16:18:20",299.5,2,benypratamaputra
8887,16771870,"kumi cho","2026-09-22 14:52:46",299.5,2,kumicho
8888,16627796,tizawa3,"2026-09-26 23:29:16",299.4,2,tizawa
8889,16660473,"Owen M Kelley","2026-08-10 00:53:11",299.3,2,owenmkelley
8890,16690163,"Abhay Upadhyay","2026-08-08 18:05:54",299.3,2,abhay18s
8891,16686789,Hay-gent,"2026-09-07 05:37:52",299.1,2,"alagusuriyas,gayathrisrimai"
8892,16682345,Gordy,"2026-08-31 07:39:13",299.0,2,gordyii
8893,16659975,"Rahul Sain","2026-08-05 18:54:58",298.7,2,rahulsain2001
8894,16766823,suikkee,"2026-09-02 05:05:50",298.6,1,suikkee
8895,16912620,"Mitul Khemani","2026-09-17 09:25:17",298.0,2,mitulkhemani
8896,16932204,"Doğuş Özel","2026-09-20 22:27:23",297.9,2,dozel7
8897,16655621,xia0910,"2026-08-08 11:03:21",297.7,2,xia0910
8898,16805109,"иван астахов","2026-09-10 21:30:35",297.5,2,iastakhov
8899,16721533,"Lakshya Sharma","2026-08-16 06:01:34",297.4,2,lakshyasharma007
8900,16653054,Khongor2424,"2026-08-03 15:32:17",297.1,2,khongorkikaik21
8901,16690514,"Aditya #3","2026-08-09 06:29:48",297.0,1,a0x1ab
8902,16673753,hmmmSure,"2026-09-15 18:13:47",296.8,2,gerardnitt
8903,16712089,"yui seya","2026-08-12 12:17:02",296.7,2,yuiseya
8904,16652899,Isha,"2026-08-22 05:51:50",296.4,2,aarohi20
8905,16656506,"Piyush Harde","2026-08-04 12:54:26",296.2,2,piyushharde
8906,16830884,"Khalil hafni","2026-09-14 23:51:56",296.1,1,hafnix
8907,16698920,"Rishabh Bhartiya","2026-08-12 13:48:26",296.0,2,rishabhbhartiya
8908,16658452,Hillclimber,"2026-09-13 01:50:22",295.9,2,driessmit1
8909,16668166,Pikachu,"2026-08-05 14:52:15",295.8,2,"arpankumarsinha,phantomboy69,subhojitpaul2006"
8910,16849173,"Sarvajith Adyanthaya","2026-09-07 16:51:17",295.7,1,sarvajithadyanthaya
8911,16855181,Komal_Rani,"2026-09-08 16:39:15",295.3,2,komalvinayak
8912,16690882,"Meet P. Shah","2026-09-05 04:32:03",295.0,2,meet47
8913,16655315,SL,"2026-08-13 01:50:18",294.7,2,xndr007
8914,16845556,"li Insomenia","2026-09-07 04:07:10",294.5,2,liinsomenia
8915,16705294,"zhenf Liu","2026-08-11 07:51:06",294.4,2,zhenfliu
8916,16785111,"JEFFREY KIRUBA J ","2026-08-28 18:07:41",294.4,1,jeffreykirubaj
8917,16818690,"Arionchen TitanTeam","2026-09-04 08:52:16",294.0,2,arionchentitanteam
8918,16809426,"The Nafl","2026-09-10 11:20:55",293.7,2,nafalrust
8919,16662054,"phantom of shubh","2026-08-11 07:54:46",293.5,1,shubhamkumar123490
8920,16721849,ayushai8714,"2026-08-28 09:36:41",293.5,2,ayushai8714
8921,16667773,ShashankJha,"2026-09-25 17:08:01",293.4,2,shankinfy
8922,16643303,sigireddyBalasai,"2026-09-12 11:40:23",293.4,2,sigireddybalasai
8923,16671959,"Sintu Verma","2026-08-09 05:44:56",293.4,2,sintuverma
8924,16682559,"Punit Pritam Mohanty","2026-08-11 06:21:03",293.3,2,punitpritammohanty
8925,16882689,Soodari,"2026-09-12 21:56:31",293.3,2,soodari
8926,16666353,"Pal Savani","2026-09-14 19:01:01",292.9,2,palsavani
8927,16728465,"Abdurrahman Assegaf","2026-08-16 12:13:15",292.9,2,amanshop
8928,16684308,Itsside_jay,"2026-08-07 11:46:48",292.9,1,itssidejay
8929,16692084,"Kaggri Farmers","2026-08-29 19:47:29",292.9,2,"jayant99acharya,satvikkolluru"
8930,16659060,Pratham3gewg,"2026-08-06 18:26:51",292.9,2,pratham3gewg
8931,16653903,Manav2805,"2026-08-04 09:25:08",292.2,2,manav2805
8932,16915613,MDM,"2026-09-17 16:03:54",292.1,2,themdm
8933,16668333,VishalVivek,"2026-08-07 09:46:17",292.1,1,vishal14332
8934,16694673,"B T Chinmayi","2026-08-27 19:47:10",291.9,2,btchinmayi
8935,16674394,"Ishant Mittal","2026-08-08 09:24:57",291.8,2,ishantmittal95
8936,16660543,"BUTUH DUIT","2026-08-06 07:39:16",291.8,2,abulkahfi
8937,16664218,"Nguyen Vu Tue Khang","2026-08-24 03:32:10",290.4,2,nguyenvutuekhang
8938,16757233,"Tet Toe Wai","2026-08-24 07:51:45",289.8,1,tettoewai
8939,16657891,"Joshua Kinnah","2026-08-07 23:00:45",289.7,2,joshuakinnah
8940,16661955,Bingos,"2026-08-05 11:43:07",289.6,2,bingos
8941,16685996,"Universal Entropy","2026-08-07 16:22:28",289.5,1,fennerjw
8942,16794647,"Michael Cahill","2026-09-01 07:46:28",289.4,2,michael1232
8943,16690055,"Prem Kumar","2026-09-02 05:56:28",289.4,2,premkumar099
8944,16838645,"Deepak #2","2026-09-06 10:20:54",289.3,2,deepakup85
8945,16669188,Sebastián,"2026-09-25 21:30:33",288.9,1,sebatl
8946,16659696,"Lakshyaraj Singh Rathore","2026-09-05 18:47:32",288.6,2,lakshyarajrtm
8947,16662495,Earth,"2026-08-15 10:54:03",288.4,2,earthearth
8948,16683421,"Ruchita Yadav","2026-08-13 18:09:54",288.3,2,ruchitayadav20
8949,16784605,"Iniyan M D R","2026-08-28 13:53:22",288.2,1,iniyanmdr
8950,16725135,"clement cg","2026-08-19 07:54:00",288.1,2,clementcg
8951,16684168,"Roaya Saed","2026-08-10 14:36:20",288.0,1,roayasaed
8952,16676302,Arnav,"2026-08-08 06:10:01",288.0,2,arnav03101
8953,16686941,vishu,"2026-09-24 12:47:08",287.4,1,vedanthshetty
8954,16652397,"Aniket Kumar","2026-08-06 13:29:50",287.2,2,kalkiavatar3
8955,16732280,"Akarsh kumar shukla","2026-08-18 20:38:35",287.0,1,akarshkumarshukla
8956,16658990,"Muhammad Burhan SE-45-02","2026-08-07 04:26:18",286.7,2,muhammadburhanse4502
8957,16672670,RonTroy,"2026-08-13 04:46:15",286.7,2,rontroy
8958,16663600,"Adrián Flores","2026-08-05 00:38:36",286.6,2,foward2892
8959,16668559,Goups,"2026-08-22 09:11:46",286.5,2,hervrenard
8960,16658450,"Krish Singh","2026-08-05 16:11:00",286.3,2,krishsingh2283
8961,16707372,"zidu cheng","2026-08-11 13:30:40",286.0,1,ziducheng
8962,16814858,"Sankalp Patidar","2026-09-15 08:57:20",286.0,2,sankalppatidar
8963,16882182,":T Eh?","2026-09-13 09:16:32",285.5,1,goulustis
8964,16665758,"Oladipo Bashir","2026-08-31 10:23:51",285.4,1,oladipobashir
8965,16669576,"zarnab waheed","2026-08-17 19:20:34",285.4,2,zarnabwaheed
8966,16920837,"Borys Koza","2026-09-18 13:00:28",285.2,1,boryskoza
8967,16677034,gollapallysaikiraan2,"2026-09-18 21:45:24",285.2,2,gollapallysaikiraan2
8968,16736202,杨雨灿,"2026-09-08 00:51:59",285.1,2,yucanyang
8969,16885028,"wen yimeng","2026-09-13 09:26:04",285.1,1,wenyimeng
8970,16729246,"Ayodeji Akinola","2026-08-29 19:45:30",284.7,2,ayodejiakinola
8971,16650070,"jakub slavíček","2026-08-04 12:58:40",284.5,2,jakubslavicek
8972,16748092,Luckshith,"2026-08-20 12:59:43",284.5,2,luckshith
8973,16682262,"Pardeep Singh","2026-09-01 11:01:27",284.3,2,pardeep06
8974,16730653,"Daham Dissanayake","2026-08-21 03:17:15",284.3,1,"dahamdissanayake,dinuginimnara"
8975,16784225,sulala,"2026-08-29 08:51:26",284.1,2,sulala
8976,16658620,"Dina Chettouh","2026-08-04 09:13:27",283.7,2,dinachettouh
8977,16646076,"Ajeet Krishnasamy","2026-08-04 19:52:27",283.5,2,ajeetkrish
8978,16662403,"ulaş özen","2026-08-05 19:49:16",283.3,2,ulazen
8979,16682623,"Aditya Paul","2026-08-14 12:44:45",283.2,2,adityapaul634
8980,16748410,Lemons,"2026-08-21 19:44:07",283.2,1,takahiromatoba
8981,16791680,"Surja Sarker","2026-09-04 12:12:24",283.1,2,surjasarker
8982,16755664,"Shivam Rajdev","2026-09-04 19:28:36",283.0,2,shivamrajdev
8983,16792780,"Sreekar Reddy","2026-09-01 15:33:38",282.9,2,eshured
8984,16641866,"Prem Gandhi","2026-08-06 19:48:18",282.9,2,gprem352
8985,16796258,"Lanzhi Jiao","2026-09-03 08:31:13",282.8,1,lanzhijiao
8986,16893131,"Jenny Dinh","2026-09-21 13:27:12",282.7,2,"jeanguo000,jenny125,keytran8850"
8987,16911725,"casey blanche","2026-09-18 23:50:00",282.6,2,caseyblanche
8988,16675218,데미안과마루,"2026-08-18 14:16:13",282.6,2,siver3
8989,16654430,"Rishoban Y","2026-08-07 13:46:37",282.4,1,rishoban
8990,16698562,Kyoko004,"2026-08-11 04:38:18",282.3,1,kyoko004
8991,16858604,"Ye Naing","2026-09-10 02:42:59",282.1,2,yenaing
8992,16678362,"Mitiku Yohannes","2026-08-07 00:00:37",282.1,2,mitiku
8993,16634016,"Adrien Thomas","2026-09-21 17:32:37",282.0,2,adrienthomas
8994,16623161,"Charles Kalaba","2026-08-08 13:06:02",282.0,2,charleskalaba
8995,16676305,JTHEFROG,"2026-08-08 12:09:45",282.0,2,joshyuasa
8996,16624246,"xu j1ayang","2026-08-11 05:12:47",282.0,2,xuj1ayang
8997,16658383,"SIVA S","2026-09-27 06:35:32",281.8,2,codingmaster24
8998,16716592,"Poma Mikhail","2026-09-10 09:08:04",281.7,2,ambisinistra
8999,16697373,"Sumit Bhattacharjee","2026-08-29 18:29:11",281.4,2,sumitbhattacharjee
9000,16761994,"Talha Sayyad faim","2026-08-23 11:32:37",281.3,1,talhasayyadfaim
9001,16797284,Alice7371,"2026-08-31 17:58:22",281.0,1,alice7371
9002,16684223,"Aayush Shah","2026-08-13 17:57:28",281.0,2,aayushshah265
9003,16682422,"SABBIR HOSSAIN 2029","2026-08-16 14:23:24",280.8,2,sabbirhossain2029
9004,16785050,"MITHIL J URK26CS7067","2026-08-28 18:29:14",280.5,1,mithiljurk26cs7067
9005,16707118,"DEVEN BAGADE","2026-08-11 11:24:10",280.5,2,devenbagade
9006,16679389,"JOMIN URK21CS1077","2026-09-27 05:49:23",280.1,2,jominurk21cs1077
9007,16862181,"M chetin","2026-09-12 18:51:14",280.0,2,cetin95
9008,16662913,"IYAMPAYE ribert","2026-08-04 19:01:38",280.0,1,iyampayeribert
9009,16661290,"Kelian Esteve","2026-08-04 14:33:13",279.9,1,kelianesteve
9010,16658725,"syed jawad","2026-08-17 08:49:32",279.7,1,syedjawad663
9011,16868524,"Chutayu Adhittayawong","2026-09-11 03:30:13",279.6,2,arteezy009
9012,16839939,Lemonabc,"2026-09-05 12:56:42",279.3,1,lemonabc
9013,16883188,gunnarrrr,"2026-09-27 02:29:26",279.2,2,gunnarrrr
9014,16631989,"VIDIT SHRIMALI","2026-07-31 17:13:46",279.2,1,viditshrimali
9015,16675037,"Stanislav Pashkov","2026-08-08 20:50:16",279.0,2,stanislavpashkov
9016,16778585,Deepa,"2026-09-27 02:46:31",279.0,2,deepa42639
9017,16654253,"Gaius K Biju","2026-08-03 18:51:18",279.0,2,gaiuskbiju
9018,16657426,"M.Mukunda Reddy","2026-08-17 06:18:11",278.7,2,mmukundareddy
9019,16707179,"Achintya Rai","2026-08-12 11:15:16",278.4,2,achintyarai
9020,16669535,sakshitantak,"2026-08-08 05:16:32",277.5,2,sakshitantak
9021,16632319,Valentin,"2026-07-31 21:14:24",277.5,1,vaha94
9022,16660308,zhangzhenman,"2026-08-25 06:14:26",277.4,1,zhangzhenman
9023,16658489,小出和見,"2026-08-13 23:23:04",277.4,2,kzmk8d
9024,16862268,"Vishal Harry","2026-09-12 21:26:48",277.2,2,vshr777
9025,16652276,Phare111,"2026-08-04 15:09:55",277.0,1,phare111
9026,16759726,Phoenix,"2026-08-22 19:43:10",276.9,1,seanht1
9027,16666316,adityakr1001,"2026-08-05 09:33:41",276.9,1,adityakr1001
9028,16765570,"Akhand Soni","2026-08-24 12:47:42",276.7,1,akhandsoni
9029,16660529,Imaanga,"2026-08-10 11:41:21",276.4,2,imaangababy
9030,16724743,"Dr. James Gambrah","2026-08-17 08:48:47",276.2,2,jamesgambrah
9031,16747086,Karma_350234,"2026-08-20 09:56:52",275.8,1,karma350234
9032,16741555,"Rushikesh Shirwalkar","2026-08-19 11:02:46",275.5,2,rushikeshshirwalkar
9033,16637025,kodalien,"2026-08-10 15:21:00",275.4,2,kodalien
9034,16723487,RoboDavo,"2026-08-19 00:36:17",275.2,2,robertdavidson1911
9035,16841154,Kinjal,"2026-09-05 22:13:51",274.9,2,kinjalparmar5009
9036,16919058,"Bethany Stringer","2026-09-19 10:18:38",274.7,1,bethanystringer
9037,16758856,"Ali Zaib","2026-08-27 20:12:02",274.7,2,alizaib001
9038,16657159,"Amey Malpurkar","2026-08-11 07:35:27",274.4,2,"ameymalpurkar,siddheshsadarao"
9039,16749514,"M Harini","2026-09-21 14:52:15",274.3,2,rvmharini
9040,16865663,GauravPramodJain,"2026-09-10 09:44:04",274.3,1,gauravpramodjain
9041,16654306,Shubham,"2026-08-03 19:09:40",274.1,2,sanjayshubham24
9042,16691354,"Vedika Gupta","2026-08-08 14:20:25",274.0,1,vedikagupta0
9043,16756768,"Sayeed Ibrahim","2026-08-22 01:32:12",273.9,2,sayeedibrahim
9044,16665114,"Francesco Benincasa","2026-08-05 09:56:52",273.8,2,francescobenincasa
9045,16769212,"jason vetter","2026-08-25 05:48:22",273.7,1,jasonvetter
9046,16688231,"Antoine Matemane Mahirwe","2026-08-10 19:40:15",273.7,2,antoinemah
9047,16734670,Sparsh,"2026-08-22 01:48:51",273.6,2,sparshsinha24
9048,16655875,PLLZ,"2026-08-17 01:11:41",273.5,2,pllzzz
9049,16690187,"Amrita Singh","2026-08-08 10:34:51",273.4,2,amrita004
9050,16716476,lnssan,"2026-08-20 13:05:18",273.2,2,lukanilssandmayr
9051,16659581,"isah ridwan","2026-08-07 09:02:00",273.1,2,isahridwan
9052,16655734,dworld,"2026-08-05 04:13:18",273.0,2,jagdishhalde
9053,16690161,"Sudipto Event","2026-08-11 09:25:00",272.8,2,sudiptoevent
9054,16753817,Karmers,"2026-09-24 08:52:46",272.5,2,"prasenjittadake,swapnilpatil2737"
9055,16683284,"Haha Farming","2026-08-07 14:38:04",272.2,1,"akshitharamesh,harinir1423"
9056,16761731,"James Hu","2026-08-23 17:50:28",272.0,1,cnjameshu
9057,16790483,"ivo nahuel jasinskas","2026-08-29 14:08:28",271.8,1,ivonahueljasinskas
9058,16730086,HanaGhanem,"2026-09-20 22:15:11",271.5,2,hanaghanem
9059,16663253,"Albert Benjamin Asare","2026-08-06 19:29:05",271.5,2,albertbenjaminasare
9060,16715576,bhavnachavda21,"2026-09-26 15:26:41",271.5,2,bhavnachavda21
9061,16847927,"Laiba Hameed","2026-09-12 09:00:51",271.4,2,laibahameed08
9062,16761681,"Ming Myung","2026-08-24 05:12:56",270.8,2,vanhaminhquan
9063,16665614,MesonLabs,"2026-08-11 06:17:27",270.5,1,mesonlabs
9064,16665243,"Harshit Jha","2026-08-05 13:40:16",270.4,2,harshitjha28
9065,16746682,"julio cesar valencia","2026-09-24 04:19:19",270.2,2,juliocesarvalencia
9066,16840506,"Jayanth Earla","2026-09-10 16:46:21",269.9,2,jayanthearla
9067,16748712,"Amit Kumar Gupta","2026-08-21 13:33:00",269.8,2,eramitg
9068,16813582,Soham_7391,"2026-09-16 09:59:13",269.8,2,soham7391
9069,16684191,"Patel Aryan D","2026-08-10 07:36:13",269.6,2,patelaryand
9070,16661879,"Pham Truc","2026-08-07 07:21:46",269.3,1,genti1206
9071,16839430,EliaSav,"2026-09-06 15:33:34",269.1,2,eliasav
9072,16724204,chestnut,"2026-08-21 02:15:17",268.7,2,yskkrbysh
9073,16915237,"Greg Spitz","2026-09-25 22:26:24",268.6,2,gregspitz
9074,16822259,"Craig Goldswain","2026-09-07 14:52:01",268.4,2,craiggoldswain
9075,16677629,"XIE Jintao","2026-08-06 18:47:28",268.3,2,xiejintao
9076,16748206,ArtlexYang,"2026-08-25 08:43:28",267.9,1,artlexyang
9077,16670674,"Foodle Jang","2026-08-19 22:14:34",267.8,2,foodlejang
9078,16790545,Adnane,"2026-09-01 02:18:09",267.7,2,adnaneel
9079,16762045,ADV,"2026-08-23 13:28:56",266.7,1,shuntianjiang
9080,16712086,"Zubair Shafi","2026-08-16 23:23:04",265.8,2,zubairshafi5050
9081,16654293,"Jatin N. Soni","2026-08-18 09:59:05",265.6,2,jatinsoni111
9082,16750033,davidw001,"2026-08-20 17:13:07",265.2,1,davidw001
9083,16676007,"Lao KENAO","2026-08-15 01:15:48",265.0,2,laokenao
9084,16649650,"Ashish Barnawal","2026-08-11 04:08:04",264.7,1,klein4
9085,16711610,cc_z_kaggle,"2026-08-12 09:33:23",264.4,1,cczkaggle
9086,16773545,faithk7u,"2026-08-31 21:57:43",264.3,2,faithk7u
9087,16713204,Mohamedg,"2026-08-24 23:15:06",264.3,2,mohamedgcroesus
9088,16756174,"Mateo Coelho","2026-09-02 19:10:01",264.0,2,mathsco
9089,16660957,CREVATEC,"2026-08-11 09:30:33",263.9,2,"olakunleolalekan,samueloladeji"
9090,16658676,"Abdul Roheem Abdul Warith","2026-08-04 18:59:04",263.8,1,albasoliyy
9091,16697283,Puranjay02,"2026-09-10 07:09:06",263.8,2,puranjay02
9092,16663945,anyasri,"2026-09-22 18:19:28",263.3,2,anyasri
9093,16739918,POLAROID_86,"2026-08-18 21:56:04",263.3,2,polaroid86
9094,16658065,"Parul Mittal","2026-08-06 13:55:51",263.0,1,pisces83
9095,16932531,"Ankur Agarwal","2026-09-20 22:56:55",262.9,1,ankur98
9096,16651668,Haiku,"2026-08-05 06:28:54",262.8,2,yangjiefu
9097,16939560,"Zhi Quan","2026-09-22 05:35:09",262.6,1,zhiquannn
9098,16659203,"Praful Nayak","2026-08-05 08:17:06",262.5,2,prafulnayak2003
9099,16654568,Samiksha_Chan1022,"2026-09-20 14:26:32",262.5,2,samikshachan1022
9100,16676084,"Abir Majdi","2026-08-24 00:24:35",262.3,2,abirmajdi
9101,16736084,"Kaishang Zhang","2026-09-02 13:41:28",262.2,2,kaishangzhang
9102,16658941,Matts6591,"2026-08-17 07:59:36",262.1,1,mathwithmatt
9103,16926905,"George Quadros","2026-09-21 21:56:55",261.7,2,georgequadros
9104,16707941,ニイエチカイン,"2026-08-14 15:28:42",261.1,2,j4ck99
9105,16718890,"Andy Symonds","2026-08-19 23:04:11",261.1,2,andyivanhoe
9106,16882350,akacome,"2026-09-12 18:32:37",260.9,1,akacome
9107,16662039,"Ajat Rosadi","2026-08-04 16:58:10",260.7,2,ajatrosadi
9108,16922872,EricWang,"2026-09-18 23:56:44",260.6,1,ericwang915
9109,16929898,"Senadie Damsini Fernando","2026-09-20 10:49:49",260.5,1,senadiefernando
9110,16842088,"Hrithik Reddy","2026-09-07 09:46:01",260.0,1,hrithik22122
9111,16656881,"Eugene Nyondo","2026-08-30 22:33:50",259.9,2,eugenenyondo
9112,16656595,"Sithija Amarathunga","2026-08-04 10:09:50",259.7,2,sithijaamarathunga
9113,16665461,"Krishna Golwala","2026-08-24 18:39:08",259.7,2,krishnagolwala
9114,16665371,"Kevoh Mutwiri","2026-09-20 20:33:29",259.5,2,kevohmutwiri
9115,16938753,"Kedar K0","2026-09-22 03:42:53",259.5,1,kedark0
9116,16929949,"mohamed seddik sakai","2026-09-22 13:32:24",258.5,2,mohamedseddiksakai
9117,16889340,aryansaini1612,"2026-09-15 04:04:12",258.4,1,aryansaini1612
9118,16762084,"Krishna Lokhande","2026-08-23 14:08:48",258.4,1,krishnalokhande8080
9119,16663869,CYBER_TECH99,"2026-08-05 01:40:15",258.2,2,cybertech99
9120,16658795,"Case Seller","2026-08-30 06:46:45",258.1,2,caseseller
9121,16670185,"Odilon Yehouenou","2026-08-13 20:23:58",258.1,2,odilonyehouenou
9122,16809620,"Mohamed Alaa Elboraay","2026-09-02 19:11:42",257.9,2,mohamedalaa10
9123,16661213,"Daniel Siersleben","2026-08-05 12:53:41",257.7,1,danielsiersleben
9124,16668464,Mauro,"2026-08-05 15:57:27",257.6,2,ilmaurino
9125,16765329,"Bart Woz","2026-08-31 14:18:24",257.1,2,bartwoz
9126,16918745,Xstella,"2026-09-24 08:11:56",256.8,2,xstella
9127,16887893,"Sridhar C","2026-09-13 20:12:56",256.7,2,sridharchinnasamy
9128,16936360,nicapotato,"2026-09-21 13:51:51",256.7,1,nicapotato
9129,16713601,"Omar spok","2026-08-19 13:27:13",256.3,2,omarspok
9130,16740506,Growingduck,"2026-09-02 03:18:21",256.3,2,jaeminkang2021
9131,16669523,Jackson55171,"2026-08-05 18:21:00",256.3,2,jackson55171
9132,16759675,TianKitty,"2026-08-27 04:43:06",256.3,1,tiankitty
9133,16658357,heetmehta18,"2026-08-07 13:30:40",256.1,2,heetmehta0000
9134,16643821,"arnav chaturvedi123","2026-08-02 22:16:08",256.1,2,arnavchaturvedi123
9135,16889111,"Abel Garza-Ramírez","2026-09-19 01:12:05",255.8,1,abelgarzaramrez
9136,16922932,Anteee231,"2026-09-21 04:19:19",255.7,2,anteee231
9137,16632881,"Brisa Marina","2026-08-07 16:13:15",255.7,1,brisamarina
9138,16695733,"Imad Zaanine","2026-08-11 02:11:15",255.5,2,imadzaanine
9139,16740950,Shaw,"2026-08-23 10:07:14",255.4,2,shaw06
9140,16661587,"Debashis Mohapatra","2026-08-05 09:05:50",255.1,2,debashismohapatra
9141,16689903,wangbohuan,"2026-08-08 09:35:12",255.1,2,wangbohuan
9142,16677788,DorianCo,"2026-08-06 18:10:06",254.9,2,dorianco
9143,16703295,Yuting,"2026-08-13 20:42:16",254.9,2,yutinghanuxd
9144,16655508,bigsea,"2026-08-04 01:31:58",254.5,2,sakamakihiromi
9145,16821068,"Danila Goncharenko","2026-09-03 15:22:12",254.3,2,danilegovich
9146,16856961,"Victor Egbo","2026-09-10 08:38:48",254.0,2,victoregbo
9147,16687151,harshi101,"2026-08-08 06:32:37",254.0,2,harshi101
9148,16662861,"Chirag Tutlani","2026-08-04 19:13:05",253.9,1,chiragtutlani
9149,16657378,doteeee,"2026-08-14 11:43:40",253.9,2,narendra
9150,16667700,"Omar Mohammad","2026-08-05 15:52:54",253.6,2,omarmohammadw
9151,16733752,Abhi,"2026-08-17 19:34:16",253.6,1,zeroday19
9152,16708246,StudyForUse01,"2026-08-11 16:58:19",253.6,1,studyforuse01
9153,16707228,"Milind Bansal","2026-08-11 11:45:00",253.5,1,milindbansal18
9154,16755126,"Goosing around","2026-08-21 14:01:59",253.2,2,"annood,davidterkuile"
9155,16822994,"Peter Danilov","2026-09-03 18:16:23",253.0,1,pndanilov
9156,16669314,"Editor Jugnu AI","2026-09-06 08:31:32",253.0,2,editorjugnuai
9157,16723726,"Erika Worrall","2026-08-15 23:09:17",252.9,1,erikaworrall
9158,16740795,Yanshaoo2026,"2026-08-19 08:40:17",252.4,1,yanshaoo2026
9159,16725104,ManasviVarma,"2026-08-23 10:20:35",252.3,1,manasvivarma
9160,16924232,Heshwa,"2026-09-19 08:08:28",252.2,2,heshwa
9161,16727383,"Minchul Shin","2026-08-20 07:50:37",252.2,1,nashory
9162,16780106,"Mirangga Jakti","2026-09-09 20:05:22",251.9,2,miranggajakti
9163,16657777,"sandeep kumar","2026-08-04 11:41:21",251.7,2,sandeep088
9164,16676991,"Jack Hopkins","2026-08-19 19:11:37",251.6,2,jackhopkins
9165,16655003,"Paramjeet Kaur","2026-08-04 21:09:02",251.4,1,kauxp26
9166,16683970,"Zakhar Homyakov","2026-08-07 11:14:41",251.4,2,zakharhomyakov
9167,16659804,"Gashahun Demise","2026-08-04 13:23:20",251.2,2,gashahundemiset
9168,16809584,"Kinnal Rutu","2026-09-02 15:01:01",251.2,2,kinnalrutu
9169,16706312,"shabbar taj","2026-08-11 16:35:57",251.1,2,shabbartaj
9170,16661469,"Qiqi Xie","2026-08-06 20:53:32",251.0,2,qiqixie123
9171,16725288,mustafasadiqi,"2026-08-15 12:26:35",250.9,1,mustafasadiqi
9172,16830761,Skarmory,"2026-09-04 13:05:56",250.4,1,syarnorke
9173,16880785,"CHIDANANDA G L","2026-09-12 11:18:48",249.9,2,chidanandagl
9174,16649074,nanato,"2026-08-28 04:27:29",249.8,1,nanato
9175,16660144,"Léandre ELISHA","2026-08-09 12:25:44",249.8,2,landreelisha
9176,16701041,"Meet Babariya","2026-08-10 14:21:06",249.7,1,meetbabariya
9177,16731278,"hayim lusthaus","2026-09-25 20:20:52",249.6,2,haimlust
9178,16849556,"Peter Bull","2026-09-08 12:41:45",249.5,2,peterbull
9179,16811524,PeiyuQian,"2026-09-11 16:00:55",249.2,2,peiyuqian
9180,16922345,"MESK WADHAH ABDULQADER ABDULQADER","2026-09-18 19:20:58",249.1,1,meskelemin
9181,16762167,"Arkoday Roychowdhury","2026-08-24 01:29:19",249.1,2,arkodayroychowdhury
9182,16686950,"Kittikhun Pachana","2026-08-08 00:16:11",249.0,2,kittikhunpachana
9183,16660579,mayank,"2026-08-06 14:41:12",248.8,2,mayank921
9184,16660471,"Obsessed Beings","2026-08-24 16:44:48",248.8,2,"meur99,muhammedsaeed315,obsessedbeing,studentwork01"
9185,16864283,"Nguyễn Cường","2026-09-20 11:41:20",248.5,2,nguyncngo
9186,16772388,XiaozhenWu2002,"2026-08-29 16:21:55",248.4,2,xiaozhenwu2002
9187,16670506,"Juan Andres Bravo Mejia","2026-08-05 21:40:17",248.4,1,juanandresbravomejia
9188,16669411,"Atta Ullah","2026-08-10 13:28:30",248.3,2,attaullahqau
9189,16724512,"Diw Gupta","2026-08-21 13:45:51",248.2,1,diwgupta
9190,16684875,"Amitrakshar Mukherjee","2026-08-07 13:21:32",248.0,2,amitraksharmukherjee
9191,16784952,"Adria Barreto","2026-08-28 16:06:57",248.0,1,adriabarreto
9192,16658888,NovaBytes,"2026-08-06 07:06:34",247.9,2,"drashtisingh14,kjjkjjk3107"
9193,16669756,AlgSaid,"2026-08-05 18:54:07",247.8,1,imabdallah
9194,16942668,"Levreau Camille ","2026-09-22 16:30:19",247.8,2,"dechant,levreaucamille"
9195,16806577,ShinYAM1002,"2026-09-06 17:33:20",247.7,1,shinyam1002
9196,16639684,Rubel,"2026-08-05 18:49:11",247.4,2,rubel01
9197,16673369,Frame,"2026-08-06 07:59:47",247.4,1,rainorwang
9198,16697712,"Daniel Hebenstreit","2026-09-06 11:53:20",247.3,2,danielhebenstreit
9199,16676501,"[Deleted] cf820879-5b51-45ff-9f0a-1d88833299b5","2026-08-08 08:32:10",247.3,2,kamraanmulani
9200,16664863,zzzhhcc,"2026-08-13 06:15:42",247.2,2,zzzhhcc
9201,16679467,"Ahmed Zedan","2026-08-18 00:28:27",247.1,2,ahmedzedan11
9202,16761134,mash3gt,"2026-08-23 06:10:12",247.1,1,shiroguitar
9203,16632145,kazuki_kazukazu,"2026-07-31 14:53:13",247.1,1,kazukikazukazu
9204,16662105,PunnatatJAY,"2026-08-04 16:22:50",247.1,1,punnatatjay
9205,16683998,"Mahoraga save me","2026-08-07 22:09:22",247.0,2,yqngyv
9206,16670004,Zinc-Eater,"2026-08-19 22:50:41",247.0,2,zans7331
9207,16758090,"JOYMIE TALICUAD","2026-08-22 10:07:40",246.8,1,joymietalicuad
9208,16785434,"[Deleted] 044034de-be4c-465c-ad6d-a40fcc0bf77c","2026-08-28 18:05:21",246.7,1,del=78dbd787081be305
9209,16658152,MingSUN007,"2026-08-04 13:46:29",246.6,2,mingsun007
9210,16758007,stoicsatvik,"2026-08-22 12:37:48",246.5,1,stoicsatvik
9211,16633833,"mohammad javad Kamali","2026-08-19 05:13:42",246.4,1,mohammadjavadkamali
9212,16644398,Nurkan123,"2026-08-16 21:20:24",246.3,2,nurkan123
9213,16768507,"Dhanush Ballanki","2026-08-25 00:33:27",246.3,1,dhanushballanki
9214,16783872,"Soupau Lev","2026-09-01 09:50:33",246.3,1,olivierauffret
9215,16686316,"Ali mohon","2026-08-07 16:16:43",246.1,2,alimohon
9216,16811014,"Overfit and Chill","2026-09-18 12:41:38",246.0,2,toyeshchakravorty
9217,16656679,"Sadiqa Bibi","2026-08-27 09:52:29",245.9,2,sadiqabibidata
9218,16712979,"Yusuke Tsukuda","2026-08-12 14:58:39",245.6,1,yusuketsukuda
9219,16699790,Aryanpal07,"2026-08-16 12:28:53",245.5,1,aryanpal07
9220,16676003,franck,"2026-08-06 14:59:55",245.4,2,bakura
9221,16665719,"[Armenia] Narek Petrosyan1","2026-08-05 07:49:34",245.2,1,narekpetrosyan1
9222,16819370,"István Csik","2026-09-03 13:39:36",245.2,2,istvncsik
9223,16841277,"Luis Garza Gonzalez","2026-09-08 05:07:26",245.2,2,luisgarzagonzalez
9224,16712990,shreyaaaaa9,"2026-08-12 16:17:06",245.1,1,shreyaaaaa9
9225,16785789,"Mateus Sousa do Carmo","2026-08-28 21:23:10",245.0,2,mateaadsaf
9226,16733204,"Sompalli Akhil Kumar","2026-08-18 10:14:08",245.0,2,sompalliakhilkumar
9227,16659280,"yahaya zayyan","2026-08-04 10:51:16",244.9,1,yahayazayyan
9228,16683428,"Darsh Jilka","2026-08-19 09:03:08",244.8,2,darshjilka
9229,16760903,"Derrick Lace","2026-08-23 04:23:40",244.7,2,derricklace
9230,16659698,"Duy Anh Nguyễn","2026-08-07 10:23:27",244.3,1,duyanhnguyn
9231,16744954,charley8,"2026-08-22 06:23:36",244.0,2,charley8
9232,16793148,"Hoàng Trung Nguyễn","2026-09-26 08:51:17",244.0,2,hongtrungnguyn
9233,16941661,Parthasaradhy,"2026-09-22 16:02:49",244.0,2,parthasaradhy
9234,16723583,"varun chindage","2026-09-25 01:13:18",244.0,2,stormy420
9235,16667365,"leul dereje","2026-08-08 06:54:54",243.9,2,leuldereje
9236,16678647,"Zorawar Singh","2026-08-06 19:55:53",243.8,2,zorawarsingh677
9237,16768453,phicis8911,"2026-09-16 00:41:21",243.6,2,phicis8911
9238,16656198,N9uy3nPham,"2026-08-06 10:56:04",243.5,2,n9uy3npham
9239,16684535,Moonlight,"2026-09-07 14:16:17",243.5,2,rajesh1joc
9240,16665704,"Sreesanth M S","2026-08-05 07:12:05",243.4,1,sreesanthms
9241,16637845,"Hadjmohamd Seif","2026-08-08 21:47:53",243.3,2,hadjmohamdseif
9242,16672982,"Enes Aytaç","2026-08-14 12:12:24",243.3,2,enesayta
9243,16633483,"benkerrouche abdelbasset","2026-08-07 16:11:50",243.0,1,bassetkerouche
9244,16677517,justnyoike,"2026-08-10 01:12:56",242.8,2,justnyoike
9245,16756743,"Ismail Alli Adekunle","2026-08-21 22:59:18",242.8,1,ismailalliadekunle
9246,16653997,"Alekya Valapushetty","2026-08-05 13:52:08",242.5,2,alekyavalapushetty
9247,16641331,ushi,"2026-08-05 13:33:18",242.3,1,yuki508
9248,16768456,清水一希,"2026-09-21 10:57:30",242.1,2,kazukishimizu0427
9249,16738539,"Sharath S","2026-08-21 05:19:45",241.9,2,akicodes
9250,16660450,"prashant prakash","2026-08-08 09:45:36",241.9,2,prashantprakash28
9251,16796678,ka,"2026-08-31 16:16:03",241.8,1,kandruszek
9252,16696266,"Pandarasamy Arjunan (Samy)","2026-08-09 14:16:03",241.7,1,samy101
9253,16621290,"Muhammad Ahsan","2026-07-30 17:35:00",241.7,2,ahsanneural
9254,16663003,devzohaib,"2026-08-04 21:27:30",241.5,1,devzohaib
9255,16695937,Ryckiii,"2026-08-09 13:03:24",241.5,1,ryckiii
9256,16667063,"Amiksha S","2026-08-09 15:16:49",241.4,1,amikshas
9257,16708480,"Omar M.Moustafa","2026-08-11 18:55:58",241.4,2,omarmmoustafa
9258,16737009,"Alexandre Pedrosa","2026-09-03 07:42:20",241.4,1,alexandrepedrosai
9259,16657440,Lz7_129,"2026-08-04 15:26:01",241.3,1,lz7129
9260,16658783,"Devesh Choudhury","2026-08-07 17:08:33",241.1,2,deveshchoudhury
9261,16790992,"Matthew Knyazev","2026-08-29 17:53:40",240.5,1,matthewknyazev
9262,16818924,"super penguin king","2026-09-03 12:35:44",240.4,1,superpenguinking
9263,16920587,"Agnieszka Jabłońska","2026-09-18 14:17:48",240.3,1,agnieszkajaboska
9264,16750526,"Marcel Biezunski","2026-09-05 16:44:52",240.1,1,marcelbiezunski
9265,16728350,fajarnadeem808,"2026-08-16 13:07:59",240.1,2,fajarnadeem808
9266,16663459,"Cristian Yeanpaul Palomino Calderon","2026-08-06 04:14:17",240.0,2,dawo0t
9267,16689933,"Anjali Shah","2026-08-17 09:30:28",239.8,2,anjalishah0306
9268,16627717,da_pond,"2026-07-31 08:33:57",239.8,1,dapond
9269,16701143,macneil,"2026-08-14 14:53:54",239.3,2,macneil
9270,16666553,DevChheda26,"2026-08-05 09:53:22",239.1,1,devchheda26
9271,16740800,"Shiva Sai","2026-08-19 03:54:27",239.0,1,shivasai846
9272,16743603,tanmoypal11,"2026-08-19 15:19:36",239.0,1,tanmoypal11
9273,16817626,"Jaya Singh","2026-09-15 13:30:37",238.8,2,jayasingh12
9274,16687891,qklent,"2026-08-09 19:44:12",238.3,1,qklent
9275,16654853,"Saketh Rao","2026-08-03 21:43:14",238.1,1,sakethrao
9276,16795353,BlurreA,"2026-08-31 06:42:30",237.8,1,blurrea
9277,16772089,"Ana Riquele","2026-08-26 18:11:38",237.7,2,anariquele
9278,16949878,ZaitsevOleksandr,"2026-09-24 13:31:25",237.6,1,zaitsevoleksandr
9279,16664157,"Runjie Zhu","2026-08-10 11:49:13",237.5,1,damiendesolei
9280,16659374,"[Deleted] 8f7327b9-2576-439b-bd6e-3f5fde366ebe","2026-08-04 10:12:44",237.4,1,del=8b215115eb53cbc1
9281,16923722,Coders,"2026-09-26 16:02:31",237.3,1,"dhanalakshmi33,sruthi007,subbanbeeepanagandla"
9282,16769754,daguniang,"2026-08-26 00:44:59",237.2,2,daguniang
9283,16744221,Dizzy1829,"2026-08-29 04:15:48",236.3,1,dizzy1829
9284,16658761,!Aman212,"2026-08-04 12:10:28",236.2,2,aman9142424
9285,16757098,"Tharun kumar Jaya kumar","2026-08-30 02:29:39",235.9,1,tharunkumarjayakumar
9286,16831820,"Raihan Saladin","2026-09-12 17:21:34",235.8,2,raihansaladin
9287,16659387,dharssshiniii,"2026-08-04 09:48:15",235.7,1,dharssshiniii
9288,16660321,syafanidwina,"2026-08-05 00:41:33",235.5,1,syafanidwina
9289,16785175,SonOfNike,"2026-08-28 17:20:58",235.4,1,sonofnike
9290,16774202,Wrs,"2026-08-26 09:21:40",235.3,1,wrsarch
9291,16666574,"hrishit prakash","2026-08-05 13:26:37",235.3,2,hrishitprakash
9292,16671302,"Pratish Chaudhary","2026-08-10 00:35:01",235.1,1,pratishchaudhary
9293,16711673,losingself,"2026-08-12 09:07:45",235.1,1,level14taken
9294,16751488,Klixel,"2026-08-21 03:35:28",235.1,1,klixel
9295,16672767,"FasterYouChase FasterIRun","2026-08-09 13:15:12",235.0,2,icoguser
9296,16662048,"Deekshitha Prabhakar","2026-08-06 18:15:45",234.7,2,deekshithaprabhakar
9297,16665701,ManuelWick-Eckl,"2026-08-27 16:01:18",234.5,2,manuelw
9298,16661231,"R Ajay Kumar12","2026-08-04 14:12:11",234.5,1,rajaykumar12
9299,16712844,"ray hengbo","2026-09-01 03:35:31",234.4,1,rayhengbo
9300,16790137,sinchir0,"2026-08-30 12:52:05",234.4,1,sinchir0
9301,16635818,F.A.Nina,"2026-09-27 07:28:33",234.2,2,nina2025
9302,16668654,"Zharkyn Makhanbet","2026-08-10 18:28:08",234.0,1,imadparadoxi
9303,16691583,Caleb,"2026-08-09 14:32:52",234.0,2,collev
9304,16623823,"Julieta Rubis","2026-07-31 04:45:53",233.8,2,julietarubis
9305,16632795,"vishwottam kudekar","2026-08-05 18:19:02",233.6,1,vishwottamkudekar
9306,16659900,"Abu Bakr","2026-08-04 18:30:29",233.4,2,mohamed32010
9307,16903922,"Lim Ba Su","2026-09-20 04:22:33",233.2,2,limbasu
9308,16811774,"Eduardo Hoffmann","2026-09-23 22:33:16",232.5,1,hoffmanna
9309,16708091,"Dipak Kumar Samanta","2026-08-11 15:17:04",232.5,1,dipak889
9310,16663191,"Arnav Anand","2026-08-04 19:53:08",232.5,1,arnavair27
9311,16667691,alexanderctrl,"2026-08-18 10:10:51",232.4,2,alexanderctrl
9312,16681959,"shun takinami","2026-08-07 05:43:47",232.4,1,shuntakinami
9313,16656692,"kinza aftab 714","2026-08-04 05:43:51",232.0,2,kinzaaftab714
9314,16635098,"Charvi Upreti","2026-08-15 05:43:59",231.7,1,charviupreti
9315,16719618,Javierrcs,"2026-08-14 13:16:05",231.5,1,javierrcs
9316,16762081,VKAUL3,"2026-08-23 12:09:08",231.5,1,vkaul3
9317,16653319,"Md. Rasel Meya","2026-08-06 14:42:18",231.4,2,raselmeya
9318,16767173,AgriNexus,"2026-09-12 12:58:54",231.1,2,rashmirajput0102
9319,16782525,"Ashish Mittal","2026-08-28 05:27:46",230.8,2,ashish1502g
9320,16659001,"Tim Wanjohi","2026-08-12 11:43:16",230.2,2,timwanjohi
9321,16654067,DataForge,"2026-08-05 10:19:25",229.5,2,"chanduchandini,goriparthiramatulasi,srilakshmipanitini,suryachakradhar"
9322,16725615,carside,"2026-08-29 04:49:31",229.4,1,carside118
9323,16894802,"phus sea","2026-09-15 16:23:01",229.3,2,phussea
9324,16685128,"Rohan Hake","2026-08-10 12:48:36",229.3,2,rohanhake
9325,16771048,"Aditya Pawar","2026-08-25 16:55:04",229.3,1,aditya22102001
9326,16707519,"Pradnya Khanse","2026-08-11 12:52:07",229.2,1,pradnyakhanse
9327,16779857,0x74,"2026-09-03 14:03:17",228.3,1,i0x74i
9328,16625775,liubingxin205,"2026-08-15 06:29:40",228.3,2,"hongjuw,liubingxin205"
9329,16680521,"Luis Enrique Dalmau","2026-09-04 09:45:18",228.2,2,luisenriquedalmau
9330,16687574,"Yash Raghuvanshi","2026-08-07 22:09:38",227.6,2,yashraghuvanshi25
9331,16654329,"Aby K Prakash","2026-09-17 17:04:51",227.2,1,abykprakash
9332,16861601,aliksey,"2026-09-11 17:22:46",227.2,2,aliksey
9333,16723467,"Vladas Verkelis","2026-08-15 14:23:42",227.2,1,vlaveris
9334,16655159,"Marcel Relaford","2026-08-13 01:26:26",227.0,1,marcelrelaford
9335,16659703,"Ananya #2","2026-08-04 12:00:26",226.7,1,ananyax8
9336,16739908,"Asfam Parvez Kawser","2026-09-10 09:42:54",226.6,2,asfamparvezkawser
9337,16684908,"Nidal Saleh","2026-08-08 14:08:20",226.5,2,nidalsaleh
9338,16850036,Sumzali083,"2026-09-07 19:23:11",226.4,1,sumzali083
9339,16949285,"Subham Sharma","2026-09-26 20:53:31",226.3,2,subsh2004
9340,16883962,"Ilakk manoharan","2026-09-27 04:54:02",226.0,2,ilakkmanoharan
9341,16667550,"Oseni Sakariyau Oluwadamilare ","2026-08-23 10:05:56",225.9,2,sakabambam
9342,16716407,"Ibrahim Adamu Anka","2026-08-13 09:01:38",225.6,2,ibrahimadamuanka
9343,16663066,"Mithun Kore","2026-08-29 19:18:28",225.5,1,mithunkore
9344,16798369,"Olabode James","2026-09-01 20:40:53",225.3,1,olabodejames
9345,16653941,"Sachin Kumar Kushwaha","2026-08-11 08:45:11",225.3,2,sachinkumarkushwaha
9346,16698987,"Shree Ashok L","2026-09-01 05:16:16",225.0,2,"praneelbaskar,rishivarathan,santhoshkumarp24,shreeashok72"
9347,16913778,"Ugwushi Chijioke","2026-09-17 12:30:36",224.3,2,ugwushichijioke
9348,16654318,"Aryan Raj Ayush","2026-08-23 08:34:14",224.1,1,aryanrajayush
9349,16690286,imunderthetree,"2026-08-08 12:25:51",224.1,2,imunderthetree
9350,16729884,"Chaimaa Matrag","2026-09-05 19:51:34",224.0,2,chaimaamatrag
9351,16948168,"Анна Кондратенко","2026-09-23 16:03:20",224.0,2,"anetka2006,serhiibarsul"
9352,16714263,Lmfm24,"2026-08-12 20:38:01",223.9,2,lmfm24
9353,16675104,"khwaja Moula'Ali","2026-08-06 11:30:49",223.9,1,khwajamoulaali
9354,16623099,"Bovard Doerschuk-Tiberi","2026-07-30 21:04:23",223.7,1,bovard
9355,16644210,"حسنين ساجد","2026-08-07 22:08:44",223.7,2,kutghngf98687er
9356,16690494,StevenBeyen,"2026-08-13 07:55:32",223.7,2,beyensteven
9357,16895750,"charles Ndemo","2026-09-23 23:20:39",223.7,2,charlesndemo
9358,16723075,"Cauã Freitas","2026-08-28 17:35:54",223.6,1,cauafreitas
9359,16731838,"zhexun Liu","2026-09-20 01:03:46",223.4,2,zhexunliu
9360,16635610,JeffFosterUK,"2026-08-01 17:16:52",223.0,2,jefffosteruk
9361,16667684,"Tim Neale","2026-08-06 13:01:12",222.9,1,timothyjneale
9362,16680789,Marouane,"2026-08-15 02:41:18",222.9,2,marouanealahyane
9363,16678355,"Tanuj Saxena","2026-08-07 10:10:24",222.5,2,tanujsaxena
9364,16654314,Mahamudul_Hassan_8012,"2026-08-03 18:33:07",221.4,2,mahamudulhassan8012
9365,16942073,nagissan,"2026-09-22 14:10:52",221.3,2,nagissan
9366,16691322,"Anita rai98765","2026-08-16 19:05:43",221.1,2,anitarai98765
9367,16698399,liuzhangzhen,"2026-08-10 09:49:23",221.0,1,liuzhangzhen
9368,16725537,"Ayan Bashir Sheikh","2026-08-15 18:02:07",220.7,2,ayanbashirsheikh
9369,16948529,"Daria Liubarets","2026-09-23 16:33:49",220.4,1,dariisss
9370,16659910,"Shraddha Kumbhar","2026-08-07 09:55:58",220.3,2,raj113
9371,16633342,farm75,"2026-08-03 14:03:14",220.3,2,sakthi75
9372,16928100,babakara,"2026-09-24 08:37:28",220.1,2,babakara
9373,16845903,"Tsubasa Hizono","2026-09-07 05:47:46",220.0,2,tsubasahizono
9374,16668024,"Igor Burkov","2026-08-07 04:35:37",219.6,2,igorburkov
9375,16655762,"Idrisse Moundhir","2026-09-05 08:21:45",219.4,1,idrissemoundhir
9376,16664199,SomyaSingh_07,"2026-09-27 06:22:12",219.4,2,somyasingh07
9377,16658567,"Sharif Mohamed (1)","2026-08-04 13:16:47",218.7,1,sharifmohamed1
9378,16682051,"Noorjahan Siddiqui","2026-08-10 09:33:35",218.5,2,noorjahansiddiqui
9379,16645300,szyulian,"2026-08-04 04:42:36",218.4,1,szyulian
9380,16778545,Mizunooo,"2026-09-10 10:16:12",217.9,2,mizunooo
9381,16728152,"Kenji Tai","2026-08-16 18:27:33",217.8,2,kenjitai
9382,16658644,"Hitarth Pandey","2026-08-09 03:04:42",217.5,1,hitarthpandey
9383,16809006,Ilya,"2026-09-02 13:23:05",217.3,1,zhukov
9384,16840168,"gratefully dumb","2026-09-23 03:01:31",217.2,2,gratefullydumb
9385,16675956,"Hassan Alghamoudi","2026-08-10 02:36:36",217.0,2,hassanabdulhafid
9386,16665264,Andyxie2050,"2026-09-25 00:58:20",216.8,2,andyxie2050
9387,16921430,"Vaibhav Nhayade","2026-09-20 06:49:01",216.6,1,nhayadevaibhav
9388,16748882,gsv,"2026-08-20 16:13:45",216.6,1,ram1o1
9389,16698886,pied_piper,"2026-08-10 14:11:15",216.6,2,ahanhalder
9390,16762459,GNR_network,"2026-08-23 13:59:19",216.4,1,gnrnetwork
9391,16666512,RexHuang936,"2026-08-07 08:51:41",216.1,2,rexhuang936
9392,16947253,"Chen Kuan-Chin","2026-09-23 22:10:38",216.0,2,chenkuanchin
9393,16655292,"Ingrid Fellah","2026-08-04 06:31:35",215.9,2,ingvor
9394,16687337,"sravani kamjula","2026-08-07 19:38:39",215.7,2,sravanikamjula
9395,16784360,"Suraj Kumar","2026-09-08 10:20:42",215.7,2,suraj99km
9396,16942701,"Tasmin Ara Chowdhury","2026-09-25 19:36:54",214.9,2,tasminarachowdhury
9397,16655813,minerppdy,"2026-08-04 06:06:58",214.3,1,minerppdy
9398,16918569,"Ashee Softworks","2026-09-18 05:59:35",214.3,1,asheesoftworks
9399,16701138,superpig,"2026-08-19 09:43:31",213.9,1,geniussuperpig
9400,16658457,"Uchiha Eren","2026-09-26 14:33:34",213.7,2,lucsanjay
9401,16656633,N25H03A1028,"2026-08-05 05:18:45",213.5,1,pardhusadhu
9402,16684891,SARTHAK,"2026-08-14 19:07:26",213.4,1,s4rth4k01
9403,16892144,"Ruichen Yin","2026-09-17 16:10:38",213.4,2,superaier
9404,16867344,"shayan yadegaridehkordi","2026-09-12 17:05:44",213.1,1,shayanyadegari32
9405,16689364,"Udbhav Purwar","2026-08-11 10:12:00",213.1,1,udbhavpurwar
9406,16658311,zkskhurram,"2026-08-05 07:59:40",213.1,2,zkskhurram
9407,16660291,"Abhijit Rajkumar","2026-08-04 13:27:44",213.0,2,abhijitrajkumar
9408,16891082,"surya prakash Nayak2","2026-09-14 10:56:23",213.0,1,suryaprakashnayak2
9409,16639692,"Nirmal Patel","2026-08-06 03:05:27",212.9,2,nirmalpatel02
9410,16831130,"Khushar Pal","2026-09-06 15:21:15",212.8,2,khusharpal
9411,16773557,"Rudra kalyan","2026-08-26 09:08:54",212.7,2,rk1144
9412,16668032,pat999,"2026-08-08 08:30:58",212.5,2,pat999
9413,16735735,Rishabh@1304,"2026-09-12 10:08:51",212.4,2,rishabh1304
9414,16659283,"DILEEP POTHULA","2026-08-08 06:43:15",212.1,2,dileeppothula
9415,16662603,"Shem Gikunda","2026-08-06 17:24:48",211.4,1,shemgikunda
9416,16656900,Hxrsh09,"2026-08-10 14:39:46",210.9,2,hxrsh09
9417,16948546,MostatabiZahra,"2026-09-25 11:30:56",210.6,1,mostatabizahra
9418,16623274,Mhmda81,"2026-08-03 00:10:04",210.4,2,mhmda81
9419,16668506,"Louie Tang","2026-08-08 06:56:52",210.4,2,louietang
9420,16663658,oriolgalceran,"2026-09-16 05:10:58",210.2,2,oriolgalceran
9421,16672284,"Dhruv | AI/ML Engineer in Progress","2026-08-07 06:55:13",209.7,1,dhruvdipakchudasama
9422,16750285,LeEmperor,"2026-08-22 04:36:18",209.7,2,leemperor
9423,16931407,"Marcel S","2026-09-22 16:50:57",209.6,1,marcel78
9424,16866478,aktk,"2026-09-10 16:43:56",209.6,2,aniltk
9425,16777986,小雨姑娘,"2026-08-27 21:51:19",209.1,2,skewcy
9426,16773358,yogeshgoudapatil,"2026-08-27 14:59:13",208.9,2,yogeshgoudapatil
9427,16706557,"Nurullah Gundogdu","2026-08-11 17:52:07",208.5,2,nurullahgundogdu
9428,16660930,"Chung Ching Yeh","2026-08-04 14:44:34",208.5,2,chungchingyeh
9429,16666383,"Sindhi Vishal","2026-08-14 10:46:32",208.4,2,sindhivishal
9430,16700832,Blitz,"2026-08-10 11:37:18",208.2,1,premshinde
9431,16661810,AGNES33,"2026-08-16 19:09:18",208.0,2,agnes33
9432,16675428,"Farhan Khairullah","2026-08-09 16:22:00",208.0,2,farhankhairullah06
9433,16937822,"Ehab Ibrahim Khalil Mohamed","2026-09-21 17:58:38",208.0,1,ehabkhalil0
9434,16732342,"Viktor Antonov","2026-08-18 10:22:32",207.7,1,viktorantonov
9435,16717555,"Mariem GLIOUEZ","2026-09-10 15:21:07",207.1,1,mariemgliouez
9436,16674093,"Hoàng Trần Đặng Minh","2026-08-06 08:54:38",207.0,1,hongtrnngminh
9437,16660749,"PavanK Saketh","2026-08-04 13:38:48",206.6,2,pavanksaketh
9438,16661689,"David Rao","2026-08-04 18:27:01",206.6,1,davidrao63
9439,16660309,"Hazem Mahmoud Elsayd","2026-08-04 16:34:31",206.1,2,hazemmahmoudelsaid
9440,16863892,brunoarpa,"2026-09-10 02:43:09",205.8,1,brunoarpa
9441,16671342,"Danh Nguyen 1303","2026-08-09 14:47:52",205.4,1,danhnguyen1303
9442,16716386,"Dev Marya","2026-08-13 09:26:18",205.3,1,devmarya
9443,16745293,Harvey,"2026-08-22 04:20:10",204.6,2,celestia0113
9444,16666027,CropBOTS,"2026-08-13 16:12:42",204.5,2,"anshultickoo,itsmepooja,manuakumar,sapnajain115"
9445,16681610,"team maccy","2026-08-07 20:27:06",204.5,1,robertgama
9446,16655786,leavts,"2026-08-04 02:35:50",204.5,1,leavts
9447,16711840,OverfitMilkCake,"2026-08-13 06:36:21",204.3,1,overfitmilkcake
9448,16623846,"masatoshi hiraki","2026-07-31 07:52:39",204.1,2,masatoshihiraki
9449,16656287,sandip_shaw123,"2026-08-05 10:02:07",203.9,1,sandipshaw123
9450,16915627,"Yash Pratap Singh","2026-09-17 14:59:02",203.8,1,yashpratapsingh10
9451,16653906,swaroop41,"2026-08-04 05:53:29",203.8,2,swaroop41
9452,16655482,Apoorv007,"2026-08-04 01:55:41",203.5,1,apoorv007
9453,16723404,"Mahdi Al Hajji","2026-08-20 02:13:12",203.3,2,mhh1430hacker
9454,16654482,SarahShams,"2026-08-14 16:36:06",203.2,2,sarahshams
9455,16717586,wangjialu2333,"2026-08-15 09:29:36",203.0,1,wangjialu2333
9456,16760920,"Román Eliezer Pérez Ríos","2026-08-31 18:07:43",203.0,2,perezrios
9457,16624000,Leneen,"2026-08-31 16:02:47",203.0,1,leneen
9458,16860921,jayjayfff,"2026-09-10 01:25:36",202.6,2,jayjayfff
9459,16632724,"Sayan Dutta","2026-08-04 07:47:42",202.6,1,sayan1507
9460,16871895,"Sahil Raval","2026-09-15 10:57:48",202.4,1,sahilraval1311
9461,16710929,"Pooja Divekar","2026-08-16 08:22:48",202.3,1,poojadivekar123
9462,16659572,"ABHILASH PRAHARAJ","2026-08-04 11:24:21",201.6,1,abhilashpraharaj
9463,16760392,Владимир,"2026-08-23 00:19:23",201.1,1,vgkuvshinov
9464,16780411,K.Satwik,"2026-08-27 16:23:04",201.1,2,ksatwik3220
9465,16657525,"Alae Lakhdar","2026-08-05 08:10:49",200.8,1,alaelakhdar
9466,16636540,"Burkova Nastia","2026-08-01 13:34:02",200.7,2,"burkovanastia,ellvalerie"
9467,16858512,lkjmo123,"2026-09-09 06:45:18",200.7,1,lkjmo123
9468,16762162,"Shota Hirao","2026-08-23 12:34:05",200.6,1,shotahirao
9469,16697020,"Hossam elden Mohamed","2026-08-15 01:13:51",200.4,2,hossameldenmohamed
9470,16670747,"Aryan Kumar Chaudhary","2026-08-11 22:46:05",200.4,2,"aryankumarchaudhary,rakshitmundra"
9471,16654827,"ADITYA KUMAR MISHRA","2026-08-03 20:07:22",200.1,1,aditya1kumarmishra
9472,16663525,"Eric Hilary Smith","2026-09-22 16:36:18",199.8,2,erichilarysmith
9473,16639615,rickzai,"2026-09-01 05:37:21",199.7,2,rickzai
9474,16668379,dccgps,"2026-08-08 05:44:36",199.7,1,dccgps
9475,16794720,"paola hernandez55","2026-08-31 04:19:31",199.7,1,paolahernandez55
9476,16891711,"Michael Odoemelam1","2026-09-21 21:38:22",199.3,1,michaelodoemelam1
9477,16859770,"Praful Tiwari1","2026-09-14 10:37:58",199.0,1,prafultiwari1
9478,16895191,"Oluwatobi Ojekanmi","2026-09-16 12:53:27",198.9,2,oluwatobiojekanmi
9479,16744545,"Aditya Kumar Singh 013","2026-08-19 18:45:42",198.9,1,adityakumarsingh013
9480,16724325,Melancholian,"2026-08-15 06:43:12",198.9,1,kasaneru
9481,16654256,"KONGARA PRASANTH","2026-08-04 03:40:27",198.9,2,prasanth2008
9482,16666414,salyamq,"2026-08-05 16:41:38",198.6,1,salyamq
9483,16684237,Zen_0910,"2026-08-07 17:07:02",198.4,1,zendeptrai
9484,16877079,"Saptak Banerjee","2026-09-11 19:09:58",198.1,1,saptakbanerjee123
9485,16688190,"Win M","2026-08-08 00:28:18",198.0,1,winmet
9486,16669346,"Jalpesh Vasa","2026-09-24 19:02:56",198.0,2,"deep1812,jalpeshvasa"
9487,16751141,DeadJed,"2026-08-26 11:10:40",197.6,2,deadjed
9488,16885883,"Stepan Kobaidze","2026-09-16 18:12:28",197.5,2,stepankobaidze
9489,16778813,ShotDownInMay,"2026-09-27 07:37:25",196.9,1,shotdowninmay
9490,16736759,"Lavesh Kadam","2026-08-18 10:55:05",196.9,1,laveshk314
9491,16906790,"Jean-Luc Hayes","2026-09-21 10:21:36",196.8,1,kingjuc
9492,16743329,"Daniel Obioma emenike","2026-09-11 12:32:22",196.8,2,danielobiomaemenike
9493,16708194,"Amulya Kypa","2026-09-26 17:46:28",196.8,2,"aakankshakota,amulyakypa,gvvinaykrishna"
9494,16749225,"Hisyam Prasetyo","2026-08-27 11:26:07",196.6,2,hisyamprasetyo
9495,16898240,jimmy5566,"2026-09-15 17:41:24",196.5,1,jimmy5566
9496,16712395,"Zuohong Pan","2026-08-12 12:15:40",196.0,1,pshuaibi
9497,16656196,"Vishwash Golakiya","2026-08-27 01:07:00",196.0,1,vishwashgolakiya
9498,16676992,NIDHIHEER01,"2026-08-16 17:09:00",196.0,1,nidhiheer01
9499,16759205,MartinaF95,"2026-09-22 12:55:32",195.8,1,martinaf95
9500,16664315,happy_boy_2007,"2026-08-12 09:04:40",195.7,1,happyboy2007
9501,16685568,Secertive,"2026-08-08 17:59:52",195.5,1,secretiveplotter1863
9502,16700992,Abhishek_1355,"2026-08-25 09:17:08",195.5,1,abhishek1355
9503,16769069,"HAL's Kaggle Dojo","2026-09-23 12:07:37",195.0,1,kafein
9504,16744461,"Adiratna Kamble","2026-08-21 22:05:13",194.5,1,adiratnakamble
9505,16841294,"Annu Rana1","2026-09-09 18:12:34",193.9,1,annurana1
9506,16687514,Dark_1926,"2026-08-07 20:30:33",193.9,1,dark1926
9507,16728249,"Ahmet Kiraz","2026-08-17 07:23:30",193.7,1,ahmetqiraz
9508,16662353,"LAYAL ALNASHMI","2026-09-12 11:37:55",192.9,2,waitups
9509,16692652,"Harsith R","2026-08-08 20:26:56",192.5,1,chiefofpredicitions
9510,16890196,hello518123,"2026-09-14 08:51:52",192.5,1,hello518123
9511,16889817,"Om Patelxyz","2026-09-14 07:04:40",192.3,2,ompatelxyz
9512,16663333,"Iago Moura e Moreira","2026-08-04 20:05:06",192.1,1,iagomouraemoreira
9513,16663913,"Aanaa Kaliil","2026-08-05 15:15:31",191.1,2,aanaakaliil
9514,16741239,"fjf 1asd","2026-08-19 08:46:31",190.6,1,fjf1asd
9515,16769114,angayoung,"2026-08-25 07:22:00",190.0,1,joaga0603
9516,16663438,"Varun Prajapati","2026-08-08 21:54:54",189.3,2,"krunalasari,varun2206"
9517,16668438,"Sahil Suman","2026-08-16 17:09:20",189.2,1,sahilmanavraunak
9518,16663448,"Adel I.","2026-08-07 12:55:44",189.2,2,adelid
9519,16663910,"Shivram Nekkanti","2026-08-07 14:38:04",188.8,1,shivramnekkanti
9520,16702060,Mcusac,"2026-08-13 19:42:54",187.8,1,mcusac
9521,16912044,"[Deleted] 0b2c3d58-9494-483e-ad4c-1465b66166ca","2026-09-17 08:46:46",187.3,2,del=2e39a6893da554dc
9522,16885565,"Shiva Rupan S","2026-09-13 11:19:14",187.2,1,shivarupan20me
9523,16657628,Hamo,"2026-08-07 12:00:21",186.7,2,mohamed2223
9524,16881244,"Atharva Govind Salunke","2026-09-18 17:50:01",186.3,2,atharvagovindsalunke
9525,16889852,"Abdikaliq osman","2026-09-16 00:48:05",186.1,2,abdikaliqosman
9526,16696952,tronxz8,"2026-09-09 13:51:31",186.0,1,tronxz8
9527,16661252,"Andrzej Walczak","2026-08-05 09:46:19",185.5,2,andrzej1983
9528,16723262,"Tiago OliveiraLL","2026-08-28 18:22:12",185.4,1,tiagooliveirall
9529,16887039,"Angella Semu","2026-09-21 15:26:56",185.3,2,angellasemu
9530,16623131,"Liam Carrig Newsam","2026-08-04 00:00:03",185.0,1,liamcarrignewsam
9531,16654244,"Saad Nanawala","2026-08-03 18:17:33",184.8,1,saadnanawala
9532,16639465,"Gabriel Aguiar Leao","2026-08-02 00:23:49",184.4,1,"gabrielaguiarleao,marcositta"
9533,16727681,JanV123,"2026-09-06 05:37:07",183.7,2,janv123
9534,16697628,"Yash Sharma","2026-08-17 15:33:32",183.2,2,yashsharma42
9535,16682689,HenryRichardson1,"2026-08-07 10:00:12",182.6,1,henryrichardson1
9536,16665463,Seendon,"2026-08-06 19:19:25",182.5,2,informationminer
9537,16677786,"[Deleted] aec7dc1f-59cb-486f-998a-d2407e297536","2026-08-26 13:39:08",182.5,2,del=0fde9ba2630fee3c
9538,16644360,Mathous,"2026-08-02 20:28:00",182.4,1,mathisdac
9539,16640914,inconnu,"2026-09-17 12:01:07",182.1,2,kajarnaklokossou
9540,16679713,"John william Vicente 🇧🇷","2026-08-07 00:38:57",181.8,1,chrollo079
9541,16752120,"Görkem Tuğ","2026-08-24 10:45:35",181.4,2,grkemtu
9542,16651507,jappanini,"2026-08-03 09:14:04",181.2,1,jappanini
9543,16669060,Twansss,"2026-08-15 04:37:59",180.5,2,twansss
9544,16773333,"Abdullah javed Javed","2026-09-05 03:13:57",180.4,2,abdullahjavedjaved
9545,16668048,"Gazi Sayem Uddin Samir","2026-08-05 14:29:51",179.8,2,gazisayemuddinsamir
9546,16838890,"Yisher Xia","2026-09-05 16:09:13",179.6,1,yisherxia
9547,16734896,pattikamo,"2026-08-27 10:52:28",179.3,2,pattikamo
9548,16869551,"Adrien ple","2026-09-11 12:48:34",179.1,2,adrienple
9549,16667238,"Srija ganguluri","2026-08-07 10:14:48",179.0,1,srijaganguluri
9550,16669473,"William Bickelmann","2026-08-05 17:47:13",178.9,1,williambickelmann
9551,16823341,"Agnieszka Sobala","2026-09-03 20:15:55",178.6,1,agnieszkasobala
9552,16948144,"Muhammad Ali Amir","2026-09-23 15:36:25",178.5,1,malialice
9553,16652159,Boson328,"2026-08-04 10:06:13",178.4,1,boson328
9554,16769470,HaHHYbYY,"2026-08-26 07:52:33",178.0,1,hahhybyy
9555,16633003,"K Mukhiya ","2026-08-01 12:09:51",177.8,2,kmukhiya
9556,16889278,"Ari Kurniawan92","2026-09-14 08:32:53",177.8,1,arikurniawan92
9557,16700771,"Disuru Coba Ama Jaki","2026-09-20 16:44:11",177.7,2,reiiihel
9558,16826118,shishuyang11,"2026-09-04 06:50:04",177.6,1,shishuyang11
9559,16915882,BandaruLakshmi1234,"2026-09-17 16:50:15",177.6,1,bandarulakshmi1234
9560,16798447,"Sage Harley","2026-09-26 05:14:06",176.8,1,sageharley
9561,16805585,"Hrishikesh Dhuri","2026-09-27 07:07:39",175.9,1,hrishikeshdhuri19
9562,16922154,"Olaoluwa Osho","2026-09-20 21:35:07",175.7,2,olaoluwaosho
9563,16915181,snesne123,"2026-09-25 07:14:21",174.6,1,snesne123
9564,16768568,Nour102006,"2026-08-27 04:46:00",174.0,2,nour102006
9565,16662108,nhkien,"2026-08-05 06:52:18",173.9,2,nhkien
9566,16625043,"Ivan Litvak","2026-09-16 16:36:06",173.8,2,trydotatwo
9567,16792786,"Fusion Flux","2026-09-20 13:49:10",173.6,2,mithilleshkumar
9568,16913466,abc1zzz,"2026-09-26 13:58:53",173.0,2,abc1zzz
9569,16677328,"Eng. Husnain","2026-08-08 13:13:23",172.6,2,enghusnain
9570,16791131,"Maria Carolina BRAY","2026-09-26 08:08:39",172.1,2,mariacarolinabray
9571,16886819,"Rebecca Shirievo","2026-09-16 17:29:07",171.9,2,rebeccashirievo
9572,16693318,meow3301,"2026-08-09 02:33:34",171.8,2,meow3301
9573,16872073,"Positive Quark","2026-09-18 13:51:27",171.4,2,quarkliu
9574,16664116,"Bogdan Sburlea","2026-09-25 16:29:46",171.0,2,bogdan1405
9575,16679470,"GamaL Mahmoud","2026-08-08 13:33:52",170.8,2,gamalmahmoudtaha
9576,16661494,"Arulmaniyan Rajavel","2026-08-22 13:46:58",170.5,2,arulmaniyanrajavel
9577,16807557,coolz,"2026-09-09 06:35:51",170.0,2,cooolz
9578,16666037,"Matheus Marques","2026-08-06 06:03:28",169.8,2,mathmarquesbr
9579,16709957,"Lei Gao","2026-08-12 04:03:42",169.1,1,leigao31
9580,16657306,"Krunal Chavda","2026-08-07 21:38:11",168.8,2,krunalchavda21
9581,16795043,"SONU RAUT","2026-09-05 11:51:59",168.2,2,sonuraut
9582,16653462,"Ruchi Scott","2026-08-12 12:19:19",168.1,2,ruchiscott
9583,16697466,"hunain shahid","2026-08-11 06:12:38",167.8,2,hunainshahid230
9584,16858886,twispur,"2026-09-09 07:38:09",167.7,1,twispur
9585,16943142,"ravi AK","2026-09-26 07:57:28",167.5,2,raviak
9586,16807010,cjsrudals,"2026-09-13 08:33:47",167.4,2,cjsrudals
9587,16685093,"Huzaifa Inam","2026-08-07 13:47:15",166.9,2,huzaifainam
9588,16861721,"SJ Gamsyy","2026-09-11 09:40:23",166.6,2,sjgamsyy
9589,16706134,NK11FC,"2026-08-25 11:30:00",166.4,2,nk11fc
9590,16657578,raushancoursework,"2026-08-05 06:54:51",166.4,1,raushancoursework
9591,16686902,"Aaditya Jain","2026-09-14 06:22:21",166.0,2,aadityajain2312
9592,16810780,prachi.icy,"2026-09-23 13:29:25",165.8,2,prachinikalje
9593,16690199,"Lavkush Yadav","2026-08-08 10:20:55",165.7,1,lavkushyadavcse
9594,16843225,"Tobenna Okeke","2026-09-06 12:09:22",165.4,2,tobezzi
9595,16793392,"reda elkrouchni","2026-09-02 16:16:05",165.1,2,redaelkrouchni2
9596,16664586,"Owen Lim","2026-08-05 05:42:25",164.7,2,owenlim45
9597,16662933,"Marcelo Pereira","2026-08-19 01:14:40",164.5,2,marcekkusrp
9598,16793648,Sarda___,"2026-08-30 16:51:21",164.4,2,brainnotfound3
9599,16756344,"Pasindu Perera","2026-08-21 19:21:11",164.4,1,amavinperera
9600,16656771,"thushara bandara","2026-08-07 04:13:43",164.4,2,dushyanthibandara
9601,16690195,"Manshi Shukla","2026-08-08 10:12:24",164.1,2,manshishukla
9602,16730380,"FOKRUL ISLAM LECTURER","2026-08-19 01:56:28",163.9,2,fokrulislamlecturer
9603,16713002,"Adithya M","2026-08-13 15:42:17",163.6,2,adithya3907
9604,16893966,"Nguyễn Thái Duy","2026-09-15 08:12:14",163.4,1,nguyenthaiduytgu
9605,16660285,"Sawan Kohli","2026-08-06 13:11:44",163.3,2,sawankohli
9606,16630041,"Devi prashad tripathi","2026-08-03 17:56:58",163.2,1,deviprashadtripathi
9607,16662269,"KAMLESH KUMAR POKHARNA","2026-08-06 17:25:51",163.0,2,kamleshkumarpokharna
9608,16669142,"Jaclyn Agee","2026-08-07 15:21:06",162.8,2,jaclynagee
9609,16674774,"Dine ALASSANE","2026-08-07 05:53:28",162.8,2,dinealassane
9610,16680858,"Harshul Gupta","2026-08-21 04:40:05",162.6,2,harshulgupta77
9611,16802035,"sanchit atre","2026-09-01 09:31:07",162.5,2,sanchitatre
9612,16698307,AnasAl7,"2026-08-10 13:08:08",162.4,2,anasal7
9613,16752481,"Thanh Toan","2026-08-21 08:33:13",162.1,2,tonnglthnh
9614,16811685,benhur0905,"2026-09-25 23:59:07",162.1,2,benhur0905
9615,16756887,"Rushika S","2026-09-13 12:26:14",162.0,1,rushikas
9616,16680419,"Tech Changer","2026-08-17 12:31:58",161.9,1,johnbibin
9617,16635248,eosphor,"2026-08-01 09:46:59",161.7,2,eosphor
9618,16633551,"Subarno Sen","2026-08-25 04:42:35",161.6,2,lordfiftyfive
9619,16715354,"Alyssa Clark","2026-08-14 02:52:26",161.4,2,a1yssaclark
9620,16654098,"Mohd Zaki","2026-08-26 01:46:45",161.4,2,mdzaki08
9621,16690433,"Amar Amar Gupta","2026-08-15 10:08:37",161.4,2,amaramargupta
9622,16692568,"Muhammed Gulfam Toor","2026-08-13 19:04:32",161.3,2,gultoor
9623,16748554,"victor lucas","2026-09-22 23:24:38",161.2,1,lucsxd
9624,16936959,"Anthony Moorehead","2026-09-21 14:56:40",160.6,1,anthonymoorehead
9625,16688288,"Ojo Oluwadamilare","2026-08-08 01:43:30",160.0,2,ojooluwadamilare
9626,16712562,"Sagar Singh","2026-08-17 09:28:26",159.9,2,acrejzz
9627,16634761,"CHARHBILI Moad","2026-08-07 13:44:23",159.9,1,charhbilimoad
9628,16658693,leehuilong,"2026-08-06 12:49:22",159.8,2,leehuilong
9629,16660146,4Solver,"2026-08-08 02:06:19",159.6,2,msfbiolinhares
9630,16714589,xinsu9898,"2026-08-16 22:26:49",159.4,1,xinsu9898
9631,16785398,"Vitória Freitas","2026-08-28 20:07:12",159.3,1,vitoriafreitas13
9632,16668018,"DAVID CHEW HL","2026-08-06 06:36:34",159.1,2,davidchewhl
9633,16705360,Elahi,"2026-08-18 05:49:00",159.1,2,mmelahi
9634,16658635,"Deepak Kumar ","2026-08-05 02:38:29",159.0,2,deepak2026ml
9635,16662630,"M.mohamed Muhasir","2026-08-05 18:25:39",158.6,2,mmohamedmuhasir
9636,16683903,Saju,"2026-08-17 11:31:45",158.6,1,sajutr
9637,16701106,moshito,"2026-08-10 14:13:58",158.3,2,"danamaulana123,moshito,naufaldhiaulhaq01"
9638,16658969,"Yuri Maslov","2026-08-04 10:11:45",158.2,1,yurimaslov
9639,16701997,zran1t,"2026-08-15 14:10:18",158.2,2,zran1t
9640,16851731,"Amar 5454","2026-09-14 10:28:42",158.0,2,amar5454
9641,16658362,MHaurel,"2026-08-09 15:32:45",157.8,1,hetax17
9642,16686834,Kaabbil,"2026-08-09 16:14:49",157.7,2,"dr3aking,kaabbil"
9643,16729148,"Marco M","2026-08-16 22:51:36",157.7,1,marcoms1000
9644,16725990,"Parth Tomar","2026-08-24 12:35:45",157.7,2,parthtomar193
9645,16632418,"Bretokce 3amich","2026-08-07 12:18:26",157.2,2,bretokce3amich
9646,16640468,"Sohangkumar Patel","2026-08-26 15:00:44",157.1,2,samsamurai
9647,16681895,Akshar,"2026-08-07 06:16:19",157.1,2,aks0625
9648,16629441,Sofia_Gilka,"2026-09-18 14:41:35",157.0,2,sofiagilka
9649,16756868,"Anisha Maurya","2026-09-05 19:29:41",156.8,2,anishamaurya
9650,16775493,"JOE DEVA JERRY D ","2026-08-26 15:41:55",156.6,1,joedevajerryd
9651,16780986,Azizbek,"2026-09-01 14:26:45",156.3,2,miracle88
9652,16661500,"yagnit sutariya","2026-08-04 15:34:39",156.1,1,yagnitsutariya
9653,16756875,"Meryem Kevser Keskin","2026-09-01 21:30:35",156.0,2,meryemkevserkeskin
9654,16864193,"[Deleted] b3063c6b-024a-4ece-902e-6edde232fe9f","2026-09-10 06:27:50",155.9,2,del=d26e59586a26ce18
9655,16656954,"Marwan Elmetwally","2026-08-04 05:56:29",155.9,2,marwanelmetwally
9656,16718605,"صفاء عبد الرقيب","2026-09-06 19:27:10",155.6,2,bssgirl
9657,16658401,"Aryan Lonare","2026-08-04 09:55:47",155.5,2,aryandyalullonare
9658,16670662,"Gina Lee","2026-08-11 22:45:21",155.5,2,ginaleegdm
9659,16722089,"Saidjon Ramazonov","2026-08-16 05:51:50",155.5,2,saidjonramazonov
9660,16670777,"Aman Yitbark","2026-08-13 05:43:27",154.9,1,amanyitbark
9661,16658440,"Gloria Lourelynn S","2026-08-04 15:16:09",154.6,1,glorialourelynn
9662,16660978,"Maksym Khavil","2026-08-04 13:43:48",154.5,1,maksymkhavil
9663,16629426,"Abdullah Qureshi","2026-07-31 10:00:44",154.5,2,abdullahqureshi120
9664,16737641,"PATIL ATHARV VIJAYKUMAR","2026-09-07 05:35:17",154.5,2,"atharv095022,patilsarthakvilas,sonuretusharsuresh"
9665,16724995,dice1494,"2026-08-16 08:51:34",154.3,1,dice1494
9666,16757671,xxxxc47,"2026-08-22 08:25:52",154.1,1,xxxxc47
9667,16659036,"Mohammed Kaif","2026-08-04 10:41:22",154.0,2,mkaif001
9668,16656164,"Justin Schomer","2026-08-09 09:05:59",154.0,2,fathersecurity
9669,16802348,Shergill_17,"2026-09-01 11:17:15",154.0,2,shergill17
9670,16854169,"[Deleted] fe7af88d-d80f-4441-a8c5-3cca6b980e41","2026-09-09 12:41:02",153.3,2,del=0749851e202390c3
9671,16655573,"Probablyaphilosopher ","2026-08-16 00:01:40",153.3,2,probablyaphilosopher
9672,16750391,"Batuhan Yerebasmaz","2026-08-20 18:34:21",153.3,2,batuhanyerebasmaz
9673,16630725,"vaibhav vyas","2026-08-06 10:56:52",153.2,2,vaibhavvyas0
9674,16785085,"THEEPAN S.S","2026-08-28 16:35:39",153.1,2,theepanss
9675,16677081,"Brandon Gaston","2026-08-12 23:49:58",153.1,1,mushmon
9676,16832928,"Ilgar Gurbanov","2026-09-10 12:41:23",152.8,2,ilgargurbanov57
9677,16665223,"Sawon Mitra","2026-09-06 17:13:28",152.6,2,sawonmitra
9678,16674390,yangluo1,"2026-08-08 01:31:08",152.6,2,yangluo1
9679,16780057,"Njabulo Hope Makana","2026-09-23 17:55:48",152.5,2,njabulohopemakana
9680,16657344,"Ombayo fredrick","2026-08-04 14:04:04",152.3,2,ombayofredrick
9681,16743630,TRP,"2026-09-01 17:06:48",152.0,2,tejratanpaulrocky
9682,16664875,SaiSujitPunukollu,"2026-08-05 05:46:11",151.9,1,saisujitpunukollu
9683,16691502,"DILANE FOGUE KAMGA","2026-08-08 15:20:05",151.8,1,dilanekamga
9684,16712568,"Tanvi Dobariya","2026-08-14 17:39:52",151.7,1,tanvidobariya
9685,16945119,Logicolist,"2026-09-23 13:03:16",151.5,1,logicolist
9686,16721941,"Rita Ohabuenyi","2026-08-14 12:57:37",151.0,2,ritaohabuenyi
9687,16729010,"karan sankhe","2026-08-16 15:15:45",151.0,2,karansankhe1356
9688,16657227,"Anusha Marla","2026-08-04 07:05:53",151.0,2,anushamarla
9689,16849230,"Md. Mahim Babu","2026-09-18 11:27:55",151.0,2,mdmahimbabu
9690,16658522,"Amna khanii23","2026-08-07 05:15:47",150.9,2,amnakhanii23
9691,16683577,"Ankush Kumar M","2026-08-07 13:19:05",150.8,2,ankushkumarm
9692,16934489,Anushahs2026,"2026-09-21 08:28:06",150.4,2,anushahs2026
9693,16656278,"Bhuvaneshwari Rebba","2026-08-04 09:20:36",150.1,1,bhuvaneshwarirebba
9694,16657892,"Boonanan namna","2026-08-17 04:36:04",150.0,1,boonanannamna
9695,16715896,新木,"2026-08-18 05:25:46",150.0,1,sunchief
9696,16855448,MaryKEREN,"2026-09-25 16:00:05",149.8,1,marykeren
9697,16777666,Lithops1112,"2026-09-05 08:20:21",149.5,2,lithops1112
9698,16661447,"Sibel Özbek","2026-08-04 20:50:27",149.3,1,sibelzbek
9699,16658189,"Zale John","2026-08-26 00:48:24",149.2,2,zalejohn
9700,16677403,bababoy,"2026-08-15 14:55:17",149.1,2,adrienrenard
9701,16664458,"Prantik Chandra","2026-08-05 05:47:10",148.9,1,prantikchandra
9702,16623563,"Jocelyn Dumlao","2026-09-01 02:35:54",148.8,2,jocelyndumlao
9703,16663265,"Darlington Ayakazi","2026-08-04 20:26:08",148.8,1,darlingtonayakazi
9704,16662859,"Mohamed Zahran","2026-08-05 04:41:56",148.7,1,zrnking2012
9705,16658033,"sanjay Ghalagi","2026-08-27 15:29:34",148.7,2,sanjayghalagi
9706,16670462,"Talha Kayar","2026-08-15 15:24:03",148.6,2,talhakayar
9707,16641277,Zenieverse,"2026-08-30 05:09:04",148.6,2,zenieverse
9708,16671232,"sms tcil","2026-08-07 13:03:30",148.5,1,smstcil
9709,16668495,Herisitraka,"2026-08-05 17:16:28",148.3,2,herisitraka
9710,16913975,"Tom Dooley","2026-09-17 11:48:20",148.2,2,tomdooley123
9711,16662803,"Ashish Gawade","2026-08-04 19:11:19",148.2,2,ashishgawade
9712,16690188,Anurag,"2026-08-08 10:20:42",148.1,2,kumaranu2007
9713,16672322,"khalil ur Rehman","2026-08-13 05:10:03",148.1,2,khalilurehman
9714,16881320,allen17179869184,"2026-09-19 13:17:49",147.9,2,allen17179869184
9715,16755807,PokeTrader,"2026-09-26 18:14:14",147.8,2,poketrader
9716,16814946,"Bekama Regasa Negewo","2026-09-03 07:30:36",147.8,1,bekamaregasanegewo
9717,16674881,"Saisree Dhanasekaran","2026-09-23 11:54:42",147.8,2,saisreedhanasekaran
9718,16659929,"MAMADOU LY (LY BOUSSO 45)","2026-08-13 11:43:25",147.3,2,mamadoulylybousso45
9719,16875898,"Sai Krishna Pakkir","2026-09-11 17:30:49",147.1,2,saikrishnapakkir
9720,16667968,ChronosData,"2026-08-18 14:25:43",147.0,2,codex5843
9721,16841612,"Jordan #2","2026-09-10 16:51:25",146.9,2,jordantay
9722,16697143,"Jeisa Mathew","2026-09-06 13:04:00",146.8,2,jeisamathew
9723,16657462,"CROP CODERS","2026-08-10 18:00:28",146.7,2,"dhanvanthraj,raghavan9944,shanmugam666,sitha2345,sumaiyahibrahim"
9724,16769419,dylanaki,"2026-09-23 14:48:32",146.7,2,dylanaki
9725,16690112,"Ayush Tripathi","2026-08-17 09:03:03",146.7,2,ayushtripathi112
9726,16662557,"Naman Sudershan","2026-08-05 13:21:08",146.7,2,namansudershan
9727,16681056,"Aryan Jhingan","2026-08-11 18:53:48",146.5,2,aryanjhingan
9728,16632111,"Arda Çiftçi","2026-08-04 20:03:37",146.3,2,ardaciftci
9729,16717600,"Collistus Kibe","2026-08-21 22:13:38",146.3,2,collistuskibe
9730,16654124,"Aditya Kumar Singh","2026-08-05 09:57:29",146.2,2,adityq121608
9731,16667231,bettsy,"2026-08-05 12:12:35",146.2,2,bettsy
9732,16625029,Hilarus,"2026-08-01 15:59:02",146.2,2,hilagbag
9733,16671985,"vishal waghchaure","2026-08-07 09:25:36",145.9,2,vishalwaghchaure
9734,16723065,"Kaio Castro","2026-09-25 14:32:09",145.9,2,kaiocastro
9735,16738778,"DILIP BAVISKAR","2026-09-13 09:12:49",145.9,2,dilipbdilipb
9736,16676026,"Bedashree Swarupa Das","2026-08-06 14:14:21",145.8,1,ashokkumardasbedashr
9737,16784932,"Shefali Pradhan","2026-08-29 10:03:30",145.7,2,shefalipradhan
9738,16667886,"Ubaid ur rehman 0345","2026-08-05 15:23:12",145.6,2,ubaidurrehman0345
9739,16662099,"The Algorithmist","2026-08-04 23:41:59",145.4,2,riyagheewala
9740,16713329,qrcodeTH,"2026-08-13 08:22:40",145.0,2,thanaphumsaywonin
9741,16740144,Salmon,"2026-08-21 12:55:13",144.8,2,shin3110
9742,16748453,LINJINYAN,"2026-09-06 14:25:23",144.3,2,linjinyan
9743,16658577,farmercode261,"2026-09-12 03:26:38",144.2,2,hifnikhakim
9744,16671827,"Shourya Gupta","2026-09-25 16:16:36",143.8,2,siriuspotter
9745,16904992,abdulkader1,"2026-09-27 06:44:06",143.8,2,abdulkader1
9746,16737040,"Joseph Djian","2026-09-09 10:30:17",143.7,2,djian55
9747,16662662,"Joaquim Jose1","2026-08-04 17:57:03",143.3,1,joaquimjose1
9748,16669311,Schoki,"2026-08-17 22:26:49",143.2,2,jensdnisch
9749,16632458,"RAMAN BANSAL","2026-08-24 04:35:56",143.0,1,ramanbansal
9750,16654384,"Alladi Sai Kalyan Raman 24BCE1509","2026-08-30 09:33:11",142.7,2,alladisaikalyanraman
9751,16631135,"Fernando Liazar Luemba Salvador","2026-09-18 21:41:27",142.4,1,fernandollsalvador
9752,16827437,kaedehs33-max,"2026-09-08 03:06:50",142.3,1,kaedehs33max
9753,16707062,"G DOLANARASIMHA","2026-08-11 12:18:02",142.1,2,gdolanarasimha
9754,16656210,"Sanjay Suthraye","2026-08-04 14:55:13",141.9,2,sanjaysuthraye96
9755,16621770,"Rudraksh Zodage","2026-07-30 20:07:49",141.7,2,rudrakshzodage
9756,16789570,wyananwyanan,"2026-09-16 03:05:19",141.6,2,wyananwyanan
9757,16663334,"sameer mughal","2026-08-29 20:12:57",141.5,2,sameermughal109
9758,16624973,"Mrunmayee Kulkarni","2026-07-31 06:16:46",140.8,1,kulmrun
9759,16688165,"David @ Koantek","2026-08-25 23:53:17",140.4,2,artificialbrilliance
9760,16772354,"Gleidistony Mendes","2026-09-18 12:01:25",140.2,2,gleidistonymendes
9761,16666018,"H vv sathwik","2026-09-24 09:27:00",139.8,2,hvvsathwik
9762,16778908,"PATIL ADITYA PANDURANG","2026-09-01 17:34:33",139.8,1,"jagdalepranavsagar,patiladityapandurang,pavankadam7005"
9763,16689389,Chukunder,"2026-09-24 12:38:14",139.6,2,"farbricated,sarikajivrajika"
9764,16713896,"Quantum Fusion","2026-08-14 12:12:34",139.6,1,gugurobotics
9765,16657322,"Ashwani Mahajan","2026-09-26 04:50:35",139.2,1,ashwanimahajan
9766,16797105,"Rahul vats","2026-09-25 02:06:31",138.6,2,rahulvats20
9767,16654556,anjipoo,"2026-08-05 15:33:04",138.6,2,anjana0812
9768,16882682,"BALQEES GHWANMEH","2026-09-18 20:24:43",138.5,2,balqeesghwanmeh
9769,16784431,"Régis Meyssonnier","2026-08-28 14:47:27",138.2,1,rgismeyssonnier
9770,16907555,"Pandidurai E","2026-09-17 16:08:13",138.0,2,pandiduraie
9771,16697339,"Muhammad Safwan Ahmad Saffi","2026-08-15 00:28:21",137.8,2,safwanahmadsaffi
9772,16777407,"Fahrur Rozzi","2026-08-26 23:01:52",137.5,1,frozzi18
9773,16718139,"shah jatin","2026-09-25 01:37:35",137.4,2,shahjatin
9774,16659097,noril09,"2026-08-04 11:56:35",136.7,2,noril09
9775,16902494,FoodieJam,"2026-09-21 01:38:58",136.7,2,foodiejam
9776,16659271,Hamish,"2026-08-12 12:48:51",135.8,2,hamishdickson
9777,16754111,"Kalpana Patki","2026-08-22 16:05:10",135.4,1,kalpanapatki
9778,16705490,"KASTHURI DEVI M","2026-08-13 10:42:42",135.4,2,kasthuridevim
9779,16756264,query_stop,"2026-08-27 00:24:14",135.0,2,jaared
9780,16659062,"MOHAMMAD SUBHAN PASHA","2026-08-17 07:14:09",134.8,1,mohammadsubhanpasha
9781,16653934,"Ayomide Abdulrahmon","2026-08-03 19:22:32",133.4,2,ayomideabdulrahmon
9782,16662230,"Angus Mc Gregor","2026-08-13 21:25:46",132.8,2,angusmcgregor
9783,16662083,ihabkaggle,"2026-08-07 00:42:33",131.5,2,ihabkaggle
9784,16660342,"Adapa Gopireddy","2026-08-04 12:49:43",131.5,1,adapagopireddy
9785,16697716,ZEO,"2026-08-09 19:43:41",131.4,1,anuppatil29
9786,16666706,baijiachang,"2026-08-05 11:04:21",131.2,1,baijiachang
9787,16775483,"Parv Malav","2026-08-26 16:20:27",131.2,2,parvmalav
9788,16723289,"Caio Saboia","2026-08-28 18:24:29",130.7,1,caiosaboia
9789,16656643,"Willetta Dettore","2026-08-05 15:33:52",130.3,2,willettadettore
9790,16770924,rohit,"2026-09-12 05:08:35",130.2,2,rohitsrinivasan31
9791,16662142,"Adnan Khan","2026-08-30 06:22:52",128.5,2,iamadnankhan313
9792,16739102,"Mithulya Kumarapeli","2026-08-30 03:53:39",128.2,1,sandalim
9793,16636855,"Wynn Koo","2026-08-01 14:03:04",127.1,1,yongfenggg
9794,16660494,"Hòa Phùng Ngọc GIa","2026-09-22 08:11:18",126.9,2,haphngngcgia
9795,16707146,kaganou,"2026-08-11 13:19:53",126.8,1,kaganou
9796,16940854,AmbujSingh11294,"2026-09-27 04:35:21",124.6,2,ambujsingh11294
9797,16656235,"Zain Ul Abideen Samo","2026-08-06 15:22:02",124.4,2,zainulabideensamo
9798,16794281,"adilio freitas","2026-08-30 22:25:36",124.3,1,adiliofreitas
9799,16691729,"ADOLF FAUSTINE","2026-08-18 02:42:39",123.6,2,adolffaustine
9800,16662334,"Andres Beltran","2026-08-04 22:58:11",122.0,2,andresbeltran05
9801,16731986,Vugar3,"2026-08-17 10:51:29",120.7,2,vuqarxudvrdyev001342
9802,16804859,DevashishSoni123,"2026-09-26 19:50:36",120.7,2,devashishsoni123
9803,16661969,"Raja T","2026-09-27 03:34:50",120.6,2,rajathiagaraj
9804,16868591,"Lucas A. Rizzieri","2026-09-11 00:22:41",120.4,2,lucasarizzieri
9805,16777923,Sho,"2026-09-26 15:16:05",119.4,2,shoito08190904
9806,16654363,"NIKHIL YADAV","2026-08-17 21:20:32",119.3,2,nikhilyadav232223
9807,16904721,"Creeper Thánh","2026-09-16 06:35:52",119.3,1,creeperthnh
9808,16755329,SBedrosian123@,"2026-08-21 15:07:41",119.3,1,sbedrosian123
9809,16640323,"KOUSHIK KUMAR DINDA","2026-08-29 01:55:31",118.7,2,koushikkumardinda
9810,16735064,"Harshada Thorat 129","2026-08-18 03:58:34",117.6,1,harshadathorat129
9811,16712406,"L Sangeetha","2026-08-18 01:56:24",117.5,2,lsangeetha
9812,16727876,"Harrison Wachira","2026-08-16 08:50:03",117.4,1,harrisonwachira254
9813,16662123,hannhu40022,"2026-08-04 18:45:07",117.3,2,hannhu40022
9814,16945034,divinesouljoy,"2026-09-23 04:59:46",117.2,1,divinesouljoy
9815,16659871,"Abel Kpoton","2026-08-04 20:41:20",117.0,2,abelkpoton
9816,16623953,"Denuwan Wijesinghe","2026-08-01 07:57:04",116.9,2,denuwanwijesinghe
9817,16657486,"Turhan TAS","2026-08-10 09:21:40",116.1,1,turhantas
9818,16662809,"Chukwu Excellent","2026-08-08 22:06:34",116.0,2,chukwuexcellent
9819,16903793,"Zhongkai Shangguan","2026-09-25 23:44:13",115.6,2,leonshangguan
9820,16771841,"Panagiotis Alimisis","2026-09-14 19:04:58",114.5,2,palimisis6
9821,16658695,"Muskan Zahid","2026-08-04 14:14:02",114.1,2,artificial52
9822,16841368,lware5829,"2026-09-05 20:57:52",113.8,1,lware5829
9823,16894437,hondana29,"2026-09-27 00:11:27",113.5,2,tanadaaa
9824,16719809,"Milanto FR","2026-08-14 05:37:48",113.0,2,milantofr
9825,16713435,"Visruti Patidar","2026-08-16 11:18:23",111.9,2,visrutipatidar
9826,16633511,"joshan gladston","2026-08-01 01:19:57",111.7,2,joshangladston
9827,16690499,SuperAI@2615,"2026-08-11 16:42:48",111.4,2,superai2615
9828,16726311,"Prince Diwakar","2026-08-16 12:55:18",110.7,2,princediwaker
9829,16662455,"Nenavath Shashi","2026-08-04 18:04:52",110.0,2,nenavathshashi
9830,16674328,daniel,"2026-08-06 09:34:23",109.4,1,dkamgamegasoft
9831,16723091,"Naiely Silva","2026-08-28 00:53:34",109.1,1,naielysilva
9832,16621565,"salih chindo","2026-08-12 19:45:58",108.8,1,salihchindo
9833,16848578,"Tuấn Anh","2026-09-09 04:28:16",108.7,2,tuananhdata
9834,16626218,"Srishti Gauraha","2026-08-08 05:40:23",108.1,1,srishtigauraha
9835,16765566,DIYANSH_JAIN7,"2026-09-03 10:56:38",107.7,1,diyanshjain7
9836,16683220,Kongali,"2026-08-10 01:24:37",106.9,2,kongali
9837,16658299,"Bakar Prabowo!","2026-09-05 08:14:32",105.6,2,"galihrattn,kingki19,ranggacarkawan"
9838,16656815,"Atharva S. Naladkar","2026-08-06 06:46:40",105.4,2,atharvasnaladkar
9839,16679979,Pranav6657,"2026-08-07 02:40:48",105.4,1,pranav6657
9840,16799001,"Trịnh Quang Minh","2026-09-01 05:16:32",105.4,1,trnhquangminh140
9841,16722827,Prathyyyyy,"2026-09-19 03:10:21",105.3,1,prathyyyyy
9842,16731873,"Abhishek Singh Solanki","2026-08-19 07:24:47",104.9,1,realabhi5hek
9843,16880437,doublek,"2026-09-26 14:02:13",104.3,2,doublek
9844,16632375,"Vivien Jiaqian Zhu 朱嘉倩","2026-09-24 07:28:48",103.4,2,vivienjz
9845,16623660,"Taylor S. Amarel","2026-07-31 23:36:48",103.1,1,taylorsamarel
9846,16659840,"Dasari Giri Gabrelu","2026-08-05 13:41:11",102.6,2,giridasari
9847,16924962,XavierB5,"2026-09-19 10:26:33",102.3,1,xavierb5
9848,16857111,tfcygv,"2026-09-09 00:09:00",102.2,2,tfcygv
9849,16633417,"Handsonlabs Software Academy","2026-09-26 17:14:21",102.2,1,tobimichigan
9850,16800124,"Atharv Hirve","2026-09-20 08:44:54",101.7,2,atharvhirve14
9851,16717094,"[Deleted] 3efc3b54-b875-4c05-8e11-1214498e2853","2026-08-13 12:30:26",101.0,1,del=386289f87b91311f
9852,16661160,"Roobhasridevi P","2026-08-04 14:31:22",100.1,1,roobhasridevi
9853,16659308,Attaerabi,"2026-08-05 07:52:52",99.8,2,attaerabi
9854,16662714,"Amilcar Rodriguez","2026-09-01 04:22:39",99.5,2,amilcarskt
9855,16723068,Kaggricultors,"2026-08-27 16:33:10",99.4,2,"claralimasilva,roberthdouglasufc"
9856,16657303,"Tejas Tiwari","2026-08-04 07:32:17",98.7,1,tejaat
9857,16680165,"Radwa ALkalifa","2026-08-23 08:39:37",98.4,2,radwahamada
9858,16919907,"Álvaro Martínez González","2026-09-23 13:59:06",97.9,2,lvaromartnezgonzlez
9859,16891699,Sriram102,"2026-09-19 05:31:23",97.7,2,sriram102
9860,16659582,"Srikanth Adivanna","2026-08-04 11:25:45",97.7,1,srikanthadivanna
9861,16662243,"Cepeda Braxton","2026-08-04 19:31:54",97.6,2,cepedabraxton
9862,16670547,"Maduako Prince","2026-08-05 22:53:03",97.2,2,maduakoprince
9863,16840189,"Sneha yadav","2026-09-26 14:26:59",96.9,2,sneha463
9864,16657561,Roshdibenrojo83,"2026-08-04 07:19:05",96.6,2,roshdibenrojo83
9865,16654559,"Kerem Ali AVCIOĞLU","2026-08-03 19:28:49",96.0,2,keremaliavciolu
9866,16762458,"Promise Matorofa","2026-08-24 10:00:04",94.9,2,promisematorofa
9867,16847667,"Tushar Barman","2026-09-12 20:30:34",94.7,2,tusharbarman
9868,16658297,"Charishma Pillapalem","2026-08-11 12:46:56",94.1,2,charishmapillapalem
9869,16661098,"Muhammad aufa azmi","2026-08-04 15:18:35",93.7,2,muhammadaufaazmi
9870,16656685,"Shravani Hibare","2026-08-05 10:15:36",93.5,2,shrahib4725
9871,16662547,"hiteshsinh solanki","2026-08-05 07:59:16",93.2,2,hiteshsinhsolanki2
9872,16679847,"Julio Contreras","2026-08-21 20:29:09",93.1,2,juliocontreras
9873,16746655,"Charan Reddy321","2026-08-25 06:27:38",93.1,1,charanreddy321
9874,16731142,yshinok,"2026-09-16 23:32:47",92.8,2,yukishinohara0114
9875,16728931,Sathwik2006,"2026-08-16 14:25:36",92.7,2,sathwik2006
9876,16743822,Surya,"2026-08-19 16:21:21",91.8,1,suryapandian
9877,16668691,BeltusTebid,"2026-08-05 16:01:45",91.4,1,beltustebid
9878,16659041,"uma mahesh23","2026-08-04 11:50:03",91.2,2,umamahesh23
9879,16676977,"Akash Babu","2026-09-04 06:45:03",90.5,2,akashbabu17
9880,16662295,"benja cooper","2026-08-04 17:41:28",90.2,2,benjacooper
9881,16691542,Tushar_SVC,"2026-08-11 04:12:09",89.6,2,tusharsvc
9882,16794292,"Taylor Clark","2026-09-22 22:49:20",89.3,2,taylorclark637
9883,16932358,"Ilfat Hismatullin","2026-09-20 21:41:28",88.1,1,izek123
9884,16654509,"Shruti Kondabathula","2026-08-07 18:17:56",87.9,2,shrutikondabathula
9885,16656485,stunningvn,"2026-09-08 07:40:44",87.2,2,dedquoc
9886,16677441,"ERREGUI YOUSSEF","2026-08-06 18:02:39",85.3,2,erreguiyoussef
9887,16641109,zzgtylors,"2026-08-06 06:21:50",84.6,2,zzgtylors
9888,16654711,"Rupam Bhattacharjee1","2026-08-14 16:43:07",84.5,1,rupambhattacharjee1
9889,16912163,"Umar Tabbsum","2026-09-17 14:36:46",84.3,2,umartabbsum
9890,16626159,"Cảnh Đinh Tiến","2026-08-02 09:17:36",82.9,2,tourist110406
9891,16748612,"Priyadharshini B","2026-08-24 12:06:18",82.4,1,priyadh29
9892,16743241,"Adhvaith KS","2026-09-02 14:30:35",81.4,1,adhvaithks
9893,16798631,dzlabs,"2026-09-01 09:57:10",80.5,2,dzlabs
9894,16670552,"Harsh Chaudhary ml","2026-08-05 22:16:25",80.3,1,harshchaudharyml
9895,16660340,"pawan sondhiya","2026-08-07 06:22:38",80.1,2,pawansondhiya
9896,16661419,"Shivansh Soni","2026-08-04 15:08:01",78.4,2,shivanshsonii
9897,16670368,"Gary Gitton","2026-08-19 17:03:04",77.2,2,garygitton
9898,16693819,"Hossein Shad Manaman","2026-08-12 03:14:58",76.4,2,hosseinshadmanaman
9899,16858278,"Sukma Ramadhan A","2026-09-12 13:22:49",74.8,2,sukmaramadhana
9900,16811547,Merlin,"2026-09-24 14:33:04",74.4,1,huntergrey
9901,16663897,jayaBhavagan,"2026-08-05 19:34:36",74.0,1,jayabhavagan
9902,16623094,"Claudia Arias Gonzalez","2026-09-24 21:54:03",73.8,2,claudiaariasgonzalez
9903,16785477,"ASHMIL P URK25CS7129","2026-08-28 18:26:11",73.5,1,ashmilpurk25cs7129
9904,16663161,"Pial Mahmud","2026-08-17 10:38:21",72.7,2,pialgroup
9905,16655748,revathip,"2026-08-06 06:00:14",71.6,2,revathiprakash
9906,16656240,"SACHIN KUMAR","2026-08-10 03:13:24",71.4,2,sackm123
9907,16808545,"Qinyong Wang","2026-09-02 11:53:03",71.3,2,magicwqy
9908,16657055,RedKiwi,"2026-08-05 05:57:34",71.0,2,tnmthai
9909,16665345,saurabh10june,"2026-08-05 11:53:47",71.0,2,saurabh10june
9910,16707468,"SBJ 2205","2026-08-12 09:59:33",70.9,1,sbj2205
9911,16886704,"mohammed alshokry","2026-09-15 14:06:43",70.7,2,mohammedalshokry
9912,16851038,"Ivan Danut","2026-09-26 12:47:36",70.3,2,ivandanut
9913,16659675,"M.Athallah Rafif Aldera","2026-08-06 12:40:14",70.1,2,mathallahrafifaldera
9914,16659451,anero98,"2026-08-22 20:47:29",69.6,2,anero98
9915,16700316,"Pranav Waghmare","2026-08-11 16:29:05",68.8,1,waghmarepranav6
9916,16668599,"Hafsa Anwaar","2026-08-05 17:43:21",68.7,2,hafsaanwaar
9917,16823197,Cowabunga,"2026-09-20 21:55:58",67.7,2,ameripreye
9918,16621519,Ᏸ𐍂Ꭷ,"2026-07-30 17:30:30",66.0,2,dheerajkannaujiya
9919,16656777,"Salam Alqerem","2026-08-31 10:59:33",65.8,2,salamalqerem
9920,16663277,"Mariana Mejía","2026-08-24 23:58:54",65.2,2,marianameja
9921,16794173,"Kamran Arshad","2026-08-31 07:19:49",65.1,2,kamranarshad
9922,16920156,RoboSAL,"2026-09-26 13:55:41",64.4,2,salouaouarhlent
9923,16867334,"Connor Tran","2026-09-21 22:05:52",64.1,1,thlphero
9924,16666072,Abinash,"2026-08-05 15:07:52",64.1,2,abinashsinha1726
9925,16735323,"Souvik Routh","2026-08-18 04:30:21",63.9,1,souvikrouth
9926,16736939,"Flandre 29","2026-08-26 08:23:01",63.6,2,flandre29
9927,16678283,"Ajinkya Digurkar","2026-08-21 10:56:03",63.1,2,"ajinkyadigurkar,sakshiagrawal8818"
9928,16848280,"Oladipupo Olapoju","2026-09-08 00:24:32",62.9,2,pupoolapoju
9929,16666273,"Wondu Zerihun","2026-09-08 07:55:57",62.9,2,zerihun369
9930,16803074,"fumihito mori","2026-09-01 14:00:16",62.2,1,fumihitomori
9931,16660886,"Dr.Eldirdiri Fadol ","2026-08-05 05:30:48",62.1,2,dreldirdirifadol
9932,16687628,ruchit,"2026-08-28 11:22:16",61.5,1,ruchitkhade
9933,16867360,kagg24293,"2026-09-11 08:19:36",61.4,2,kagg24293
9934,16867026,"Aashish Bagmar","2026-09-11 05:14:45",61.0,2,aashishbagmar
9935,16665079,"Maguluri Keerthi","2026-08-05 06:16:03",60.2,2,magulurikeerthi
9936,16735237,"YASH CHIMAN","2026-08-18 04:20:24",59.6,1,yashchiman
9937,16658666,"VMax Agents","2026-08-04 10:57:49",59.3,1,"akhiildheep,mithun5353"
9938,16680428,"Surabhi veda","2026-08-07 01:49:35",59.1,1,surabhiveda
9939,16667489,"Cornol Lieto","2026-08-05 12:31:14",58.6,1,lietocornol
9940,16846758,"Harish More","2026-09-07 07:44:25",58.1,2,harishmore812
9941,16784650,LukasM1,"2026-08-28 14:15:24",55.2,1,lukasm1
9942,16658100,"Nanda Riansyah","2026-08-04 08:55:54",55.2,2,nandariansyah
9943,16661711,"Wild Star217","2026-08-30 18:00:18",51.7,2,wildstar217
9944,16667339,"Victor Chege","2026-09-01 13:56:51",51.6,2,victorchege0
9945,16785053,"Rinosh Bethala","2026-08-28 17:52:26",51.0,1,rinoshbethala
9946,16666836,"Emir Ayvaz","2026-08-07 05:57:00",49.9,2,emirayvaz
9947,16895738,suqingying,"2026-09-21 10:43:10",49.4,1,suqingying
9948,16679410,"Leke Glean","2026-08-07 17:29:04",47.4,2,lekeglean
9949,16925909,"Hopefrey Mosingi","2026-09-19 15:30:15",46.6,2,hopefreymosingi
9950,16692750,"Hoya need job","2026-09-26 09:18:09",46.1,2,pranavwankhade
9951,16780027,rotto,"2026-09-01 13:18:33",45.5,2,pirotototo4023
9952,16892319,"Shair Khan","2026-09-21 08:30:36",45.0,2,datascikhan
9953,16719441,Gatranova,"2026-08-14 04:11:54",44.4,2,rafiabiyyuairlangga
9954,16698958,"Shanjaya SK","2026-08-28 15:25:11",43.7,1,"payuu03,shanjayask"
9955,16716079,shaurya_pandey@19,"2026-08-13 09:27:49",43.4,2,shauryapandey19
9956,16938479,"Илья Попов ","2026-09-22 22:54:01",43.0,1,wingedwolf7
9957,16698953,Locked_in_hell,"2026-08-13 18:31:55",41.3,2,stealthknight
9958,16640594,Win2207,"2026-08-07 12:05:07",41.2,2,win2207
9959,16661068,ZeViX,"2026-09-25 16:23:22",41.2,2,"codinggeek101,vedantkhete"
9960,16663406,"Elshan Kazim","2026-08-16 08:38:43",41.1,1,elsnkazm
9961,16673372,"Hadyan Adira","2026-08-14 03:16:30",38.6,2,hadyanadira
9962,16633018,purelilyth,"2026-08-20 19:43:09",38.5,2,purelilyth
9963,16839644,Mikhail,"2026-09-06 06:52:57",38.3,1,mih2501py
9964,16710773,Openaiskrip,"2026-08-12 07:54:38",35.1,2,openaiskrip
9965,16835282,nico23t,"2026-09-07 14:18:22",35.1,2,nico23t
9966,16761007,"Pankaj Nakhat","2026-08-23 11:48:21",33.7,2,pankajnakhat
9967,16868098,"Arya Patil","2026-09-11 08:00:49",33.3,1,shutterstack
9968,16723050,"Ítalo Albuquerque","2026-09-11 18:32:23",31.3,2,taloalbuquerque
9969,16730708,ysakuragi,"2026-08-19 01:30:12",30.4,1,ysakuragi
9970,16644474,"Vihaan Ahluwalia","2026-08-05 13:16:21",30.2,2,vihaanahluwalia
9971,16654087,Gabriela_Fernandes4,"2026-08-04 19:12:33",30.0,1,gabrielafernandes4
9972,16761521,"Artificial Silicon","2026-08-29 10:17:46",28.5,1,artificialsilicon
9973,16684847,"M.Harshavardhan Raju","2026-08-09 16:15:49",28.1,2,mharshavardhanraju
9974,16633932,omikbop,"2026-08-02 12:36:52",27.5,2,omikbop
9975,16948861,"PRATHAMESH ARUN JADHAV","2026-09-24 03:10:19",27.2,1,prathamesharunjadhav
9976,16770096,Program,"2026-09-14 11:35:12",26.6,2,panagiotapanora
9977,16675209,lavica,"2026-08-11 13:23:03",26.5,2,lavica
9978,16731524,"Tsyrenov Mergen","2026-08-17 09:42:39",26.3,1,tsyrenovmergen
9979,16665139,"Siddharaj Kulkarni","2026-08-16 05:23:21",25.7,2,siddharajkulkarni
9980,16773858,"Kundan Kumar","2026-09-25 09:49:06",22.6,2,edkundan
9981,16924593,"Aarav Bajya","2026-09-27 04:25:45",22.2,2,aaravbajya
9982,16716562,"Ananya Maurya","2026-08-13 10:01:25",21.9,2,ananyamaurya
9983,16656753,"TAMAL SINGHA ROY","2026-08-05 07:57:48",21.5,2,tamalsingharoy
9984,16675819,RohitS001,"2026-08-11 18:05:54",16.5,2,rohits001
9985,16771156,"Ronald Ayamba","2026-08-25 19:16:26",11.8,1,ronaldayamba
9986,16705637,"Vedant Ghodekar","2026-08-11 05:28:57",9.7,1,vedantghodekar
9987,16654026,"joju shaji","2026-08-09 16:36:43",9.5,2,jojushaji
9988,16669011,"Siddiqui Rehan Ahmed Furqan","2026-08-07 05:24:38",6.4,2,siddiquirehanahmed
9989,16662721,"Manish Sharma","2026-08-12 17:44:16",6.1,2,themihirsharma
9990,16721495,"404 Crop Not Found","2026-09-01 08:45:29",5.7,2,"aiprojector,boazx15"
9991,16660161,"Antimo Carlino","2026-09-08 19:09:46",3.6,2,antimocarlino
9992,16624064,"Hemant Ahlawat","2026-07-31 15:52:56",3.4,2,happyahlawat
9993,16811344,"Vineeth Nannuri","2026-09-10 05:19:07",3.1,2,vineethnannuri
9994,16778494,"Agda Niya","2026-08-28 06:43:07",1.9,2,agdaniya
9995,16676428,wayzhengong27,"2026-08-08 06:34:59",1.8,2,"kkkuek,wayzhengong27"
9996,16714192,"Nishanth Palugula","2026-08-14 06:51:09",1.5,2,nishanthpalugula
9997,16721567,"Neeraj Sharma","2026-09-04 07:21:50",1.0,1,neerajsharma897
9998,16633250,Myst19,"2026-08-03 13:25:15",-0.0,2,jakeschweikhart
9999,16852322,"Harshit Varma45","2026-09-08 03:54:30",-0.4,1,harshitvarma45
10000,16747839,"Ich Schmid","2026-09-19 13:56:52",-1.0,2,ichschmid
10001,16644519,"Shambhu Shekhar Sinha","2026-08-12 18:55:43",-1.5,2,shambhushekharsinha
10002,16687620,Goktug1,"2026-09-18 18:47:26",-2.3,2,goktug1
10003,16632413,"Varun Patil","2026-07-31 18:41:34",-3.6,1,varunpatil262005
10004,16938443,"zhichen huang","2026-09-21 21:54:55",-5.1,1,zhichenhuang
10005,16696104,"Harshit Meesari","2026-08-09 14:31:00",-6.8,1,harshitmeesari
10006,16658745,"Shabby farms 2.0","2026-08-16 03:10:28",-7.2,2,rahulk5418
10007,16673732,"Async Null","2026-08-06 16:55:26",-9.6,1,asyncnull
10008,16708290,"Hrishikesh Thakare","2026-08-12 14:45:08",-9.9,1,hrishikeshthakare
10009,16940668,"Lars Gade","2026-09-24 20:48:47",-12.8,2,larsgade
10010,16661152,"Dr.Abdulbaset Musleh","2026-09-19 17:40:52",-13.8,2,drabdulbasetaledresi
10011,16888204,"yunus yalman","2026-09-24 19:48:59",-15.9,2,yunusyalman
10012,16914127,"Aditya Jha","2026-09-20 04:35:47",-18.5,2,theadijha
10013,16731488,"James Kimani","2026-08-27 13:18:20",-18.6,1,jaykim122
10014,16689555,"kelvin waruingi","2026-08-09 22:45:23",-18.7,2,kelvinwaruingi
10015,16664822,"Prateek Singh","2026-08-05 05:30:22",-19.6,2,pra73ek
10016,16916794,SHUJAT,"2026-09-21 14:59:47",-24.4,1,syedshujathussain
10017,16809774,farmci,"2026-09-02 16:59:50",-24.4,1,ermismel
10018,16790678,Pujolaras,"2026-09-03 14:45:14",-24.6,1,pujolaras
10019,16780318,"Piyush Darinda","2026-08-27 17:28:07",-26.5,2,piyushdarinda
10020,16659501,Duckey,"2026-08-04 13:02:16",-28.5,2,bokangletsapo
10021,16654404,"Madhan Sidmal","2026-08-11 21:28:45",-29.4,2,madhansidmal
10022,16662922,BrandonDucar,"2026-09-12 23:12:40",-29.6,2,brandonducar
10023,16657568,"Manpreet Singh","2026-08-08 13:45:41",-30.6,2,manpreet1994
10024,16792531,"subash jayakumar","2026-08-30 20:14:56",-31.9,2,subashjayakumar
10025,16679250,srskat,"2026-08-16 08:26:30",-36.4,2,srskat
10026,16720136,"Roaring Cotton","2026-09-15 20:07:58",-37.9,2,daviddavidelijah
10027,16943065,"LOKHANDE HARSH","2026-09-23 16:45:21",-41.3,1,lokhandeharsh
10028,16732320,"Malik Muhammad Arbaz","2026-08-18 13:05:51",-44.0,1,malikmuhammadarbaz
10029,16644439," علي ساجد","2026-08-02 21:40:07",-45.0,2,jdvdjdv97171ushd
10030,16624666,"Avik Das","2026-08-21 08:57:10",-45.5,2,avikdas567
10031,16676890,luciferingstar256,"2026-08-20 15:40:55",-47.6,1,luciferingstar256
10032,16689681,"Prakash Rajan","2026-08-09 16:37:56",-48.6,2,prakashai
10033,16735078,"SUDHANSHU PATIL","2026-08-18 04:37:33",-52.9,2,sudhanshupatil10
10034,16941446,"Rehan Liaqat","2026-09-22 12:30:49",-56.7,1,rehanliaqat17
10035,16885604,dualcore,"2026-09-22 09:54:46",-57.8,2,"shashankkalled,tridiv14"
10036,16659057,"Jolvin James","2026-08-07 08:04:22",-60.4,2,jolvinjames
10037,16622991,"Fedor Grigorev","2026-08-27 15:30:57",-68.3,1,fedorgrigorev
10038,16755427,"Daksh Jain","2026-08-21 15:18:57",-75.9,1,dakshu081
10039,16663728,"Al'Humairah Ali","2026-08-10 17:28:01",-76.4,1,alhumairahali
10040,16885774,"Adama Savadogo","2026-09-14 17:34:16",-79.3,2,adamasavadogo
10041,16629006,ymym_tymblack,"2026-08-22 09:44:39",-79.7,2,ymymtymblack
10042,16758417,AthulJenson,"2026-08-22 14:21:26",-82.0,1,athuljenson
10043,16802203,"Sadaf Mughees","2026-09-21 09:16:16",-82.1,2,sadafmughees
10044,16632266,"(ノ◡ <)","2026-09-25 04:46:33",-86.2,2,nawfeelrahman1124444
10045,16709661,sapphirey,"2026-09-07 11:21:05",-93.4,2,sapphirey
10046,16707646,ppssbb09,"2026-09-17 13:40:43",-95.5,1,ppssbb09
10047,16805234,Ryuzaki2325,"2026-09-01 19:44:54",-97.3,1,ryuzaki2325
10048,16731829,"Alexandra Tricia","2026-08-19 07:03:33",-101.7,2,alexandratricia
10049,16683041,Abhishektyagi649,"2026-08-07 08:37:09",-104.0,2,abhishektyagi649
10050,16713011,"Tasmayu Swain","2026-08-14 15:49:35",-106.7,1,tasmayuswain
10051,16685888,LeulYT,"2026-08-10 05:35:44",-121.4,2,leulyt
10052,16637499,Yuchen20,"2026-09-19 14:06:24",-127.4,2,yuchen2066
10053,16808566,"contemporary dance","2026-09-02 22:44:14",-131.3,2,shigeria
10054,16657035,"Christvin Mathew","2026-08-04 08:55:56",-141.2,2,christvinmathew
10055,16719181,SaltyCode,"2026-08-16 04:56:22",-147.4,1,saltycode
10056,16671617,"Bennett Lien","2026-09-19 04:18:05",-159.7,1,"bennettlien,liamspaulding"
10057,16695221,"Muhammad Daud Abbas","2026-08-12 20:04:32",-183.8,2,muhammaddaudabbas
10058,16889642,"calvin Grimm","2026-09-14 06:15:04",-190.7,1,calvingrimm
10059,16692837,"Sai Uttam Gite","2026-08-09 11:36:32",-192.4,1,saiuttamgite
10060,16659881,SantosR,"2026-09-08 14:27:04",-195.4,2,santosr
10061,16668701,"Nihal Jamadar","2026-08-09 04:28:26",-196.0,2,nihaljamadar313
10062,16660261,"YO_ONE CHAUHAN","2026-08-08 23:49:54",-196.7,2,yoonechauhan
10063,16659864,"Twin Titans","2026-08-08 07:50:33",-197.8,2,"sivahokage,solaisararaju"
10064,16717416,"Timofey Kalyak","2026-08-20 07:04:06",-199.0,1,timofeytweaky
10065,16724138,"Tuna Xiao","2026-09-07 15:05:12",-200.2,1,tunaxiao
10066,16885473,Razazazazaza,"2026-09-15 13:23:00",-200.8,2,razazazazaza
10067,16665495,"sai chand Boppudi","2026-08-07 04:19:58",-201.4,2,saichandboppudi
10068,16728276,"ROHAAN ASIF","2026-08-16 11:20:59",-206.2,2,ordinarydev007
10069,16794008,HyperPlanz,"2026-08-31 13:08:38",-216.0,2,domiandr000
