phase,job_id,version,rival,rank,seed,candidate_seat,result,candidate_reward,opponent_reward,margin,frames,candidate_status,opponent_status,max_candidate_call_seconds,candidate_sha256,changed_turns,nodes
pilot,baseline:33000001:4ee:1,baseline,4ee,,33000001,1,draw,119234.0,119234.0,0.0,720,DONE,DONE,0.24867130001075566,4eeac9c3ded6682d42213ad22242ebe3dbe294faecbee7a33a6543a1f1f783ed,0,0
pilot,baseline:33000001:4ee:0,baseline,4ee,,33000001,0,draw,119234.0,119234.0,0.0,720,DONE,DONE,0.24034990000654943,4eeac9c3ded6682d42213ad22242ebe3dbe294faecbee7a33a6543a1f1f783ed,0,0
pilot,baseline:33000001:cb76:0,baseline,cb76,,33000001,0,draw,119234.0,119234.0,0.0,720,DONE,DONE,0.23810029999003746,4eeac9c3ded6682d42213ad22242ebe3dbe294faecbee7a33a6543a1f1f783ed,0,0
pilot,candidate:33000001:4ee:1,candidate,4ee,,33000001,1,win,120167.0,117730.0,2437.0,720,DONE,DONE,1.6014810999913607,bbffbe65dee6e0dc4dd0147fec897df74e16760b76ec7d2a2b38f636bc90555f,101,10437
pilot,candidate:33000001:4ee:0,candidate,4ee,,33000001,0,win,120167.0,117730.0,2437.0,720,DONE,DONE,1.6149806999892462,bbffbe65dee6e0dc4dd0147fec897df74e16760b76ec7d2a2b38f636bc90555f,101,10437
pilot,candidate:33000001:cb76:0,candidate,cb76,,33000001,0,win,120167.0,117730.0,2437.0,720,DONE,DONE,1.1652020999754313,bbffbe65dee6e0dc4dd0147fec897df74e16760b76ec7d2a2b38f636bc90555f,101,10437
pilot,baseline:33000001:cb76:1,baseline,cb76,,33000001,1,draw,119234.0,119234.0,0.0,720,DONE,DONE,0.17228709999471903,4eeac9c3ded6682d42213ad22242ebe3dbe294faecbee7a33a6543a1f1f783ed,0,0
pilot,baseline:33000002:4ee:0,baseline,4ee,,33000002,0,draw,96566.0,96566.0,0.0,720,DONE,DONE,0.12425900000380352,4eeac9c3ded6682d42213ad22242ebe3dbe294faecbee7a33a6543a1f1f783ed,0,0
pilot,candidate:33000001:cb76:1,candidate,cb76,,33000001,1,win,120167.0,117730.0,2437.0,720,DONE,DONE,1.2873918999976013,bbffbe65dee6e0dc4dd0147fec897df74e16760b76ec7d2a2b38f636bc90555f,101,10437
pilot,candidate:33000002:4ee:0,candidate,4ee,,33000002,0,win,97095.0,95845.0,1250.0,720,DONE,DONE,0.6987499000097159,bbffbe65dee6e0dc4dd0147fec897df74e16760b76ec7d2a2b38f636bc90555f,47,5662
pilot,baseline:33000002:4ee:1,baseline,4ee,,33000002,1,draw,96566.0,96566.0,0.0,720,DONE,DONE,0.17227579999598674,4eeac9c3ded6682d42213ad22242ebe3dbe294faecbee7a33a6543a1f1f783ed,0,0
pilot,baseline:33000002:cb76:0,baseline,cb76,,33000002,0,draw,96566.0,96566.0,0.0,720,DONE,DONE,0.13185730000259355,4eeac9c3ded6682d42213ad22242ebe3dbe294faecbee7a33a6543a1f1f783ed,0,0
pilot,candidate:33000002:4ee:1,candidate,4ee,,33000002,1,win,97095.0,95845.0,1250.0,720,DONE,DONE,0.8455466000013985,bbffbe65dee6e0dc4dd0147fec897df74e16760b76ec7d2a2b38f636bc90555f,47,5662
pilot,baseline:33000002:cb76:1,baseline,cb76,,33000002,1,draw,96566.0,96566.0,0.0,720,DONE,DONE,0.15213560001575388,4eeac9c3ded6682d42213ad22242ebe3dbe294faecbee7a33a6543a1f1f783ed,0,0
pilot,candidate:33000002:cb76:0,candidate,cb76,,33000002,0,win,97095.0,95845.0,1250.0,720,DONE,DONE,0.7371994999994058,bbffbe65dee6e0dc4dd0147fec897df74e16760b76ec7d2a2b38f636bc90555f,47,5662
pilot,baseline:33000003:4ee:0,baseline,4ee,,33000003,0,draw,95689.0,95689.0,0.0,720,DONE,DONE,0.20972040001652204,4eeac9c3ded6682d42213ad22242ebe3dbe294faecbee7a33a6543a1f1f783ed,0,0
pilot,candidate:33000002:cb76:1,candidate,cb76,,33000002,1,win,97095.0,95845.0,1250.0,720,DONE,DONE,0.817802000005031,bbffbe65dee6e0dc4dd0147fec897df74e16760b76ec7d2a2b38f636bc90555f,47,5662
pilot,baseline:33000003:4ee:1,baseline,4ee,,33000003,1,draw,95689.0,95689.0,0.0,720,DONE,DONE,0.20407360000535846,4eeac9c3ded6682d42213ad22242ebe3dbe294faecbee7a33a6543a1f1f783ed,0,0
pilot,baseline:33000003:cb76:0,baseline,cb76,,33000003,0,draw,95689.0,95689.0,0.0,720,DONE,DONE,0.22079420002410188,4eeac9c3ded6682d42213ad22242ebe3dbe294faecbee7a33a6543a1f1f783ed,0,0
pilot,candidate:33000003:4ee:0,candidate,4ee,,33000003,0,win,96685.0,94382.0,2303.0,720,DONE,DONE,0.7650050999945961,bbffbe65dee6e0dc4dd0147fec897df74e16760b76ec7d2a2b38f636bc90555f,78,8314
pilot,baseline:33000003:cb76:1,baseline,cb76,,33000003,1,draw,95689.0,95689.0,0.0,720,DONE,DONE,0.27567610002006404,4eeac9c3ded6682d42213ad22242ebe3dbe294faecbee7a33a6543a1f1f783ed,0,0
pilot,candidate:33000003:4ee:1,candidate,4ee,,33000003,1,win,96685.0,94382.0,2303.0,720,DONE,DONE,2.2760646999813616,bbffbe65dee6e0dc4dd0147fec897df74e16760b76ec7d2a2b38f636bc90555f,78,8314
pilot,candidate:33000003:cb76:0,candidate,cb76,,33000003,0,win,96685.0,94382.0,2303.0,720,DONE,DONE,0.7525711999915075,bbffbe65dee6e0dc4dd0147fec897df74e16760b76ec7d2a2b38f636bc90555f,78,8314
pilot,baseline:33000004:4ee:0,baseline,4ee,,33000004,0,draw,117486.0,117486.0,0.0,720,DONE,DONE,0.27976309999939986,4eeac9c3ded6682d42213ad22242ebe3dbe294faecbee7a33a6543a1f1f783ed,0,0
pilot,baseline:33000004:4ee:1,baseline,4ee,,33000004,1,draw,117486.0,117486.0,0.0,720,DONE,DONE,0.26319550001062453,4eeac9c3ded6682d42213ad22242ebe3dbe294faecbee7a33a6543a1f1f783ed,0,0
pilot,candidate:33000003:cb76:1,candidate,cb76,,33000003,1,win,96685.0,94382.0,2303.0,720,DONE,DONE,1.687646100006532,bbffbe65dee6e0dc4dd0147fec897df74e16760b76ec7d2a2b38f636bc90555f,78,8314
pilot,baseline:33000004:cb76:0,baseline,cb76,,33000004,0,draw,117486.0,117486.0,0.0,720,DONE,DONE,0.36146349998307414,4eeac9c3ded6682d42213ad22242ebe3dbe294faecbee7a33a6543a1f1f783ed,0,0
pilot,candidate:33000004:4ee:0,candidate,4ee,,33000004,0,win,118830.0,115966.0,2864.0,720,DONE,DONE,1.282636799995089,bbffbe65dee6e0dc4dd0147fec897df74e16760b76ec7d2a2b38f636bc90555f,113,10431
pilot,candidate:33000004:4ee:1,candidate,4ee,,33000004,1,win,118830.0,115966.0,2864.0,720,DONE,DONE,1.1599681999941822,bbffbe65dee6e0dc4dd0147fec897df74e16760b76ec7d2a2b38f636bc90555f,113,10431
pilot,baseline:33000004:cb76:1,baseline,cb76,,33000004,1,draw,117486.0,117486.0,0.0,720,DONE,DONE,0.29185490001691505,4eeac9c3ded6682d42213ad22242ebe3dbe294faecbee7a33a6543a1f1f783ed,0,0
pilot,candidate:33000004:cb76:0,candidate,cb76,,33000004,0,win,118830.0,115966.0,2864.0,720,DONE,DONE,1.8496719999820925,bbffbe65dee6e0dc4dd0147fec897df74e16760b76ec7d2a2b38f636bc90555f,113,10431
pilot,candidate:33000004:cb76:1,candidate,cb76,,33000004,1,win,118830.0,115966.0,2864.0,720,DONE,DONE,1.6769923000247218,bbffbe65dee6e0dc4dd0147fec897df74e16760b76ec7d2a2b38f636bc90555f,113,10431
top20,baseline:16623559:115321748:1,baseline,DECEM,1,1590754653,1,win,134714.0,76014.0,58700.0,720,DONE,DONE,0.4317498999880627,4eeac9c3ded6682d42213ad22242ebe3dbe294faecbee7a33a6543a1f1f783ed,0,0
top20,baseline:16623559:115321748:0,baseline,DECEM,1,1590754653,0,win,134714.0,76014.0,58700.0,720,DONE,DONE,0.427746000001207,4eeac9c3ded6682d42213ad22242ebe3dbe294faecbee7a33a6543a1f1f783ed,0,0
top20,baseline:16732748:115323250:0,baseline,DSM,2,739900353,0,win,159388.0,55118.0,104270.0,720,DONE,DONE,0.3298054000188131,4eeac9c3ded6682d42213ad22242ebe3dbe294faecbee7a33a6543a1f1f783ed,0,0
top20,candidate:16623559:115321748:0,candidate,DECEM,1,1590754653,0,win,134696.0,75999.0,58697.0,720,DONE,DONE,1.1796696999808773,bbffbe65dee6e0dc4dd0147fec897df74e16760b76ec7d2a2b38f636bc90555f,83,7287
top20,candidate:16623559:115321748:1,candidate,DECEM,1,1590754653,1,win,134696.0,75999.0,58697.0,720,DONE,DONE,1.2256016000173986,bbffbe65dee6e0dc4dd0147fec897df74e16760b76ec7d2a2b38f636bc90555f,83,7287
top20,candidate:16732748:115323250:0,candidate,DSM,2,739900353,0,win,159437.0,55081.0,104356.0,720,DONE,DONE,0.6372090000077151,bbffbe65dee6e0dc4dd0147fec897df74e16760b76ec7d2a2b38f636bc90555f,87,7557
top20,baseline:16732748:115323250:1,baseline,DSM,2,739900353,1,win,159388.0,55118.0,104270.0,720,DONE,DONE,0.1799196999927517,4eeac9c3ded6682d42213ad22242ebe3dbe294faecbee7a33a6543a1f1f783ed,0,0
top20,baseline:16915014:115323250:0,baseline,Boey,3,739900353,0,win,105525.0,97052.0,8473.0,720,DONE,DONE,0.16171459999168292,4eeac9c3ded6682d42213ad22242ebe3dbe294faecbee7a33a6543a1f1f783ed,0,0
top20,candidate:16732748:115323250:1,candidate,DSM,2,739900353,1,win,159437.0,55081.0,104356.0,720,DONE,DONE,0.7009719999914523,bbffbe65dee6e0dc4dd0147fec897df74e16760b76ec7d2a2b38f636bc90555f,87,7557
top20,baseline:16915014:115323250:1,baseline,Boey,3,739900353,1,win,105525.0,97052.0,8473.0,720,DONE,DONE,0.1609654999920167,4eeac9c3ded6682d42213ad22242ebe3dbe294faecbee7a33a6543a1f1f783ed,0,0
top20,baseline:16770421:115323543:0,baseline,Vadim Vasilenko,4,1021797774,0,win,146420.0,118411.0,28009.0,720,DONE,DONE,0.1968963000108488,4eeac9c3ded6682d42213ad22242ebe3dbe294faecbee7a33a6543a1f1f783ed,0,0
top20,candidate:16915014:115323250:0,candidate,Boey,3,739900353,0,win,105576.0,97011.0,8565.0,720,DONE,DONE,0.41837410000152886,bbffbe65dee6e0dc4dd0147fec897df74e16760b76ec7d2a2b38f636bc90555f,45,6110
top20,candidate:16915014:115323250:1,candidate,Boey,3,739900353,1,win,105576.0,97011.0,8565.0,720,DONE,DONE,0.3945708999817725,bbffbe65dee6e0dc4dd0147fec897df74e16760b76ec7d2a2b38f636bc90555f,45,6110
top20,baseline:16770421:115323543:1,baseline,Vadim Vasilenko,4,1021797774,1,win,146420.0,118411.0,28009.0,720,DONE,DONE,0.19681839999975637,4eeac9c3ded6682d42213ad22242ebe3dbe294faecbee7a33a6543a1f1f783ed,0,0
top20,baseline:16712258:115321748:0,baseline,Yizhou,5,1590754653,0,win,133151.0,69742.0,63409.0,720,DONE,DONE,0.1907210000208579,4eeac9c3ded6682d42213ad22242ebe3dbe294faecbee7a33a6543a1f1f783ed,0,0
top20,candidate:16770421:115323543:0,candidate,Vadim Vasilenko,4,1021797774,0,win,146427.0,118426.0,28001.0,720,DONE,DONE,0.5206467999960296,bbffbe65dee6e0dc4dd0147fec897df74e16760b76ec7d2a2b38f636bc90555f,129,11949
top20,baseline:16712258:115321748:1,baseline,Yizhou,5,1590754653,1,win,133151.0,69742.0,63409.0,720,DONE,DONE,0.18145999999251217,4eeac9c3ded6682d42213ad22242ebe3dbe294faecbee7a33a6543a1f1f783ed,0,0
top20,candidate:16770421:115323543:1,candidate,Vadim Vasilenko,4,1021797774,1,win,146427.0,118426.0,28001.0,720,DONE,DONE,0.46149509999668226,bbffbe65dee6e0dc4dd0147fec897df74e16760b76ec7d2a2b38f636bc90555f,129,11949
top20,candidate:16712258:115321748:0,candidate,Yizhou,5,1590754653,0,win,133161.0,69734.0,63427.0,720,DONE,DONE,0.5413942000013776,bbffbe65dee6e0dc4dd0147fec897df74e16760b76ec7d2a2b38f636bc90555f,142,11822
top20,baseline:16730612:115320871:0,baseline,Unknown Mother-Goose,6,1267268912,0,win,161418.0,121426.0,39992.0,720,DONE,DONE,0.24452259999816306,4eeac9c3ded6682d42213ad22242ebe3dbe294faecbee7a33a6543a1f1f783ed,0,0
top20,baseline:16730612:115320871:1,baseline,Unknown Mother-Goose,6,1267268912,1,win,161418.0,121426.0,39992.0,720,DONE,DONE,0.17508519999682903,4eeac9c3ded6682d42213ad22242ebe3dbe294faecbee7a33a6543a1f1f783ed,0,0
top20,candidate:16712258:115321748:1,candidate,Yizhou,5,1590754653,1,win,133161.0,69734.0,63427.0,720,DONE,DONE,0.5845878000254743,bbffbe65dee6e0dc4dd0147fec897df74e16760b76ec7d2a2b38f636bc90555f,142,11822
top20,baseline:16623716:115319406:0,baseline,tetsuya & yuanzhe & guoqin,7,17339380,0,win,159463.0,132203.0,27260.0,720,DONE,DONE,0.1876334999979008,4eeac9c3ded6682d42213ad22242ebe3dbe294faecbee7a33a6543a1f1f783ed,0,0
top20,candidate:16730612:115320871:0,candidate,Unknown Mother-Goose,6,1267268912,0,win,161440.0,121407.0,40033.0,720,DONE,DONE,0.5618212999834213,bbffbe65dee6e0dc4dd0147fec897df74e16760b76ec7d2a2b38f636bc90555f,94,9217
top20,baseline:16623716:115319406:1,baseline,tetsuya & yuanzhe & guoqin,7,17339380,1,win,159463.0,132203.0,27260.0,720,DONE,DONE,0.1793290000059642,4eeac9c3ded6682d42213ad22242ebe3dbe294faecbee7a33a6543a1f1f783ed,0,0
top20,candidate:16730612:115320871:1,candidate,Unknown Mother-Goose,6,1267268912,1,win,161440.0,121407.0,40033.0,720,DONE,DONE,0.6414130000048317,bbffbe65dee6e0dc4dd0147fec897df74e16760b76ec7d2a2b38f636bc90555f,94,9217
top20,baseline:16628664:115320871:0,baseline,Anton Tikhonov,8,1267268912,0,loss,141662.0,142203.0,-541.0,720,DONE,DONE,0.16453650000039488,4eeac9c3ded6682d42213ad22242ebe3dbe294faecbee7a33a6543a1f1f783ed,0,0
top20,candidate:16623716:115319406:0,candidate,tetsuya & yuanzhe & guoqin,7,17339380,0,win,159422.0,132237.0,27185.0,720,DONE,DONE,0.6526979000191204,bbffbe65dee6e0dc4dd0147fec897df74e16760b76ec7d2a2b38f636bc90555f,93,9319
top20,baseline:16628664:115320871:1,baseline,Anton Tikhonov,8,1267268912,1,loss,141662.0,142203.0,-541.0,720,DONE,DONE,0.3018189999856986,4eeac9c3ded6682d42213ad22242ebe3dbe294faecbee7a33a6543a1f1f783ed,0,0
top20,candidate:16623716:115319406:1,candidate,tetsuya & yuanzhe & guoqin,7,17339380,1,win,159422.0,132237.0,27185.0,720,DONE,DONE,0.8774289000139106,bbffbe65dee6e0dc4dd0147fec897df74e16760b76ec7d2a2b38f636bc90555f,93,9319
top20,baseline:16634580:115320793:0,baseline,akmr,9,1585684253,0,loss,89025.0,98817.0,-9792.0,720,DONE,DONE,0.20470420000492595,4eeac9c3ded6682d42213ad22242ebe3dbe294faecbee7a33a6543a1f1f783ed,0,0
top20,candidate:16628664:115320871:0,candidate,Anton Tikhonov,8,1267268912,0,loss,141656.0,142236.0,-580.0,720,DONE,DONE,0.792838399996981,bbffbe65dee6e0dc4dd0147fec897df74e16760b76ec7d2a2b38f636bc90555f,111,10442
top20,candidate:16628664:115320871:1,candidate,Anton Tikhonov,8,1267268912,1,loss,141656.0,142236.0,-580.0,720,DONE,DONE,0.5713032000057865,bbffbe65dee6e0dc4dd0147fec897df74e16760b76ec7d2a2b38f636bc90555f,111,10442
top20,baseline:16634580:115320793:1,baseline,akmr,9,1585684253,1,loss,89025.0,98817.0,-9792.0,720,DONE,DONE,0.1718694000155665,4eeac9c3ded6682d42213ad22242ebe3dbe294faecbee7a33a6543a1f1f783ed,0,0
top20,candidate:16634580:115320793:0,candidate,akmr,9,1585684253,0,loss,89067.0,98763.0,-9696.0,720,DONE,DONE,0.7066290000220761,bbffbe65dee6e0dc4dd0147fec897df74e16760b76ec7d2a2b38f636bc90555f,96,9155
top20,baseline:16718819:115317514:0,baseline,Majkel1337,10,1747201981,0,loss,64930.0,75645.0,-10715.0,720,DONE,DONE,0.1405794999736827,4eeac9c3ded6682d42213ad22242ebe3dbe294faecbee7a33a6543a1f1f783ed,0,0
top20,baseline:16718819:115317514:1,baseline,Majkel1337,10,1747201981,1,loss,64930.0,75645.0,-10715.0,720,DONE,DONE,0.13775630001327954,4eeac9c3ded6682d42213ad22242ebe3dbe294faecbee7a33a6543a1f1f783ed,0,0
top20,candidate:16634580:115320793:1,candidate,akmr,9,1585684253,1,loss,89067.0,98763.0,-9696.0,720,DONE,DONE,0.6578741999983322,bbffbe65dee6e0dc4dd0147fec897df74e16760b76ec7d2a2b38f636bc90555f,96,9155
top20,baseline:16804022:115318890:0,baseline,monsaraida,11,144720027,0,win,122661.0,109218.0,13443.0,720,DONE,DONE,0.25144900000304915,4eeac9c3ded6682d42213ad22242ebe3dbe294faecbee7a33a6543a1f1f783ed,0,0
top20,candidate:16718819:115317514:0,candidate,Majkel1337,10,1747201981,0,loss,64919.0,75679.0,-10760.0,720,DONE,DONE,0.40339680001488887,bbffbe65dee6e0dc4dd0147fec897df74e16760b76ec7d2a2b38f636bc90555f,74,7574
top20,candidate:16718819:115317514:1,candidate,Majkel1337,10,1747201981,1,loss,64919.0,75679.0,-10760.0,720,DONE,DONE,0.4205464999831747,bbffbe65dee6e0dc4dd0147fec897df74e16760b76ec7d2a2b38f636bc90555f,74,7574
top20,baseline:16804022:115318890:1,baseline,monsaraida,11,144720027,1,win,122661.0,109218.0,13443.0,720,DONE,DONE,0.26846709998790175,4eeac9c3ded6682d42213ad22242ebe3dbe294faecbee7a33a6543a1f1f783ed,0,0
top20,baseline:16657750:115319406:0,baseline,Zenith,12,17339380,0,win,153149.0,65608.0,87541.0,720,DONE,DONE,0.1347498999966774,4eeac9c3ded6682d42213ad22242ebe3dbe294faecbee7a33a6543a1f1f783ed,0,0
top20,candidate:16804022:115318890:0,candidate,monsaraida,11,144720027,0,win,122635.0,109156.0,13479.0,720,DONE,DONE,0.5160319999849889,bbffbe65dee6e0dc4dd0147fec897df74e16760b76ec7d2a2b38f636bc90555f,98,10232
top20,baseline:16657750:115319406:1,baseline,Zenith,12,17339380,1,win,153149.0,65608.0,87541.0,720,DONE,DONE,0.45293659999151714,4eeac9c3ded6682d42213ad22242ebe3dbe294faecbee7a33a6543a1f1f783ed,0,0
top20,candidate:16804022:115318890:1,candidate,monsaraida,11,144720027,1,win,122635.0,109156.0,13479.0,720,DONE,DONE,1.0269709999847692,bbffbe65dee6e0dc4dd0147fec897df74e16760b76ec7d2a2b38f636bc90555f,98,10232
top20,candidate:16657750:115319406:0,candidate,Zenith,12,17339380,0,win,153162.0,65606.0,87556.0,720,DONE,DONE,0.9942387999908533,bbffbe65dee6e0dc4dd0147fec897df74e16760b76ec7d2a2b38f636bc90555f,104,9561
top20,baseline:16670384:115323543:0,baseline,Gordeev Max,13,1021797774,0,win,140019.0,85554.0,54465.0,720,DONE,DONE,0.36040639999555424,4eeac9c3ded6682d42213ad22242ebe3dbe294faecbee7a33a6543a1f1f783ed,0,0
top20,candidate:16657750:115319406:1,candidate,Zenith,12,17339380,1,win,153162.0,65606.0,87556.0,720,DONE,DONE,1.0221403999894392,bbffbe65dee6e0dc4dd0147fec897df74e16760b76ec7d2a2b38f636bc90555f,104,9561
top20,baseline:16670384:115323543:1,baseline,Gordeev Max,13,1021797774,1,win,140019.0,85554.0,54465.0,720,DONE,DONE,0.35208150002290495,4eeac9c3ded6682d42213ad22242ebe3dbe294faecbee7a33a6543a1f1f783ed,0,0
top20,baseline:16866398:115322222:0,baseline,feles99,14,308835460,0,win,149767.0,129920.0,19847.0,720,DONE,DONE,0.4509171999816317,4eeac9c3ded6682d42213ad22242ebe3dbe294faecbee7a33a6543a1f1f783ed,0,0
top20,candidate:16866398:115322222:0,candidate,feles99,14,308835460,0,win,159849.0,129100.0,30749.0,720,DONE,DONE,0.9519942000042647,bbffbe65dee6e0dc4dd0147fec897df74e16760b76ec7d2a2b38f636bc90555f,58,6362
top20,baseline:16866398:115322222:1,baseline,feles99,14,308835460,1,win,149767.0,129920.0,19847.0,720,DONE,DONE,0.2917248000157997,4eeac9c3ded6682d42213ad22242ebe3dbe294faecbee7a33a6543a1f1f783ed,0,0
top20,candidate:16866398:115322222:1,candidate,feles99,14,308835460,1,win,159849.0,129100.0,30749.0,720,DONE,DONE,1.0017253000114579,bbffbe65dee6e0dc4dd0147fec897df74e16760b76ec7d2a2b38f636bc90555f,58,6362
top20,candidate:16670384:115323543:0,candidate,Gordeev Max,13,1021797774,0,win,140018.0,85563.0,54455.0,720,DONE,DONE,1.1258162000158336,bbffbe65dee6e0dc4dd0147fec897df74e16760b76ec7d2a2b38f636bc90555f,132,11731
top20,baseline:16667959:115317937:0,baseline,Fourth Quadrant,15,64842527,0,win,107750.0,49546.0,58204.0,720,DONE,DONE,0.2592655000044033,4eeac9c3ded6682d42213ad22242ebe3dbe294faecbee7a33a6543a1f1f783ed,0,0
top20,candidate:16670384:115323543:1,candidate,Gordeev Max,13,1021797774,1,win,140018.0,85563.0,54455.0,720,DONE,DONE,1.0436742000165395,bbffbe65dee6e0dc4dd0147fec897df74e16760b76ec7d2a2b38f636bc90555f,132,11731
top20,baseline:16667959:115317937:1,baseline,Fourth Quadrant,15,64842527,1,win,131623.0,53536.0,78087.0,720,DONE,DONE,0.2304911999963224,4eeac9c3ded6682d42213ad22242ebe3dbe294faecbee7a33a6543a1f1f783ed,0,0
top20,baseline:16684994:115319133:0,baseline,TKNP,16,1678796803,0,win,116498.0,110895.0,5603.0,720,DONE,DONE,0.2228670000040438,4eeac9c3ded6682d42213ad22242ebe3dbe294faecbee7a33a6543a1f1f783ed,0,0
top20,candidate:16667959:115317937:0,candidate,Fourth Quadrant,15,64842527,0,win,107794.0,49497.0,58297.0,720,DONE,DONE,0.8628993000020273,bbffbe65dee6e0dc4dd0147fec897df74e16760b76ec7d2a2b38f636bc90555f,139,11750
top20,candidate:16667959:115317937:1,candidate,Fourth Quadrant,15,64842527,1,win,131670.0,53483.0,78187.0,720,DONE,DONE,0.8719284999824595,bbffbe65dee6e0dc4dd0147fec897df74e16760b76ec7d2a2b38f636bc90555f,138,11711
top20,baseline:16684994:115319133:1,baseline,TKNP,16,1678796803,1,win,116498.0,110895.0,5603.0,720,DONE,DONE,0.3971834999974817,4eeac9c3ded6682d42213ad22242ebe3dbe294faecbee7a33a6543a1f1f783ed,0,0
top20,candidate:16684994:115319133:0,candidate,TKNP,16,1678796803,0,win,116567.0,110833.0,5734.0,720,DONE,DONE,0.6684422999969684,bbffbe65dee6e0dc4dd0147fec897df74e16760b76ec7d2a2b38f636bc90555f,91,9301
top20,baseline:16862183:115318066:0,baseline,Smackaveli,17,1434656883,0,win,159953.0,61101.0,98852.0,720,DONE,DONE,0.34291720000328496,4eeac9c3ded6682d42213ad22242ebe3dbe294faecbee7a33a6543a1f1f783ed,0,0
top20,baseline:16862183:115318066:1,baseline,Smackaveli,17,1434656883,1,win,159953.0,61101.0,98852.0,720,DONE,DONE,0.33593869998003356,4eeac9c3ded6682d42213ad22242ebe3dbe294faecbee7a33a6543a1f1f783ed,0,0
top20,candidate:16684994:115319133:1,candidate,TKNP,16,1678796803,1,win,116567.0,110833.0,5734.0,720,DONE,DONE,0.7314137000066694,bbffbe65dee6e0dc4dd0147fec897df74e16760b76ec7d2a2b38f636bc90555f,91,9301
top20,baseline:16623697:115319331:0,baseline,yuto083,18,2009789541,0,win,147583.0,82172.0,65411.0,720,DONE,DONE,0.2816039999888744,4eeac9c3ded6682d42213ad22242ebe3dbe294faecbee7a33a6543a1f1f783ed,0,0
top20,candidate:16862183:115318066:0,candidate,Smackaveli,17,1434656883,0,win,159965.0,61086.0,98879.0,720,DONE,DONE,0.7009216999867931,bbffbe65dee6e0dc4dd0147fec897df74e16760b76ec7d2a2b38f636bc90555f,96,9453
top20,candidate:16862183:115318066:1,candidate,Smackaveli,17,1434656883,1,win,159965.0,61086.0,98879.0,720,DONE,DONE,0.657491799996933,bbffbe65dee6e0dc4dd0147fec897df74e16760b76ec7d2a2b38f636bc90555f,96,9453
top20,baseline:16623697:115319331:1,baseline,yuto083,18,2009789541,1,win,148355.0,82170.0,66185.0,720,DONE,DONE,0.25828149999142624,4eeac9c3ded6682d42213ad22242ebe3dbe294faecbee7a33a6543a1f1f783ed,0,0
top20,candidate:16623697:115319331:0,candidate,yuto083,18,2009789541,0,win,147603.0,82163.0,65440.0,720,DONE,DONE,0.6917020000109915,bbffbe65dee6e0dc4dd0147fec897df74e16760b76ec7d2a2b38f636bc90555f,83,7378
top20,baseline:16854176:115322168:0,baseline,吃白饭的大肥鱼,19,496608776,0,loss,110262.0,118611.0,-8349.0,720,DONE,DONE,0.2517228000215255,4eeac9c3ded6682d42213ad22242ebe3dbe294faecbee7a33a6543a1f1f783ed,0,0
top20,candidate:16623697:115319331:1,candidate,yuto083,18,2009789541,1,win,148375.0,82161.0,66214.0,720,DONE,DONE,0.7018056999950204,bbffbe65dee6e0dc4dd0147fec897df74e16760b76ec7d2a2b38f636bc90555f,82,7378
top20,baseline:16854176:115322168:1,baseline,吃白饭的大肥鱼,19,496608776,1,loss,110262.0,118611.0,-8349.0,720,DONE,DONE,0.218386599997757,4eeac9c3ded6682d42213ad22242ebe3dbe294faecbee7a33a6543a1f1f783ed,0,0
top20,baseline:16760699:115318067:0,baseline,Luca,20,818251128,0,win,206859.0,77216.0,129643.0,720,DONE,DONE,0.37896050000563264,4eeac9c3ded6682d42213ad22242ebe3dbe294faecbee7a33a6543a1f1f783ed,0,0
top20,candidate:16760699:115318067:0,candidate,Luca,20,818251128,0,win,206850.0,77234.0,129616.0,720,DONE,DONE,0.576838700013468,bbffbe65dee6e0dc4dd0147fec897df74e16760b76ec7d2a2b38f636bc90555f,105,8880
top20,candidate:16854176:115322168:0,candidate,吃白饭的大肥鱼,19,496608776,0,loss,110258.0,118604.0,-8346.0,720,DONE,DONE,0.6980994000041392,bbffbe65dee6e0dc4dd0147fec897df74e16760b76ec7d2a2b38f636bc90555f,106,10330
top20,candidate:16854176:115322168:1,candidate,吃白饭的大肥鱼,19,496608776,1,loss,110258.0,118604.0,-8346.0,720,DONE,DONE,0.7294641000044066,bbffbe65dee6e0dc4dd0147fec897df74e16760b76ec7d2a2b38f636bc90555f,106,10330
top20,baseline:16760699:115318067:1,baseline,Luca,20,818251128,1,win,206859.0,77216.0,129643.0,720,DONE,DONE,0.2025662999949418,4eeac9c3ded6682d42213ad22242ebe3dbe294faecbee7a33a6543a1f1f783ed,0,0
top20,candidate:16760699:115318067:1,candidate,Luca,20,818251128,1,win,206850.0,77234.0,129616.0,720,DONE,DONE,0.6352452000137419,bbffbe65dee6e0dc4dd0147fec897df74e16760b76ec7d2a2b38f636bc90555f,105,8880
top100,baseline:16623559:115321748:1,baseline,DECEM,1,1590754653,1,win,134714.0,76014.0,58700.0,720,DONE,DONE,0.4317498999880627,4eeac9c3ded6682d42213ad22242ebe3dbe294faecbee7a33a6543a1f1f783ed,0,0
top100,baseline:16623559:115321748:0,baseline,DECEM,1,1590754653,0,win,134714.0,76014.0,58700.0,720,DONE,DONE,0.427746000001207,4eeac9c3ded6682d42213ad22242ebe3dbe294faecbee7a33a6543a1f1f783ed,0,0
top100,baseline:16732748:115323250:0,baseline,DSM,2,739900353,0,win,159388.0,55118.0,104270.0,720,DONE,DONE,0.3298054000188131,4eeac9c3ded6682d42213ad22242ebe3dbe294faecbee7a33a6543a1f1f783ed,0,0
top100,candidate:16623559:115321748:0,candidate,DECEM,1,1590754653,0,win,134696.0,75999.0,58697.0,720,DONE,DONE,1.1796696999808773,bbffbe65dee6e0dc4dd0147fec897df74e16760b76ec7d2a2b38f636bc90555f,83,7287
top100,candidate:16623559:115321748:1,candidate,DECEM,1,1590754653,1,win,134696.0,75999.0,58697.0,720,DONE,DONE,1.2256016000173986,bbffbe65dee6e0dc4dd0147fec897df74e16760b76ec7d2a2b38f636bc90555f,83,7287
top100,candidate:16732748:115323250:0,candidate,DSM,2,739900353,0,win,159437.0,55081.0,104356.0,720,DONE,DONE,0.6372090000077151,bbffbe65dee6e0dc4dd0147fec897df74e16760b76ec7d2a2b38f636bc90555f,87,7557
top100,baseline:16732748:115323250:1,baseline,DSM,2,739900353,1,win,159388.0,55118.0,104270.0,720,DONE,DONE,0.1799196999927517,4eeac9c3ded6682d42213ad22242ebe3dbe294faecbee7a33a6543a1f1f783ed,0,0
top100,baseline:16915014:115323250:0,baseline,Boey,3,739900353,0,win,105525.0,97052.0,8473.0,720,DONE,DONE,0.16171459999168292,4eeac9c3ded6682d42213ad22242ebe3dbe294faecbee7a33a6543a1f1f783ed,0,0
top100,candidate:16732748:115323250:1,candidate,DSM,2,739900353,1,win,159437.0,55081.0,104356.0,720,DONE,DONE,0.7009719999914523,bbffbe65dee6e0dc4dd0147fec897df74e16760b76ec7d2a2b38f636bc90555f,87,7557
top100,baseline:16915014:115323250:1,baseline,Boey,3,739900353,1,win,105525.0,97052.0,8473.0,720,DONE,DONE,0.1609654999920167,4eeac9c3ded6682d42213ad22242ebe3dbe294faecbee7a33a6543a1f1f783ed,0,0
top100,baseline:16770421:115323543:0,baseline,Vadim Vasilenko,4,1021797774,0,win,146420.0,118411.0,28009.0,720,DONE,DONE,0.1968963000108488,4eeac9c3ded6682d42213ad22242ebe3dbe294faecbee7a33a6543a1f1f783ed,0,0
top100,candidate:16915014:115323250:0,candidate,Boey,3,739900353,0,win,105576.0,97011.0,8565.0,720,DONE,DONE,0.41837410000152886,bbffbe65dee6e0dc4dd0147fec897df74e16760b76ec7d2a2b38f636bc90555f,45,6110
top100,candidate:16915014:115323250:1,candidate,Boey,3,739900353,1,win,105576.0,97011.0,8565.0,720,DONE,DONE,0.3945708999817725,bbffbe65dee6e0dc4dd0147fec897df74e16760b76ec7d2a2b38f636bc90555f,45,6110
top100,baseline:16770421:115323543:1,baseline,Vadim Vasilenko,4,1021797774,1,win,146420.0,118411.0,28009.0,720,DONE,DONE,0.19681839999975637,4eeac9c3ded6682d42213ad22242ebe3dbe294faecbee7a33a6543a1f1f783ed,0,0
top100,baseline:16712258:115321748:0,baseline,Yizhou,5,1590754653,0,win,133151.0,69742.0,63409.0,720,DONE,DONE,0.1907210000208579,4eeac9c3ded6682d42213ad22242ebe3dbe294faecbee7a33a6543a1f1f783ed,0,0
top100,candidate:16770421:115323543:0,candidate,Vadim Vasilenko,4,1021797774,0,win,146427.0,118426.0,28001.0,720,DONE,DONE,0.5206467999960296,bbffbe65dee6e0dc4dd0147fec897df74e16760b76ec7d2a2b38f636bc90555f,129,11949
top100,baseline:16712258:115321748:1,baseline,Yizhou,5,1590754653,1,win,133151.0,69742.0,63409.0,720,DONE,DONE,0.18145999999251217,4eeac9c3ded6682d42213ad22242ebe3dbe294faecbee7a33a6543a1f1f783ed,0,0
top100,candidate:16770421:115323543:1,candidate,Vadim Vasilenko,4,1021797774,1,win,146427.0,118426.0,28001.0,720,DONE,DONE,0.46149509999668226,bbffbe65dee6e0dc4dd0147fec897df74e16760b76ec7d2a2b38f636bc90555f,129,11949
top100,candidate:16712258:115321748:0,candidate,Yizhou,5,1590754653,0,win,133161.0,69734.0,63427.0,720,DONE,DONE,0.5413942000013776,bbffbe65dee6e0dc4dd0147fec897df74e16760b76ec7d2a2b38f636bc90555f,142,11822
top100,baseline:16730612:115320871:0,baseline,Unknown Mother-Goose,6,1267268912,0,win,161418.0,121426.0,39992.0,720,DONE,DONE,0.24452259999816306,4eeac9c3ded6682d42213ad22242ebe3dbe294faecbee7a33a6543a1f1f783ed,0,0
top100,baseline:16730612:115320871:1,baseline,Unknown Mother-Goose,6,1267268912,1,win,161418.0,121426.0,39992.0,720,DONE,DONE,0.17508519999682903,4eeac9c3ded6682d42213ad22242ebe3dbe294faecbee7a33a6543a1f1f783ed,0,0
top100,candidate:16712258:115321748:1,candidate,Yizhou,5,1590754653,1,win,133161.0,69734.0,63427.0,720,DONE,DONE,0.5845878000254743,bbffbe65dee6e0dc4dd0147fec897df74e16760b76ec7d2a2b38f636bc90555f,142,11822
top100,baseline:16623716:115319406:0,baseline,tetsuya & yuanzhe & guoqin,7,17339380,0,win,159463.0,132203.0,27260.0,720,DONE,DONE,0.1876334999979008,4eeac9c3ded6682d42213ad22242ebe3dbe294faecbee7a33a6543a1f1f783ed,0,0
top100,candidate:16730612:115320871:0,candidate,Unknown Mother-Goose,6,1267268912,0,win,161440.0,121407.0,40033.0,720,DONE,DONE,0.5618212999834213,bbffbe65dee6e0dc4dd0147fec897df74e16760b76ec7d2a2b38f636bc90555f,94,9217
top100,baseline:16623716:115319406:1,baseline,tetsuya & yuanzhe & guoqin,7,17339380,1,win,159463.0,132203.0,27260.0,720,DONE,DONE,0.1793290000059642,4eeac9c3ded6682d42213ad22242ebe3dbe294faecbee7a33a6543a1f1f783ed,0,0
top100,candidate:16730612:115320871:1,candidate,Unknown Mother-Goose,6,1267268912,1,win,161440.0,121407.0,40033.0,720,DONE,DONE,0.6414130000048317,bbffbe65dee6e0dc4dd0147fec897df74e16760b76ec7d2a2b38f636bc90555f,94,9217
top100,baseline:16628664:115320871:0,baseline,Anton Tikhonov,8,1267268912,0,loss,141662.0,142203.0,-541.0,720,DONE,DONE,0.16453650000039488,4eeac9c3ded6682d42213ad22242ebe3dbe294faecbee7a33a6543a1f1f783ed,0,0
top100,candidate:16623716:115319406:0,candidate,tetsuya & yuanzhe & guoqin,7,17339380,0,win,159422.0,132237.0,27185.0,720,DONE,DONE,0.6526979000191204,bbffbe65dee6e0dc4dd0147fec897df74e16760b76ec7d2a2b38f636bc90555f,93,9319
top100,baseline:16628664:115320871:1,baseline,Anton Tikhonov,8,1267268912,1,loss,141662.0,142203.0,-541.0,720,DONE,DONE,0.3018189999856986,4eeac9c3ded6682d42213ad22242ebe3dbe294faecbee7a33a6543a1f1f783ed,0,0
top100,candidate:16623716:115319406:1,candidate,tetsuya & yuanzhe & guoqin,7,17339380,1,win,159422.0,132237.0,27185.0,720,DONE,DONE,0.8774289000139106,bbffbe65dee6e0dc4dd0147fec897df74e16760b76ec7d2a2b38f636bc90555f,93,9319
top100,baseline:16634580:115320793:0,baseline,akmr,9,1585684253,0,loss,89025.0,98817.0,-9792.0,720,DONE,DONE,0.20470420000492595,4eeac9c3ded6682d42213ad22242ebe3dbe294faecbee7a33a6543a1f1f783ed,0,0
top100,candidate:16628664:115320871:0,candidate,Anton Tikhonov,8,1267268912,0,loss,141656.0,142236.0,-580.0,720,DONE,DONE,0.792838399996981,bbffbe65dee6e0dc4dd0147fec897df74e16760b76ec7d2a2b38f636bc90555f,111,10442
top100,candidate:16628664:115320871:1,candidate,Anton Tikhonov,8,1267268912,1,loss,141656.0,142236.0,-580.0,720,DONE,DONE,0.5713032000057865,bbffbe65dee6e0dc4dd0147fec897df74e16760b76ec7d2a2b38f636bc90555f,111,10442
top100,baseline:16634580:115320793:1,baseline,akmr,9,1585684253,1,loss,89025.0,98817.0,-9792.0,720,DONE,DONE,0.1718694000155665,4eeac9c3ded6682d42213ad22242ebe3dbe294faecbee7a33a6543a1f1f783ed,0,0
top100,candidate:16634580:115320793:0,candidate,akmr,9,1585684253,0,loss,89067.0,98763.0,-9696.0,720,DONE,DONE,0.7066290000220761,bbffbe65dee6e0dc4dd0147fec897df74e16760b76ec7d2a2b38f636bc90555f,96,9155
top100,baseline:16718819:115317514:0,baseline,Majkel1337,10,1747201981,0,loss,64930.0,75645.0,-10715.0,720,DONE,DONE,0.1405794999736827,4eeac9c3ded6682d42213ad22242ebe3dbe294faecbee7a33a6543a1f1f783ed,0,0
top100,baseline:16718819:115317514:1,baseline,Majkel1337,10,1747201981,1,loss,64930.0,75645.0,-10715.0,720,DONE,DONE,0.13775630001327954,4eeac9c3ded6682d42213ad22242ebe3dbe294faecbee7a33a6543a1f1f783ed,0,0
top100,candidate:16634580:115320793:1,candidate,akmr,9,1585684253,1,loss,89067.0,98763.0,-9696.0,720,DONE,DONE,0.6578741999983322,bbffbe65dee6e0dc4dd0147fec897df74e16760b76ec7d2a2b38f636bc90555f,96,9155
top100,baseline:16804022:115318890:0,baseline,monsaraida,11,144720027,0,win,122661.0,109218.0,13443.0,720,DONE,DONE,0.25144900000304915,4eeac9c3ded6682d42213ad22242ebe3dbe294faecbee7a33a6543a1f1f783ed,0,0
top100,candidate:16718819:115317514:0,candidate,Majkel1337,10,1747201981,0,loss,64919.0,75679.0,-10760.0,720,DONE,DONE,0.40339680001488887,bbffbe65dee6e0dc4dd0147fec897df74e16760b76ec7d2a2b38f636bc90555f,74,7574
top100,candidate:16718819:115317514:1,candidate,Majkel1337,10,1747201981,1,loss,64919.0,75679.0,-10760.0,720,DONE,DONE,0.4205464999831747,bbffbe65dee6e0dc4dd0147fec897df74e16760b76ec7d2a2b38f636bc90555f,74,7574
top100,baseline:16804022:115318890:1,baseline,monsaraida,11,144720027,1,win,122661.0,109218.0,13443.0,720,DONE,DONE,0.26846709998790175,4eeac9c3ded6682d42213ad22242ebe3dbe294faecbee7a33a6543a1f1f783ed,0,0
top100,baseline:16657750:115319406:0,baseline,Zenith,12,17339380,0,win,153149.0,65608.0,87541.0,720,DONE,DONE,0.1347498999966774,4eeac9c3ded6682d42213ad22242ebe3dbe294faecbee7a33a6543a1f1f783ed,0,0
top100,candidate:16804022:115318890:0,candidate,monsaraida,11,144720027,0,win,122635.0,109156.0,13479.0,720,DONE,DONE,0.5160319999849889,bbffbe65dee6e0dc4dd0147fec897df74e16760b76ec7d2a2b38f636bc90555f,98,10232
top100,baseline:16657750:115319406:1,baseline,Zenith,12,17339380,1,win,153149.0,65608.0,87541.0,720,DONE,DONE,0.45293659999151714,4eeac9c3ded6682d42213ad22242ebe3dbe294faecbee7a33a6543a1f1f783ed,0,0
top100,candidate:16804022:115318890:1,candidate,monsaraida,11,144720027,1,win,122635.0,109156.0,13479.0,720,DONE,DONE,1.0269709999847692,bbffbe65dee6e0dc4dd0147fec897df74e16760b76ec7d2a2b38f636bc90555f,98,10232
top100,candidate:16657750:115319406:0,candidate,Zenith,12,17339380,0,win,153162.0,65606.0,87556.0,720,DONE,DONE,0.9942387999908533,bbffbe65dee6e0dc4dd0147fec897df74e16760b76ec7d2a2b38f636bc90555f,104,9561
top100,baseline:16670384:115323543:0,baseline,Gordeev Max,13,1021797774,0,win,140019.0,85554.0,54465.0,720,DONE,DONE,0.36040639999555424,4eeac9c3ded6682d42213ad22242ebe3dbe294faecbee7a33a6543a1f1f783ed,0,0
top100,candidate:16657750:115319406:1,candidate,Zenith,12,17339380,1,win,153162.0,65606.0,87556.0,720,DONE,DONE,1.0221403999894392,bbffbe65dee6e0dc4dd0147fec897df74e16760b76ec7d2a2b38f636bc90555f,104,9561
top100,baseline:16670384:115323543:1,baseline,Gordeev Max,13,1021797774,1,win,140019.0,85554.0,54465.0,720,DONE,DONE,0.35208150002290495,4eeac9c3ded6682d42213ad22242ebe3dbe294faecbee7a33a6543a1f1f783ed,0,0
top100,baseline:16866398:115322222:0,baseline,feles99,14,308835460,0,win,149767.0,129920.0,19847.0,720,DONE,DONE,0.4509171999816317,4eeac9c3ded6682d42213ad22242ebe3dbe294faecbee7a33a6543a1f1f783ed,0,0
top100,candidate:16866398:115322222:0,candidate,feles99,14,308835460,0,win,159849.0,129100.0,30749.0,720,DONE,DONE,0.9519942000042647,bbffbe65dee6e0dc4dd0147fec897df74e16760b76ec7d2a2b38f636bc90555f,58,6362
top100,baseline:16866398:115322222:1,baseline,feles99,14,308835460,1,win,149767.0,129920.0,19847.0,720,DONE,DONE,0.2917248000157997,4eeac9c3ded6682d42213ad22242ebe3dbe294faecbee7a33a6543a1f1f783ed,0,0
top100,candidate:16866398:115322222:1,candidate,feles99,14,308835460,1,win,159849.0,129100.0,30749.0,720,DONE,DONE,1.0017253000114579,bbffbe65dee6e0dc4dd0147fec897df74e16760b76ec7d2a2b38f636bc90555f,58,6362
top100,candidate:16670384:115323543:0,candidate,Gordeev Max,13,1021797774,0,win,140018.0,85563.0,54455.0,720,DONE,DONE,1.1258162000158336,bbffbe65dee6e0dc4dd0147fec897df74e16760b76ec7d2a2b38f636bc90555f,132,11731
top100,baseline:16667959:115317937:0,baseline,Fourth Quadrant,15,64842527,0,win,107750.0,49546.0,58204.0,720,DONE,DONE,0.2592655000044033,4eeac9c3ded6682d42213ad22242ebe3dbe294faecbee7a33a6543a1f1f783ed,0,0
top100,candidate:16670384:115323543:1,candidate,Gordeev Max,13,1021797774,1,win,140018.0,85563.0,54455.0,720,DONE,DONE,1.0436742000165395,bbffbe65dee6e0dc4dd0147fec897df74e16760b76ec7d2a2b38f636bc90555f,132,11731
top100,baseline:16667959:115317937:1,baseline,Fourth Quadrant,15,64842527,1,win,131623.0,53536.0,78087.0,720,DONE,DONE,0.2304911999963224,4eeac9c3ded6682d42213ad22242ebe3dbe294faecbee7a33a6543a1f1f783ed,0,0
top100,baseline:16684994:115319133:0,baseline,TKNP,16,1678796803,0,win,116498.0,110895.0,5603.0,720,DONE,DONE,0.2228670000040438,4eeac9c3ded6682d42213ad22242ebe3dbe294faecbee7a33a6543a1f1f783ed,0,0
top100,candidate:16667959:115317937:0,candidate,Fourth Quadrant,15,64842527,0,win,107794.0,49497.0,58297.0,720,DONE,DONE,0.8628993000020273,bbffbe65dee6e0dc4dd0147fec897df74e16760b76ec7d2a2b38f636bc90555f,139,11750
top100,candidate:16667959:115317937:1,candidate,Fourth Quadrant,15,64842527,1,win,131670.0,53483.0,78187.0,720,DONE,DONE,0.8719284999824595,bbffbe65dee6e0dc4dd0147fec897df74e16760b76ec7d2a2b38f636bc90555f,138,11711
top100,baseline:16684994:115319133:1,baseline,TKNP,16,1678796803,1,win,116498.0,110895.0,5603.0,720,DONE,DONE,0.3971834999974817,4eeac9c3ded6682d42213ad22242ebe3dbe294faecbee7a33a6543a1f1f783ed,0,0
top100,candidate:16684994:115319133:0,candidate,TKNP,16,1678796803,0,win,116567.0,110833.0,5734.0,720,DONE,DONE,0.6684422999969684,bbffbe65dee6e0dc4dd0147fec897df74e16760b76ec7d2a2b38f636bc90555f,91,9301
top100,baseline:16862183:115318066:0,baseline,Smackaveli,17,1434656883,0,win,159953.0,61101.0,98852.0,720,DONE,DONE,0.34291720000328496,4eeac9c3ded6682d42213ad22242ebe3dbe294faecbee7a33a6543a1f1f783ed,0,0
top100,baseline:16862183:115318066:1,baseline,Smackaveli,17,1434656883,1,win,159953.0,61101.0,98852.0,720,DONE,DONE,0.33593869998003356,4eeac9c3ded6682d42213ad22242ebe3dbe294faecbee7a33a6543a1f1f783ed,0,0
top100,candidate:16684994:115319133:1,candidate,TKNP,16,1678796803,1,win,116567.0,110833.0,5734.0,720,DONE,DONE,0.7314137000066694,bbffbe65dee6e0dc4dd0147fec897df74e16760b76ec7d2a2b38f636bc90555f,91,9301
top100,baseline:16623697:115319331:0,baseline,yuto083,18,2009789541,0,win,147583.0,82172.0,65411.0,720,DONE,DONE,0.2816039999888744,4eeac9c3ded6682d42213ad22242ebe3dbe294faecbee7a33a6543a1f1f783ed,0,0
top100,candidate:16862183:115318066:0,candidate,Smackaveli,17,1434656883,0,win,159965.0,61086.0,98879.0,720,DONE,DONE,0.7009216999867931,bbffbe65dee6e0dc4dd0147fec897df74e16760b76ec7d2a2b38f636bc90555f,96,9453
top100,candidate:16862183:115318066:1,candidate,Smackaveli,17,1434656883,1,win,159965.0,61086.0,98879.0,720,DONE,DONE,0.657491799996933,bbffbe65dee6e0dc4dd0147fec897df74e16760b76ec7d2a2b38f636bc90555f,96,9453
top100,baseline:16623697:115319331:1,baseline,yuto083,18,2009789541,1,win,148355.0,82170.0,66185.0,720,DONE,DONE,0.25828149999142624,4eeac9c3ded6682d42213ad22242ebe3dbe294faecbee7a33a6543a1f1f783ed,0,0
top100,candidate:16623697:115319331:0,candidate,yuto083,18,2009789541,0,win,147603.0,82163.0,65440.0,720,DONE,DONE,0.6917020000109915,bbffbe65dee6e0dc4dd0147fec897df74e16760b76ec7d2a2b38f636bc90555f,83,7378
top100,baseline:16854176:115322168:0,baseline,吃白饭的大肥鱼,19,496608776,0,loss,110262.0,118611.0,-8349.0,720,DONE,DONE,0.2517228000215255,4eeac9c3ded6682d42213ad22242ebe3dbe294faecbee7a33a6543a1f1f783ed,0,0
top100,candidate:16623697:115319331:1,candidate,yuto083,18,2009789541,1,win,148375.0,82161.0,66214.0,720,DONE,DONE,0.7018056999950204,bbffbe65dee6e0dc4dd0147fec897df74e16760b76ec7d2a2b38f636bc90555f,82,7378
top100,baseline:16854176:115322168:1,baseline,吃白饭的大肥鱼,19,496608776,1,loss,110262.0,118611.0,-8349.0,720,DONE,DONE,0.218386599997757,4eeac9c3ded6682d42213ad22242ebe3dbe294faecbee7a33a6543a1f1f783ed,0,0
top100,baseline:16760699:115318067:0,baseline,Luca,20,818251128,0,win,206859.0,77216.0,129643.0,720,DONE,DONE,0.37896050000563264,4eeac9c3ded6682d42213ad22242ebe3dbe294faecbee7a33a6543a1f1f783ed,0,0
top100,candidate:16760699:115318067:0,candidate,Luca,20,818251128,0,win,206850.0,77234.0,129616.0,720,DONE,DONE,0.576838700013468,bbffbe65dee6e0dc4dd0147fec897df74e16760b76ec7d2a2b38f636bc90555f,105,8880
top100,candidate:16854176:115322168:0,candidate,吃白饭的大肥鱼,19,496608776,0,loss,110258.0,118604.0,-8346.0,720,DONE,DONE,0.6980994000041392,bbffbe65dee6e0dc4dd0147fec897df74e16760b76ec7d2a2b38f636bc90555f,106,10330
top100,candidate:16854176:115322168:1,candidate,吃白饭的大肥鱼,19,496608776,1,loss,110258.0,118604.0,-8346.0,720,DONE,DONE,0.7294641000044066,bbffbe65dee6e0dc4dd0147fec897df74e16760b76ec7d2a2b38f636bc90555f,106,10330
top100,baseline:16760699:115318067:1,baseline,Luca,20,818251128,1,win,206859.0,77216.0,129643.0,720,DONE,DONE,0.2025662999949418,4eeac9c3ded6682d42213ad22242ebe3dbe294faecbee7a33a6543a1f1f783ed,0,0
top100,candidate:16760699:115318067:1,candidate,Luca,20,818251128,1,win,206850.0,77234.0,129616.0,720,DONE,DONE,0.6352452000137419,bbffbe65dee6e0dc4dd0147fec897df74e16760b76ec7d2a2b38f636bc90555f,105,8880
top100,baseline:16621799:115320892:0,baseline,Artem The Farmer 🍅,21,1838265913,0,loss,53969.0,102162.0,-48193.0,720,DONE,DONE,0.4856828000047244,4eeac9c3ded6682d42213ad22242ebe3dbe294faecbee7a33a6543a1f1f783ed,0,0
top100,baseline:16621799:115320892:1,baseline,Artem The Farmer 🍅,21,1838265913,1,loss,53969.0,102162.0,-48193.0,720,DONE,DONE,0.47393610002472997,4eeac9c3ded6682d42213ad22242ebe3dbe294faecbee7a33a6543a1f1f783ed,0,0
top100,baseline:16891902:115321607:0,baseline,Farmcore,22,887271080,0,win,121738.0,78819.0,42919.0,720,DONE,DONE,0.28866049999487586,4eeac9c3ded6682d42213ad22242ebe3dbe294faecbee7a33a6543a1f1f783ed,0,0
top100,baseline:16891902:115321607:1,baseline,Farmcore,22,887271080,1,win,98314.0,65033.0,33281.0,720,DONE,DONE,0.3068061000085436,4eeac9c3ded6682d42213ad22242ebe3dbe294faecbee7a33a6543a1f1f783ed,0,0
top100,baseline:16654697:115322063:0,baseline,KawattaTaido,23,1589024670,0,win,118718.0,71593.0,47125.0,720,DONE,DONE,0.33811499999137595,4eeac9c3ded6682d42213ad22242ebe3dbe294faecbee7a33a6543a1f1f783ed,0,0
top100,candidate:16621799:115320892:0,candidate,Artem The Farmer 🍅,21,1838265913,0,loss,63267.0,116142.0,-52875.0,720,DONE,DONE,0.8412784999818541,bbffbe65dee6e0dc4dd0147fec897df74e16760b76ec7d2a2b38f636bc90555f,71,7778
top100,candidate:16621799:115320892:1,candidate,Artem The Farmer 🍅,21,1838265913,1,loss,63267.0,116142.0,-52875.0,720,DONE,DONE,0.7769588000082877,bbffbe65dee6e0dc4dd0147fec897df74e16760b76ec7d2a2b38f636bc90555f,71,7778
top100,baseline:16654697:115322063:1,baseline,KawattaTaido,23,1589024670,1,win,118718.0,71593.0,47125.0,720,DONE,DONE,0.33863949999795295,4eeac9c3ded6682d42213ad22242ebe3dbe294faecbee7a33a6543a1f1f783ed,0,0
top100,baseline:16743356:115318741:0,baseline,Azat Akhtyamov,24,671466508,0,win,170080.0,72371.0,97709.0,720,DONE,DONE,0.25192260000039823,4eeac9c3ded6682d42213ad22242ebe3dbe294faecbee7a33a6543a1f1f783ed,0,0
top100,candidate:16891902:115321607:0,candidate,Farmcore,22,887271080,0,win,121683.0,78877.0,42806.0,720,DONE,DONE,0.6900649000017438,bbffbe65dee6e0dc4dd0147fec897df74e16760b76ec7d2a2b38f636bc90555f,116,10517
top100,candidate:16654697:115322063:0,candidate,KawattaTaido,23,1589024670,0,win,144794.0,102437.0,42357.0,720,DONE,DONE,0.7188020999892615,bbffbe65dee6e0dc4dd0147fec897df74e16760b76ec7d2a2b38f636bc90555f,90,8654
top100,baseline:16743356:115318741:1,baseline,Azat Akhtyamov,24,671466508,1,win,170080.0,72371.0,97709.0,720,DONE,DONE,0.28752589999930933,4eeac9c3ded6682d42213ad22242ebe3dbe294faecbee7a33a6543a1f1f783ed,0,0
top100,candidate:16891902:115321607:1,candidate,Farmcore,22,887271080,1,win,98230.0,65125.0,33105.0,720,DONE,DONE,0.6616272999963257,bbffbe65dee6e0dc4dd0147fec897df74e16760b76ec7d2a2b38f636bc90555f,110,10380
top100,baseline:16709492:115318678:0,baseline,abozten,25,2093338350,0,win,120869.0,99553.0,21316.0,720,DONE,DONE,0.3635323999915272,4eeac9c3ded6682d42213ad22242ebe3dbe294faecbee7a33a6543a1f1f783ed,0,0
top100,candidate:16654697:115322063:1,candidate,KawattaTaido,23,1589024670,1,win,144794.0,102437.0,42357.0,720,DONE,DONE,0.7673388999828603,bbffbe65dee6e0dc4dd0147fec897df74e16760b76ec7d2a2b38f636bc90555f,90,8654
top100,baseline:16709492:115318678:1,baseline,abozten,25,2093338350,1,win,120869.0,99553.0,21316.0,720,DONE,DONE,0.41172419997747056,4eeac9c3ded6682d42213ad22242ebe3dbe294faecbee7a33a6543a1f1f783ed,0,0
top100,baseline:16751828:115319297:0,baseline,E. Honda,26,1520437191,0,win,170317.0,54681.0,115636.0,720,DONE,DONE,0.3068665000027977,4eeac9c3ded6682d42213ad22242ebe3dbe294faecbee7a33a6543a1f1f783ed,0,0
top100,candidate:16743356:115318741:0,candidate,Azat Akhtyamov,24,671466508,0,win,170080.0,72364.0,97716.0,720,DONE,DONE,0.5873409000050742,bbffbe65dee6e0dc4dd0147fec897df74e16760b76ec7d2a2b38f636bc90555f,118,10004
top100,baseline:16751828:115319297:1,baseline,E. Honda,26,1520437191,1,win,170317.0,54681.0,115636.0,720,DONE,DONE,0.36344509999617003,4eeac9c3ded6682d42213ad22242ebe3dbe294faecbee7a33a6543a1f1f783ed,0,0
top100,candidate:16743356:115318741:1,candidate,Azat Akhtyamov,24,671466508,1,win,170080.0,72364.0,97716.0,720,DONE,DONE,0.5821568999963347,bbffbe65dee6e0dc4dd0147fec897df74e16760b76ec7d2a2b38f636bc90555f,118,10004
top100,baseline:16633507:115320815:0,baseline,Happy Farm,27,1961295638,0,loss,93542.0,104340.0,-10798.0,720,DONE,DONE,0.2974877000087872,4eeac9c3ded6682d42213ad22242ebe3dbe294faecbee7a33a6543a1f1f783ed,0,0
top100,candidate:16751828:115319297:0,candidate,E. Honda,26,1520437191,0,win,170345.0,54655.0,115690.0,720,DONE,DONE,1.1345208999991883,bbffbe65dee6e0dc4dd0147fec897df74e16760b76ec7d2a2b38f636bc90555f,91,10347
top100,candidate:16709492:115318678:0,candidate,abozten,25,2093338350,0,win,120858.0,99566.0,21292.0,720,DONE,DONE,0.6984204000036698,bbffbe65dee6e0dc4dd0147fec897df74e16760b76ec7d2a2b38f636bc90555f,129,11786
top100,candidate:16709492:115318678:1,candidate,abozten,25,2093338350,1,win,120858.0,99566.0,21292.0,720,DONE,DONE,0.8633907999901567,bbffbe65dee6e0dc4dd0147fec897df74e16760b76ec7d2a2b38f636bc90555f,129,11786
top100,baseline:16633507:115320815:1,baseline,Happy Farm,27,1961295638,1,loss,93542.0,104340.0,-10798.0,720,DONE,DONE,0.2693761000118684,4eeac9c3ded6682d42213ad22242ebe3dbe294faecbee7a33a6543a1f1f783ed,0,0
top100,baseline:16758882:115323169:0,baseline,mtmr_s1,28,742685211,0,loss,125756.0,129386.0,-3630.0,720,DONE,DONE,0.2592552000132855,4eeac9c3ded6682d42213ad22242ebe3dbe294faecbee7a33a6543a1f1f783ed,0,0
top100,candidate:16751828:115319297:1,candidate,E. Honda,26,1520437191,1,win,170345.0,54655.0,115690.0,720,DONE,DONE,0.7823937000066508,bbffbe65dee6e0dc4dd0147fec897df74e16760b76ec7d2a2b38f636bc90555f,91,10347
top100,candidate:16633507:115320815:0,candidate,Happy Farm,27,1961295638,0,loss,93549.0,104332.0,-10783.0,720,DONE,DONE,0.7638538999890443,bbffbe65dee6e0dc4dd0147fec897df74e16760b76ec7d2a2b38f636bc90555f,88,8184
top100,baseline:16758882:115323169:1,baseline,mtmr_s1,28,742685211,1,loss,125756.0,129386.0,-3630.0,720,DONE,DONE,0.31244899999001063,4eeac9c3ded6682d42213ad22242ebe3dbe294faecbee7a33a6543a1f1f783ed,0,0
top100,baseline:16673205:115319468:0,baseline,Arda Ceylan,29,738658496,0,win,157205.0,41844.0,115361.0,720,DONE,DONE,0.2828599999775179,4eeac9c3ded6682d42213ad22242ebe3dbe294faecbee7a33a6543a1f1f783ed,0,0
top100,candidate:16633507:115320815:1,candidate,Happy Farm,27,1961295638,1,loss,93549.0,104332.0,-10783.0,720,DONE,DONE,0.5672263999877032,bbffbe65dee6e0dc4dd0147fec897df74e16760b76ec7d2a2b38f636bc90555f,88,8184
top100,baseline:16673205:115319468:1,baseline,Arda Ceylan,29,738658496,1,win,157205.0,41844.0,115361.0,720,DONE,DONE,0.23566450001089834,4eeac9c3ded6682d42213ad22242ebe3dbe294faecbee7a33a6543a1f1f783ed,0,0
top100,baseline:16734966:115321656:0,baseline,kigasudayooo,30,1443374033,0,loss,82951.0,87098.0,-4147.0,720,DONE,DONE,0.23066979998839088,4eeac9c3ded6682d42213ad22242ebe3dbe294faecbee7a33a6543a1f1f783ed,0,0
top100,candidate:16758882:115323169:0,candidate,mtmr_s1,28,742685211,0,loss,125751.0,129397.0,-3646.0,720,DONE,DONE,0.632631600019522,bbffbe65dee6e0dc4dd0147fec897df74e16760b76ec7d2a2b38f636bc90555f,111,10150
top100,candidate:16673205:115319468:0,candidate,Arda Ceylan,29,738658496,0,win,157203.0,41854.0,115349.0,720,DONE,DONE,0.5985395000025164,bbffbe65dee6e0dc4dd0147fec897df74e16760b76ec7d2a2b38f636bc90555f,94,10265
top100,candidate:16758882:115323169:1,candidate,mtmr_s1,28,742685211,1,loss,125751.0,129397.0,-3646.0,720,DONE,DONE,0.5914195999794174,bbffbe65dee6e0dc4dd0147fec897df74e16760b76ec7d2a2b38f636bc90555f,111,10150
top100,baseline:16734966:115321656:1,baseline,kigasudayooo,30,1443374033,1,loss,82951.0,87098.0,-4147.0,720,DONE,DONE,0.29043589998036623,4eeac9c3ded6682d42213ad22242ebe3dbe294faecbee7a33a6543a1f1f783ed,0,0
top100,candidate:16673205:115319468:1,candidate,Arda Ceylan,29,738658496,1,win,157203.0,41854.0,115349.0,720,DONE,DONE,0.6108634000120219,bbffbe65dee6e0dc4dd0147fec897df74e16760b76ec7d2a2b38f636bc90555f,94,10265
top100,baseline:16793083:115320193:0,baseline,🐚seek inspiration🐚,31,2092758357,0,win,143954.0,8.0,143946.0,720,DONE,DONE,0.2335519999905955,4eeac9c3ded6682d42213ad22242ebe3dbe294faecbee7a33a6543a1f1f783ed,0,0
top100,baseline:16793083:115320193:1,baseline,🐚seek inspiration🐚,31,2092758357,1,win,143954.0,8.0,143946.0,720,DONE,DONE,0.3190773999958765,4eeac9c3ded6682d42213ad22242ebe3dbe294faecbee7a33a6543a1f1f783ed,0,0
top100,baseline:16632377:115320024:0,baseline,Legend Brothers,32,1970562405,0,loss,68958.0,79209.0,-10251.0,720,DONE,DONE,0.3260983999934979,4eeac9c3ded6682d42213ad22242ebe3dbe294faecbee7a33a6543a1f1f783ed,0,0
top100,candidate:16734966:115321656:0,candidate,kigasudayooo,30,1443374033,0,loss,82946.0,87115.0,-4169.0,720,DONE,DONE,0.7388728999940213,bbffbe65dee6e0dc4dd0147fec897df74e16760b76ec7d2a2b38f636bc90555f,122,11472
top100,baseline:16632377:115320024:1,baseline,Legend Brothers,32,1970562405,1,loss,68958.0,79209.0,-10251.0,720,DONE,DONE,0.24905410001520067,4eeac9c3ded6682d42213ad22242ebe3dbe294faecbee7a33a6543a1f1f783ed,0,0
top100,candidate:16793083:115320193:0,candidate,🐚seek inspiration🐚,31,2092758357,0,win,143954.0,8.0,143946.0,720,DONE,DONE,0.4272754000267014,bbffbe65dee6e0dc4dd0147fec897df74e16760b76ec7d2a2b38f636bc90555f,103,9958
top100,candidate:16734966:115321656:1,candidate,kigasudayooo,30,1443374033,1,loss,82946.0,87115.0,-4169.0,720,DONE,DONE,0.8234168999770191,bbffbe65dee6e0dc4dd0147fec897df74e16760b76ec7d2a2b38f636bc90555f,122,11472
top100,candidate:16793083:115320193:1,candidate,🐚seek inspiration🐚,31,2092758357,1,win,143954.0,8.0,143946.0,720,DONE,DONE,0.43647430001874454,bbffbe65dee6e0dc4dd0147fec897df74e16760b76ec7d2a2b38f636bc90555f,103,9958
top100,baseline:16623451:115318846:0,baseline,Ueddy,33,1150464986,0,loss,73011.0,152144.0,-79133.0,720,DONE,DONE,0.19269319999148138,4eeac9c3ded6682d42213ad22242ebe3dbe294faecbee7a33a6543a1f1f783ed,0,0
top100,baseline:16623451:115318846:1,baseline,Ueddy,33,1150464986,1,loss,73011.0,152144.0,-79133.0,720,DONE,DONE,0.1819256999879144,4eeac9c3ded6682d42213ad22242ebe3dbe294faecbee7a33a6543a1f1f783ed,0,0
top100,candidate:16632377:115320024:0,candidate,Legend Brothers,32,1970562405,0,loss,68943.0,79215.0,-10272.0,720,DONE,DONE,0.6080237000132911,bbffbe65dee6e0dc4dd0147fec897df74e16760b76ec7d2a2b38f636bc90555f,101,10213
top100,baseline:16767215:115322134:0,baseline,keiz,34,1440408940,0,win,143991.0,115280.0,28711.0,720,DONE,DONE,0.2738887000014074,4eeac9c3ded6682d42213ad22242ebe3dbe294faecbee7a33a6543a1f1f783ed,0,0
top100,baseline:16767215:115322134:1,baseline,keiz,34,1440408940,1,win,143991.0,115280.0,28711.0,720,DONE,DONE,0.29030849999981,4eeac9c3ded6682d42213ad22242ebe3dbe294faecbee7a33a6543a1f1f783ed,0,0
top100,candidate:16632377:115320024:1,candidate,Legend Brothers,32,1970562405,1,loss,68943.0,79215.0,-10272.0,720,DONE,DONE,0.6028617999982089,bbffbe65dee6e0dc4dd0147fec897df74e16760b76ec7d2a2b38f636bc90555f,101,10213
top100,baseline:16806195:115321733:0,baseline,unreal,35,1194892936,0,win,151214.0,87272.0,63942.0,720,DONE,DONE,0.14716049999697134,4eeac9c3ded6682d42213ad22242ebe3dbe294faecbee7a33a6543a1f1f783ed,0,0
top100,candidate:16767215:115322134:0,candidate,keiz,34,1440408940,0,win,143998.0,115236.0,28762.0,720,DONE,DONE,0.5952428999880794,bbffbe65dee6e0dc4dd0147fec897df74e16760b76ec7d2a2b38f636bc90555f,92,8658
top100,baseline:16806195:115321733:1,baseline,unreal,35,1194892936,1,win,151214.0,87272.0,63942.0,720,DONE,DONE,0.15989400001126342,4eeac9c3ded6682d42213ad22242ebe3dbe294faecbee7a33a6543a1f1f783ed,0,0
top100,candidate:16623451:115318846:0,candidate,Ueddy,33,1150464986,0,loss,136254.0,142691.0,-6437.0,720,DONE,DONE,0.539396999985911,bbffbe65dee6e0dc4dd0147fec897df74e16760b76ec7d2a2b38f636bc90555f,115,12036
top100,candidate:16806195:115321733:0,candidate,unreal,35,1194892936,0,win,151194.0,87292.0,63902.0,720,DONE,DONE,0.4385539999930188,bbffbe65dee6e0dc4dd0147fec897df74e16760b76ec7d2a2b38f636bc90555f,60,6725
top100,candidate:16623451:115318846:1,candidate,Ueddy,33,1150464986,1,loss,136254.0,142691.0,-6437.0,720,DONE,DONE,0.5812510999967344,bbffbe65dee6e0dc4dd0147fec897df74e16760b76ec7d2a2b38f636bc90555f,115,12036
top100,candidate:16767215:115322134:1,candidate,keiz,34,1440408940,1,win,143998.0,115236.0,28762.0,720,DONE,DONE,0.46031139997649007,bbffbe65dee6e0dc4dd0147fec897df74e16760b76ec7d2a2b38f636bc90555f,92,8658
top100,baseline:16709127:115323637:0,baseline,IsaiahP,36,1988376929,0,loss,95182.0,113388.0,-18206.0,720,DONE,DONE,0.18524849999812432,4eeac9c3ded6682d42213ad22242ebe3dbe294faecbee7a33a6543a1f1f783ed,0,0
top100,candidate:16806195:115321733:1,candidate,unreal,35,1194892936,1,win,151194.0,87292.0,63902.0,720,DONE,DONE,0.5150286999996752,bbffbe65dee6e0dc4dd0147fec897df74e16760b76ec7d2a2b38f636bc90555f,60,6725
top100,baseline:16709127:115323637:1,baseline,IsaiahP,36,1988376929,1,loss,95182.0,113388.0,-18206.0,720,DONE,DONE,0.19038449999061413,4eeac9c3ded6682d42213ad22242ebe3dbe294faecbee7a33a6543a1f1f783ed,0,0
top100,baseline:16717665:115326098:0,baseline,Christoffer Thimsen,37,1917456626,0,win,102163.0,71488.0,30675.0,720,DONE,DONE,0.20757270001922734,4eeac9c3ded6682d42213ad22242ebe3dbe294faecbee7a33a6543a1f1f783ed,0,0
top100,baseline:16717665:115326098:1,baseline,Christoffer Thimsen,37,1917456626,1,win,102163.0,71488.0,30675.0,720,DONE,DONE,0.2689847000001464,4eeac9c3ded6682d42213ad22242ebe3dbe294faecbee7a33a6543a1f1f783ed,0,0
top100,baseline:16632327:115320815:0,baseline,We wanna be tomatos,38,1961295638,0,loss,142793.0,158429.0,-15636.0,720,DONE,DONE,0.20198129999334924,4eeac9c3ded6682d42213ad22242ebe3dbe294faecbee7a33a6543a1f1f783ed,0,0
top100,candidate:16709127:115323637:0,candidate,IsaiahP,36,1988376929,0,loss,95498.0,113078.0,-17580.0,720,DONE,DONE,0.5357257999712601,bbffbe65dee6e0dc4dd0147fec897df74e16760b76ec7d2a2b38f636bc90555f,84,6605
top100,candidate:16709127:115323637:1,candidate,IsaiahP,36,1988376929,1,loss,95498.0,113078.0,-17580.0,720,DONE,DONE,0.45817100000567734,bbffbe65dee6e0dc4dd0147fec897df74e16760b76ec7d2a2b38f636bc90555f,84,6605
top100,baseline:16632327:115320815:1,baseline,We wanna be tomatos,38,1961295638,1,loss,142793.0,158429.0,-15636.0,720,DONE,DONE,0.17095630001858808,4eeac9c3ded6682d42213ad22242ebe3dbe294faecbee7a33a6543a1f1f783ed,0,0
top100,baseline:16660137:115320607:0,baseline,Densike,39,1063744429,0,win,165601.0,99593.0,66008.0,720,DONE,DONE,0.17429530000663362,4eeac9c3ded6682d42213ad22242ebe3dbe294faecbee7a33a6543a1f1f783ed,0,0
top100,candidate:16632327:115320815:0,candidate,We wanna be tomatos,38,1961295638,0,loss,142759.0,158470.0,-15711.0,720,DONE,DONE,0.5980910000216682,bbffbe65dee6e0dc4dd0147fec897df74e16760b76ec7d2a2b38f636bc90555f,75,7602
top100,candidate:16717665:115326098:0,candidate,Christoffer Thimsen,37,1917456626,0,win,102207.0,71443.0,30764.0,720,DONE,DONE,0.5964170999941416,bbffbe65dee6e0dc4dd0147fec897df74e16760b76ec7d2a2b38f636bc90555f,103,10010
top100,candidate:16717665:115326098:1,candidate,Christoffer Thimsen,37,1917456626,1,win,102207.0,71443.0,30764.0,720,DONE,DONE,0.6955079000035767,bbffbe65dee6e0dc4dd0147fec897df74e16760b76ec7d2a2b38f636bc90555f,103,10010
top100,baseline:16660137:115320607:1,baseline,Densike,39,1063744429,1,win,165601.0,99593.0,66008.0,720,DONE,DONE,0.3840500999940559,4eeac9c3ded6682d42213ad22242ebe3dbe294faecbee7a33a6543a1f1f783ed,0,0
top100,candidate:16632327:115320815:1,candidate,We wanna be tomatos,38,1961295638,1,loss,142759.0,158470.0,-15711.0,720,DONE,DONE,0.5668599000200629,bbffbe65dee6e0dc4dd0147fec897df74e16760b76ec7d2a2b38f636bc90555f,75,7602
top100,baseline:16681125:115325624:0,baseline,M & M & P & Q,40,406719979,0,loss,64785.0,126943.0,-62158.0,720,DONE,DONE,0.4321242999867536,4eeac9c3ded6682d42213ad22242ebe3dbe294faecbee7a33a6543a1f1f783ed,0,0
top100,baseline:16681125:115325624:1,baseline,M & M & P & Q,40,406719979,1,loss,64785.0,126943.0,-62158.0,720,DONE,DONE,0.46479879997787066,4eeac9c3ded6682d42213ad22242ebe3dbe294faecbee7a33a6543a1f1f783ed,0,0
top100,candidate:16660137:115320607:0,candidate,Densike,39,1063744429,0,win,165579.0,99619.0,65960.0,720,DONE,DONE,0.7566331000125501,bbffbe65dee6e0dc4dd0147fec897df74e16760b76ec7d2a2b38f636bc90555f,85,7621
top100,baseline:16739633:115325620:0,baseline,kwa,41,350408176,0,win,101290.0,97872.0,3418.0,720,DONE,DONE,0.2751364999858197,4eeac9c3ded6682d42213ad22242ebe3dbe294faecbee7a33a6543a1f1f783ed,0,0
top100,baseline:16739633:115325620:1,baseline,kwa,41,350408176,1,win,101290.0,97872.0,3418.0,720,DONE,DONE,0.364805500023067,4eeac9c3ded6682d42213ad22242ebe3dbe294faecbee7a33a6543a1f1f783ed,0,0
top100,candidate:16660137:115320607:1,candidate,Densike,39,1063744429,1,win,165579.0,99619.0,65960.0,720,DONE,DONE,0.7008437000040431,bbffbe65dee6e0dc4dd0147fec897df74e16760b76ec7d2a2b38f636bc90555f,85,7621
top100,baseline:16633132:115326448:0,baseline,Kaggledew Valley 🏆,42,893903170,0,win,84035.0,83904.0,131.0,720,DONE,DONE,0.12372430000687018,4eeac9c3ded6682d42213ad22242ebe3dbe294faecbee7a33a6543a1f1f783ed,0,0
top100,candidate:16681125:115325624:0,candidate,M & M & P & Q,40,406719979,0,loss,107993.0,134287.0,-26294.0,720,DONE,DONE,0.5665379999845754,bbffbe65dee6e0dc4dd0147fec897df74e16760b76ec7d2a2b38f636bc90555f,70,8343
top100,baseline:16633132:115326448:1,baseline,Kaggledew Valley 🏆,42,893903170,1,win,84035.0,83904.0,131.0,720,DONE,DONE,0.23272459997679107,4eeac9c3ded6682d42213ad22242ebe3dbe294faecbee7a33a6543a1f1f783ed,0,0
top100,candidate:16681125:115325624:1,candidate,M & M & P & Q,40,406719979,1,loss,107993.0,134287.0,-26294.0,720,DONE,DONE,0.7082393000018783,bbffbe65dee6e0dc4dd0147fec897df74e16760b76ec7d2a2b38f636bc90555f,70,8343
top100,baseline:16794696:115323643:0,baseline,Paul Bryan Elefante,43,221677536,0,loss,97400.0,98438.0,-1038.0,720,DONE,DONE,0.29673150001326576,4eeac9c3ded6682d42213ad22242ebe3dbe294faecbee7a33a6543a1f1f783ed,0,0
top100,candidate:16633132:115326448:0,candidate,Kaggledew Valley 🏆,42,893903170,0,win,84013.0,83921.0,92.0,720,DONE,DONE,0.6914245999942068,bbffbe65dee6e0dc4dd0147fec897df74e16760b76ec7d2a2b38f636bc90555f,45,5560
top100,candidate:16739633:115325620:0,candidate,kwa,41,350408176,0,win,101273.0,97889.0,3384.0,720,DONE,DONE,0.7375212000042666,bbffbe65dee6e0dc4dd0147fec897df74e16760b76ec7d2a2b38f636bc90555f,113,9976
top100,candidate:16633132:115326448:1,candidate,Kaggledew Valley 🏆,42,893903170,1,win,84013.0,83921.0,92.0,720,DONE,DONE,0.7822201999952085,bbffbe65dee6e0dc4dd0147fec897df74e16760b76ec7d2a2b38f636bc90555f,45,5560
top100,baseline:16794696:115323643:1,baseline,Paul Bryan Elefante,43,221677536,1,loss,97400.0,98438.0,-1038.0,720,DONE,DONE,0.3578630000120029,4eeac9c3ded6682d42213ad22242ebe3dbe294faecbee7a33a6543a1f1f783ed,0,0
top100,baseline:16675778:115324522:0,baseline,Orbital Terraformer,44,362365668,0,win,152701.0,140317.0,12384.0,720,DONE,DONE,0.3071332999970764,4eeac9c3ded6682d42213ad22242ebe3dbe294faecbee7a33a6543a1f1f783ed,0,0
top100,candidate:16739633:115325620:1,candidate,kwa,41,350408176,1,win,101273.0,97889.0,3384.0,720,DONE,DONE,0.8339698000054341,bbffbe65dee6e0dc4dd0147fec897df74e16760b76ec7d2a2b38f636bc90555f,113,9976
top100,baseline:16675778:115324522:1,baseline,Orbital Terraformer,44,362365668,1,win,152701.0,140317.0,12384.0,720,DONE,DONE,0.34923439999693073,4eeac9c3ded6682d42213ad22242ebe3dbe294faecbee7a33a6543a1f1f783ed,0,0
top100,baseline:16754882:115325006:0,baseline,vvs,45,1879412911,0,loss,92415.0,101783.0,-9368.0,720,DONE,DONE,0.33999779997975565,4eeac9c3ded6682d42213ad22242ebe3dbe294faecbee7a33a6543a1f1f783ed,0,0
top100,candidate:16794696:115323643:0,candidate,Paul Bryan Elefante,43,221677536,0,loss,97445.0,98388.0,-943.0,720,DONE,DONE,0.9140769999939948,bbffbe65dee6e0dc4dd0147fec897df74e16760b76ec7d2a2b38f636bc90555f,80,8770
top100,candidate:16675778:115324522:0,candidate,Orbital Terraformer,44,362365668,0,win,152639.0,140370.0,12269.0,720,DONE,DONE,0.756656000012299,bbffbe65dee6e0dc4dd0147fec897df74e16760b76ec7d2a2b38f636bc90555f,64,6687
top100,baseline:16754882:115325006:1,baseline,vvs,45,1879412911,1,loss,92415.0,101783.0,-9368.0,720,DONE,DONE,0.2233332000032533,4eeac9c3ded6682d42213ad22242ebe3dbe294faecbee7a33a6543a1f1f783ed,0,0
top100,candidate:16675778:115324522:1,candidate,Orbital Terraformer,44,362365668,1,win,152639.0,140370.0,12269.0,720,DONE,DONE,0.6720823999785352,bbffbe65dee6e0dc4dd0147fec897df74e16760b76ec7d2a2b38f636bc90555f,64,6687
top100,candidate:16794696:115323643:1,candidate,Paul Bryan Elefante,43,221677536,1,loss,97445.0,98388.0,-943.0,720,DONE,DONE,0.8048463000159245,bbffbe65dee6e0dc4dd0147fec897df74e16760b76ec7d2a2b38f636bc90555f,80,8770
top100,baseline:16735341:115321656:0,baseline,MAC,46,1443374033,0,loss,104887.0,106844.0,-1957.0,720,DONE,DONE,0.3257867000065744,4eeac9c3ded6682d42213ad22242ebe3dbe294faecbee7a33a6543a1f1f783ed,0,0
top100,baseline:16735341:115321656:1,baseline,MAC,46,1443374033,1,loss,104529.0,107438.0,-2909.0,720,DONE,DONE,0.21075530000962317,4eeac9c3ded6682d42213ad22242ebe3dbe294faecbee7a33a6543a1f1f783ed,0,0
top100,candidate:16754882:115325006:0,candidate,vvs,45,1879412911,0,loss,42514.0,141521.0,-99007.0,720,DONE,DONE,0.5386448999925051,bbffbe65dee6e0dc4dd0147fec897df74e16760b76ec7d2a2b38f636bc90555f,73,8617
top100,baseline:16942123:115325783:0,baseline,dodsters,47,1632098503,0,win,145864.0,90688.0,55176.0,720,DONE,DONE,0.22074069999507628,4eeac9c3ded6682d42213ad22242ebe3dbe294faecbee7a33a6543a1f1f783ed,0,0
top100,candidate:16754882:115325006:1,candidate,vvs,45,1879412911,1,loss,42514.0,141521.0,-99007.0,720,DONE,DONE,0.6411109000036959,bbffbe65dee6e0dc4dd0147fec897df74e16760b76ec7d2a2b38f636bc90555f,73,8617
top100,baseline:16942123:115325783:1,baseline,dodsters,47,1632098503,1,win,145864.0,90688.0,55176.0,720,DONE,DONE,0.20517920001293533,4eeac9c3ded6682d42213ad22242ebe3dbe294faecbee7a33a6543a1f1f783ed,0,0
top100,baseline:16730524:115323637:0,baseline,THIRD FARM CLUB,48,1988376929,0,win,113096.0,102565.0,10531.0,720,DONE,DONE,0.1897787000052631,4eeac9c3ded6682d42213ad22242ebe3dbe294faecbee7a33a6543a1f1f783ed,0,0
top100,candidate:16942123:115325783:0,candidate,dodsters,47,1632098503,0,win,145913.0,90629.0,55284.0,720,DONE,DONE,0.5931662000075448,bbffbe65dee6e0dc4dd0147fec897df74e16760b76ec7d2a2b38f636bc90555f,72,6704
top100,candidate:16735341:115321656:0,candidate,MAC,46,1443374033,0,loss,124132.0,160769.0,-36637.0,720,DONE,DONE,0.45378860001801513,bbffbe65dee6e0dc4dd0147fec897df74e16760b76ec7d2a2b38f636bc90555f,101,10333
top100,candidate:16942123:115325783:1,candidate,dodsters,47,1632098503,1,win,145913.0,90629.0,55284.0,720,DONE,DONE,0.6648671999864746,bbffbe65dee6e0dc4dd0147fec897df74e16760b76ec7d2a2b38f636bc90555f,72,6704
top100,candidate:16735341:115321656:1,candidate,MAC,46,1443374033,1,loss,124132.0,160769.0,-36637.0,720,DONE,DONE,0.5303297000064049,bbffbe65dee6e0dc4dd0147fec897df74e16760b76ec7d2a2b38f636bc90555f,101,10333
top100,baseline:16730524:115323637:1,baseline,THIRD FARM CLUB,48,1988376929,1,win,113096.0,102565.0,10531.0,720,DONE,DONE,0.1659071999893058,4eeac9c3ded6682d42213ad22242ebe3dbe294faecbee7a33a6543a1f1f783ed,0,0
top100,baseline:16640510:115323112:0,baseline,SpaTaro,49,363607200,0,win,95485.0,89636.0,5849.0,720,DONE,DONE,0.2776004000043031,4eeac9c3ded6682d42213ad22242ebe3dbe294faecbee7a33a6543a1f1f783ed,0,0
top100,candidate:16730524:115323637:0,candidate,THIRD FARM CLUB,48,1988376929,0,win,113117.0,102547.0,10570.0,720,DONE,DONE,0.7010761999990791,bbffbe65dee6e0dc4dd0147fec897df74e16760b76ec7d2a2b38f636bc90555f,79,6741
top100,baseline:16640510:115323112:1,baseline,SpaTaro,49,363607200,1,win,95485.0,89636.0,5849.0,720,DONE,DONE,0.28181339998263866,4eeac9c3ded6682d42213ad22242ebe3dbe294faecbee7a33a6543a1f1f783ed,0,0
top100,baseline:16695046:115321605:0,baseline,Attention Is All You Seed,50,2106183438,0,loss,67693.0,74997.0,-7304.0,720,DONE,DONE,0.1626105000032112,4eeac9c3ded6682d42213ad22242ebe3dbe294faecbee7a33a6543a1f1f783ed,0,0
top100,candidate:16730524:115323637:1,candidate,THIRD FARM CLUB,48,1988376929,1,win,113117.0,102547.0,10570.0,720,DONE,DONE,0.5351018999936059,bbffbe65dee6e0dc4dd0147fec897df74e16760b76ec7d2a2b38f636bc90555f,79,6741
top100,baseline:16695046:115321605:1,baseline,Attention Is All You Seed,50,2106183438,1,loss,67693.0,74997.0,-7304.0,720,DONE,DONE,0.12606650000088848,4eeac9c3ded6682d42213ad22242ebe3dbe294faecbee7a33a6543a1f1f783ed,0,0
top100,baseline:16658248:115325006:0,baseline,Aaweg,51,1879412911,0,win,162369.0,52981.0,109388.0,720,DONE,DONE,0.13147819999721833,4eeac9c3ded6682d42213ad22242ebe3dbe294faecbee7a33a6543a1f1f783ed,0,0
top100,candidate:16640510:115323112:0,candidate,SpaTaro,49,363607200,0,win,95484.0,89630.0,5854.0,720,DONE,DONE,0.5913554000144359,bbffbe65dee6e0dc4dd0147fec897df74e16760b76ec7d2a2b38f636bc90555f,112,9812
top100,candidate:16658248:115325006:0,candidate,Aaweg,51,1879412911,0,win,162364.0,52982.0,109382.0,720,DONE,DONE,0.5994602000282612,bbffbe65dee6e0dc4dd0147fec897df74e16760b76ec7d2a2b38f636bc90555f,72,7436
top100,candidate:16695046:115321605:0,candidate,Attention Is All You Seed,50,2106183438,0,loss,67730.0,74028.0,-6298.0,720,DONE,DONE,0.433441099972697,bbffbe65dee6e0dc4dd0147fec897df74e16760b76ec7d2a2b38f636bc90555f,89,10316
top100,baseline:16658248:115325006:1,baseline,Aaweg,51,1879412911,1,win,162369.0,52981.0,109388.0,720,DONE,DONE,0.20916090000537224,4eeac9c3ded6682d42213ad22242ebe3dbe294faecbee7a33a6543a1f1f783ed,0,0
top100,candidate:16640510:115323112:1,candidate,SpaTaro,49,363607200,1,win,95484.0,89630.0,5854.0,720,DONE,DONE,0.5436090999864973,bbffbe65dee6e0dc4dd0147fec897df74e16760b76ec7d2a2b38f636bc90555f,112,9812
top100,candidate:16695046:115321605:1,candidate,Attention Is All You Seed,50,2106183438,1,loss,67730.0,74028.0,-6298.0,720,DONE,DONE,0.4810515000135638,bbffbe65dee6e0dc4dd0147fec897df74e16760b76ec7d2a2b38f636bc90555f,89,10316
top100,baseline:16644287:115323672:0,baseline,Ryo Hasegawa,52,1352609205,0,loss,102933.0,114739.0,-11806.0,720,DONE,DONE,0.20704969999496825,4eeac9c3ded6682d42213ad22242ebe3dbe294faecbee7a33a6543a1f1f783ed,0,0
top100,candidate:16658248:115325006:1,candidate,Aaweg,51,1879412911,1,win,162364.0,52982.0,109382.0,720,DONE,DONE,0.5969817999866791,bbffbe65dee6e0dc4dd0147fec897df74e16760b76ec7d2a2b38f636bc90555f,72,7436
top100,baseline:16644287:115323672:1,baseline,Ryo Hasegawa,52,1352609205,1,loss,102933.0,114739.0,-11806.0,720,DONE,DONE,0.14834590000100434,4eeac9c3ded6682d42213ad22242ebe3dbe294faecbee7a33a6543a1f1f783ed,0,0
top100,baseline:16760569:115322678:0,baseline,Otter Vibe,53,1843162677,0,loss,103602.0,118907.0,-15305.0,720,DONE,DONE,0.23112340000807308,4eeac9c3ded6682d42213ad22242ebe3dbe294faecbee7a33a6543a1f1f783ed,0,0
top100,baseline:16760569:115322678:1,baseline,Otter Vibe,53,1843162677,1,loss,103055.0,118411.0,-15356.0,720,DONE,DONE,0.2769984999904409,4eeac9c3ded6682d42213ad22242ebe3dbe294faecbee7a33a6543a1f1f783ed,0,0
top100,baseline:16685634:115324613:0,baseline,Syed Asad Ali,54,347129523,0,win,209801.0,0.0,209801.0,720,DONE,DONE,0.2816926999948919,4eeac9c3ded6682d42213ad22242ebe3dbe294faecbee7a33a6543a1f1f783ed,0,0
top100,candidate:16644287:115323672:0,candidate,Ryo Hasegawa,52,1352609205,0,loss,102922.0,114754.0,-11832.0,720,DONE,DONE,0.6047801000240725,bbffbe65dee6e0dc4dd0147fec897df74e16760b76ec7d2a2b38f636bc90555f,52,5607
top100,candidate:16644287:115323672:1,candidate,Ryo Hasegawa,52,1352609205,1,loss,102922.0,114754.0,-11832.0,720,DONE,DONE,0.6638537000108045,bbffbe65dee6e0dc4dd0147fec897df74e16760b76ec7d2a2b38f636bc90555f,52,5607
top100,baseline:16685634:115324613:1,baseline,Syed Asad Ali,54,347129523,1,win,221773.0,0.0,221773.0,720,DONE,DONE,0.31030290000489913,4eeac9c3ded6682d42213ad22242ebe3dbe294faecbee7a33a6543a1f1f783ed,0,0
top100,baseline:16864314:115326343:0,baseline,marwar22,55,1481973709,0,loss,112105.0,115987.0,-3882.0,720,DONE,DONE,0.18983399998978712,4eeac9c3ded6682d42213ad22242ebe3dbe294faecbee7a33a6543a1f1f783ed,0,0
top100,candidate:16760569:115322678:0,candidate,Otter Vibe,53,1843162677,0,loss,103792.0,118727.0,-14935.0,720,DONE,DONE,0.6233571000047959,bbffbe65dee6e0dc4dd0147fec897df74e16760b76ec7d2a2b38f636bc90555f,91,9159
top100,candidate:16760569:115322678:1,candidate,Otter Vibe,53,1843162677,1,loss,103245.0,118231.0,-14986.0,720,DONE,DONE,0.562128700024914,bbffbe65dee6e0dc4dd0147fec897df74e16760b76ec7d2a2b38f636bc90555f,91,9159
top100,candidate:16685634:115324613:0,candidate,Syed Asad Ali,54,347129523,0,win,209800.0,0.0,209800.0,720,DONE,DONE,0.5539855999813881,bbffbe65dee6e0dc4dd0147fec897df74e16760b76ec7d2a2b38f636bc90555f,93,10013
top100,baseline:16864314:115326343:1,baseline,marwar22,55,1481973709,1,loss,112105.0,115987.0,-3882.0,720,DONE,DONE,0.2961298000009265,4eeac9c3ded6682d42213ad22242ebe3dbe294faecbee7a33a6543a1f1f783ed,0,0
top100,baseline:16878533:115324436:0,baseline,HayatoFujihara,56,1814592101,0,win,143459.0,133459.0,10000.0,720,DONE,DONE,0.4149557999917306,4eeac9c3ded6682d42213ad22242ebe3dbe294faecbee7a33a6543a1f1f783ed,0,0
top100,candidate:16685634:115324613:1,candidate,Syed Asad Ali,54,347129523,1,win,221772.0,0.0,221772.0,720,DONE,DONE,1.094670499995118,bbffbe65dee6e0dc4dd0147fec897df74e16760b76ec7d2a2b38f636bc90555f,94,10052
top100,baseline:16878533:115324436:1,baseline,HayatoFujihara,56,1814592101,1,win,143459.0,133459.0,10000.0,720,DONE,DONE,0.27401400002418086,4eeac9c3ded6682d42213ad22242ebe3dbe294faecbee7a33a6543a1f1f783ed,0,0
top100,baseline:16743582:115324126:0,baseline,ShunkiKyoya,57,1525118767,0,loss,119263.0,161776.0,-42513.0,720,DONE,DONE,0.15962280001258478,4eeac9c3ded6682d42213ad22242ebe3dbe294faecbee7a33a6543a1f1f783ed,0,0
top100,candidate:16864314:115326343:0,candidate,marwar22,55,1481973709,0,loss,112106.0,115987.0,-3881.0,720,DONE,DONE,0.7211547000042628,bbffbe65dee6e0dc4dd0147fec897df74e16760b76ec7d2a2b38f636bc90555f,99,10058
top100,baseline:16743582:115324126:1,baseline,ShunkiKyoya,57,1525118767,1,loss,119255.0,161829.0,-42574.0,720,DONE,DONE,0.15428099999553524,4eeac9c3ded6682d42213ad22242ebe3dbe294faecbee7a33a6543a1f1f783ed,0,0
top100,candidate:16864314:115326343:1,candidate,marwar22,55,1481973709,1,loss,112106.0,115987.0,-3881.0,720,DONE,DONE,0.9210411999956705,bbffbe65dee6e0dc4dd0147fec897df74e16760b76ec7d2a2b38f636bc90555f,99,10058
top100,baseline:16730326:115324436:0,baseline,atsushi11o7,58,1814592101,0,win,134691.0,103864.0,30827.0,720,DONE,DONE,0.37011200000415556,4eeac9c3ded6682d42213ad22242ebe3dbe294faecbee7a33a6543a1f1f783ed,0,0
top100,candidate:16743582:115324126:0,candidate,ShunkiKyoya,57,1525118767,0,loss,119308.0,161734.0,-42426.0,720,DONE,DONE,0.6017179999907967,bbffbe65dee6e0dc4dd0147fec897df74e16760b76ec7d2a2b38f636bc90555f,91,8566
top100,candidate:16878533:115324436:0,candidate,HayatoFujihara,56,1814592101,0,win,143366.0,133556.0,9810.0,720,DONE,DONE,0.6567375999875367,bbffbe65dee6e0dc4dd0147fec897df74e16760b76ec7d2a2b38f636bc90555f,122,11801
top100,baseline:16730326:115324436:1,baseline,atsushi11o7,58,1814592101,1,win,134691.0,103864.0,30827.0,720,DONE,DONE,0.35469269999885,4eeac9c3ded6682d42213ad22242ebe3dbe294faecbee7a33a6543a1f1f783ed,0,0
top100,candidate:16878533:115324436:1,candidate,HayatoFujihara,56,1814592101,1,win,143366.0,133556.0,9810.0,720,DONE,DONE,0.805828799988376,bbffbe65dee6e0dc4dd0147fec897df74e16760b76ec7d2a2b38f636bc90555f,122,11801
top100,baseline:16685950:115326356:0,baseline,Planned Economy,59,311873662,0,win,140879.0,138208.0,2671.0,720,DONE,DONE,0.351025199983269,4eeac9c3ded6682d42213ad22242ebe3dbe294faecbee7a33a6543a1f1f783ed,0,0
top100,candidate:16743582:115324126:1,candidate,ShunkiKyoya,57,1525118767,1,loss,119300.0,161787.0,-42487.0,720,DONE,DONE,0.6599710999871604,bbffbe65dee6e0dc4dd0147fec897df74e16760b76ec7d2a2b38f636bc90555f,93,8566
top100,baseline:16685950:115326356:1,baseline,Planned Economy,59,311873662,1,win,140879.0,138208.0,2671.0,720,DONE,DONE,0.32554170000366867,4eeac9c3ded6682d42213ad22242ebe3dbe294faecbee7a33a6543a1f1f783ed,0,0
top100,candidate:16730326:115324436:0,candidate,atsushi11o7,58,1814592101,0,win,134694.0,103856.0,30838.0,720,DONE,DONE,0.7996267999988049,bbffbe65dee6e0dc4dd0147fec897df74e16760b76ec7d2a2b38f636bc90555f,80,8326
top100,baseline:16887437:115325564:0,baseline,TheEggman,60,885995011,0,loss,72731.0,131640.0,-58909.0,720,DONE,DONE,0.40351480001118034,4eeac9c3ded6682d42213ad22242ebe3dbe294faecbee7a33a6543a1f1f783ed,0,0
top100,baseline:16887437:115325564:1,baseline,TheEggman,60,885995011,1,loss,72731.0,131640.0,-58909.0,720,DONE,DONE,0.5518954000144731,4eeac9c3ded6682d42213ad22242ebe3dbe294faecbee7a33a6543a1f1f783ed,0,0
top100,candidate:16730326:115324436:1,candidate,atsushi11o7,58,1814592101,1,win,134694.0,103856.0,30838.0,720,DONE,DONE,0.7177107000024989,bbffbe65dee6e0dc4dd0147fec897df74e16760b76ec7d2a2b38f636bc90555f,80,8326
top100,baseline:16736838:115323582:0,baseline,アナコンダ,61,2102138038,0,win,140427.0,81252.0,59175.0,720,DONE,DONE,0.3145137999963481,4eeac9c3ded6682d42213ad22242ebe3dbe294faecbee7a33a6543a1f1f783ed,0,0
top100,candidate:16887437:115325564:0,candidate,TheEggman,60,885995011,0,win,150594.0,119139.0,31455.0,720,DONE,DONE,0.9150887000141665,bbffbe65dee6e0dc4dd0147fec897df74e16760b76ec7d2a2b38f636bc90555f,85,7639
top100,candidate:16685950:115326356:0,candidate,Planned Economy,59,311873662,0,win,140861.0,138224.0,2637.0,720,DONE,DONE,0.7925377000065055,bbffbe65dee6e0dc4dd0147fec897df74e16760b76ec7d2a2b38f636bc90555f,105,10472
top100,baseline:16736838:115323582:1,baseline,アナコンダ,61,2102138038,1,win,140427.0,81252.0,59175.0,720,DONE,DONE,0.30278460000408813,4eeac9c3ded6682d42213ad22242ebe3dbe294faecbee7a33a6543a1f1f783ed,0,0
top100,candidate:16685950:115326356:1,candidate,Planned Economy,59,311873662,1,win,140861.0,138224.0,2637.0,720,DONE,DONE,0.8248326000175439,bbffbe65dee6e0dc4dd0147fec897df74e16760b76ec7d2a2b38f636bc90555f,105,10472
top100,candidate:16887437:115325564:1,candidate,TheEggman,60,885995011,1,win,150594.0,119139.0,31455.0,720,DONE,DONE,0.8724662000022363,bbffbe65dee6e0dc4dd0147fec897df74e16760b76ec7d2a2b38f636bc90555f,85,7639
top100,baseline:16660281:115325479:0,baseline,xiy lin,62,812735970,0,loss,59226.0,83251.0,-24025.0,720,DONE,DONE,0.29974570000194944,4eeac9c3ded6682d42213ad22242ebe3dbe294faecbee7a33a6543a1f1f783ed,0,0
top100,baseline:16660281:115325479:1,baseline,xiy lin,62,812735970,1,loss,59226.0,83251.0,-24025.0,720,DONE,DONE,0.301481500006048,4eeac9c3ded6682d42213ad22242ebe3dbe294faecbee7a33a6543a1f1f783ed,0,0
top100,baseline:16763230:115325624:0,baseline,flg,63,406719979,0,win,178115.0,80136.0,97979.0,720,DONE,DONE,0.45158470000023954,4eeac9c3ded6682d42213ad22242ebe3dbe294faecbee7a33a6543a1f1f783ed,0,0
top100,candidate:16736838:115323582:0,candidate,アナコンダ,61,2102138038,0,win,140445.0,81233.0,59212.0,720,DONE,DONE,0.840140500018606,bbffbe65dee6e0dc4dd0147fec897df74e16760b76ec7d2a2b38f636bc90555f,110,10111
top100,baseline:16763230:115325624:1,baseline,flg,63,406719979,1,win,178115.0,80136.0,97979.0,720,DONE,DONE,0.4159890000009909,4eeac9c3ded6682d42213ad22242ebe3dbe294faecbee7a33a6543a1f1f783ed,0,0
top100,candidate:16736838:115323582:1,candidate,アナコンダ,61,2102138038,1,win,140445.0,81233.0,59212.0,720,DONE,DONE,0.7594085999880917,bbffbe65dee6e0dc4dd0147fec897df74e16760b76ec7d2a2b38f636bc90555f,110,10111
top100,baseline:16630675:115322988:0,baseline,Lucien de Rubempre,64,710537860,0,loss,44298.0,115503.0,-71205.0,720,DONE,DONE,0.21663760000956245,4eeac9c3ded6682d42213ad22242ebe3dbe294faecbee7a33a6543a1f1f783ed,0,0
top100,candidate:16763230:115325624:0,candidate,flg,63,406719979,0,win,178098.0,80154.0,97944.0,720,DONE,DONE,0.7978807000035886,bbffbe65dee6e0dc4dd0147fec897df74e16760b76ec7d2a2b38f636bc90555f,76,8234
top100,candidate:16660281:115325479:0,candidate,xiy lin,62,812735970,0,loss,59015.0,83452.0,-24437.0,720,DONE,DONE,0.7994754000101238,bbffbe65dee6e0dc4dd0147fec897df74e16760b76ec7d2a2b38f636bc90555f,111,9517
top100,baseline:16630675:115322988:1,baseline,Lucien de Rubempre,64,710537860,1,loss,44298.0,115503.0,-71205.0,720,DONE,DONE,0.1739374000171665,4eeac9c3ded6682d42213ad22242ebe3dbe294faecbee7a33a6543a1f1f783ed,0,0
top100,candidate:16660281:115325479:1,candidate,xiy lin,62,812735970,1,loss,59015.0,83452.0,-24437.0,720,DONE,DONE,0.8275005999894347,bbffbe65dee6e0dc4dd0147fec897df74e16760b76ec7d2a2b38f636bc90555f,111,9517
top100,baseline:16803103:115325658:0,baseline,hugghngkai,65,443252242,0,loss,77442.0,86285.0,-8843.0,720,DONE,DONE,0.34093619999475777,4eeac9c3ded6682d42213ad22242ebe3dbe294faecbee7a33a6543a1f1f783ed,0,0
top100,candidate:16763230:115325624:1,candidate,flg,63,406719979,1,win,178098.0,80154.0,97944.0,720,DONE,DONE,0.7721459000022151,bbffbe65dee6e0dc4dd0147fec897df74e16760b76ec7d2a2b38f636bc90555f,76,8234
top100,baseline:16803103:115325658:1,baseline,hugghngkai,65,443252242,1,loss,77442.0,86285.0,-8843.0,720,DONE,DONE,0.3868264999764506,4eeac9c3ded6682d42213ad22242ebe3dbe294faecbee7a33a6543a1f1f783ed,0,0
top100,baseline:16668998:115321471:0,baseline,WarRusher,66,1651324184,0,win,144487.0,49812.0,94675.0,720,DONE,DONE,0.30223799997475,4eeac9c3ded6682d42213ad22242ebe3dbe294faecbee7a33a6543a1f1f783ed,0,0
top100,candidate:16630675:115322988:0,candidate,Lucien de Rubempre,64,710537860,0,loss,44304.0,115501.0,-71197.0,720,DONE,DONE,0.617641500022728,bbffbe65dee6e0dc4dd0147fec897df74e16760b76ec7d2a2b38f636bc90555f,59,7761
top100,candidate:16630675:115322988:1,candidate,Lucien de Rubempre,64,710537860,1,loss,44304.0,115501.0,-71197.0,720,DONE,DONE,0.7226123999862466,bbffbe65dee6e0dc4dd0147fec897df74e16760b76ec7d2a2b38f636bc90555f,59,7761
top100,candidate:16803103:115325658:0,candidate,hugghngkai,65,443252242,0,loss,77493.0,86250.0,-8757.0,720,DONE,DONE,0.7342134999926202,bbffbe65dee6e0dc4dd0147fec897df74e16760b76ec7d2a2b38f636bc90555f,47,5910
top100,baseline:16668998:115321471:1,baseline,WarRusher,66,1651324184,1,win,144487.0,49812.0,94675.0,720,DONE,DONE,0.2593707999913022,4eeac9c3ded6682d42213ad22242ebe3dbe294faecbee7a33a6543a1f1f783ed,0,0
top100,candidate:16803103:115325658:1,candidate,hugghngkai,65,443252242,1,loss,77493.0,86250.0,-8757.0,720,DONE,DONE,0.8176627999928314,bbffbe65dee6e0dc4dd0147fec897df74e16760b76ec7d2a2b38f636bc90555f,47,5910
top100,baseline:16811917:115326245:0,baseline,Dipam Chakraborty,67,1202037741,0,win,122012.0,54609.0,67403.0,720,DONE,DONE,0.3408930000150576,4eeac9c3ded6682d42213ad22242ebe3dbe294faecbee7a33a6543a1f1f783ed,0,0
top100,baseline:16811917:115326245:1,baseline,Dipam Chakraborty,67,1202037741,1,win,121468.0,54134.0,67334.0,720,DONE,DONE,0.3309873999969568,4eeac9c3ded6682d42213ad22242ebe3dbe294faecbee7a33a6543a1f1f783ed,0,0
top100,baseline:16723620:115321858:0,baseline,3정훈,68,973921798,0,win,103202.0,101671.0,1531.0,720,DONE,DONE,0.25985560001572594,4eeac9c3ded6682d42213ad22242ebe3dbe294faecbee7a33a6543a1f1f783ed,0,0
top100,candidate:16668998:115321471:0,candidate,WarRusher,66,1651324184,0,win,144532.0,49789.0,94743.0,720,DONE,DONE,0.9079613999929279,bbffbe65dee6e0dc4dd0147fec897df74e16760b76ec7d2a2b38f636bc90555f,90,8826
top100,candidate:16668998:115321471:1,candidate,WarRusher,66,1651324184,1,win,144532.0,49789.0,94743.0,720,DONE,DONE,0.9019753000175115,bbffbe65dee6e0dc4dd0147fec897df74e16760b76ec7d2a2b38f636bc90555f,90,8826
top100,baseline:16723620:115321858:1,baseline,3정훈,68,973921798,1,win,103202.0,101671.0,1531.0,720,DONE,DONE,0.4057385000050999,4eeac9c3ded6682d42213ad22242ebe3dbe294faecbee7a33a6543a1f1f783ed,0,0
top100,baseline:16740405:115324677:0,baseline,by,69,1370537708,0,win,107746.0,91071.0,16675.0,720,DONE,DONE,0.33899420002126135,4eeac9c3ded6682d42213ad22242ebe3dbe294faecbee7a33a6543a1f1f783ed,0,0
top100,candidate:16723620:115321858:0,candidate,3정훈,68,973921798,0,win,103211.0,101660.0,1551.0,720,DONE,DONE,0.873963799997,bbffbe65dee6e0dc4dd0147fec897df74e16760b76ec7d2a2b38f636bc90555f,94,9402
top100,candidate:16811917:115326245:0,candidate,Dipam Chakraborty,67,1202037741,0,win,101320.0,82028.0,19292.0,720,DONE,DONE,0.8030144000076689,bbffbe65dee6e0dc4dd0147fec897df74e16760b76ec7d2a2b38f636bc90555f,128,11923
top100,candidate:16811917:115326245:1,candidate,Dipam Chakraborty,67,1202037741,1,win,101320.0,82028.0,19292.0,720,DONE,DONE,0.8296016000094824,bbffbe65dee6e0dc4dd0147fec897df74e16760b76ec7d2a2b38f636bc90555f,128,11923
top100,baseline:16740405:115324677:1,baseline,by,69,1370537708,1,win,107746.0,91071.0,16675.0,720,DONE,DONE,0.26471739998669364,4eeac9c3ded6682d42213ad22242ebe3dbe294faecbee7a33a6543a1f1f783ed,0,0
top100,candidate:16723620:115321858:1,candidate,3정훈,68,973921798,1,win,103211.0,101660.0,1551.0,720,DONE,DONE,0.8481723000004422,bbffbe65dee6e0dc4dd0147fec897df74e16760b76ec7d2a2b38f636bc90555f,94,9402
top100,baseline:16754022:115322273:0,baseline,Pico,70,2053729380,0,win,101890.0,99990.0,1900.0,720,DONE,DONE,0.3915060999861453,4eeac9c3ded6682d42213ad22242ebe3dbe294faecbee7a33a6543a1f1f783ed,0,0
top100,baseline:16754022:115322273:1,baseline,Pico,70,2053729380,1,win,101890.0,99990.0,1900.0,720,DONE,DONE,0.44655860000057146,4eeac9c3ded6682d42213ad22242ebe3dbe294faecbee7a33a6543a1f1f783ed,0,0
top100,baseline:16706222:115326077:0,baseline,Xiangyu Liu,71,523638871,0,win,212832.0,0.0,212832.0,720,DONE,DONE,0.2612706000218168,4eeac9c3ded6682d42213ad22242ebe3dbe294faecbee7a33a6543a1f1f783ed,0,0
top100,candidate:16740405:115324677:0,candidate,by,69,1370537708,0,win,107703.0,91104.0,16599.0,720,DONE,DONE,0.765665099985199,bbffbe65dee6e0dc4dd0147fec897df74e16760b76ec7d2a2b38f636bc90555f,126,11240
top100,baseline:16706222:115326077:1,baseline,Xiangyu Liu,71,523638871,1,win,212832.0,0.0,212832.0,720,DONE,DONE,0.26880180000443943,4eeac9c3ded6682d42213ad22242ebe3dbe294faecbee7a33a6543a1f1f783ed,0,0
top100,candidate:16740405:115324677:1,candidate,by,69,1370537708,1,win,107703.0,91104.0,16599.0,720,DONE,DONE,0.7345432000001892,bbffbe65dee6e0dc4dd0147fec897df74e16760b76ec7d2a2b38f636bc90555f,126,11240
top100,baseline:16629972:115320828:0,baseline,forever young,72,1061538137,0,win,129295.0,118226.0,11069.0,720,DONE,DONE,0.29292659999919124,4eeac9c3ded6682d42213ad22242ebe3dbe294faecbee7a33a6543a1f1f783ed,0,0
top100,candidate:16706222:115326077:0,candidate,Xiangyu Liu,71,523638871,0,win,213271.0,9.0,213262.0,720,DONE,DONE,0.7403163000126369,bbffbe65dee6e0dc4dd0147fec897df74e16760b76ec7d2a2b38f636bc90555f,84,7748
top100,baseline:16629972:115320828:1,baseline,forever young,72,1061538137,1,win,129295.0,118226.0,11069.0,720,DONE,DONE,0.27186030001030304,4eeac9c3ded6682d42213ad22242ebe3dbe294faecbee7a33a6543a1f1f783ed,0,0
top100,candidate:16706222:115326077:1,candidate,Xiangyu Liu,71,523638871,1,win,213271.0,9.0,213262.0,720,DONE,DONE,0.7636634999944363,bbffbe65dee6e0dc4dd0147fec897df74e16760b76ec7d2a2b38f636bc90555f,84,7748
top100,candidate:16754022:115322273:0,candidate,Pico,70,2053729380,0,win,101926.0,99996.0,1930.0,720,DONE,DONE,0.8630027000035625,bbffbe65dee6e0dc4dd0147fec897df74e16760b76ec7d2a2b38f636bc90555f,125,11752
top100,candidate:16754022:115322273:1,candidate,Pico,70,2053729380,1,win,101926.0,99996.0,1930.0,720,DONE,DONE,0.8982720999920275,bbffbe65dee6e0dc4dd0147fec897df74e16760b76ec7d2a2b38f636bc90555f,125,11752
top100,baseline:16913723:115322923:0,baseline,azamat1ch,73,947330361,0,win,84941.0,82592.0,2349.0,720,DONE,DONE,0.43852500000502914,4eeac9c3ded6682d42213ad22242ebe3dbe294faecbee7a33a6543a1f1f783ed,0,0
top100,baseline:16913723:115322923:1,baseline,azamat1ch,73,947330361,1,win,84941.0,82592.0,2349.0,720,DONE,DONE,0.4165596000093501,4eeac9c3ded6682d42213ad22242ebe3dbe294faecbee7a33a6543a1f1f783ed,0,0
top100,baseline:16670221:115326448:0,baseline,❄️ Cole Palmer ❄️,74,893903170,0,loss,49110.0,102805.0,-53695.0,720,DONE,DONE,0.20085979998111725,4eeac9c3ded6682d42213ad22242ebe3dbe294faecbee7a33a6543a1f1f783ed,0,0
top100,candidate:16629972:115320828:0,candidate,forever young,72,1061538137,0,win,129310.0,118214.0,11096.0,720,DONE,DONE,0.7244951000029687,bbffbe65dee6e0dc4dd0147fec897df74e16760b76ec7d2a2b38f636bc90555f,105,10207
top100,baseline:16670221:115326448:1,baseline,❄️ Cole Palmer ❄️,74,893903170,1,loss,49110.0,102805.0,-53695.0,720,DONE,DONE,0.2194407999922987,4eeac9c3ded6682d42213ad22242ebe3dbe294faecbee7a33a6543a1f1f783ed,0,0
top100,candidate:16629972:115320828:1,candidate,forever young,72,1061538137,1,win,129310.0,118214.0,11096.0,720,DONE,DONE,0.7294865000003483,bbffbe65dee6e0dc4dd0147fec897df74e16760b76ec7d2a2b38f636bc90555f,105,10207
top100,baseline:16748173:115326371:0,baseline,pensukesan,75,51199843,0,win,123369.0,101839.0,21530.0,720,DONE,DONE,0.5291689000150654,4eeac9c3ded6682d42213ad22242ebe3dbe294faecbee7a33a6543a1f1f783ed,0,0
top100,candidate:16913723:115322923:0,candidate,azamat1ch,73,947330361,0,win,120638.0,94763.0,25875.0,720,DONE,DONE,0.7324831000005361,bbffbe65dee6e0dc4dd0147fec897df74e16760b76ec7d2a2b38f636bc90555f,110,10395
top100,candidate:16670221:115326448:0,candidate,❄️ Cole Palmer ❄️,74,893903170,0,loss,49114.0,102800.0,-53686.0,720,DONE,DONE,0.5819056000036653,bbffbe65dee6e0dc4dd0147fec897df74e16760b76ec7d2a2b38f636bc90555f,98,10167
top100,baseline:16748173:115326371:1,baseline,pensukesan,75,51199843,1,win,123369.0,101839.0,21530.0,720,DONE,DONE,0.3402407000248786,4eeac9c3ded6682d42213ad22242ebe3dbe294faecbee7a33a6543a1f1f783ed,0,0
top100,candidate:16913723:115322923:1,candidate,azamat1ch,73,947330361,1,win,120638.0,94763.0,25875.0,720,DONE,DONE,0.7535146999871358,bbffbe65dee6e0dc4dd0147fec897df74e16760b76ec7d2a2b38f636bc90555f,110,10395
top100,baseline:16926467:115325912:0,baseline,arutyunoff,76,1474698560,0,loss,94100.0,94677.0,-577.0,720,DONE,DONE,0.32182909999391995,4eeac9c3ded6682d42213ad22242ebe3dbe294faecbee7a33a6543a1f1f783ed,0,0
top100,candidate:16670221:115326448:1,candidate,❄️ Cole Palmer ❄️,74,893903170,1,loss,49114.0,102800.0,-53686.0,720,DONE,DONE,0.7208358000207227,bbffbe65dee6e0dc4dd0147fec897df74e16760b76ec7d2a2b38f636bc90555f,98,10167
top100,baseline:16926467:115325912:1,baseline,arutyunoff,76,1474698560,1,loss,94100.0,94677.0,-577.0,720,DONE,DONE,0.3010385999805294,4eeac9c3ded6682d42213ad22242ebe3dbe294faecbee7a33a6543a1f1f783ed,0,0
top100,candidate:16748173:115326371:0,candidate,pensukesan,75,51199843,0,win,123380.0,101829.0,21551.0,720,DONE,DONE,0.7777801999764051,bbffbe65dee6e0dc4dd0147fec897df74e16760b76ec7d2a2b38f636bc90555f,82,7442
top100,baseline:16731443:115320702:0,baseline,Arjun Vinod,77,315388749,0,loss,84145.0,92106.0,-7961.0,720,DONE,DONE,0.3689114000007976,4eeac9c3ded6682d42213ad22242ebe3dbe294faecbee7a33a6543a1f1f783ed,0,0
top100,candidate:16748173:115326371:1,candidate,pensukesan,75,51199843,1,win,123380.0,101829.0,21551.0,720,DONE,DONE,0.6701871000113897,bbffbe65dee6e0dc4dd0147fec897df74e16760b76ec7d2a2b38f636bc90555f,82,7442
top100,baseline:16731443:115320702:1,baseline,Arjun Vinod,77,315388749,1,loss,84145.0,92106.0,-7961.0,720,DONE,DONE,0.34154759999364614,4eeac9c3ded6682d42213ad22242ebe3dbe294faecbee7a33a6543a1f1f783ed,0,0
top100,candidate:16926467:115325912:0,candidate,arutyunoff,76,1474698560,0,win,94951.0,93854.0,1097.0,720,DONE,DONE,0.7102997999754734,bbffbe65dee6e0dc4dd0147fec897df74e16760b76ec7d2a2b38f636bc90555f,57,6622
top100,baseline:16760701:115326090:0,baseline,Yannik Schiffner,78,919648492,0,win,103860.0,103373.0,487.0,720,DONE,DONE,0.3504477000096813,4eeac9c3ded6682d42213ad22242ebe3dbe294faecbee7a33a6543a1f1f783ed,0,0
top100,candidate:16926467:115325912:1,candidate,arutyunoff,76,1474698560,1,win,94951.0,93854.0,1097.0,720,DONE,DONE,0.657136800000444,bbffbe65dee6e0dc4dd0147fec897df74e16760b76ec7d2a2b38f636bc90555f,57,6622
top100,baseline:16760701:115326090:1,baseline,Yannik Schiffner,78,919648492,1,win,103860.0,103373.0,487.0,720,DONE,DONE,0.43534440000075847,4eeac9c3ded6682d42213ad22242ebe3dbe294faecbee7a33a6543a1f1f783ed,0,0
top100,baseline:16799266:115323685:0,baseline,Kucing Garong,79,1512046450,0,win,90066.0,70717.0,19349.0,720,DONE,DONE,0.28687429998535663,4eeac9c3ded6682d42213ad22242ebe3dbe294faecbee7a33a6543a1f1f783ed,0,0
top100,candidate:16731443:115320702:0,candidate,Arjun Vinod,77,315388749,0,loss,84088.0,92159.0,-8071.0,720,DONE,DONE,0.7421868999954313,bbffbe65dee6e0dc4dd0147fec897df74e16760b76ec7d2a2b38f636bc90555f,82,9521
top100,candidate:16760701:115326090:0,candidate,Yannik Schiffner,78,919648492,0,win,103925.0,103300.0,625.0,720,DONE,DONE,0.6834167999913916,bbffbe65dee6e0dc4dd0147fec897df74e16760b76ec7d2a2b38f636bc90555f,86,7654
top100,candidate:16731443:115320702:1,candidate,Arjun Vinod,77,315388749,1,loss,84088.0,92159.0,-8071.0,720,DONE,DONE,0.7717553000256885,bbffbe65dee6e0dc4dd0147fec897df74e16760b76ec7d2a2b38f636bc90555f,82,9521
top100,baseline:16799266:115323685:1,baseline,Kucing Garong,79,1512046450,1,win,90066.0,70717.0,19349.0,720,DONE,DONE,0.2866626000031829,4eeac9c3ded6682d42213ad22242ebe3dbe294faecbee7a33a6543a1f1f783ed,0,0
top100,candidate:16760701:115326090:1,candidate,Yannik Schiffner,78,919648492,1,win,103925.0,103300.0,625.0,720,DONE,DONE,0.7187141999893356,bbffbe65dee6e0dc4dd0147fec897df74e16760b76ec7d2a2b38f636bc90555f,86,7654
top100,baseline:16732403:115326048:0,baseline,ymg_aq,80,705786050,0,win,102576.0,83929.0,18647.0,720,DONE,DONE,0.319289499981096,4eeac9c3ded6682d42213ad22242ebe3dbe294faecbee7a33a6543a1f1f783ed,0,0
top100,baseline:16732403:115326048:1,baseline,ymg_aq,80,705786050,1,win,102576.0,83929.0,18647.0,720,DONE,DONE,0.25231030001305044,4eeac9c3ded6682d42213ad22242ebe3dbe294faecbee7a33a6543a1f1f783ed,0,0
top100,baseline:16645703:115325993:0,baseline,madmax0404,81,81668209,0,win,147781.0,113227.0,34554.0,720,DONE,DONE,0.3662556999770459,4eeac9c3ded6682d42213ad22242ebe3dbe294faecbee7a33a6543a1f1f783ed,0,0
top100,candidate:16799266:115323685:0,candidate,Kucing Garong,79,1512046450,0,win,90048.0,70745.0,19303.0,720,DONE,DONE,0.6612203000113368,bbffbe65dee6e0dc4dd0147fec897df74e16760b76ec7d2a2b38f636bc90555f,113,10264
top100,candidate:16732403:115326048:0,candidate,ymg_aq,80,705786050,0,win,102763.0,83735.0,19028.0,720,DONE,DONE,0.561248300014995,bbffbe65dee6e0dc4dd0147fec897df74e16760b76ec7d2a2b38f636bc90555f,54,6405
top100,candidate:16732403:115326048:1,candidate,ymg_aq,80,705786050,1,win,102763.0,83735.0,19028.0,720,DONE,DONE,0.606285999994725,bbffbe65dee6e0dc4dd0147fec897df74e16760b76ec7d2a2b38f636bc90555f,54,6405
top100,baseline:16645703:115325993:1,baseline,madmax0404,81,81668209,1,win,147781.0,113227.0,34554.0,720,DONE,DONE,0.3766802999889478,4eeac9c3ded6682d42213ad22242ebe3dbe294faecbee7a33a6543a1f1f783ed,0,0
top100,candidate:16799266:115323685:1,candidate,Kucing Garong,79,1512046450,1,win,90048.0,70745.0,19303.0,720,DONE,DONE,0.7400148999877274,bbffbe65dee6e0dc4dd0147fec897df74e16760b76ec7d2a2b38f636bc90555f,113,10264
top100,baseline:16714457:115323686:0,baseline,Crop Dustas,82,952289473,0,win,126899.0,109473.0,17426.0,720,DONE,DONE,0.313353300007293,4eeac9c3ded6682d42213ad22242ebe3dbe294faecbee7a33a6543a1f1f783ed,0,0
top100,baseline:16714457:115323686:1,baseline,Crop Dustas,82,952289473,1,win,126899.0,109473.0,17426.0,720,DONE,DONE,0.32521849998738617,4eeac9c3ded6682d42213ad22242ebe3dbe294faecbee7a33a6543a1f1f783ed,0,0
top100,baseline:16690867:115322139:0,baseline,叫啥,83,195613866,0,win,94404.0,78261.0,16143.0,720,DONE,DONE,0.3375414999900386,4eeac9c3ded6682d42213ad22242ebe3dbe294faecbee7a33a6543a1f1f783ed,0,0
top100,candidate:16645703:115325993:0,candidate,madmax0404,81,81668209,0,win,147816.0,113194.0,34622.0,720,DONE,DONE,0.743882200011285,bbffbe65dee6e0dc4dd0147fec897df74e16760b76ec7d2a2b38f636bc90555f,139,11769
top100,baseline:16690867:115322139:1,baseline,叫啥,83,195613866,1,win,94404.0,78261.0,16143.0,720,DONE,DONE,0.3315954999998212,4eeac9c3ded6682d42213ad22242ebe3dbe294faecbee7a33a6543a1f1f783ed,0,0
top100,candidate:16714457:115323686:0,candidate,Crop Dustas,82,952289473,0,win,126980.0,109411.0,17569.0,720,DONE,DONE,0.9249110000091605,bbffbe65dee6e0dc4dd0147fec897df74e16760b76ec7d2a2b38f636bc90555f,82,8945
top100,candidate:16645703:115325993:1,candidate,madmax0404,81,81668209,1,win,147816.0,113194.0,34622.0,720,DONE,DONE,0.7675444000051357,bbffbe65dee6e0dc4dd0147fec897df74e16760b76ec7d2a2b38f636bc90555f,139,11769
top100,candidate:16714457:115323686:1,candidate,Crop Dustas,82,952289473,1,win,126980.0,109411.0,17569.0,720,DONE,DONE,0.9716685999883339,bbffbe65dee6e0dc4dd0147fec897df74e16760b76ec7d2a2b38f636bc90555f,82,8945
top100,baseline:16779451:115326356:0,baseline,kibuna,84,311873662,0,loss,136083.0,136512.0,-429.0,720,DONE,DONE,0.34069610000005923,4eeac9c3ded6682d42213ad22242ebe3dbe294faecbee7a33a6543a1f1f783ed,0,0
top100,baseline:16779451:115326356:1,baseline,kibuna,84,311873662,1,loss,136083.0,136512.0,-429.0,720,DONE,DONE,0.35845850000623614,4eeac9c3ded6682d42213ad22242ebe3dbe294faecbee7a33a6543a1f1f783ed,0,0
top100,baseline:16623466:115327032:0,baseline,len8487,85,1230045450,0,win,118609.0,113059.0,5550.0,720,DONE,DONE,0.2857844000100158,4eeac9c3ded6682d42213ad22242ebe3dbe294faecbee7a33a6543a1f1f783ed,0,0
top100,candidate:16690867:115322139:0,candidate,叫啥,83,195613866,0,win,94452.0,78227.0,16225.0,720,DONE,DONE,0.7236386000004131,bbffbe65dee6e0dc4dd0147fec897df74e16760b76ec7d2a2b38f636bc90555f,134,13148
top100,baseline:16623466:115327032:1,baseline,len8487,85,1230045450,1,win,118609.0,113059.0,5550.0,720,DONE,DONE,0.29055439998046495,4eeac9c3ded6682d42213ad22242ebe3dbe294faecbee7a33a6543a1f1f783ed,0,0
top100,candidate:16690867:115322139:1,candidate,叫啥,83,195613866,1,win,94452.0,78227.0,16225.0,720,DONE,DONE,0.6868581999733578,bbffbe65dee6e0dc4dd0147fec897df74e16760b76ec7d2a2b38f636bc90555f,134,13148
top100,candidate:16779451:115326356:0,candidate,kibuna,84,311873662,0,loss,136110.0,136488.0,-378.0,720,DONE,DONE,0.8058724000002258,bbffbe65dee6e0dc4dd0147fec897df74e16760b76ec7d2a2b38f636bc90555f,104,10444
top100,baseline:16671376:115320459:0,baseline,Lebxgue.,86,1139171090,0,win,132398.0,125906.0,6492.0,720,DONE,DONE,0.386491900018882,4eeac9c3ded6682d42213ad22242ebe3dbe294faecbee7a33a6543a1f1f783ed,0,0
top100,candidate:16779451:115326356:1,candidate,kibuna,84,311873662,1,loss,136110.0,136488.0,-378.0,720,DONE,DONE,0.72060380000039,bbffbe65dee6e0dc4dd0147fec897df74e16760b76ec7d2a2b38f636bc90555f,104,10444
top100,candidate:16623466:115327032:0,candidate,len8487,85,1230045450,0,win,118625.0,113048.0,5577.0,720,DONE,DONE,0.7874410999938846,bbffbe65dee6e0dc4dd0147fec897df74e16760b76ec7d2a2b38f636bc90555f,98,9013
top100,baseline:16671376:115320459:1,baseline,Lebxgue.,86,1139171090,1,win,132398.0,125906.0,6492.0,720,DONE,DONE,0.3353464000101667,4eeac9c3ded6682d42213ad22242ebe3dbe294faecbee7a33a6543a1f1f783ed,0,0
top100,baseline:16621590:115324709:0,baseline,Yaroslav,87,1727864923,0,win,95463.0,82073.0,13390.0,720,DONE,DONE,0.3420263000007253,4eeac9c3ded6682d42213ad22242ebe3dbe294faecbee7a33a6543a1f1f783ed,0,0
top100,candidate:16623466:115327032:1,candidate,len8487,85,1230045450,1,win,118625.0,113048.0,5577.0,720,DONE,DONE,0.850926300015999,bbffbe65dee6e0dc4dd0147fec897df74e16760b76ec7d2a2b38f636bc90555f,98,9013
top100,baseline:16621590:115324709:1,baseline,Yaroslav,87,1727864923,1,win,95463.0,82073.0,13390.0,720,DONE,DONE,0.3354598000005353,4eeac9c3ded6682d42213ad22242ebe3dbe294faecbee7a33a6543a1f1f783ed,0,0
top100,baseline:16732879:115326031:0,baseline,daulettoibazar,88,1416097935,0,win,84565.0,82854.0,1711.0,720,DONE,DONE,0.2937284999934491,4eeac9c3ded6682d42213ad22242ebe3dbe294faecbee7a33a6543a1f1f783ed,0,0
top100,candidate:16671376:115320459:0,candidate,Lebxgue.,86,1139171090,0,win,132425.0,125877.0,6548.0,720,DONE,DONE,0.8122237999923527,bbffbe65dee6e0dc4dd0147fec897df74e16760b76ec7d2a2b38f636bc90555f,90,8653
top100,baseline:16732879:115326031:1,baseline,daulettoibazar,88,1416097935,1,win,84565.0,82854.0,1711.0,720,DONE,DONE,0.34128510000300594,4eeac9c3ded6682d42213ad22242ebe3dbe294faecbee7a33a6543a1f1f783ed,0,0
top100,candidate:16671376:115320459:1,candidate,Lebxgue.,86,1139171090,1,win,132425.0,125877.0,6548.0,720,DONE,DONE,0.7102688000013586,bbffbe65dee6e0dc4dd0147fec897df74e16760b76ec7d2a2b38f636bc90555f,90,8653
top100,baseline:16811307:115326343:0,baseline,elmo,89,1481973709,0,loss,118017.0,127371.0,-9354.0,720,DONE,DONE,0.2905412000254728,4eeac9c3ded6682d42213ad22242ebe3dbe294faecbee7a33a6543a1f1f783ed,0,0
top100,candidate:16621590:115324709:0,candidate,Yaroslav,87,1727864923,0,win,95439.0,82083.0,13356.0,720,DONE,DONE,0.7023868999967817,bbffbe65dee6e0dc4dd0147fec897df74e16760b76ec7d2a2b38f636bc90555f,98,10661
top100,candidate:16621590:115324709:1,candidate,Yaroslav,87,1727864923,1,win,95439.0,82083.0,13356.0,720,DONE,DONE,0.7531304000003729,bbffbe65dee6e0dc4dd0147fec897df74e16760b76ec7d2a2b38f636bc90555f,98,10661
top100,baseline:16811307:115326343:1,baseline,elmo,89,1481973709,1,loss,118017.0,127371.0,-9354.0,720,DONE,DONE,0.27178129999083467,4eeac9c3ded6682d42213ad22242ebe3dbe294faecbee7a33a6543a1f1f783ed,0,0
top100,baseline:16691451:115320743:0,baseline,Nakano,90,1700511965,0,win,133957.0,36974.0,96983.0,720,DONE,DONE,0.2747457000077702,4eeac9c3ded6682d42213ad22242ebe3dbe294faecbee7a33a6543a1f1f783ed,0,0
top100,candidate:16732879:115326031:0,candidate,daulettoibazar,88,1416097935,0,win,84569.0,82853.0,1716.0,720,DONE,DONE,0.697566699993331,bbffbe65dee6e0dc4dd0147fec897df74e16760b76ec7d2a2b38f636bc90555f,110,12266
top100,baseline:16691451:115320743:1,baseline,Nakano,90,1700511965,1,win,133957.0,36974.0,96983.0,720,DONE,DONE,0.25550270001986064,4eeac9c3ded6682d42213ad22242ebe3dbe294faecbee7a33a6543a1f1f783ed,0,0
top100,candidate:16732879:115326031:1,candidate,daulettoibazar,88,1416097935,1,win,84569.0,82853.0,1716.0,720,DONE,DONE,0.7107090999779757,bbffbe65dee6e0dc4dd0147fec897df74e16760b76ec7d2a2b38f636bc90555f,110,12266
top100,candidate:16811307:115326343:0,candidate,elmo,89,1481973709,0,loss,117998.0,127390.0,-9392.0,720,DONE,DONE,0.8524138999928255,bbffbe65dee6e0dc4dd0147fec897df74e16760b76ec7d2a2b38f636bc90555f,120,10137
top100,baseline:16690820:115324274:0,baseline,Alan C52,91,37740186,0,win,150862.0,76422.0,74440.0,720,DONE,DONE,0.39802560000680387,4eeac9c3ded6682d42213ad22242ebe3dbe294faecbee7a33a6543a1f1f783ed,0,0
top100,candidate:16691451:115320743:0,candidate,Nakano,90,1700511965,0,win,133958.0,36974.0,96984.0,720,DONE,DONE,0.8520361999981105,bbffbe65dee6e0dc4dd0147fec897df74e16760b76ec7d2a2b38f636bc90555f,97,9404
top100,baseline:16690820:115324274:1,baseline,Alan C52,91,37740186,1,win,150862.0,76422.0,74440.0,720,DONE,DONE,0.4667501999938395,4eeac9c3ded6682d42213ad22242ebe3dbe294faecbee7a33a6543a1f1f783ed,0,0
top100,candidate:16811307:115326343:1,candidate,elmo,89,1481973709,1,loss,117998.0,127390.0,-9392.0,720,DONE,DONE,0.6364419999881648,bbffbe65dee6e0dc4dd0147fec897df74e16760b76ec7d2a2b38f636bc90555f,120,10137
top100,candidate:16691451:115320743:1,candidate,Nakano,90,1700511965,1,win,133958.0,36974.0,96984.0,720,DONE,DONE,0.6662218999990728,bbffbe65dee6e0dc4dd0147fec897df74e16760b76ec7d2a2b38f636bc90555f,97,9404
top100,baseline:16796574:115325993:0,baseline,cununn,92,81668209,0,win,196818.0,7287.0,189531.0,720,DONE,DONE,0.32833519999985583,4eeac9c3ded6682d42213ad22242ebe3dbe294faecbee7a33a6543a1f1f783ed,0,0
top100,baseline:16796574:115325993:1,baseline,cununn,92,81668209,1,win,196818.0,7287.0,189531.0,720,DONE,DONE,0.2928509000048507,4eeac9c3ded6682d42213ad22242ebe3dbe294faecbee7a33a6543a1f1f783ed,0,0
top100,baseline:16630825:115322230:0,baseline,Black Mamba Farm,93,350698879,0,win,181090.0,0.0,181090.0,720,DONE,DONE,0.30659980000928044,4eeac9c3ded6682d42213ad22242ebe3dbe294faecbee7a33a6543a1f1f783ed,0,0
top100,candidate:16690820:115324274:0,candidate,Alan C52,91,37740186,0,win,150871.0,76422.0,74449.0,720,DONE,DONE,1.1061679999984335,bbffbe65dee6e0dc4dd0147fec897df74e16760b76ec7d2a2b38f636bc90555f,94,9353
top100,candidate:16690820:115324274:1,candidate,Alan C52,91,37740186,1,win,150871.0,76422.0,74449.0,720,DONE,DONE,0.8288334000098985,bbffbe65dee6e0dc4dd0147fec897df74e16760b76ec7d2a2b38f636bc90555f,94,9353
top100,baseline:16630825:115322230:1,baseline,Black Mamba Farm,93,350698879,1,win,181090.0,0.0,181090.0,720,DONE,DONE,0.32861649998812936,4eeac9c3ded6682d42213ad22242ebe3dbe294faecbee7a33a6543a1f1f783ed,0,0
top100,candidate:16796574:115325993:0,candidate,cununn,92,81668209,0,win,196811.0,7363.0,189448.0,720,DONE,DONE,0.6207168000109959,bbffbe65dee6e0dc4dd0147fec897df74e16760b76ec7d2a2b38f636bc90555f,102,9849
top100,baseline:16672709:115325060:0,baseline,RS Turley,94,1310951805,0,win,132481.0,117985.0,14496.0,720,DONE,DONE,0.3134087999933399,4eeac9c3ded6682d42213ad22242ebe3dbe294faecbee7a33a6543a1f1f783ed,0,0
top100,candidate:16796574:115325993:1,candidate,cununn,92,81668209,1,win,196811.0,7363.0,189448.0,720,DONE,DONE,0.607263400015654,bbffbe65dee6e0dc4dd0147fec897df74e16760b76ec7d2a2b38f636bc90555f,102,9849
top100,baseline:16672709:115325060:1,baseline,RS Turley,94,1310951805,1,win,132481.0,117985.0,14496.0,720,DONE,DONE,0.4276745000097435,4eeac9c3ded6682d42213ad22242ebe3dbe294faecbee7a33a6543a1f1f783ed,0,0
top100,candidate:16630825:115322230:0,candidate,Black Mamba Farm,93,350698879,0,win,181090.0,0.0,181090.0,720,DONE,DONE,0.6519115999981295,bbffbe65dee6e0dc4dd0147fec897df74e16760b76ec7d2a2b38f636bc90555f,116,12010
top100,baseline:16671741:115324175:0,baseline,Excluding,95,991968003,0,loss,117125.0,131267.0,-14142.0,720,DONE,DONE,0.34626300001400523,4eeac9c3ded6682d42213ad22242ebe3dbe294faecbee7a33a6543a1f1f783ed,0,0
top100,baseline:16671741:115324175:1,baseline,Excluding,95,991968003,1,loss,117125.0,131267.0,-14142.0,720,DONE,DONE,0.30234210001071915,4eeac9c3ded6682d42213ad22242ebe3dbe294faecbee7a33a6543a1f1f783ed,0,0
top100,candidate:16630825:115322230:1,candidate,Black Mamba Farm,93,350698879,1,win,181090.0,0.0,181090.0,720,DONE,DONE,0.6497530000051484,bbffbe65dee6e0dc4dd0147fec897df74e16760b76ec7d2a2b38f636bc90555f,116,12010
top100,baseline:16784691:115326882:0,baseline,ready or not here i come,96,788569966,0,loss,78072.0,81985.0,-3913.0,720,DONE,DONE,0.4063319999841042,4eeac9c3ded6682d42213ad22242ebe3dbe294faecbee7a33a6543a1f1f783ed,0,0
top100,candidate:16672709:115325060:0,candidate,RS Turley,94,1310951805,0,win,155213.0,120522.0,34691.0,720,DONE,DONE,0.7116137999983039,bbffbe65dee6e0dc4dd0147fec897df74e16760b76ec7d2a2b38f636bc90555f,105,9416
top100,candidate:16672709:115325060:1,candidate,RS Turley,94,1310951805,1,win,155213.0,120522.0,34691.0,720,DONE,DONE,0.5883449999964796,bbffbe65dee6e0dc4dd0147fec897df74e16760b76ec7d2a2b38f636bc90555f,105,9416
top100,baseline:16784691:115326882:1,baseline,ready or not here i come,96,788569966,1,loss,78072.0,81985.0,-3913.0,720,DONE,DONE,0.40961989999050274,4eeac9c3ded6682d42213ad22242ebe3dbe294faecbee7a33a6543a1f1f783ed,0,0
top100,candidate:16671741:115324175:0,candidate,Excluding,95,991968003,0,loss,117018.0,131398.0,-14380.0,720,DONE,DONE,0.6953288000077009,bbffbe65dee6e0dc4dd0147fec897df74e16760b76ec7d2a2b38f636bc90555f,89,10505
top100,baseline:16805699:115323685:0,baseline,feel the agi,97,1512046450,0,loss,82269.0,98613.0,-16344.0,720,DONE,DONE,0.33764259997406043,4eeac9c3ded6682d42213ad22242ebe3dbe294faecbee7a33a6543a1f1f783ed,0,0
top100,baseline:16805699:115323685:1,baseline,feel the agi,97,1512046450,1,loss,82269.0,98613.0,-16344.0,720,DONE,DONE,0.3392133000015747,4eeac9c3ded6682d42213ad22242ebe3dbe294faecbee7a33a6543a1f1f783ed,0,0
top100,candidate:16671741:115324175:1,candidate,Excluding,95,991968003,1,loss,117018.0,131398.0,-14380.0,720,DONE,DONE,0.7206246000132523,bbffbe65dee6e0dc4dd0147fec897df74e16760b76ec7d2a2b38f636bc90555f,89,10505
top100,baseline:16688294:115324999:0,baseline,high frequency farming,98,975370044,0,win,131532.0,62828.0,68704.0,720,DONE,DONE,0.2615176999825053,4eeac9c3ded6682d42213ad22242ebe3dbe294faecbee7a33a6543a1f1f783ed,0,0
top100,candidate:16784691:115326882:0,candidate,ready or not here i come,96,788569966,0,loss,78030.0,82032.0,-4002.0,720,DONE,DONE,0.8041915000067092,bbffbe65dee6e0dc4dd0147fec897df74e16760b76ec7d2a2b38f636bc90555f,138,11738
top100,baseline:16688294:115324999:1,baseline,high frequency farming,98,975370044,1,win,132554.0,62656.0,69898.0,720,DONE,DONE,0.281580800015945,4eeac9c3ded6682d42213ad22242ebe3dbe294faecbee7a33a6543a1f1f783ed,0,0
top100,candidate:16784691:115326882:1,candidate,ready or not here i come,96,788569966,1,loss,78030.0,82032.0,-4002.0,720,DONE,DONE,0.7953728000284173,bbffbe65dee6e0dc4dd0147fec897df74e16760b76ec7d2a2b38f636bc90555f,138,11738
top100,candidate:16688294:115324999:0,candidate,high frequency farming,98,975370044,0,win,131532.0,62829.0,68703.0,720,DONE,DONE,0.6637066999974195,bbffbe65dee6e0dc4dd0147fec897df74e16760b76ec7d2a2b38f636bc90555f,89,7200
top100,baseline:16752196:115325821:0,baseline,sekai013,99,1093027994,0,win,198236.0,25842.0,172394.0,720,DONE,DONE,0.21739009997691028,4eeac9c3ded6682d42213ad22242ebe3dbe294faecbee7a33a6543a1f1f783ed,0,0
top100,baseline:16752196:115325821:1,baseline,sekai013,99,1093027994,1,win,198236.0,25842.0,172394.0,720,DONE,DONE,0.22673510000458919,4eeac9c3ded6682d42213ad22242ebe3dbe294faecbee7a33a6543a1f1f783ed,0,0
top100,candidate:16688294:115324999:1,candidate,high frequency farming,98,975370044,1,win,132554.0,62659.0,69895.0,720,DONE,DONE,0.6569976000173483,bbffbe65dee6e0dc4dd0147fec897df74e16760b76ec7d2a2b38f636bc90555f,82,7171
top100,candidate:16805699:115323685:0,candidate,feel the agi,97,1512046450,0,loss,82257.0,98601.0,-16344.0,720,DONE,DONE,0.6457336000166833,bbffbe65dee6e0dc4dd0147fec897df74e16760b76ec7d2a2b38f636bc90555f,140,12926
top100,baseline:16944414:115325688:0,baseline,Aguacates,100,557311631,0,loss,137833.0,146032.0,-8199.0,720,DONE,DONE,0.30655700000352226,4eeac9c3ded6682d42213ad22242ebe3dbe294faecbee7a33a6543a1f1f783ed,0,0
top100,candidate:16752196:115325821:0,candidate,sekai013,99,1093027994,0,win,198219.0,25857.0,172362.0,720,DONE,DONE,0.6268936999840662,bbffbe65dee6e0dc4dd0147fec897df74e16760b76ec7d2a2b38f636bc90555f,58,6498
top100,candidate:16805699:115323685:1,candidate,feel the agi,97,1512046450,1,loss,82257.0,98601.0,-16344.0,720,DONE,DONE,0.7077828999899793,bbffbe65dee6e0dc4dd0147fec897df74e16760b76ec7d2a2b38f636bc90555f,140,12926
top100,baseline:16944414:115325688:1,baseline,Aguacates,100,557311631,1,loss,137833.0,146032.0,-8199.0,720,DONE,DONE,0.28029190000961535,4eeac9c3ded6682d42213ad22242ebe3dbe294faecbee7a33a6543a1f1f783ed,0,0
top100,candidate:16752196:115325821:1,candidate,sekai013,99,1093027994,1,win,198219.0,25857.0,172362.0,720,DONE,DONE,0.5636992999934591,bbffbe65dee6e0dc4dd0147fec897df74e16760b76ec7d2a2b38f636bc90555f,58,6498
top100,candidate:16944414:115325688:0,candidate,Aguacates,100,557311631,0,loss,137847.0,146021.0,-8174.0,720,DONE,DONE,0.8147887000232004,bbffbe65dee6e0dc4dd0147fec897df74e16760b76ec7d2a2b38f636bc90555f,106,10330
top100,candidate:16944414:115325688:1,candidate,Aguacates,100,557311631,1,loss,137847.0,146021.0,-8174.0,720,DONE,DONE,0.6575632000167388,bbffbe65dee6e0dc4dd0147fec897df74e16760b76ec7d2a2b38f636bc90555f,106,10330
confirm,baseline:33000101:cb76:0,baseline,cb76,,33000101,0,draw,119169.0,119169.0,0.0,720,DONE,DONE,0.7100715999840759,4eeac9c3ded6682d42213ad22242ebe3dbe294faecbee7a33a6543a1f1f783ed,0,0
confirm,baseline:33000101:4ee:1,baseline,4ee,,33000101,1,draw,119169.0,119169.0,0.0,720,DONE,DONE,0.6523725000151899,4eeac9c3ded6682d42213ad22242ebe3dbe294faecbee7a33a6543a1f1f783ed,0,0
confirm,baseline:33000101:4ee:0,baseline,4ee,,33000101,0,draw,119169.0,119169.0,0.0,720,DONE,DONE,0.80386549999821,4eeac9c3ded6682d42213ad22242ebe3dbe294faecbee7a33a6543a1f1f783ed,0,0
confirm,baseline:33000101:cb76:1,baseline,cb76,,33000101,1,draw,119169.0,119169.0,0.0,720,DONE,DONE,0.714660500001628,4eeac9c3ded6682d42213ad22242ebe3dbe294faecbee7a33a6543a1f1f783ed,0,0
confirm,baseline:33000101:v35:0,baseline,v35,,33000101,0,win,108092.0,96797.0,11295.0,720,DONE,DONE,0.6119285000022501,4eeac9c3ded6682d42213ad22242ebe3dbe294faecbee7a33a6543a1f1f783ed,0,0
confirm,candidate:33000101:4ee:1,candidate,4ee,,33000101,1,win,138265.0,67786.0,70479.0,720,DONE,DONE,1.4390712000022177,bbffbe65dee6e0dc4dd0147fec897df74e16760b76ec7d2a2b38f636bc90555f,106,12153
confirm,candidate:33000101:4ee:0,candidate,4ee,,33000101,0,win,138265.0,67786.0,70479.0,720,DONE,DONE,1.5126400000008289,bbffbe65dee6e0dc4dd0147fec897df74e16760b76ec7d2a2b38f636bc90555f,106,12153
confirm,candidate:33000101:cb76:0,candidate,cb76,,33000101,0,win,96810.0,94430.0,2380.0,720,DONE,DONE,1.4583952000248246,bbffbe65dee6e0dc4dd0147fec897df74e16760b76ec7d2a2b38f636bc90555f,118,12189
confirm,baseline:33000101:v35:1,baseline,v35,,33000101,1,win,108092.0,96797.0,11295.0,720,DONE,DONE,0.6135419000056572,4eeac9c3ded6682d42213ad22242ebe3dbe294faecbee7a33a6543a1f1f783ed,0,0
confirm,candidate:33000101:v35:0,candidate,v35,,33000101,0,win,108065.0,96815.0,11250.0,720,DONE,DONE,2.088524300022982,bbffbe65dee6e0dc4dd0147fec897df74e16760b76ec7d2a2b38f636bc90555f,118,11997
confirm,baseline:33000101:c95:0,baseline,c95,,33000101,0,win,94175.0,78986.0,15189.0,720,DONE,DONE,0.9243758000084199,4eeac9c3ded6682d42213ad22242ebe3dbe294faecbee7a33a6543a1f1f783ed,0,0
confirm,candidate:33000101:cb76:1,candidate,cb76,,33000101,1,win,96810.0,94430.0,2380.0,720,DONE,DONE,2.080150900001172,bbffbe65dee6e0dc4dd0147fec897df74e16760b76ec7d2a2b38f636bc90555f,118,12189
confirm,baseline:33000101:c95:1,baseline,c95,,33000101,1,win,94175.0,78986.0,15189.0,720,DONE,DONE,0.9537051999941468,4eeac9c3ded6682d42213ad22242ebe3dbe294faecbee7a33a6543a1f1f783ed,0,0
confirm,baseline:33000102:4ee:0,baseline,4ee,,33000102,0,draw,110525.0,110525.0,0.0,720,DONE,DONE,0.7907137000001967,4eeac9c3ded6682d42213ad22242ebe3dbe294faecbee7a33a6543a1f1f783ed,0,0
confirm,candidate:33000101:c95:0,candidate,c95,,33000101,0,win,94173.0,78988.0,15185.0,720,DONE,DONE,3.645547099993564,bbffbe65dee6e0dc4dd0147fec897df74e16760b76ec7d2a2b38f636bc90555f,98,9081
confirm,candidate:33000101:v35:1,candidate,v35,,33000101,1,win,108065.0,96815.0,11250.0,720,DONE,DONE,1.4461285000143107,bbffbe65dee6e0dc4dd0147fec897df74e16760b76ec7d2a2b38f636bc90555f,118,11997
confirm,candidate:33000101:c95:1,candidate,c95,,33000101,1,win,94173.0,78988.0,15185.0,720,DONE,DONE,2.611506699991878,bbffbe65dee6e0dc4dd0147fec897df74e16760b76ec7d2a2b38f636bc90555f,98,9081
confirm,baseline:33000102:4ee:1,baseline,4ee,,33000102,1,draw,110525.0,110525.0,0.0,720,DONE,DONE,0.7391922000097111,4eeac9c3ded6682d42213ad22242ebe3dbe294faecbee7a33a6543a1f1f783ed,0,0
confirm,baseline:33000102:cb76:0,baseline,cb76,,33000102,0,draw,110525.0,110525.0,0.0,720,DONE,DONE,0.7214129000203684,4eeac9c3ded6682d42213ad22242ebe3dbe294faecbee7a33a6543a1f1f783ed,0,0
confirm,candidate:33000102:4ee:0,candidate,4ee,,33000102,0,win,112266.0,108366.0,3900.0,720,DONE,DONE,1.8893462999840267,bbffbe65dee6e0dc4dd0147fec897df74e16760b76ec7d2a2b38f636bc90555f,119,9895
confirm,baseline:33000102:cb76:1,baseline,cb76,,33000102,1,draw,110525.0,110525.0,0.0,720,DONE,DONE,0.8186158000025898,4eeac9c3ded6682d42213ad22242ebe3dbe294faecbee7a33a6543a1f1f783ed,0,0
confirm,baseline:33000102:v35:0,baseline,v35,,33000102,0,win,117308.0,97747.0,19561.0,720,DONE,DONE,1.703807499987306,4eeac9c3ded6682d42213ad22242ebe3dbe294faecbee7a33a6543a1f1f783ed,0,0
confirm,candidate:33000102:4ee:1,candidate,4ee,,33000102,1,win,112266.0,108366.0,3900.0,720,DONE,DONE,1.825887299986789,bbffbe65dee6e0dc4dd0147fec897df74e16760b76ec7d2a2b38f636bc90555f,119,9895
confirm,baseline:33000102:v35:1,baseline,v35,,33000102,1,win,117308.0,97747.0,19561.0,720,DONE,DONE,0.6035139999876264,4eeac9c3ded6682d42213ad22242ebe3dbe294faecbee7a33a6543a1f1f783ed,0,0
confirm,candidate:33000102:cb76:0,candidate,cb76,,33000102,0,win,112266.0,108366.0,3900.0,720,DONE,DONE,1.8043713000079151,bbffbe65dee6e0dc4dd0147fec897df74e16760b76ec7d2a2b38f636bc90555f,119,9895
confirm,baseline:33000102:c95:0,baseline,c95,,33000102,0,win,127862.0,73379.0,54483.0,720,DONE,DONE,0.5460263999993913,4eeac9c3ded6682d42213ad22242ebe3dbe294faecbee7a33a6543a1f1f783ed,0,0
confirm,candidate:33000102:cb76:1,candidate,cb76,,33000102,1,win,112266.0,108366.0,3900.0,720,DONE,DONE,1.4635820999974385,bbffbe65dee6e0dc4dd0147fec897df74e16760b76ec7d2a2b38f636bc90555f,119,9895
confirm,baseline:33000102:c95:1,baseline,c95,,33000102,1,win,127862.0,73379.0,54483.0,720,DONE,DONE,0.7234445000067353,4eeac9c3ded6682d42213ad22242ebe3dbe294faecbee7a33a6543a1f1f783ed,0,0
confirm,candidate:33000102:v35:0,candidate,v35,,33000102,0,win,117301.0,97757.0,19544.0,720,DONE,DONE,2.43580980002298,bbffbe65dee6e0dc4dd0147fec897df74e16760b76ec7d2a2b38f636bc90555f,103,9826
confirm,candidate:33000102:v35:1,candidate,v35,,33000102,1,win,117301.0,97757.0,19544.0,720,DONE,DONE,2.4619843999971636,bbffbe65dee6e0dc4dd0147fec897df74e16760b76ec7d2a2b38f636bc90555f,103,9826
confirm,baseline:33000103:4ee:0,baseline,4ee,,33000103,0,draw,85579.0,85579.0,0.0,720,DONE,DONE,0.7935290999885183,4eeac9c3ded6682d42213ad22242ebe3dbe294faecbee7a33a6543a1f1f783ed,0,0
confirm,candidate:33000102:c95:0,candidate,c95,,33000102,0,win,127881.0,73356.0,54525.0,720,DONE,DONE,1.7414970999816433,bbffbe65dee6e0dc4dd0147fec897df74e16760b76ec7d2a2b38f636bc90555f,90,8667
confirm,baseline:33000103:4ee:1,baseline,4ee,,33000103,1,draw,85579.0,85579.0,0.0,720,DONE,DONE,0.5195823000103701,4eeac9c3ded6682d42213ad22242ebe3dbe294faecbee7a33a6543a1f1f783ed,0,0
confirm,baseline:33000103:cb76:0,baseline,cb76,,33000103,0,draw,85579.0,85579.0,0.0,720,DONE,DONE,0.42201479998766445,4eeac9c3ded6682d42213ad22242ebe3dbe294faecbee7a33a6543a1f1f783ed,0,0
confirm,candidate:33000102:c95:1,candidate,c95,,33000102,1,win,127881.0,73356.0,54525.0,720,DONE,DONE,2.585747100005392,bbffbe65dee6e0dc4dd0147fec897df74e16760b76ec7d2a2b38f636bc90555f,90,8667
confirm,baseline:33000103:cb76:1,baseline,cb76,,33000103,1,draw,85579.0,85579.0,0.0,720,DONE,DONE,0.8952817999816034,4eeac9c3ded6682d42213ad22242ebe3dbe294faecbee7a33a6543a1f1f783ed,0,0
confirm,candidate:33000103:4ee:0,candidate,4ee,,33000103,0,win,86527.0,84434.0,2093.0,720,DONE,DONE,2.2744249000097625,bbffbe65dee6e0dc4dd0147fec897df74e16760b76ec7d2a2b38f636bc90555f,99,9201
confirm,candidate:33000103:4ee:1,candidate,4ee,,33000103,1,win,86527.0,84434.0,2093.0,720,DONE,DONE,1.6848754000093322,bbffbe65dee6e0dc4dd0147fec897df74e16760b76ec7d2a2b38f636bc90555f,99,9201
confirm,baseline:33000103:v35:0,baseline,v35,,33000103,0,win,77508.0,53616.0,23892.0,720,DONE,DONE,2.1125043999927584,4eeac9c3ded6682d42213ad22242ebe3dbe294faecbee7a33a6543a1f1f783ed,0,0
confirm,baseline:33000103:v35:1,baseline,v35,,33000103,1,win,77508.0,53616.0,23892.0,720,DONE,DONE,0.7102747999888379,4eeac9c3ded6682d42213ad22242ebe3dbe294faecbee7a33a6543a1f1f783ed,0,0
confirm,candidate:33000103:cb76:0,candidate,cb76,,33000103,0,win,86527.0,84434.0,2093.0,720,DONE,DONE,2.0211364999995567,bbffbe65dee6e0dc4dd0147fec897df74e16760b76ec7d2a2b38f636bc90555f,99,9201
confirm,baseline:33000103:c95:0,baseline,c95,,33000103,0,win,96550.0,75635.0,20915.0,720,DONE,DONE,0.7077161000052001,4eeac9c3ded6682d42213ad22242ebe3dbe294faecbee7a33a6543a1f1f783ed,0,0
confirm,candidate:33000103:v35:0,candidate,v35,,33000103,0,win,77510.0,53607.0,23903.0,720,DONE,DONE,1.7724217000068165,bbffbe65dee6e0dc4dd0147fec897df74e16760b76ec7d2a2b38f636bc90555f,94,9320
confirm,baseline:33000103:c95:1,baseline,c95,,33000103,1,win,96550.0,75635.0,20915.0,720,DONE,DONE,0.3783316000190098,4eeac9c3ded6682d42213ad22242ebe3dbe294faecbee7a33a6543a1f1f783ed,0,0
confirm,candidate:33000103:cb76:1,candidate,cb76,,33000103,1,win,86527.0,84434.0,2093.0,720,DONE,DONE,1.6096173000114504,bbffbe65dee6e0dc4dd0147fec897df74e16760b76ec7d2a2b38f636bc90555f,99,9201
confirm,candidate:33000103:c95:0,candidate,c95,,33000103,0,win,96549.0,75637.0,20912.0,720,DONE,DONE,0.8702675999957137,bbffbe65dee6e0dc4dd0147fec897df74e16760b76ec7d2a2b38f636bc90555f,72,7330
confirm,baseline:33000104:4ee:0,baseline,4ee,,33000104,0,draw,80392.0,80392.0,0.0,720,DONE,DONE,0.5048125000030268,4eeac9c3ded6682d42213ad22242ebe3dbe294faecbee7a33a6543a1f1f783ed,0,0
confirm,candidate:33000103:v35:1,candidate,v35,,33000103,1,win,77510.0,53607.0,23903.0,720,DONE,DONE,2.700614500005031,bbffbe65dee6e0dc4dd0147fec897df74e16760b76ec7d2a2b38f636bc90555f,94,9320
confirm,candidate:33000103:c95:1,candidate,c95,,33000103,1,win,96549.0,75637.0,20912.0,720,DONE,DONE,0.8438021999900229,bbffbe65dee6e0dc4dd0147fec897df74e16760b76ec7d2a2b38f636bc90555f,72,7330
confirm,baseline:33000104:4ee:1,baseline,4ee,,33000104,1,draw,80392.0,80392.0,0.0,720,DONE,DONE,0.5645921000104863,4eeac9c3ded6682d42213ad22242ebe3dbe294faecbee7a33a6543a1f1f783ed,0,0
confirm,baseline:33000104:cb76:0,baseline,cb76,,33000104,0,draw,80392.0,80392.0,0.0,720,DONE,DONE,1.3946990999975242,4eeac9c3ded6682d42213ad22242ebe3dbe294faecbee7a33a6543a1f1f783ed,0,0
confirm,baseline:33000104:cb76:1,baseline,cb76,,33000104,1,draw,80392.0,80392.0,0.0,720,DONE,DONE,0.5449276999861468,4eeac9c3ded6682d42213ad22242ebe3dbe294faecbee7a33a6543a1f1f783ed,0,0
confirm,candidate:33000104:4ee:0,candidate,4ee,,33000104,0,win,81574.0,78841.0,2733.0,720,DONE,DONE,1.5503874999994878,bbffbe65dee6e0dc4dd0147fec897df74e16760b76ec7d2a2b38f636bc90555f,113,9889
confirm,baseline:33000104:v35:0,baseline,v35,,33000104,0,win,76952.0,57109.0,19843.0,720,DONE,DONE,0.42549809999763966,4eeac9c3ded6682d42213ad22242ebe3dbe294faecbee7a33a6543a1f1f783ed,0,0
confirm,candidate:33000104:4ee:1,candidate,4ee,,33000104,1,win,81574.0,78841.0,2733.0,720,DONE,DONE,1.2874873999971896,bbffbe65dee6e0dc4dd0147fec897df74e16760b76ec7d2a2b38f636bc90555f,113,9889
confirm,baseline:33000104:v35:1,baseline,v35,,33000104,1,win,76952.0,57109.0,19843.0,720,DONE,DONE,0.7924813000136055,4eeac9c3ded6682d42213ad22242ebe3dbe294faecbee7a33a6543a1f1f783ed,0,0
confirm,candidate:33000104:cb76:0,candidate,cb76,,33000104,0,win,81574.0,78841.0,2733.0,720,DONE,DONE,1.9823847000079695,bbffbe65dee6e0dc4dd0147fec897df74e16760b76ec7d2a2b38f636bc90555f,113,9889
confirm,baseline:33000104:c95:0,baseline,c95,,33000104,0,win,153041.0,94931.0,58110.0,720,DONE,DONE,0.80814979999559,4eeac9c3ded6682d42213ad22242ebe3dbe294faecbee7a33a6543a1f1f783ed,0,0
confirm,candidate:33000104:cb76:1,candidate,cb76,,33000104,1,win,81574.0,78841.0,2733.0,720,DONE,DONE,1.514364700007718,bbffbe65dee6e0dc4dd0147fec897df74e16760b76ec7d2a2b38f636bc90555f,113,9889
confirm,baseline:33000104:c95:1,baseline,c95,,33000104,1,win,153041.0,94931.0,58110.0,720,DONE,DONE,0.8226577999885194,4eeac9c3ded6682d42213ad22242ebe3dbe294faecbee7a33a6543a1f1f783ed,0,0
confirm,candidate:33000104:v35:0,candidate,v35,,33000104,0,win,76946.0,57124.0,19822.0,720,DONE,DONE,1.587042900006054,bbffbe65dee6e0dc4dd0147fec897df74e16760b76ec7d2a2b38f636bc90555f,108,10207
confirm,baseline:33000105:4ee:0,baseline,4ee,,33000105,0,draw,82201.0,82201.0,0.0,720,DONE,DONE,0.5765991999942344,4eeac9c3ded6682d42213ad22242ebe3dbe294faecbee7a33a6543a1f1f783ed,0,0
confirm,candidate:33000104:c95:0,candidate,c95,,33000104,0,win,153034.0,94944.0,58090.0,720,DONE,DONE,1.7429494999814779,bbffbe65dee6e0dc4dd0147fec897df74e16760b76ec7d2a2b38f636bc90555f,115,9941
confirm,candidate:33000104:v35:1,candidate,v35,,33000104,1,win,76946.0,57124.0,19822.0,720,DONE,DONE,1.7368498999858275,bbffbe65dee6e0dc4dd0147fec897df74e16760b76ec7d2a2b38f636bc90555f,108,10207
confirm,baseline:33000105:4ee:1,baseline,4ee,,33000105,1,draw,82201.0,82201.0,0.0,720,DONE,DONE,0.6151175000122748,4eeac9c3ded6682d42213ad22242ebe3dbe294faecbee7a33a6543a1f1f783ed,0,0
confirm,baseline:33000105:cb76:0,baseline,cb76,,33000105,0,draw,82201.0,82201.0,0.0,720,DONE,DONE,1.367635300004622,4eeac9c3ded6682d42213ad22242ebe3dbe294faecbee7a33a6543a1f1f783ed,0,0
confirm,candidate:33000104:c95:1,candidate,c95,,33000104,1,win,153034.0,94944.0,58090.0,720,DONE,DONE,1.7855051000078674,bbffbe65dee6e0dc4dd0147fec897df74e16760b76ec7d2a2b38f636bc90555f,115,9941
confirm,candidate:33000105:4ee:0,candidate,4ee,,33000105,0,win,83439.0,80583.0,2856.0,720,DONE,DONE,2.49811139999656,bbffbe65dee6e0dc4dd0147fec897df74e16760b76ec7d2a2b38f636bc90555f,93,9803
confirm,baseline:33000105:cb76:1,baseline,cb76,,33000105,1,draw,82201.0,82201.0,0.0,720,DONE,DONE,0.6731204999960028,4eeac9c3ded6682d42213ad22242ebe3dbe294faecbee7a33a6543a1f1f783ed,0,0
confirm,candidate:33000105:4ee:1,candidate,4ee,,33000105,1,win,83439.0,80583.0,2856.0,720,DONE,DONE,2.0647827000066172,bbffbe65dee6e0dc4dd0147fec897df74e16760b76ec7d2a2b38f636bc90555f,93,9803
confirm,baseline:33000105:v35:0,baseline,v35,,33000105,0,win,87069.0,75845.0,11224.0,720,DONE,DONE,0.5965247999993153,4eeac9c3ded6682d42213ad22242ebe3dbe294faecbee7a33a6543a1f1f783ed,0,0
confirm,baseline:33000105:v35:1,baseline,v35,,33000105,1,win,87069.0,75845.0,11224.0,720,DONE,DONE,0.6985821000125725,4eeac9c3ded6682d42213ad22242ebe3dbe294faecbee7a33a6543a1f1f783ed,0,0
confirm,baseline:33000105:c95:0,baseline,c95,,33000105,0,win,154161.0,108188.0,45973.0,720,DONE,DONE,1.2792834999854676,4eeac9c3ded6682d42213ad22242ebe3dbe294faecbee7a33a6543a1f1f783ed,0,0
confirm,candidate:33000105:cb76:0,candidate,cb76,,33000105,0,win,83439.0,80583.0,2856.0,720,DONE,DONE,1.9721160999906715,bbffbe65dee6e0dc4dd0147fec897df74e16760b76ec7d2a2b38f636bc90555f,93,9803
confirm,baseline:33000105:c95:1,baseline,c95,,33000105,1,win,154161.0,108188.0,45973.0,720,DONE,DONE,1.8990659000119194,4eeac9c3ded6682d42213ad22242ebe3dbe294faecbee7a33a6543a1f1f783ed,0,0
confirm,candidate:33000105:cb76:1,candidate,cb76,,33000105,1,win,83439.0,80583.0,2856.0,720,DONE,DONE,1.4599114999873564,bbffbe65dee6e0dc4dd0147fec897df74e16760b76ec7d2a2b38f636bc90555f,93,9803
confirm,candidate:33000105:v35:0,candidate,v35,,33000105,0,win,87172.0,75745.0,11427.0,720,DONE,DONE,1.6284279999963474,bbffbe65dee6e0dc4dd0147fec897df74e16760b76ec7d2a2b38f636bc90555f,95,9715
confirm,candidate:33000105:v35:1,candidate,v35,,33000105,1,win,87172.0,75745.0,11427.0,720,DONE,DONE,2.256824400014011,bbffbe65dee6e0dc4dd0147fec897df74e16760b76ec7d2a2b38f636bc90555f,95,9715
confirm,candidate:33000105:c95:0,candidate,c95,,33000105,0,win,154116.0,108246.0,45870.0,720,DONE,DONE,1.9812793000019155,bbffbe65dee6e0dc4dd0147fec897df74e16760b76ec7d2a2b38f636bc90555f,89,8752
confirm,baseline:33000106:4ee:0,baseline,4ee,,33000106,0,draw,130591.0,130591.0,0.0,720,DONE,DONE,2.6283627999946475,4eeac9c3ded6682d42213ad22242ebe3dbe294faecbee7a33a6543a1f1f783ed,0,0
confirm,candidate:33000105:c95:1,candidate,c95,,33000105,1,win,154116.0,108246.0,45870.0,720,DONE,DONE,1.9020483000203967,bbffbe65dee6e0dc4dd0147fec897df74e16760b76ec7d2a2b38f636bc90555f,89,8752
confirm,baseline:33000106:4ee:1,baseline,4ee,,33000106,1,draw,130591.0,130591.0,0.0,720,DONE,DONE,1.051756500004558,4eeac9c3ded6682d42213ad22242ebe3dbe294faecbee7a33a6543a1f1f783ed,0,0
confirm,baseline:33000106:cb76:0,baseline,cb76,,33000106,0,draw,130591.0,130591.0,0.0,720,DONE,DONE,1.0751098000037018,4eeac9c3ded6682d42213ad22242ebe3dbe294faecbee7a33a6543a1f1f783ed,0,0
confirm,baseline:33000106:cb76:1,baseline,cb76,,33000106,1,draw,130591.0,130591.0,0.0,720,DONE,DONE,0.6636962000047788,4eeac9c3ded6682d42213ad22242ebe3dbe294faecbee7a33a6543a1f1f783ed,0,0
confirm,candidate:33000106:4ee:0,candidate,4ee,,33000106,0,win,131993.0,129036.0,2957.0,720,DONE,DONE,2.411854400008451,bbffbe65dee6e0dc4dd0147fec897df74e16760b76ec7d2a2b38f636bc90555f,107,9042
confirm,candidate:33000106:4ee:1,candidate,4ee,,33000106,1,win,131993.0,129036.0,2957.0,720,DONE,DONE,1.7958868000132497,bbffbe65dee6e0dc4dd0147fec897df74e16760b76ec7d2a2b38f636bc90555f,107,9042
confirm,baseline:33000106:v35:0,baseline,v35,,33000106,0,win,131111.0,115407.0,15704.0,720,DONE,DONE,0.5157474000006914,4eeac9c3ded6682d42213ad22242ebe3dbe294faecbee7a33a6543a1f1f783ed,0,0
confirm,baseline:33000106:v35:1,baseline,v35,,33000106,1,win,131111.0,115407.0,15704.0,720,DONE,DONE,0.6845310999779031,4eeac9c3ded6682d42213ad22242ebe3dbe294faecbee7a33a6543a1f1f783ed,0,0
confirm,candidate:33000106:cb76:0,candidate,cb76,,33000106,0,win,131993.0,129036.0,2957.0,720,DONE,DONE,2.282677400013199,bbffbe65dee6e0dc4dd0147fec897df74e16760b76ec7d2a2b38f636bc90555f,107,9042
confirm,baseline:33000106:c95:0,baseline,c95,,33000106,0,win,75055.0,60919.0,14136.0,720,DONE,DONE,0.4244034999865107,4eeac9c3ded6682d42213ad22242ebe3dbe294faecbee7a33a6543a1f1f783ed,0,0
confirm,baseline:33000106:c95:1,baseline,c95,,33000106,1,win,75055.0,60919.0,14136.0,720,DONE,DONE,0.33775939999031834,4eeac9c3ded6682d42213ad22242ebe3dbe294faecbee7a33a6543a1f1f783ed,0,0
confirm,candidate:33000106:v35:0,candidate,v35,,33000106,0,win,131094.0,115439.0,15655.0,720,DONE,DONE,0.9108623999927659,bbffbe65dee6e0dc4dd0147fec897df74e16760b76ec7d2a2b38f636bc90555f,97,9142
confirm,candidate:33000106:cb76:1,candidate,cb76,,33000106,1,win,131993.0,129036.0,2957.0,720,DONE,DONE,1.9186170999892056,bbffbe65dee6e0dc4dd0147fec897df74e16760b76ec7d2a2b38f636bc90555f,107,9042
confirm,candidate:33000106:c95:0,candidate,c95,,33000106,0,win,75053.0,60921.0,14132.0,720,DONE,DONE,0.8979662000201643,bbffbe65dee6e0dc4dd0147fec897df74e16760b76ec7d2a2b38f636bc90555f,43,5700
confirm,baseline:33000107:4ee:0,baseline,4ee,,33000107,0,draw,84879.0,84879.0,0.0,720,DONE,DONE,0.6702666999772191,4eeac9c3ded6682d42213ad22242ebe3dbe294faecbee7a33a6543a1f1f783ed,0,0
confirm,candidate:33000106:c95:1,candidate,c95,,33000106,1,win,75053.0,60921.0,14132.0,720,DONE,DONE,0.9704724000184797,bbffbe65dee6e0dc4dd0147fec897df74e16760b76ec7d2a2b38f636bc90555f,43,5700
confirm,candidate:33000106:v35:1,candidate,v35,,33000106,1,win,131094.0,115439.0,15655.0,720,DONE,DONE,2.3015857999853324,bbffbe65dee6e0dc4dd0147fec897df74e16760b76ec7d2a2b38f636bc90555f,97,9142
confirm,baseline:33000107:4ee:1,baseline,4ee,,33000107,1,draw,84879.0,84879.0,0.0,720,DONE,DONE,0.760634599981131,4eeac9c3ded6682d42213ad22242ebe3dbe294faecbee7a33a6543a1f1f783ed,0,0
confirm,baseline:33000107:cb76:0,baseline,cb76,,33000107,0,draw,84879.0,84879.0,0.0,720,DONE,DONE,0.7633702000021003,4eeac9c3ded6682d42213ad22242ebe3dbe294faecbee7a33a6543a1f1f783ed,0,0
confirm,baseline:33000107:cb76:1,baseline,cb76,,33000107,1,draw,84879.0,84879.0,0.0,720,DONE,DONE,0.9035153999866452,4eeac9c3ded6682d42213ad22242ebe3dbe294faecbee7a33a6543a1f1f783ed,0,0
confirm,candidate:33000107:4ee:0,candidate,4ee,,33000107,0,win,86342.0,83586.0,2756.0,720,DONE,DONE,1.5348155000247061,bbffbe65dee6e0dc4dd0147fec897df74e16760b76ec7d2a2b38f636bc90555f,79,7253
confirm,baseline:33000107:v35:0,baseline,v35,,33000107,0,win,108774.0,100915.0,7859.0,720,DONE,DONE,0.6512259000155609,4eeac9c3ded6682d42213ad22242ebe3dbe294faecbee7a33a6543a1f1f783ed,0,0
confirm,candidate:33000107:4ee:1,candidate,4ee,,33000107,1,win,86342.0,83586.0,2756.0,720,DONE,DONE,1.3800931999867316,bbffbe65dee6e0dc4dd0147fec897df74e16760b76ec7d2a2b38f636bc90555f,79,7253
confirm,baseline:33000107:v35:1,baseline,v35,,33000107,1,win,108774.0,100915.0,7859.0,720,DONE,DONE,0.46544689999427646,4eeac9c3ded6682d42213ad22242ebe3dbe294faecbee7a33a6543a1f1f783ed,0,0
confirm,candidate:33000107:cb76:0,candidate,cb76,,33000107,0,win,86342.0,83586.0,2756.0,720,DONE,DONE,2.219126600015443,bbffbe65dee6e0dc4dd0147fec897df74e16760b76ec7d2a2b38f636bc90555f,79,7253
confirm,candidate:33000107:cb76:1,candidate,cb76,,33000107,1,win,86342.0,83586.0,2756.0,720,DONE,DONE,2.30902819999028,bbffbe65dee6e0dc4dd0147fec897df74e16760b76ec7d2a2b38f636bc90555f,79,7253
confirm,baseline:33000107:c95:0,baseline,c95,,33000107,0,win,93305.0,73519.0,19786.0,720,DONE,DONE,0.5143079000117723,4eeac9c3ded6682d42213ad22242ebe3dbe294faecbee7a33a6543a1f1f783ed,0,0
confirm,candidate:33000107:v35:0,candidate,v35,,33000107,0,win,108831.0,100870.0,7961.0,720,DONE,DONE,2.137017900007777,bbffbe65dee6e0dc4dd0147fec897df74e16760b76ec7d2a2b38f636bc90555f,78,7315
confirm,baseline:33000107:c95:1,baseline,c95,,33000107,1,win,93305.0,73519.0,19786.0,720,DONE,DONE,0.7407906999869738,4eeac9c3ded6682d42213ad22242ebe3dbe294faecbee7a33a6543a1f1f783ed,0,0
confirm,candidate:33000107:v35:1,candidate,v35,,33000107,1,win,108831.0,100870.0,7961.0,720,DONE,DONE,1.4189111999876332,bbffbe65dee6e0dc4dd0147fec897df74e16760b76ec7d2a2b38f636bc90555f,78,7315
confirm,baseline:33000108:4ee:0,baseline,4ee,,33000108,0,win,72602.0,71113.0,1489.0,720,DONE,DONE,0.4513087999948766,4eeac9c3ded6682d42213ad22242ebe3dbe294faecbee7a33a6543a1f1f783ed,0,0
confirm,candidate:33000107:c95:0,candidate,c95,,33000107,0,win,93298.0,73526.0,19772.0,720,DONE,DONE,2.2917568999982905,bbffbe65dee6e0dc4dd0147fec897df74e16760b76ec7d2a2b38f636bc90555f,82,7799
confirm,baseline:33000108:4ee:1,baseline,4ee,,33000108,1,loss,71113.0,72602.0,-1489.0,720,DONE,DONE,0.6754310000105761,4eeac9c3ded6682d42213ad22242ebe3dbe294faecbee7a33a6543a1f1f783ed,0,0
confirm,baseline:33000108:cb76:0,baseline,cb76,,33000108,0,loss,95277.0,98103.0,-2826.0,720,DONE,DONE,1.909463699994376,4eeac9c3ded6682d42213ad22242ebe3dbe294faecbee7a33a6543a1f1f783ed,0,0
confirm,candidate:33000107:c95:1,candidate,c95,,33000107,1,win,93298.0,73526.0,19772.0,720,DONE,DONE,2.9221992999955546,bbffbe65dee6e0dc4dd0147fec897df74e16760b76ec7d2a2b38f636bc90555f,82,7799
confirm,candidate:33000108:4ee:0,candidate,4ee,,33000108,0,win,73296.0,70237.0,3059.0,720,DONE,DONE,2.2239102000021376,bbffbe65dee6e0dc4dd0147fec897df74e16760b76ec7d2a2b38f636bc90555f,72,7578
confirm,baseline:33000108:cb76:1,baseline,cb76,,33000108,1,loss,95277.0,98103.0,-2826.0,720,DONE,DONE,2.2089302999957,4eeac9c3ded6682d42213ad22242ebe3dbe294faecbee7a33a6543a1f1f783ed,0,0
confirm,baseline:33000108:v35:0,baseline,v35,,33000108,0,win,83102.0,74021.0,9081.0,720,DONE,DONE,1.8382981999893673,4eeac9c3ded6682d42213ad22242ebe3dbe294faecbee7a33a6543a1f1f783ed,0,0
confirm,candidate:33000108:4ee:1,candidate,4ee,,33000108,1,loss,71640.0,71837.0,-197.0,720,DONE,DONE,1.8348962999880314,bbffbe65dee6e0dc4dd0147fec897df74e16760b76ec7d2a2b38f636bc90555f,75,7582
confirm,baseline:33000108:v35:1,baseline,v35,,33000108,1,win,83102.0,74021.0,9081.0,720,DONE,DONE,1.178637200006051,4eeac9c3ded6682d42213ad22242ebe3dbe294faecbee7a33a6543a1f1f783ed,0,0
confirm,candidate:33000108:cb76:0,candidate,cb76,,33000108,0,loss,95230.0,98147.0,-2917.0,720,DONE,DONE,2.6149339000112377,bbffbe65dee6e0dc4dd0147fec897df74e16760b76ec7d2a2b38f636bc90555f,75,7702
confirm,baseline:33000108:c95:0,baseline,c95,,33000108,0,win,91930.0,80366.0,11564.0,720,DONE,DONE,1.0375250999932177,4eeac9c3ded6682d42213ad22242ebe3dbe294faecbee7a33a6543a1f1f783ed,0,0
confirm,candidate:33000108:cb76:1,candidate,cb76,,33000108,1,loss,95230.0,98147.0,-2917.0,720,DONE,DONE,2.5876036999979988,bbffbe65dee6e0dc4dd0147fec897df74e16760b76ec7d2a2b38f636bc90555f,75,7702
confirm,candidate:33000108:v35:0,candidate,v35,,33000108,0,win,83048.0,74071.0,8977.0,720,DONE,DONE,1.449852000019746,bbffbe65dee6e0dc4dd0147fec897df74e16760b76ec7d2a2b38f636bc90555f,73,7755
confirm,baseline:33000108:c95:1,baseline,c95,,33000108,1,win,91930.0,80366.0,11564.0,720,DONE,DONE,1.571113099984359,4eeac9c3ded6682d42213ad22242ebe3dbe294faecbee7a33a6543a1f1f783ed,0,0
confirm,candidate:33000108:v35:1,candidate,v35,,33000108,1,win,83048.0,74071.0,8977.0,720,DONE,DONE,2.25569180000457,bbffbe65dee6e0dc4dd0147fec897df74e16760b76ec7d2a2b38f636bc90555f,73,7755
confirm,baseline:33000109:4ee:0,baseline,4ee,,33000109,0,loss,98210.0,98868.0,-658.0,720,DONE,DONE,0.9129760999931023,4eeac9c3ded6682d42213ad22242ebe3dbe294faecbee7a33a6543a1f1f783ed,0,0
confirm,baseline:33000109:4ee:1,baseline,4ee,,33000109,1,win,98868.0,98210.0,658.0,720,DONE,DONE,0.9846034999936819,4eeac9c3ded6682d42213ad22242ebe3dbe294faecbee7a33a6543a1f1f783ed,0,0
confirm,baseline:33000109:cb76:0,baseline,cb76,,33000109,0,loss,98210.0,98868.0,-658.0,720,DONE,DONE,0.5821103999915067,4eeac9c3ded6682d42213ad22242ebe3dbe294faecbee7a33a6543a1f1f783ed,0,0
confirm,candidate:33000109:4ee:0,candidate,4ee,,33000109,0,loss,98094.0,98598.0,-504.0,720,DONE,DONE,3.850667999999132,bbffbe65dee6e0dc4dd0147fec897df74e16760b76ec7d2a2b38f636bc90555f,84,7377
confirm,candidate:33000108:c95:0,candidate,c95,,33000108,0,win,91934.0,80365.0,11569.0,720,DONE,DONE,2.1424291000002995,bbffbe65dee6e0dc4dd0147fec897df74e16760b76ec7d2a2b38f636bc90555f,132,13347
confirm,candidate:33000109:4ee:1,candidate,4ee,,33000109,1,win,99301.0,97393.0,1908.0,720,DONE,DONE,2.539737899991451,bbffbe65dee6e0dc4dd0147fec897df74e16760b76ec7d2a2b38f636bc90555f,82,7377
confirm,candidate:33000108:c95:1,candidate,c95,,33000108,1,win,91934.0,80365.0,11569.0,720,DONE,DONE,3.0294084000051953,bbffbe65dee6e0dc4dd0147fec897df74e16760b76ec7d2a2b38f636bc90555f,132,13347
confirm,baseline:33000109:v35:0,baseline,v35,,33000109,0,win,97218.0,87070.0,10148.0,720,DONE,DONE,0.6295137999986764,4eeac9c3ded6682d42213ad22242ebe3dbe294faecbee7a33a6543a1f1f783ed,0,0
confirm,baseline:33000109:cb76:1,baseline,cb76,,33000109,1,win,98868.0,98210.0,658.0,720,DONE,DONE,0.6353343999944627,4eeac9c3ded6682d42213ad22242ebe3dbe294faecbee7a33a6543a1f1f783ed,0,0
confirm,candidate:33000109:cb76:0,candidate,cb76,,33000109,0,loss,98094.0,98598.0,-504.0,720,DONE,DONE,2.86629190001986,bbffbe65dee6e0dc4dd0147fec897df74e16760b76ec7d2a2b38f636bc90555f,84,7377
confirm,baseline:33000109:v35:1,baseline,v35,,33000109,1,win,97218.0,87070.0,10148.0,720,DONE,DONE,0.8257288000022527,4eeac9c3ded6682d42213ad22242ebe3dbe294faecbee7a33a6543a1f1f783ed,0,0
confirm,baseline:33000109:c95:0,baseline,c95,,33000109,0,win,149309.0,109993.0,39316.0,720,DONE,DONE,0.5856314999982715,4eeac9c3ded6682d42213ad22242ebe3dbe294faecbee7a33a6543a1f1f783ed,0,0
confirm,baseline:33000109:c95:1,baseline,c95,,33000109,1,win,149309.0,109993.0,39316.0,720,DONE,DONE,0.5548278999922331,4eeac9c3ded6682d42213ad22242ebe3dbe294faecbee7a33a6543a1f1f783ed,0,0
confirm,candidate:33000109:cb76:1,candidate,cb76,,33000109,1,win,99301.0,97393.0,1908.0,720,DONE,DONE,3.043632599990815,bbffbe65dee6e0dc4dd0147fec897df74e16760b76ec7d2a2b38f636bc90555f,82,7377
confirm,candidate:33000109:v35:0,candidate,v35,,33000109,0,win,97214.0,87076.0,10138.0,720,DONE,DONE,1.60751239999081,bbffbe65dee6e0dc4dd0147fec897df74e16760b76ec7d2a2b38f636bc90555f,79,7395
confirm,candidate:33000109:v35:1,candidate,v35,,33000109,1,win,97214.0,87076.0,10138.0,720,DONE,DONE,1.0597256000037305,bbffbe65dee6e0dc4dd0147fec897df74e16760b76ec7d2a2b38f636bc90555f,79,7395
confirm,candidate:33000109:c95:0,candidate,c95,,33000109,0,win,149309.0,109993.0,39316.0,720,DONE,DONE,2.5197492000006605,bbffbe65dee6e0dc4dd0147fec897df74e16760b76ec7d2a2b38f636bc90555f,62,7323
confirm,baseline:33000110:4ee:0,baseline,4ee,,33000110,0,draw,105500.0,105500.0,0.0,720,DONE,DONE,0.7339140999829397,4eeac9c3ded6682d42213ad22242ebe3dbe294faecbee7a33a6543a1f1f783ed,0,0
confirm,candidate:33000109:c95:1,candidate,c95,,33000109,1,win,149309.0,109993.0,39316.0,720,DONE,DONE,1.9932717999909073,bbffbe65dee6e0dc4dd0147fec897df74e16760b76ec7d2a2b38f636bc90555f,62,7323
confirm,baseline:33000110:4ee:1,baseline,4ee,,33000110,1,draw,105500.0,105500.0,0.0,720,DONE,DONE,0.7410414000041783,4eeac9c3ded6682d42213ad22242ebe3dbe294faecbee7a33a6543a1f1f783ed,0,0
confirm,baseline:33000110:cb76:0,baseline,cb76,,33000110,0,draw,105500.0,105500.0,0.0,720,DONE,DONE,2.474102700012736,4eeac9c3ded6682d42213ad22242ebe3dbe294faecbee7a33a6543a1f1f783ed,0,0
confirm,candidate:33000110:4ee:0,candidate,4ee,,33000110,0,win,105968.0,104981.0,987.0,720,DONE,DONE,2.3348752000019886,bbffbe65dee6e0dc4dd0147fec897df74e16760b76ec7d2a2b38f636bc90555f,96,8077
confirm,baseline:33000110:cb76:1,baseline,cb76,,33000110,1,draw,105500.0,105500.0,0.0,720,DONE,DONE,0.7340469000046141,4eeac9c3ded6682d42213ad22242ebe3dbe294faecbee7a33a6543a1f1f783ed,0,0
confirm,candidate:33000110:4ee:1,candidate,4ee,,33000110,1,win,105968.0,104981.0,987.0,720,DONE,DONE,1.4165918999933638,bbffbe65dee6e0dc4dd0147fec897df74e16760b76ec7d2a2b38f636bc90555f,96,8077
confirm,baseline:33000110:v35:0,baseline,v35,,33000110,0,win,93662.0,71324.0,22338.0,720,DONE,DONE,0.7288733000168577,4eeac9c3ded6682d42213ad22242ebe3dbe294faecbee7a33a6543a1f1f783ed,0,0
confirm,baseline:33000110:v35:1,baseline,v35,,33000110,1,win,93662.0,71324.0,22338.0,720,DONE,DONE,0.7026760000153445,4eeac9c3ded6682d42213ad22242ebe3dbe294faecbee7a33a6543a1f1f783ed,0,0
confirm,candidate:33000110:cb76:0,candidate,cb76,,33000110,0,win,105968.0,104981.0,987.0,720,DONE,DONE,1.6554394999984652,bbffbe65dee6e0dc4dd0147fec897df74e16760b76ec7d2a2b38f636bc90555f,96,8077
confirm,baseline:33000110:c95:0,baseline,c95,,33000110,0,win,70135.0,46101.0,24034.0,720,DONE,DONE,0.6166742999921553,4eeac9c3ded6682d42213ad22242ebe3dbe294faecbee7a33a6543a1f1f783ed,0,0
confirm,candidate:33000110:cb76:1,candidate,cb76,,33000110,1,win,105968.0,104981.0,987.0,720,DONE,DONE,2.0706065999984276,bbffbe65dee6e0dc4dd0147fec897df74e16760b76ec7d2a2b38f636bc90555f,96,8077
confirm,candidate:33000110:v35:0,candidate,v35,,33000110,0,win,93631.0,71354.0,22277.0,720,DONE,DONE,2.2220341000065673,bbffbe65dee6e0dc4dd0147fec897df74e16760b76ec7d2a2b38f636bc90555f,97,7912
confirm,baseline:33000110:c95:1,baseline,c95,,33000110,1,win,70135.0,46101.0,24034.0,720,DONE,DONE,0.6269141999946442,4eeac9c3ded6682d42213ad22242ebe3dbe294faecbee7a33a6543a1f1f783ed,0,0
confirm,candidate:33000110:v35:1,candidate,v35,,33000110,1,win,93631.0,71354.0,22277.0,720,DONE,DONE,2.288723499979824,bbffbe65dee6e0dc4dd0147fec897df74e16760b76ec7d2a2b38f636bc90555f,97,7912
confirm,baseline:33000111:4ee:0,baseline,4ee,,33000111,0,draw,60265.0,60265.0,0.0,720,DONE,DONE,0.7044550999999046,4eeac9c3ded6682d42213ad22242ebe3dbe294faecbee7a33a6543a1f1f783ed,0,0
confirm,baseline:33000111:4ee:1,baseline,4ee,,33000111,1,draw,60265.0,60265.0,0.0,720,DONE,DONE,0.7051601000130177,4eeac9c3ded6682d42213ad22242ebe3dbe294faecbee7a33a6543a1f1f783ed,0,0
confirm,candidate:33000110:c95:0,candidate,c95,,33000110,0,win,70165.0,46066.0,24099.0,720,DONE,DONE,1.4613419999950565,bbffbe65dee6e0dc4dd0147fec897df74e16760b76ec7d2a2b38f636bc90555f,114,12645
confirm,baseline:33000111:cb76:0,baseline,cb76,,33000111,0,draw,60265.0,60265.0,0.0,720,DONE,DONE,2.077929999999469,4eeac9c3ded6682d42213ad22242ebe3dbe294faecbee7a33a6543a1f1f783ed,0,0
confirm,candidate:33000110:c95:1,candidate,c95,,33000110,1,win,70165.0,46066.0,24099.0,720,DONE,DONE,1.6504686999833211,bbffbe65dee6e0dc4dd0147fec897df74e16760b76ec7d2a2b38f636bc90555f,114,12645
confirm,baseline:33000111:cb76:1,baseline,cb76,,33000111,1,draw,60265.0,60265.0,0.0,720,DONE,DONE,0.7345612999924924,4eeac9c3ded6682d42213ad22242ebe3dbe294faecbee7a33a6543a1f1f783ed,0,0
confirm,candidate:33000111:4ee:0,candidate,4ee,,33000111,0,win,62524.0,57662.0,4862.0,720,DONE,DONE,2.650527999998303,bbffbe65dee6e0dc4dd0147fec897df74e16760b76ec7d2a2b38f636bc90555f,117,12502
confirm,candidate:33000111:4ee:1,candidate,4ee,,33000111,1,win,62524.0,57662.0,4862.0,720,DONE,DONE,1.755561800004216,bbffbe65dee6e0dc4dd0147fec897df74e16760b76ec7d2a2b38f636bc90555f,117,12502
confirm,baseline:33000111:v35:0,baseline,v35,,33000111,0,win,85331.0,62947.0,22384.0,720,DONE,DONE,1.6811230000166688,4eeac9c3ded6682d42213ad22242ebe3dbe294faecbee7a33a6543a1f1f783ed,0,0
confirm,baseline:33000111:v35:1,baseline,v35,,33000111,1,win,85331.0,62947.0,22384.0,720,DONE,DONE,0.6404646000009961,4eeac9c3ded6682d42213ad22242ebe3dbe294faecbee7a33a6543a1f1f783ed,0,0
confirm,candidate:33000111:cb76:0,candidate,cb76,,33000111,0,win,62524.0,57662.0,4862.0,720,DONE,DONE,2.7992040000099223,bbffbe65dee6e0dc4dd0147fec897df74e16760b76ec7d2a2b38f636bc90555f,117,12502
confirm,baseline:33000111:c95:0,baseline,c95,,33000111,0,win,98582.0,75806.0,22776.0,720,DONE,DONE,0.7181017000111751,4eeac9c3ded6682d42213ad22242ebe3dbe294faecbee7a33a6543a1f1f783ed,0,0
confirm,baseline:33000111:c95:1,baseline,c95,,33000111,1,win,98582.0,75806.0,22776.0,720,DONE,DONE,0.6039809000212699,4eeac9c3ded6682d42213ad22242ebe3dbe294faecbee7a33a6543a1f1f783ed,0,0
confirm,candidate:33000111:cb76:1,candidate,cb76,,33000111,1,win,62524.0,57662.0,4862.0,720,DONE,DONE,1.7231957000039984,bbffbe65dee6e0dc4dd0147fec897df74e16760b76ec7d2a2b38f636bc90555f,117,12502
confirm,candidate:33000111:v35:0,candidate,v35,,33000111,0,win,85376.0,62906.0,22470.0,720,DONE,DONE,1.4756326000206172,bbffbe65dee6e0dc4dd0147fec897df74e16760b76ec7d2a2b38f636bc90555f,130,12423
confirm,candidate:33000111:c95:0,candidate,c95,,33000111,0,win,98583.0,75804.0,22779.0,720,DONE,DONE,1.2457205000100657,bbffbe65dee6e0dc4dd0147fec897df74e16760b76ec7d2a2b38f636bc90555f,97,9070
confirm,baseline:33000112:4ee:0,baseline,4ee,,33000112,0,draw,139712.0,139712.0,0.0,720,DONE,DONE,0.4364349000097718,4eeac9c3ded6682d42213ad22242ebe3dbe294faecbee7a33a6543a1f1f783ed,0,0
confirm,candidate:33000111:v35:1,candidate,v35,,33000111,1,win,85376.0,62906.0,22470.0,720,DONE,DONE,2.2829722000169568,bbffbe65dee6e0dc4dd0147fec897df74e16760b76ec7d2a2b38f636bc90555f,130,12423
confirm,candidate:33000111:c95:1,candidate,c95,,33000111,1,win,98583.0,75804.0,22779.0,720,DONE,DONE,1.0087474999891128,bbffbe65dee6e0dc4dd0147fec897df74e16760b76ec7d2a2b38f636bc90555f,97,9070
confirm,baseline:33000112:4ee:1,baseline,4ee,,33000112,1,draw,139712.0,139712.0,0.0,720,DONE,DONE,0.6323164000059478,4eeac9c3ded6682d42213ad22242ebe3dbe294faecbee7a33a6543a1f1f783ed,0,0
confirm,baseline:33000112:cb76:0,baseline,cb76,,33000112,0,draw,139712.0,139712.0,0.0,720,DONE,DONE,0.43237689998932183,4eeac9c3ded6682d42213ad22242ebe3dbe294faecbee7a33a6543a1f1f783ed,0,0
confirm,baseline:33000112:cb76:1,baseline,cb76,,33000112,1,draw,139712.0,139712.0,0.0,720,DONE,DONE,0.6182975000119768,4eeac9c3ded6682d42213ad22242ebe3dbe294faecbee7a33a6543a1f1f783ed,0,0
confirm,candidate:33000112:4ee:0,candidate,4ee,,33000112,0,win,140856.0,138888.0,1968.0,720,DONE,DONE,1.4790344999928493,bbffbe65dee6e0dc4dd0147fec897df74e16760b76ec7d2a2b38f636bc90555f,117,9960
confirm,baseline:33000112:v35:0,baseline,v35,,33000112,0,win,134885.0,112688.0,22197.0,720,DONE,DONE,1.6407953999878373,4eeac9c3ded6682d42213ad22242ebe3dbe294faecbee7a33a6543a1f1f783ed,0,0
confirm,candidate:33000112:4ee:1,candidate,4ee,,33000112,1,win,140856.0,138888.0,1968.0,720,DONE,DONE,1.8764374000020325,bbffbe65dee6e0dc4dd0147fec897df74e16760b76ec7d2a2b38f636bc90555f,117,9960
confirm,baseline:33000112:v35:1,baseline,v35,,33000112,1,win,134885.0,112688.0,22197.0,720,DONE,DONE,0.47989919999963604,4eeac9c3ded6682d42213ad22242ebe3dbe294faecbee7a33a6543a1f1f783ed,0,0
confirm,baseline:33000112:c95:0,baseline,c95,,33000112,0,win,130502.0,109874.0,20628.0,720,DONE,DONE,0.465515999996569,4eeac9c3ded6682d42213ad22242ebe3dbe294faecbee7a33a6543a1f1f783ed,0,0
confirm,candidate:33000112:cb76:0,candidate,cb76,,33000112,0,win,140856.0,138888.0,1968.0,720,DONE,DONE,1.962282199994661,bbffbe65dee6e0dc4dd0147fec897df74e16760b76ec7d2a2b38f636bc90555f,117,9960
confirm,candidate:33000112:cb76:1,candidate,cb76,,33000112,1,win,140856.0,138888.0,1968.0,720,DONE,DONE,1.3680434999987483,bbffbe65dee6e0dc4dd0147fec897df74e16760b76ec7d2a2b38f636bc90555f,117,9960
confirm,baseline:33000112:c95:1,baseline,c95,,33000112,1,win,130502.0,109874.0,20628.0,720,DONE,DONE,0.5355209999834187,4eeac9c3ded6682d42213ad22242ebe3dbe294faecbee7a33a6543a1f1f783ed,0,0
confirm,candidate:33000112:v35:0,candidate,v35,,33000112,0,win,134901.0,112673.0,22228.0,720,DONE,DONE,2.0278255000011995,bbffbe65dee6e0dc4dd0147fec897df74e16760b76ec7d2a2b38f636bc90555f,106,9869
confirm,baseline:33000113:4ee:0,baseline,4ee,,33000113,0,draw,111545.0,111545.0,0.0,720,DONE,DONE,1.5242766999872401,4eeac9c3ded6682d42213ad22242ebe3dbe294faecbee7a33a6543a1f1f783ed,0,0
confirm,candidate:33000112:v35:1,candidate,v35,,33000112,1,win,134901.0,112673.0,22228.0,720,DONE,DONE,2.2344513999996707,bbffbe65dee6e0dc4dd0147fec897df74e16760b76ec7d2a2b38f636bc90555f,106,9869
confirm,candidate:33000112:c95:0,candidate,c95,,33000112,0,win,130390.0,109975.0,20415.0,720,DONE,DONE,2.10979389998829,bbffbe65dee6e0dc4dd0147fec897df74e16760b76ec7d2a2b38f636bc90555f,105,9357
confirm,baseline:33000113:4ee:1,baseline,4ee,,33000113,1,draw,111545.0,111545.0,0.0,720,DONE,DONE,0.5426595000026282,4eeac9c3ded6682d42213ad22242ebe3dbe294faecbee7a33a6543a1f1f783ed,0,0
confirm,candidate:33000112:c95:1,candidate,c95,,33000112,1,win,130390.0,109975.0,20415.0,720,DONE,DONE,1.8302241000055801,bbffbe65dee6e0dc4dd0147fec897df74e16760b76ec7d2a2b38f636bc90555f,105,9357
confirm,baseline:33000113:cb76:0,baseline,cb76,,33000113,0,draw,111545.0,111545.0,0.0,720,DONE,DONE,1.567261399992276,4eeac9c3ded6682d42213ad22242ebe3dbe294faecbee7a33a6543a1f1f783ed,0,0
confirm,candidate:33000113:4ee:0,candidate,4ee,,33000113,0,win,115733.0,111989.0,3744.0,720,DONE,DONE,2.4699830999888945,bbffbe65dee6e0dc4dd0147fec897df74e16760b76ec7d2a2b38f636bc90555f,88,8245
confirm,candidate:33000113:4ee:1,candidate,4ee,,33000113,1,win,115733.0,111989.0,3744.0,720,DONE,DONE,1.1218733999994583,bbffbe65dee6e0dc4dd0147fec897df74e16760b76ec7d2a2b38f636bc90555f,88,8245
confirm,baseline:33000113:cb76:1,baseline,cb76,,33000113,1,draw,111545.0,111545.0,0.0,720,DONE,DONE,0.5752011000004131,4eeac9c3ded6682d42213ad22242ebe3dbe294faecbee7a33a6543a1f1f783ed,0,0
confirm,baseline:33000113:v35:0,baseline,v35,,33000113,0,win,95381.0,75623.0,19758.0,720,DONE,DONE,1.8267081000085454,4eeac9c3ded6682d42213ad22242ebe3dbe294faecbee7a33a6543a1f1f783ed,0,0
confirm,baseline:33000113:v35:1,baseline,v35,,33000113,1,win,95381.0,75623.0,19758.0,720,DONE,DONE,0.7309519999835175,4eeac9c3ded6682d42213ad22242ebe3dbe294faecbee7a33a6543a1f1f783ed,0,0
confirm,candidate:33000113:cb76:0,candidate,cb76,,33000113,0,win,115127.0,111373.0,3754.0,720,DONE,DONE,1.6786698000214528,bbffbe65dee6e0dc4dd0147fec897df74e16760b76ec7d2a2b38f636bc90555f,86,8170
confirm,baseline:33000113:c95:0,baseline,c95,,33000113,0,win,116245.0,65207.0,51038.0,720,DONE,DONE,0.622245100006694,4eeac9c3ded6682d42213ad22242ebe3dbe294faecbee7a33a6543a1f1f783ed,0,0
confirm,candidate:33000113:cb76:1,candidate,cb76,,33000113,1,win,115127.0,111373.0,3754.0,720,DONE,DONE,2.5422894000075758,bbffbe65dee6e0dc4dd0147fec897df74e16760b76ec7d2a2b38f636bc90555f,86,8170
confirm,baseline:33000113:c95:1,baseline,c95,,33000113,1,win,116245.0,65207.0,51038.0,720,DONE,DONE,0.6876040999777615,4eeac9c3ded6682d42213ad22242ebe3dbe294faecbee7a33a6543a1f1f783ed,0,0
confirm,candidate:33000113:v35:0,candidate,v35,,33000113,0,win,95297.0,75696.0,19601.0,720,DONE,DONE,2.3401042000041343,bbffbe65dee6e0dc4dd0147fec897df74e16760b76ec7d2a2b38f636bc90555f,95,8230
confirm,candidate:33000113:v35:1,candidate,v35,,33000113,1,win,95297.0,75696.0,19601.0,720,DONE,DONE,2.8215157999948133,bbffbe65dee6e0dc4dd0147fec897df74e16760b76ec7d2a2b38f636bc90555f,95,8230
confirm,baseline:33000114:4ee:0,baseline,4ee,,33000114,0,draw,95529.0,95529.0,0.0,720,DONE,DONE,0.37493540000286885,4eeac9c3ded6682d42213ad22242ebe3dbe294faecbee7a33a6543a1f1f783ed,0,0
confirm,candidate:33000113:c95:0,candidate,c95,,33000113,0,win,116253.0,65199.0,51054.0,720,DONE,DONE,1.4776882999867667,bbffbe65dee6e0dc4dd0147fec897df74e16760b76ec7d2a2b38f636bc90555f,91,8943
confirm,baseline:33000114:4ee:1,baseline,4ee,,33000114,1,draw,95529.0,95529.0,0.0,720,DONE,DONE,0.6564974999928381,4eeac9c3ded6682d42213ad22242ebe3dbe294faecbee7a33a6543a1f1f783ed,0,0
confirm,candidate:33000114:4ee:0,candidate,4ee,,33000114,0,win,96981.0,93861.0,3120.0,720,DONE,DONE,2.3314877999946475,bbffbe65dee6e0dc4dd0147fec897df74e16760b76ec7d2a2b38f636bc90555f,26,3944
confirm,baseline:33000114:cb76:0,baseline,cb76,,33000114,0,draw,95529.0,95529.0,0.0,720,DONE,DONE,0.39921370000229217,4eeac9c3ded6682d42213ad22242ebe3dbe294faecbee7a33a6543a1f1f783ed,0,0
confirm,candidate:33000114:4ee:1,candidate,4ee,,33000114,1,win,96981.0,93861.0,3120.0,720,DONE,DONE,0.9880472999939229,bbffbe65dee6e0dc4dd0147fec897df74e16760b76ec7d2a2b38f636bc90555f,26,3944
confirm,candidate:33000113:c95:1,candidate,c95,,33000113,1,win,116253.0,65199.0,51054.0,720,DONE,DONE,1.3787822000158485,bbffbe65dee6e0dc4dd0147fec897df74e16760b76ec7d2a2b38f636bc90555f,91,8943
confirm,baseline:33000114:cb76:1,baseline,cb76,,33000114,1,draw,95529.0,95529.0,0.0,720,DONE,DONE,0.9448867999890354,4eeac9c3ded6682d42213ad22242ebe3dbe294faecbee7a33a6543a1f1f783ed,0,0
confirm,baseline:33000114:v35:0,baseline,v35,,33000114,0,win,119960.0,105243.0,14717.0,720,DONE,DONE,0.6361591999884695,4eeac9c3ded6682d42213ad22242ebe3dbe294faecbee7a33a6543a1f1f783ed,0,0
confirm,candidate:33000114:cb76:0,candidate,cb76,,33000114,0,win,96981.0,93861.0,3120.0,720,DONE,DONE,2.2518521000165492,bbffbe65dee6e0dc4dd0147fec897df74e16760b76ec7d2a2b38f636bc90555f,26,3944
confirm,baseline:33000114:v35:1,baseline,v35,,33000114,1,win,119960.0,105243.0,14717.0,720,DONE,DONE,0.4654809000203386,4eeac9c3ded6682d42213ad22242ebe3dbe294faecbee7a33a6543a1f1f783ed,0,0
confirm,candidate:33000114:cb76:1,candidate,cb76,,33000114,1,win,96981.0,93861.0,3120.0,720,DONE,DONE,1.014971600001445,bbffbe65dee6e0dc4dd0147fec897df74e16760b76ec7d2a2b38f636bc90555f,26,3944
confirm,baseline:33000114:c95:0,baseline,c95,,33000114,0,win,121870.0,107673.0,14197.0,720,DONE,DONE,2.007657599984668,4eeac9c3ded6682d42213ad22242ebe3dbe294faecbee7a33a6543a1f1f783ed,0,0
confirm,candidate:33000114:v35:0,candidate,v35,,33000114,0,win,119966.0,105237.0,14729.0,720,DONE,DONE,0.9566425000084564,bbffbe65dee6e0dc4dd0147fec897df74e16760b76ec7d2a2b38f636bc90555f,25,4039
confirm,candidate:33000114:v35:1,candidate,v35,,33000114,1,win,119966.0,105237.0,14729.0,720,DONE,DONE,0.940352499979781,bbffbe65dee6e0dc4dd0147fec897df74e16760b76ec7d2a2b38f636bc90555f,25,4039
confirm,baseline:33000114:c95:1,baseline,c95,,33000114,1,win,121870.0,107673.0,14197.0,720,DONE,DONE,2.607285900012357,4eeac9c3ded6682d42213ad22242ebe3dbe294faecbee7a33a6543a1f1f783ed,0,0
confirm,baseline:33000115:4ee:0,baseline,4ee,,33000115,0,draw,107377.0,107377.0,0.0,720,DONE,DONE,0.3549752999970224,4eeac9c3ded6682d42213ad22242ebe3dbe294faecbee7a33a6543a1f1f783ed,0,0
confirm,baseline:33000115:4ee:1,baseline,4ee,,33000115,1,draw,107377.0,107377.0,0.0,720,DONE,DONE,0.6389124999986961,4eeac9c3ded6682d42213ad22242ebe3dbe294faecbee7a33a6543a1f1f783ed,0,0
confirm,baseline:33000115:cb76:0,baseline,cb76,,33000115,0,loss,112087.0,123107.0,-11020.0,720,DONE,DONE,0.4495601000089664,4eeac9c3ded6682d42213ad22242ebe3dbe294faecbee7a33a6543a1f1f783ed,0,0
confirm,candidate:33000114:c95:0,candidate,c95,,33000114,0,win,121868.0,107672.0,14196.0,720,DONE,DONE,1.5117613000038546,bbffbe65dee6e0dc4dd0147fec897df74e16760b76ec7d2a2b38f636bc90555f,129,11746
confirm,candidate:33000114:c95:1,candidate,c95,,33000114,1,win,121868.0,107672.0,14196.0,720,DONE,DONE,1.677724200009834,bbffbe65dee6e0dc4dd0147fec897df74e16760b76ec7d2a2b38f636bc90555f,129,11746
confirm,candidate:33000115:4ee:0,candidate,4ee,,33000115,0,win,108032.0,106460.0,1572.0,720,DONE,DONE,0.9691433999978472,bbffbe65dee6e0dc4dd0147fec897df74e16760b76ec7d2a2b38f636bc90555f,97,10307
confirm,candidate:33000115:4ee:1,candidate,4ee,,33000115,1,win,108032.0,106460.0,1572.0,720,DONE,DONE,1.0927779000194278,bbffbe65dee6e0dc4dd0147fec897df74e16760b76ec7d2a2b38f636bc90555f,97,10307
confirm,baseline:33000115:cb76:1,baseline,cb76,,33000115,1,loss,112087.0,123107.0,-11020.0,720,DONE,DONE,0.6810078000125941,4eeac9c3ded6682d42213ad22242ebe3dbe294faecbee7a33a6543a1f1f783ed,0,0
confirm,baseline:33000115:v35:0,baseline,v35,,33000115,0,win,108240.0,99630.0,8610.0,720,DONE,DONE,0.5920630000182427,4eeac9c3ded6682d42213ad22242ebe3dbe294faecbee7a33a6543a1f1f783ed,0,0
confirm,baseline:33000115:v35:1,baseline,v35,,33000115,1,win,108240.0,99630.0,8610.0,720,DONE,DONE,0.5168540999875404,4eeac9c3ded6682d42213ad22242ebe3dbe294faecbee7a33a6543a1f1f783ed,0,0
confirm,candidate:33000115:cb76:0,candidate,cb76,,33000115,0,loss,112072.0,123103.0,-11031.0,720,DONE,DONE,2.3688744000100996,bbffbe65dee6e0dc4dd0147fec897df74e16760b76ec7d2a2b38f636bc90555f,97,10219
confirm,baseline:33000115:c95:0,baseline,c95,,33000115,0,win,118984.0,101423.0,17561.0,720,DONE,DONE,0.9272198000107892,4eeac9c3ded6682d42213ad22242ebe3dbe294faecbee7a33a6543a1f1f783ed,0,0
confirm,baseline:33000115:c95:1,baseline,c95,,33000115,1,win,118984.0,101423.0,17561.0,720,DONE,DONE,0.9995818999886978,4eeac9c3ded6682d42213ad22242ebe3dbe294faecbee7a33a6543a1f1f783ed,0,0
confirm,candidate:33000115:cb76:1,candidate,cb76,,33000115,1,loss,112072.0,123103.0,-11031.0,720,DONE,DONE,2.2403576000069734,bbffbe65dee6e0dc4dd0147fec897df74e16760b76ec7d2a2b38f636bc90555f,97,10219
confirm,candidate:33000115:v35:0,candidate,v35,,33000115,0,win,108064.0,99794.0,8270.0,720,DONE,DONE,1.6900489999970887,bbffbe65dee6e0dc4dd0147fec897df74e16760b76ec7d2a2b38f636bc90555f,89,10076
confirm,candidate:33000115:v35:1,candidate,v35,,33000115,1,win,108064.0,99794.0,8270.0,720,DONE,DONE,2.0236460999876726,bbffbe65dee6e0dc4dd0147fec897df74e16760b76ec7d2a2b38f636bc90555f,89,10076
confirm,candidate:33000115:c95:0,candidate,c95,,33000115,0,win,118980.0,101424.0,17556.0,720,DONE,DONE,3.0185657999827527,bbffbe65dee6e0dc4dd0147fec897df74e16760b76ec7d2a2b38f636bc90555f,95,9162
confirm,baseline:33000116:4ee:0,baseline,4ee,,33000116,0,draw,117672.0,117672.0,0.0,720,DONE,DONE,2.113543599989498,4eeac9c3ded6682d42213ad22242ebe3dbe294faecbee7a33a6543a1f1f783ed,0,0
confirm,candidate:33000115:c95:1,candidate,c95,,33000115,1,win,118980.0,101424.0,17556.0,720,DONE,DONE,3.4522554999857675,bbffbe65dee6e0dc4dd0147fec897df74e16760b76ec7d2a2b38f636bc90555f,95,9162
confirm,baseline:33000116:4ee:1,baseline,4ee,,33000116,1,draw,117672.0,117672.0,0.0,720,DONE,DONE,0.8823087000055239,4eeac9c3ded6682d42213ad22242ebe3dbe294faecbee7a33a6543a1f1f783ed,0,0
confirm,baseline:33000116:cb76:0,baseline,cb76,,33000116,0,draw,117672.0,117672.0,0.0,720,DONE,DONE,0.5395682999806013,4eeac9c3ded6682d42213ad22242ebe3dbe294faecbee7a33a6543a1f1f783ed,0,0
confirm,baseline:33000116:cb76:1,baseline,cb76,,33000116,1,draw,117672.0,117672.0,0.0,720,DONE,DONE,0.5268152999924496,4eeac9c3ded6682d42213ad22242ebe3dbe294faecbee7a33a6543a1f1f783ed,0,0
confirm,candidate:33000116:4ee:0,candidate,4ee,,33000116,0,win,119378.0,115713.0,3665.0,720,DONE,DONE,1.7102818000130355,bbffbe65dee6e0dc4dd0147fec897df74e16760b76ec7d2a2b38f636bc90555f,105,10559
confirm,baseline:33000116:v35:0,baseline,v35,,33000116,0,win,94563.0,75374.0,19189.0,720,DONE,DONE,0.4013048999768216,4eeac9c3ded6682d42213ad22242ebe3dbe294faecbee7a33a6543a1f1f783ed,0,0
confirm,candidate:33000116:4ee:1,candidate,4ee,,33000116,1,win,119378.0,115713.0,3665.0,720,DONE,DONE,1.7639039999921806,bbffbe65dee6e0dc4dd0147fec897df74e16760b76ec7d2a2b38f636bc90555f,105,10559
confirm,baseline:33000116:v35:1,baseline,v35,,33000116,1,win,94563.0,75374.0,19189.0,720,DONE,DONE,0.44104210002114996,4eeac9c3ded6682d42213ad22242ebe3dbe294faecbee7a33a6543a1f1f783ed,0,0
confirm,candidate:33000116:cb76:0,candidate,cb76,,33000116,0,win,119378.0,115713.0,3665.0,720,DONE,DONE,1.8852637000090908,bbffbe65dee6e0dc4dd0147fec897df74e16760b76ec7d2a2b38f636bc90555f,105,10559
confirm,baseline:33000116:c95:0,baseline,c95,,33000116,0,win,146281.0,115605.0,30676.0,720,DONE,DONE,1.0657337000011466,4eeac9c3ded6682d42213ad22242ebe3dbe294faecbee7a33a6543a1f1f783ed,0,0
confirm,candidate:33000116:cb76:1,candidate,cb76,,33000116,1,win,119378.0,115713.0,3665.0,720,DONE,DONE,1.211458899982972,bbffbe65dee6e0dc4dd0147fec897df74e16760b76ec7d2a2b38f636bc90555f,105,10559
confirm,baseline:33000116:c95:1,baseline,c95,,33000116,1,win,146281.0,115605.0,30676.0,720,DONE,DONE,0.9860939999925904,4eeac9c3ded6682d42213ad22242ebe3dbe294faecbee7a33a6543a1f1f783ed,0,0
confirm,candidate:33000116:v35:0,candidate,v35,,33000116,0,win,94540.0,75418.0,19122.0,720,DONE,DONE,1.9905636999756098,bbffbe65dee6e0dc4dd0147fec897df74e16760b76ec7d2a2b38f636bc90555f,118,10396
confirm,candidate:33000116:v35:1,candidate,v35,,33000116,1,win,94540.0,75418.0,19122.0,720,DONE,DONE,1.9131898000196088,bbffbe65dee6e0dc4dd0147fec897df74e16760b76ec7d2a2b38f636bc90555f,118,10396
confirm,candidate:33000116:c95:0,candidate,c95,,33000116,0,win,146260.0,115624.0,30636.0,720,DONE,DONE,1.555624300002819,bbffbe65dee6e0dc4dd0147fec897df74e16760b76ec7d2a2b38f636bc90555f,112,10150
confirm,candidate:33000116:c95:1,candidate,c95,,33000116,1,win,146260.0,115624.0,30636.0,720,DONE,DONE,1.5425929000193719,bbffbe65dee6e0dc4dd0147fec897df74e16760b76ec7d2a2b38f636bc90555f,112,10150
