phase,job_id,version,rank,team,rival,seed,candidate_seat,candidate_sha256,candidate_reward,opponent_reward,margin,result,frames,candidate_status,opponent_status,error
screen,baseline:34010001:bbff:1,baseline,,,bbff,34010001,1,bbffbe65dee6e0dc4dd0147fec897df74e16760b76ec7d2a2b38f636bc90555f,86669.0,86669.0,0.0,draw,720,DONE,DONE,
screen,baseline:34010001:bbff:0,baseline,,,bbff,34010001,0,bbffbe65dee6e0dc4dd0147fec897df74e16760b76ec7d2a2b38f636bc90555f,86669.0,86669.0,0.0,draw,720,DONE,DONE,
screen,market:34010001:bbff:0,market,,,bbff,34010001,0,4ea1d89ac99758c6219bcd7d07b729de4dc5836260a25037ca973343b46c6289,86671.0,86666.0,5.0,win,720,DONE,DONE,
screen,market:34010001:bbff:1,market,,,bbff,34010001,1,4ea1d89ac99758c6219bcd7d07b729de4dc5836260a25037ca973343b46c6289,86671.0,86666.0,5.0,win,720,DONE,DONE,
screen,full:34010001:bbff:0,full,,,bbff,34010001,0,10c6ee86108ca5aa920a076686b24ed9ddea5ffbaca4944b8c6b3bac2c6678d8,86671.0,86666.0,5.0,win,720,DONE,DONE,
screen,full:34010001:bbff:1,full,,,bbff,34010001,1,10c6ee86108ca5aa920a076686b24ed9ddea5ffbaca4944b8c6b3bac2c6678d8,86671.0,86666.0,5.0,win,720,DONE,DONE,
screen,baseline:34010001:cb76:0,baseline,,,cb76,34010001,0,bbffbe65dee6e0dc4dd0147fec897df74e16760b76ec7d2a2b38f636bc90555f,88004.0,85058.0,2946.0,win,720,DONE,DONE,
screen,baseline:34010001:cb76:1,baseline,,,cb76,34010001,1,bbffbe65dee6e0dc4dd0147fec897df74e16760b76ec7d2a2b38f636bc90555f,88004.0,85058.0,2946.0,win,720,DONE,DONE,
screen,market:34010001:cb76:0,market,,,cb76,34010001,0,4ea1d89ac99758c6219bcd7d07b729de4dc5836260a25037ca973343b46c6289,87966.0,85096.0,2870.0,win,720,DONE,DONE,
screen,full:34010001:cb76:0,full,,,cb76,34010001,0,10c6ee86108ca5aa920a076686b24ed9ddea5ffbaca4944b8c6b3bac2c6678d8,87966.0,85096.0,2870.0,win,720,DONE,DONE,
screen,market:34010001:cb76:1,market,,,cb76,34010001,1,4ea1d89ac99758c6219bcd7d07b729de4dc5836260a25037ca973343b46c6289,87966.0,85096.0,2870.0,win,720,DONE,DONE,
screen,baseline:34010001:v35:0,baseline,,,v35,34010001,0,bbffbe65dee6e0dc4dd0147fec897df74e16760b76ec7d2a2b38f636bc90555f,92101.0,79559.0,12542.0,win,720,DONE,DONE,
screen,full:34010001:cb76:1,full,,,cb76,34010001,1,10c6ee86108ca5aa920a076686b24ed9ddea5ffbaca4944b8c6b3bac2c6678d8,87966.0,85096.0,2870.0,win,720,DONE,DONE,
screen,baseline:34010001:v35:1,baseline,,,v35,34010001,1,bbffbe65dee6e0dc4dd0147fec897df74e16760b76ec7d2a2b38f636bc90555f,92101.0,79559.0,12542.0,win,720,DONE,DONE,
screen,market:34010001:v35:0,market,,,v35,34010001,0,4ea1d89ac99758c6219bcd7d07b729de4dc5836260a25037ca973343b46c6289,92104.0,79556.0,12548.0,win,720,DONE,DONE,
screen,full:34010001:v35:0,full,,,v35,34010001,0,10c6ee86108ca5aa920a076686b24ed9ddea5ffbaca4944b8c6b3bac2c6678d8,92104.0,79556.0,12548.0,win,720,DONE,DONE,
screen,market:34010001:v35:1,market,,,v35,34010001,1,4ea1d89ac99758c6219bcd7d07b729de4dc5836260a25037ca973343b46c6289,92104.0,79556.0,12548.0,win,720,DONE,DONE,
screen,baseline:34010001:c95:0,baseline,,,c95,34010001,0,bbffbe65dee6e0dc4dd0147fec897df74e16760b76ec7d2a2b38f636bc90555f,96285.0,79705.0,16580.0,win,720,DONE,DONE,
screen,full:34010001:v35:1,full,,,v35,34010001,1,10c6ee86108ca5aa920a076686b24ed9ddea5ffbaca4944b8c6b3bac2c6678d8,92104.0,79556.0,12548.0,win,720,DONE,DONE,
screen,baseline:34010001:c95:1,baseline,,,c95,34010001,1,bbffbe65dee6e0dc4dd0147fec897df74e16760b76ec7d2a2b38f636bc90555f,95592.0,79985.0,15607.0,win,720,DONE,DONE,
screen,market:34010001:c95:0,market,,,c95,34010001,0,4ea1d89ac99758c6219bcd7d07b729de4dc5836260a25037ca973343b46c6289,96285.0,79705.0,16580.0,win,720,DONE,DONE,
screen,full:34010001:c95:0,full,,,c95,34010001,0,10c6ee86108ca5aa920a076686b24ed9ddea5ffbaca4944b8c6b3bac2c6678d8,96285.0,79705.0,16580.0,win,720,DONE,DONE,
screen,market:34010001:c95:1,market,,,c95,34010001,1,4ea1d89ac99758c6219bcd7d07b729de4dc5836260a25037ca973343b46c6289,95592.0,79985.0,15607.0,win,720,DONE,DONE,
screen,full:34010001:c95:1,full,,,c95,34010001,1,10c6ee86108ca5aa920a076686b24ed9ddea5ffbaca4944b8c6b3bac2c6678d8,95592.0,79985.0,15607.0,win,720,DONE,DONE,
screen,baseline:34010002:bbff:0,baseline,,,bbff,34010002,0,bbffbe65dee6e0dc4dd0147fec897df74e16760b76ec7d2a2b38f636bc90555f,134721.0,134721.0,0.0,draw,720,DONE,DONE,
screen,baseline:34010002:bbff:1,baseline,,,bbff,34010002,1,bbffbe65dee6e0dc4dd0147fec897df74e16760b76ec7d2a2b38f636bc90555f,134721.0,134721.0,0.0,draw,720,DONE,DONE,
screen,market:34010002:bbff:0,market,,,bbff,34010002,0,4ea1d89ac99758c6219bcd7d07b729de4dc5836260a25037ca973343b46c6289,134728.0,134718.0,10.0,win,720,DONE,DONE,
screen,full:34010002:bbff:0,full,,,bbff,34010002,0,10c6ee86108ca5aa920a076686b24ed9ddea5ffbaca4944b8c6b3bac2c6678d8,134728.0,134718.0,10.0,win,720,DONE,DONE,
screen,baseline:34010002:cb76:0,baseline,,,cb76,34010002,0,bbffbe65dee6e0dc4dd0147fec897df74e16760b76ec7d2a2b38f636bc90555f,135550.0,133627.0,1923.0,win,720,DONE,DONE,
screen,market:34010002:bbff:1,market,,,bbff,34010002,1,4ea1d89ac99758c6219bcd7d07b729de4dc5836260a25037ca973343b46c6289,134728.0,134718.0,10.0,win,720,DONE,DONE,
screen,full:34010002:bbff:1,full,,,bbff,34010002,1,10c6ee86108ca5aa920a076686b24ed9ddea5ffbaca4944b8c6b3bac2c6678d8,134728.0,134718.0,10.0,win,720,DONE,DONE,
screen,market:34010002:cb76:0,market,,,cb76,34010002,0,4ea1d89ac99758c6219bcd7d07b729de4dc5836260a25037ca973343b46c6289,135551.0,133628.0,1923.0,win,720,DONE,DONE,
screen,baseline:34010002:cb76:1,baseline,,,cb76,34010002,1,bbffbe65dee6e0dc4dd0147fec897df74e16760b76ec7d2a2b38f636bc90555f,135550.0,133627.0,1923.0,win,720,DONE,DONE,
screen,full:34010002:cb76:0,full,,,cb76,34010002,0,10c6ee86108ca5aa920a076686b24ed9ddea5ffbaca4944b8c6b3bac2c6678d8,135551.0,133628.0,1923.0,win,720,DONE,DONE,
screen,baseline:34010002:v35:0,baseline,,,v35,34010002,0,bbffbe65dee6e0dc4dd0147fec897df74e16760b76ec7d2a2b38f636bc90555f,128019.0,110349.0,17670.0,win,720,DONE,DONE,
screen,market:34010002:cb76:1,market,,,cb76,34010002,1,4ea1d89ac99758c6219bcd7d07b729de4dc5836260a25037ca973343b46c6289,135551.0,133628.0,1923.0,win,720,DONE,DONE,
screen,full:34010002:cb76:1,full,,,cb76,34010002,1,10c6ee86108ca5aa920a076686b24ed9ddea5ffbaca4944b8c6b3bac2c6678d8,135551.0,133628.0,1923.0,win,720,DONE,DONE,
screen,baseline:34010002:v35:1,baseline,,,v35,34010002,1,bbffbe65dee6e0dc4dd0147fec897df74e16760b76ec7d2a2b38f636bc90555f,128019.0,110349.0,17670.0,win,720,DONE,DONE,
screen,market:34010002:v35:0,market,,,v35,34010002,0,4ea1d89ac99758c6219bcd7d07b729de4dc5836260a25037ca973343b46c6289,128019.0,110349.0,17670.0,win,720,DONE,DONE,
screen,full:34010002:v35:0,full,,,v35,34010002,0,10c6ee86108ca5aa920a076686b24ed9ddea5ffbaca4944b8c6b3bac2c6678d8,128019.0,110349.0,17670.0,win,720,DONE,DONE,
screen,full:34010002:v35:1,full,,,v35,34010002,1,10c6ee86108ca5aa920a076686b24ed9ddea5ffbaca4944b8c6b3bac2c6678d8,128019.0,110349.0,17670.0,win,720,DONE,DONE,
screen,baseline:34010002:c95:0,baseline,,,c95,34010002,0,bbffbe65dee6e0dc4dd0147fec897df74e16760b76ec7d2a2b38f636bc90555f,128218.0,114369.0,13849.0,win,720,DONE,DONE,
screen,market:34010002:v35:1,market,,,v35,34010002,1,4ea1d89ac99758c6219bcd7d07b729de4dc5836260a25037ca973343b46c6289,128019.0,110349.0,17670.0,win,720,DONE,DONE,
screen,baseline:34010002:c95:1,baseline,,,c95,34010002,1,bbffbe65dee6e0dc4dd0147fec897df74e16760b76ec7d2a2b38f636bc90555f,128218.0,114369.0,13849.0,win,720,DONE,DONE,
screen,market:34010002:c95:0,market,,,c95,34010002,0,4ea1d89ac99758c6219bcd7d07b729de4dc5836260a25037ca973343b46c6289,128218.0,114369.0,13849.0,win,720,DONE,DONE,
screen,full:34010002:c95:0,full,,,c95,34010002,0,10c6ee86108ca5aa920a076686b24ed9ddea5ffbaca4944b8c6b3bac2c6678d8,128218.0,114369.0,13849.0,win,720,DONE,DONE,
screen,market:34010002:c95:1,market,,,c95,34010002,1,4ea1d89ac99758c6219bcd7d07b729de4dc5836260a25037ca973343b46c6289,128218.0,114369.0,13849.0,win,720,DONE,DONE,
screen,full:34010002:c95:1,full,,,c95,34010002,1,10c6ee86108ca5aa920a076686b24ed9ddea5ffbaca4944b8c6b3bac2c6678d8,128218.0,114369.0,13849.0,win,720,DONE,DONE,
screen,baseline:34010003:bbff:0,baseline,,,bbff,34010003,0,bbffbe65dee6e0dc4dd0147fec897df74e16760b76ec7d2a2b38f636bc90555f,116805.0,116805.0,0.0,draw,720,DONE,DONE,
screen,market:34010003:bbff:0,market,,,bbff,34010003,0,4ea1d89ac99758c6219bcd7d07b729de4dc5836260a25037ca973343b46c6289,116926.0,116677.0,249.0,win,720,DONE,DONE,
screen,baseline:34010003:bbff:1,baseline,,,bbff,34010003,1,bbffbe65dee6e0dc4dd0147fec897df74e16760b76ec7d2a2b38f636bc90555f,116805.0,116805.0,0.0,draw,720,DONE,DONE,
screen,baseline:34010003:cb76:0,baseline,,,cb76,34010003,0,bbffbe65dee6e0dc4dd0147fec897df74e16760b76ec7d2a2b38f636bc90555f,116953.0,116032.0,921.0,win,720,DONE,DONE,
screen,full:34010003:bbff:0,full,,,bbff,34010003,0,10c6ee86108ca5aa920a076686b24ed9ddea5ffbaca4944b8c6b3bac2c6678d8,116926.0,116677.0,249.0,win,720,DONE,DONE,
screen,market:34010003:bbff:1,market,,,bbff,34010003,1,4ea1d89ac99758c6219bcd7d07b729de4dc5836260a25037ca973343b46c6289,116926.0,116677.0,249.0,win,720,DONE,DONE,
screen,full:34010003:bbff:1,full,,,bbff,34010003,1,10c6ee86108ca5aa920a076686b24ed9ddea5ffbaca4944b8c6b3bac2c6678d8,116926.0,116677.0,249.0,win,720,DONE,DONE,
screen,baseline:34010003:cb76:1,baseline,,,cb76,34010003,1,bbffbe65dee6e0dc4dd0147fec897df74e16760b76ec7d2a2b38f636bc90555f,116953.0,116032.0,921.0,win,720,DONE,DONE,
screen,market:34010003:cb76:0,market,,,cb76,34010003,0,4ea1d89ac99758c6219bcd7d07b729de4dc5836260a25037ca973343b46c6289,117054.0,115915.0,1139.0,win,720,DONE,DONE,
screen,full:34010003:cb76:0,full,,,cb76,34010003,0,10c6ee86108ca5aa920a076686b24ed9ddea5ffbaca4944b8c6b3bac2c6678d8,117054.0,115915.0,1139.0,win,720,DONE,DONE,
screen,full:34010003:cb76:1,full,,,cb76,34010003,1,10c6ee86108ca5aa920a076686b24ed9ddea5ffbaca4944b8c6b3bac2c6678d8,117054.0,115915.0,1139.0,win,720,DONE,DONE,
screen,baseline:34010003:v35:0,baseline,,,v35,34010003,0,bbffbe65dee6e0dc4dd0147fec897df74e16760b76ec7d2a2b38f636bc90555f,102243.0,79269.0,22974.0,win,720,DONE,DONE,
screen,market:34010003:cb76:1,market,,,cb76,34010003,1,4ea1d89ac99758c6219bcd7d07b729de4dc5836260a25037ca973343b46c6289,117054.0,115915.0,1139.0,win,720,DONE,DONE,
screen,market:34010003:v35:0,market,,,v35,34010003,0,4ea1d89ac99758c6219bcd7d07b729de4dc5836260a25037ca973343b46c6289,102254.0,79258.0,22996.0,win,720,DONE,DONE,
screen,baseline:34010003:v35:1,baseline,,,v35,34010003,1,bbffbe65dee6e0dc4dd0147fec897df74e16760b76ec7d2a2b38f636bc90555f,102243.0,79269.0,22974.0,win,720,DONE,DONE,
screen,full:34010003:v35:0,full,,,v35,34010003,0,10c6ee86108ca5aa920a076686b24ed9ddea5ffbaca4944b8c6b3bac2c6678d8,102254.0,79258.0,22996.0,win,720,DONE,DONE,
screen,baseline:34010003:c95:0,baseline,,,c95,34010003,0,bbffbe65dee6e0dc4dd0147fec897df74e16760b76ec7d2a2b38f636bc90555f,107266.0,98971.0,8295.0,win,720,DONE,DONE,
screen,market:34010003:v35:1,market,,,v35,34010003,1,4ea1d89ac99758c6219bcd7d07b729de4dc5836260a25037ca973343b46c6289,102254.0,79258.0,22996.0,win,720,DONE,DONE,
screen,full:34010003:v35:1,full,,,v35,34010003,1,10c6ee86108ca5aa920a076686b24ed9ddea5ffbaca4944b8c6b3bac2c6678d8,102254.0,79258.0,22996.0,win,720,DONE,DONE,
screen,market:34010003:c95:0,market,,,c95,34010003,0,4ea1d89ac99758c6219bcd7d07b729de4dc5836260a25037ca973343b46c6289,107269.0,98968.0,8301.0,win,720,DONE,DONE,
screen,baseline:34010003:c95:1,baseline,,,c95,34010003,1,bbffbe65dee6e0dc4dd0147fec897df74e16760b76ec7d2a2b38f636bc90555f,107937.0,98971.0,8966.0,win,720,DONE,DONE,
screen,full:34010003:c95:0,full,,,c95,34010003,0,10c6ee86108ca5aa920a076686b24ed9ddea5ffbaca4944b8c6b3bac2c6678d8,107269.0,98968.0,8301.0,win,720,DONE,DONE,
screen,full:34010003:c95:1,full,,,c95,34010003,1,10c6ee86108ca5aa920a076686b24ed9ddea5ffbaca4944b8c6b3bac2c6678d8,107940.0,98968.0,8972.0,win,720,DONE,DONE,
screen,market:34010003:c95:1,market,,,c95,34010003,1,4ea1d89ac99758c6219bcd7d07b729de4dc5836260a25037ca973343b46c6289,107940.0,98968.0,8972.0,win,720,DONE,DONE,
screen,baseline:34010004:bbff:0,baseline,,,bbff,34010004,0,bbffbe65dee6e0dc4dd0147fec897df74e16760b76ec7d2a2b38f636bc90555f,87716.0,87716.0,0.0,draw,720,DONE,DONE,
screen,baseline:34010004:bbff:1,baseline,,,bbff,34010004,1,bbffbe65dee6e0dc4dd0147fec897df74e16760b76ec7d2a2b38f636bc90555f,87716.0,87716.0,0.0,draw,720,DONE,DONE,
screen,market:34010004:bbff:0,market,,,bbff,34010004,0,4ea1d89ac99758c6219bcd7d07b729de4dc5836260a25037ca973343b46c6289,86207.0,87458.0,-1251.0,loss,720,DONE,DONE,
screen,full:34010004:bbff:0,full,,,bbff,34010004,0,10c6ee86108ca5aa920a076686b24ed9ddea5ffbaca4944b8c6b3bac2c6678d8,86207.0,87458.0,-1251.0,loss,720,DONE,DONE,
screen,market:34010004:bbff:1,market,,,bbff,34010004,1,4ea1d89ac99758c6219bcd7d07b729de4dc5836260a25037ca973343b46c6289,86207.0,87458.0,-1251.0,loss,720,DONE,DONE,
screen,full:34010004:bbff:1,full,,,bbff,34010004,1,10c6ee86108ca5aa920a076686b24ed9ddea5ffbaca4944b8c6b3bac2c6678d8,86207.0,87458.0,-1251.0,loss,720,DONE,DONE,
screen,baseline:34010004:cb76:0,baseline,,,cb76,34010004,0,bbffbe65dee6e0dc4dd0147fec897df74e16760b76ec7d2a2b38f636bc90555f,98728.0,95341.0,3387.0,win,720,DONE,DONE,
screen,market:34010004:cb76:0,market,,,cb76,34010004,0,4ea1d89ac99758c6219bcd7d07b729de4dc5836260a25037ca973343b46c6289,98667.0,95403.0,3264.0,win,720,DONE,DONE,
screen,baseline:34010004:cb76:1,baseline,,,cb76,34010004,1,bbffbe65dee6e0dc4dd0147fec897df74e16760b76ec7d2a2b38f636bc90555f,98728.0,95341.0,3387.0,win,720,DONE,DONE,
screen,full:34010004:cb76:0,full,,,cb76,34010004,0,10c6ee86108ca5aa920a076686b24ed9ddea5ffbaca4944b8c6b3bac2c6678d8,98667.0,95403.0,3264.0,win,720,DONE,DONE,
screen,baseline:34010004:v35:0,baseline,,,v35,34010004,0,bbffbe65dee6e0dc4dd0147fec897df74e16760b76ec7d2a2b38f636bc90555f,98437.0,70581.0,27856.0,win,720,DONE,DONE,
screen,market:34010004:cb76:1,market,,,cb76,34010004,1,4ea1d89ac99758c6219bcd7d07b729de4dc5836260a25037ca973343b46c6289,98667.0,95403.0,3264.0,win,720,DONE,DONE,
screen,full:34010004:cb76:1,full,,,cb76,34010004,1,10c6ee86108ca5aa920a076686b24ed9ddea5ffbaca4944b8c6b3bac2c6678d8,98667.0,95403.0,3264.0,win,720,DONE,DONE,
screen,baseline:34010004:v35:1,baseline,,,v35,34010004,1,bbffbe65dee6e0dc4dd0147fec897df74e16760b76ec7d2a2b38f636bc90555f,98437.0,70581.0,27856.0,win,720,DONE,DONE,
screen,market:34010004:v35:0,market,,,v35,34010004,0,4ea1d89ac99758c6219bcd7d07b729de4dc5836260a25037ca973343b46c6289,98437.0,70581.0,27856.0,win,720,DONE,DONE,
screen,full:34010004:v35:0,full,,,v35,34010004,0,10c6ee86108ca5aa920a076686b24ed9ddea5ffbaca4944b8c6b3bac2c6678d8,98437.0,70581.0,27856.0,win,720,DONE,DONE,
screen,baseline:34010004:c95:0,baseline,,,c95,34010004,0,bbffbe65dee6e0dc4dd0147fec897df74e16760b76ec7d2a2b38f636bc90555f,79895.0,45508.0,34387.0,win,720,DONE,DONE,
screen,market:34010004:v35:1,market,,,v35,34010004,1,4ea1d89ac99758c6219bcd7d07b729de4dc5836260a25037ca973343b46c6289,98437.0,70581.0,27856.0,win,720,DONE,DONE,
screen,full:34010004:v35:1,full,,,v35,34010004,1,10c6ee86108ca5aa920a076686b24ed9ddea5ffbaca4944b8c6b3bac2c6678d8,98437.0,70581.0,27856.0,win,720,DONE,DONE,
screen,baseline:34010004:c95:1,baseline,,,c95,34010004,1,bbffbe65dee6e0dc4dd0147fec897df74e16760b76ec7d2a2b38f636bc90555f,79895.0,45508.0,34387.0,win,720,DONE,DONE,
screen,market:34010004:c95:0,market,,,c95,34010004,0,4ea1d89ac99758c6219bcd7d07b729de4dc5836260a25037ca973343b46c6289,79897.0,45506.0,34391.0,win,720,DONE,DONE,
screen,full:34010004:c95:0,full,,,c95,34010004,0,10c6ee86108ca5aa920a076686b24ed9ddea5ffbaca4944b8c6b3bac2c6678d8,79897.0,45506.0,34391.0,win,720,DONE,DONE,
screen,market:34010004:c95:1,market,,,c95,34010004,1,4ea1d89ac99758c6219bcd7d07b729de4dc5836260a25037ca973343b46c6289,79897.0,45506.0,34391.0,win,720,DONE,DONE,
screen,full:34010004:c95:1,full,,,c95,34010004,1,10c6ee86108ca5aa920a076686b24ed9ddea5ffbaca4944b8c6b3bac2c6678d8,79897.0,45506.0,34391.0,win,720,DONE,DONE,
top20,baseline:16732748:115323250:0,baseline,2,DSM,DSM,739900353,0,bbffbe65dee6e0dc4dd0147fec897df74e16760b76ec7d2a2b38f636bc90555f,159437.0,55081.0,104356.0,win,720,DONE,DONE,
top20,baseline:16623559:115321748:1,baseline,1,DECEM,DECEM,1590754653,1,bbffbe65dee6e0dc4dd0147fec897df74e16760b76ec7d2a2b38f636bc90555f,134696.0,75999.0,58697.0,win,720,DONE,DONE,
top20,baseline:16623559:115321748:0,baseline,1,DECEM,DECEM,1590754653,0,bbffbe65dee6e0dc4dd0147fec897df74e16760b76ec7d2a2b38f636bc90555f,134696.0,75999.0,58697.0,win,720,DONE,DONE,
top20,candidate:16732748:115323250:0,candidate,2,DSM,DSM,739900353,0,4ea1d89ac99758c6219bcd7d07b729de4dc5836260a25037ca973343b46c6289,159438.0,55081.0,104357.0,win,720,DONE,DONE,
top20,candidate:16623559:115321748:1,candidate,1,DECEM,DECEM,1590754653,1,4ea1d89ac99758c6219bcd7d07b729de4dc5836260a25037ca973343b46c6289,134696.0,75999.0,58697.0,win,720,DONE,DONE,
top20,candidate:16623559:115321748:0,candidate,1,DECEM,DECEM,1590754653,0,4ea1d89ac99758c6219bcd7d07b729de4dc5836260a25037ca973343b46c6289,134696.0,75999.0,58697.0,win,720,DONE,DONE,
top20,baseline:16732748:115323250:1,baseline,2,DSM,DSM,739900353,1,bbffbe65dee6e0dc4dd0147fec897df74e16760b76ec7d2a2b38f636bc90555f,159437.0,55081.0,104356.0,win,720,DONE,DONE,
top20,baseline:16915014:115323250:0,baseline,3,Boey,Boey,739900353,0,bbffbe65dee6e0dc4dd0147fec897df74e16760b76ec7d2a2b38f636bc90555f,105576.0,97011.0,8565.0,win,720,DONE,DONE,
top20,baseline:16915014:115323250:1,baseline,3,Boey,Boey,739900353,1,bbffbe65dee6e0dc4dd0147fec897df74e16760b76ec7d2a2b38f636bc90555f,105576.0,97011.0,8565.0,win,720,DONE,DONE,
top20,candidate:16732748:115323250:1,candidate,2,DSM,DSM,739900353,1,4ea1d89ac99758c6219bcd7d07b729de4dc5836260a25037ca973343b46c6289,159438.0,55081.0,104357.0,win,720,DONE,DONE,
top20,candidate:16915014:115323250:0,candidate,3,Boey,Boey,739900353,0,4ea1d89ac99758c6219bcd7d07b729de4dc5836260a25037ca973343b46c6289,105576.0,97011.0,8565.0,win,720,DONE,DONE,
top20,candidate:16915014:115323250:1,candidate,3,Boey,Boey,739900353,1,4ea1d89ac99758c6219bcd7d07b729de4dc5836260a25037ca973343b46c6289,105576.0,97011.0,8565.0,win,720,DONE,DONE,
top20,baseline:16770421:115323543:0,baseline,4,Vadim Vasilenko,Vadim Vasilenko,1021797774,0,bbffbe65dee6e0dc4dd0147fec897df74e16760b76ec7d2a2b38f636bc90555f,146427.0,118426.0,28001.0,win,720,DONE,DONE,
top20,baseline:16712258:115321748:0,baseline,5,Yizhou,Yizhou,1590754653,0,bbffbe65dee6e0dc4dd0147fec897df74e16760b76ec7d2a2b38f636bc90555f,133161.0,69734.0,63427.0,win,720,DONE,DONE,
top20,baseline:16770421:115323543:1,baseline,4,Vadim Vasilenko,Vadim Vasilenko,1021797774,1,bbffbe65dee6e0dc4dd0147fec897df74e16760b76ec7d2a2b38f636bc90555f,146427.0,118426.0,28001.0,win,720,DONE,DONE,
top20,candidate:16770421:115323543:0,candidate,4,Vadim Vasilenko,Vadim Vasilenko,1021797774,0,4ea1d89ac99758c6219bcd7d07b729de4dc5836260a25037ca973343b46c6289,146427.0,118426.0,28001.0,win,720,DONE,DONE,
top20,candidate:16770421:115323543:1,candidate,4,Vadim Vasilenko,Vadim Vasilenko,1021797774,1,4ea1d89ac99758c6219bcd7d07b729de4dc5836260a25037ca973343b46c6289,146427.0,118426.0,28001.0,win,720,DONE,DONE,
top20,candidate:16712258:115321748:0,candidate,5,Yizhou,Yizhou,1590754653,0,4ea1d89ac99758c6219bcd7d07b729de4dc5836260a25037ca973343b46c6289,133161.0,69734.0,63427.0,win,720,DONE,DONE,
top20,baseline:16712258:115321748:1,baseline,5,Yizhou,Yizhou,1590754653,1,bbffbe65dee6e0dc4dd0147fec897df74e16760b76ec7d2a2b38f636bc90555f,133161.0,69734.0,63427.0,win,720,DONE,DONE,
top20,baseline:16730612:115320871:0,baseline,6,Unknown Mother-Goose,Unknown Mother-Goose,1267268912,0,bbffbe65dee6e0dc4dd0147fec897df74e16760b76ec7d2a2b38f636bc90555f,161440.0,121407.0,40033.0,win,720,DONE,DONE,
top20,baseline:16730612:115320871:1,baseline,6,Unknown Mother-Goose,Unknown Mother-Goose,1267268912,1,bbffbe65dee6e0dc4dd0147fec897df74e16760b76ec7d2a2b38f636bc90555f,161440.0,121407.0,40033.0,win,720,DONE,DONE,
top20,candidate:16730612:115320871:0,candidate,6,Unknown Mother-Goose,Unknown Mother-Goose,1267268912,0,4ea1d89ac99758c6219bcd7d07b729de4dc5836260a25037ca973343b46c6289,161439.0,121407.0,40032.0,win,720,DONE,DONE,
top20,candidate:16712258:115321748:1,candidate,5,Yizhou,Yizhou,1590754653,1,4ea1d89ac99758c6219bcd7d07b729de4dc5836260a25037ca973343b46c6289,133161.0,69734.0,63427.0,win,720,DONE,DONE,
top20,candidate:16730612:115320871:1,candidate,6,Unknown Mother-Goose,Unknown Mother-Goose,1267268912,1,4ea1d89ac99758c6219bcd7d07b729de4dc5836260a25037ca973343b46c6289,161439.0,121407.0,40032.0,win,720,DONE,DONE,
top20,baseline:16623716:115319406:0,baseline,7,tetsuya & yuanzhe & guoqin,tetsuya & yuanzhe & guoqin,17339380,0,bbffbe65dee6e0dc4dd0147fec897df74e16760b76ec7d2a2b38f636bc90555f,159422.0,132237.0,27185.0,win,720,DONE,DONE,
top20,candidate:16623716:115319406:0,candidate,7,tetsuya & yuanzhe & guoqin,tetsuya & yuanzhe & guoqin,17339380,0,4ea1d89ac99758c6219bcd7d07b729de4dc5836260a25037ca973343b46c6289,159422.0,132237.0,27185.0,win,720,DONE,DONE,
top20,baseline:16623716:115319406:1,baseline,7,tetsuya & yuanzhe & guoqin,tetsuya & yuanzhe & guoqin,17339380,1,bbffbe65dee6e0dc4dd0147fec897df74e16760b76ec7d2a2b38f636bc90555f,159422.0,132237.0,27185.0,win,720,DONE,DONE,
top20,baseline:16628664:115320871:0,baseline,8,Anton Tikhonov,Anton Tikhonov,1267268912,0,bbffbe65dee6e0dc4dd0147fec897df74e16760b76ec7d2a2b38f636bc90555f,141656.0,142236.0,-580.0,loss,720,DONE,DONE,
top20,candidate:16623716:115319406:1,candidate,7,tetsuya & yuanzhe & guoqin,tetsuya & yuanzhe & guoqin,17339380,1,4ea1d89ac99758c6219bcd7d07b729de4dc5836260a25037ca973343b46c6289,159422.0,132237.0,27185.0,win,720,DONE,DONE,
top20,candidate:16628664:115320871:0,candidate,8,Anton Tikhonov,Anton Tikhonov,1267268912,0,4ea1d89ac99758c6219bcd7d07b729de4dc5836260a25037ca973343b46c6289,141657.0,142234.0,-577.0,loss,720,DONE,DONE,
top20,baseline:16628664:115320871:1,baseline,8,Anton Tikhonov,Anton Tikhonov,1267268912,1,bbffbe65dee6e0dc4dd0147fec897df74e16760b76ec7d2a2b38f636bc90555f,141656.0,142236.0,-580.0,loss,720,DONE,DONE,
top20,baseline:16634580:115320793:0,baseline,9,akmr,akmr,1585684253,0,bbffbe65dee6e0dc4dd0147fec897df74e16760b76ec7d2a2b38f636bc90555f,89067.0,98763.0,-9696.0,loss,720,DONE,DONE,
top20,candidate:16628664:115320871:1,candidate,8,Anton Tikhonov,Anton Tikhonov,1267268912,1,4ea1d89ac99758c6219bcd7d07b729de4dc5836260a25037ca973343b46c6289,141657.0,142234.0,-577.0,loss,720,DONE,DONE,
top20,baseline:16634580:115320793:1,baseline,9,akmr,akmr,1585684253,1,bbffbe65dee6e0dc4dd0147fec897df74e16760b76ec7d2a2b38f636bc90555f,89067.0,98763.0,-9696.0,loss,720,DONE,DONE,
top20,candidate:16634580:115320793:0,candidate,9,akmr,akmr,1585684253,0,4ea1d89ac99758c6219bcd7d07b729de4dc5836260a25037ca973343b46c6289,89067.0,98762.0,-9695.0,loss,720,DONE,DONE,
top20,baseline:16718819:115317514:0,baseline,10,Majkel1337,Majkel1337,1747201981,0,bbffbe65dee6e0dc4dd0147fec897df74e16760b76ec7d2a2b38f636bc90555f,64919.0,75679.0,-10760.0,loss,720,DONE,DONE,
top20,candidate:16634580:115320793:1,candidate,9,akmr,akmr,1585684253,1,4ea1d89ac99758c6219bcd7d07b729de4dc5836260a25037ca973343b46c6289,89067.0,98762.0,-9695.0,loss,720,DONE,DONE,
top20,candidate:16718819:115317514:0,candidate,10,Majkel1337,Majkel1337,1747201981,0,4ea1d89ac99758c6219bcd7d07b729de4dc5836260a25037ca973343b46c6289,64922.0,75676.0,-10754.0,loss,720,DONE,DONE,
top20,baseline:16718819:115317514:1,baseline,10,Majkel1337,Majkel1337,1747201981,1,bbffbe65dee6e0dc4dd0147fec897df74e16760b76ec7d2a2b38f636bc90555f,64919.0,75679.0,-10760.0,loss,720,DONE,DONE,
top20,candidate:16718819:115317514:1,candidate,10,Majkel1337,Majkel1337,1747201981,1,4ea1d89ac99758c6219bcd7d07b729de4dc5836260a25037ca973343b46c6289,64922.0,75676.0,-10754.0,loss,720,DONE,DONE,
top20,baseline:16804022:115318890:0,baseline,11,monsaraida,monsaraida,144720027,0,bbffbe65dee6e0dc4dd0147fec897df74e16760b76ec7d2a2b38f636bc90555f,122635.0,109156.0,13479.0,win,720,DONE,DONE,
top20,candidate:16804022:115318890:0,candidate,11,monsaraida,monsaraida,144720027,0,4ea1d89ac99758c6219bcd7d07b729de4dc5836260a25037ca973343b46c6289,122635.0,109156.0,13479.0,win,720,DONE,DONE,
top20,baseline:16657750:115319406:0,baseline,12,Zenith,Zenith,17339380,0,bbffbe65dee6e0dc4dd0147fec897df74e16760b76ec7d2a2b38f636bc90555f,153162.0,65606.0,87556.0,win,720,DONE,DONE,
top20,baseline:16804022:115318890:1,baseline,11,monsaraida,monsaraida,144720027,1,bbffbe65dee6e0dc4dd0147fec897df74e16760b76ec7d2a2b38f636bc90555f,122635.0,109156.0,13479.0,win,720,DONE,DONE,
top20,candidate:16804022:115318890:1,candidate,11,monsaraida,monsaraida,144720027,1,4ea1d89ac99758c6219bcd7d07b729de4dc5836260a25037ca973343b46c6289,122635.0,109156.0,13479.0,win,720,DONE,DONE,
top20,baseline:16657750:115319406:1,baseline,12,Zenith,Zenith,17339380,1,bbffbe65dee6e0dc4dd0147fec897df74e16760b76ec7d2a2b38f636bc90555f,153162.0,65606.0,87556.0,win,720,DONE,DONE,
top20,candidate:16657750:115319406:0,candidate,12,Zenith,Zenith,17339380,0,4ea1d89ac99758c6219bcd7d07b729de4dc5836260a25037ca973343b46c6289,153162.0,65606.0,87556.0,win,720,DONE,DONE,
top20,candidate:16657750:115319406:1,candidate,12,Zenith,Zenith,17339380,1,4ea1d89ac99758c6219bcd7d07b729de4dc5836260a25037ca973343b46c6289,153162.0,65606.0,87556.0,win,720,DONE,DONE,
top20,baseline:16866398:115322222:0,baseline,14,feles99,feles99,308835460,0,bbffbe65dee6e0dc4dd0147fec897df74e16760b76ec7d2a2b38f636bc90555f,159849.0,129100.0,30749.0,win,720,DONE,DONE,
top20,baseline:16670384:115323543:0,baseline,13,Gordeev Max,Gordeev Max,1021797774,0,bbffbe65dee6e0dc4dd0147fec897df74e16760b76ec7d2a2b38f636bc90555f,140018.0,85563.0,54455.0,win,720,DONE,DONE,
top20,candidate:16670384:115323543:0,candidate,13,Gordeev Max,Gordeev Max,1021797774,0,4ea1d89ac99758c6219bcd7d07b729de4dc5836260a25037ca973343b46c6289,140018.0,85563.0,54455.0,win,720,DONE,DONE,
top20,baseline:16670384:115323543:1,baseline,13,Gordeev Max,Gordeev Max,1021797774,1,bbffbe65dee6e0dc4dd0147fec897df74e16760b76ec7d2a2b38f636bc90555f,140018.0,85563.0,54455.0,win,720,DONE,DONE,
top20,baseline:16866398:115322222:1,baseline,14,feles99,feles99,308835460,1,bbffbe65dee6e0dc4dd0147fec897df74e16760b76ec7d2a2b38f636bc90555f,159849.0,129100.0,30749.0,win,720,DONE,DONE,
top20,candidate:16866398:115322222:0,candidate,14,feles99,feles99,308835460,0,4ea1d89ac99758c6219bcd7d07b729de4dc5836260a25037ca973343b46c6289,159856.0,129095.0,30761.0,win,720,DONE,DONE,
top20,candidate:16670384:115323543:1,candidate,13,Gordeev Max,Gordeev Max,1021797774,1,4ea1d89ac99758c6219bcd7d07b729de4dc5836260a25037ca973343b46c6289,140018.0,85563.0,54455.0,win,720,DONE,DONE,
top20,candidate:16866398:115322222:1,candidate,14,feles99,feles99,308835460,1,4ea1d89ac99758c6219bcd7d07b729de4dc5836260a25037ca973343b46c6289,159856.0,129095.0,30761.0,win,720,DONE,DONE,
top20,baseline:16667959:115317937:0,baseline,15,Fourth Quadrant,Fourth Quadrant,64842527,0,bbffbe65dee6e0dc4dd0147fec897df74e16760b76ec7d2a2b38f636bc90555f,107794.0,49497.0,58297.0,win,720,DONE,DONE,
top20,baseline:16667959:115317937:1,baseline,15,Fourth Quadrant,Fourth Quadrant,64842527,1,bbffbe65dee6e0dc4dd0147fec897df74e16760b76ec7d2a2b38f636bc90555f,131670.0,53483.0,78187.0,win,720,DONE,DONE,
top20,baseline:16684994:115319133:0,baseline,16,TKNP,TKNP,1678796803,0,bbffbe65dee6e0dc4dd0147fec897df74e16760b76ec7d2a2b38f636bc90555f,116567.0,110833.0,5734.0,win,720,DONE,DONE,
top20,candidate:16667959:115317937:0,candidate,15,Fourth Quadrant,Fourth Quadrant,64842527,0,4ea1d89ac99758c6219bcd7d07b729de4dc5836260a25037ca973343b46c6289,107795.0,49492.0,58303.0,win,720,DONE,DONE,
top20,candidate:16667959:115317937:1,candidate,15,Fourth Quadrant,Fourth Quadrant,64842527,1,4ea1d89ac99758c6219bcd7d07b729de4dc5836260a25037ca973343b46c6289,131675.0,53475.0,78200.0,win,720,DONE,DONE,
top20,candidate:16684994:115319133:0,candidate,16,TKNP,TKNP,1678796803,0,4ea1d89ac99758c6219bcd7d07b729de4dc5836260a25037ca973343b46c6289,116567.0,110833.0,5734.0,win,720,DONE,DONE,
top20,baseline:16684994:115319133:1,baseline,16,TKNP,TKNP,1678796803,1,bbffbe65dee6e0dc4dd0147fec897df74e16760b76ec7d2a2b38f636bc90555f,116567.0,110833.0,5734.0,win,720,DONE,DONE,
top20,baseline:16862183:115318066:0,baseline,17,Smackaveli,Smackaveli,1434656883,0,bbffbe65dee6e0dc4dd0147fec897df74e16760b76ec7d2a2b38f636bc90555f,159965.0,61086.0,98879.0,win,720,DONE,DONE,
top20,candidate:16684994:115319133:1,candidate,16,TKNP,TKNP,1678796803,1,4ea1d89ac99758c6219bcd7d07b729de4dc5836260a25037ca973343b46c6289,116567.0,110833.0,5734.0,win,720,DONE,DONE,
top20,baseline:16862183:115318066:1,baseline,17,Smackaveli,Smackaveli,1434656883,1,bbffbe65dee6e0dc4dd0147fec897df74e16760b76ec7d2a2b38f636bc90555f,159965.0,61086.0,98879.0,win,720,DONE,DONE,
top20,candidate:16862183:115318066:0,candidate,17,Smackaveli,Smackaveli,1434656883,0,4ea1d89ac99758c6219bcd7d07b729de4dc5836260a25037ca973343b46c6289,159965.0,61086.0,98879.0,win,720,DONE,DONE,
top20,baseline:16623697:115319331:0,baseline,18,yuto083,yuto083,2009789541,0,bbffbe65dee6e0dc4dd0147fec897df74e16760b76ec7d2a2b38f636bc90555f,147603.0,82163.0,65440.0,win,720,DONE,DONE,
top20,candidate:16862183:115318066:1,candidate,17,Smackaveli,Smackaveli,1434656883,1,4ea1d89ac99758c6219bcd7d07b729de4dc5836260a25037ca973343b46c6289,159965.0,61086.0,98879.0,win,720,DONE,DONE,
top20,candidate:16623697:115319331:0,candidate,18,yuto083,yuto083,2009789541,0,4ea1d89ac99758c6219bcd7d07b729de4dc5836260a25037ca973343b46c6289,147603.0,82163.0,65440.0,win,720,DONE,DONE,
top20,baseline:16623697:115319331:1,baseline,18,yuto083,yuto083,2009789541,1,bbffbe65dee6e0dc4dd0147fec897df74e16760b76ec7d2a2b38f636bc90555f,148375.0,82161.0,66214.0,win,720,DONE,DONE,
top20,candidate:16623697:115319331:1,candidate,18,yuto083,yuto083,2009789541,1,4ea1d89ac99758c6219bcd7d07b729de4dc5836260a25037ca973343b46c6289,148375.0,82161.0,66214.0,win,720,DONE,DONE,
top20,baseline:16854176:115322168:0,baseline,19,吃白饭的大肥鱼,吃白饭的大肥鱼,496608776,0,bbffbe65dee6e0dc4dd0147fec897df74e16760b76ec7d2a2b38f636bc90555f,110258.0,118604.0,-8346.0,loss,720,DONE,DONE,
top20,baseline:16854176:115322168:1,baseline,19,吃白饭的大肥鱼,吃白饭的大肥鱼,496608776,1,bbffbe65dee6e0dc4dd0147fec897df74e16760b76ec7d2a2b38f636bc90555f,110258.0,118604.0,-8346.0,loss,720,DONE,DONE,
top20,candidate:16854176:115322168:0,candidate,19,吃白饭的大肥鱼,吃白饭的大肥鱼,496608776,0,4ea1d89ac99758c6219bcd7d07b729de4dc5836260a25037ca973343b46c6289,110259.0,118604.0,-8345.0,loss,720,DONE,DONE,
top20,baseline:16760699:115318067:0,baseline,20,Luca,Luca,818251128,0,bbffbe65dee6e0dc4dd0147fec897df74e16760b76ec7d2a2b38f636bc90555f,206850.0,77234.0,129616.0,win,720,DONE,DONE,
top20,candidate:16854176:115322168:1,candidate,19,吃白饭的大肥鱼,吃白饭的大肥鱼,496608776,1,4ea1d89ac99758c6219bcd7d07b729de4dc5836260a25037ca973343b46c6289,110259.0,118604.0,-8345.0,loss,720,DONE,DONE,
top20,candidate:16760699:115318067:0,candidate,20,Luca,Luca,818251128,0,4ea1d89ac99758c6219bcd7d07b729de4dc5836260a25037ca973343b46c6289,206850.0,77234.0,129616.0,win,720,DONE,DONE,
top20,baseline:16760699:115318067:1,baseline,20,Luca,Luca,818251128,1,bbffbe65dee6e0dc4dd0147fec897df74e16760b76ec7d2a2b38f636bc90555f,206850.0,77234.0,129616.0,win,720,DONE,DONE,
top20,candidate:16760699:115318067:1,candidate,20,Luca,Luca,818251128,1,4ea1d89ac99758c6219bcd7d07b729de4dc5836260a25037ca973343b46c6289,206850.0,77234.0,129616.0,win,720,DONE,DONE,
top100,baseline:16732748:115323250:0,baseline,2,DSM,DSM,739900353,0,bbffbe65dee6e0dc4dd0147fec897df74e16760b76ec7d2a2b38f636bc90555f,159437.0,55081.0,104356.0,win,720,DONE,DONE,
top100,baseline:16623559:115321748:1,baseline,1,DECEM,DECEM,1590754653,1,bbffbe65dee6e0dc4dd0147fec897df74e16760b76ec7d2a2b38f636bc90555f,134696.0,75999.0,58697.0,win,720,DONE,DONE,
top100,baseline:16623559:115321748:0,baseline,1,DECEM,DECEM,1590754653,0,bbffbe65dee6e0dc4dd0147fec897df74e16760b76ec7d2a2b38f636bc90555f,134696.0,75999.0,58697.0,win,720,DONE,DONE,
top100,candidate:16732748:115323250:0,candidate,2,DSM,DSM,739900353,0,4ea1d89ac99758c6219bcd7d07b729de4dc5836260a25037ca973343b46c6289,159438.0,55081.0,104357.0,win,720,DONE,DONE,
top100,candidate:16623559:115321748:1,candidate,1,DECEM,DECEM,1590754653,1,4ea1d89ac99758c6219bcd7d07b729de4dc5836260a25037ca973343b46c6289,134696.0,75999.0,58697.0,win,720,DONE,DONE,
top100,candidate:16623559:115321748:0,candidate,1,DECEM,DECEM,1590754653,0,4ea1d89ac99758c6219bcd7d07b729de4dc5836260a25037ca973343b46c6289,134696.0,75999.0,58697.0,win,720,DONE,DONE,
top100,baseline:16732748:115323250:1,baseline,2,DSM,DSM,739900353,1,bbffbe65dee6e0dc4dd0147fec897df74e16760b76ec7d2a2b38f636bc90555f,159437.0,55081.0,104356.0,win,720,DONE,DONE,
top100,baseline:16915014:115323250:0,baseline,3,Boey,Boey,739900353,0,bbffbe65dee6e0dc4dd0147fec897df74e16760b76ec7d2a2b38f636bc90555f,105576.0,97011.0,8565.0,win,720,DONE,DONE,
top100,baseline:16915014:115323250:1,baseline,3,Boey,Boey,739900353,1,bbffbe65dee6e0dc4dd0147fec897df74e16760b76ec7d2a2b38f636bc90555f,105576.0,97011.0,8565.0,win,720,DONE,DONE,
top100,candidate:16732748:115323250:1,candidate,2,DSM,DSM,739900353,1,4ea1d89ac99758c6219bcd7d07b729de4dc5836260a25037ca973343b46c6289,159438.0,55081.0,104357.0,win,720,DONE,DONE,
top100,candidate:16915014:115323250:0,candidate,3,Boey,Boey,739900353,0,4ea1d89ac99758c6219bcd7d07b729de4dc5836260a25037ca973343b46c6289,105576.0,97011.0,8565.0,win,720,DONE,DONE,
top100,candidate:16915014:115323250:1,candidate,3,Boey,Boey,739900353,1,4ea1d89ac99758c6219bcd7d07b729de4dc5836260a25037ca973343b46c6289,105576.0,97011.0,8565.0,win,720,DONE,DONE,
top100,baseline:16770421:115323543:0,baseline,4,Vadim Vasilenko,Vadim Vasilenko,1021797774,0,bbffbe65dee6e0dc4dd0147fec897df74e16760b76ec7d2a2b38f636bc90555f,146427.0,118426.0,28001.0,win,720,DONE,DONE,
top100,baseline:16712258:115321748:0,baseline,5,Yizhou,Yizhou,1590754653,0,bbffbe65dee6e0dc4dd0147fec897df74e16760b76ec7d2a2b38f636bc90555f,133161.0,69734.0,63427.0,win,720,DONE,DONE,
top100,baseline:16770421:115323543:1,baseline,4,Vadim Vasilenko,Vadim Vasilenko,1021797774,1,bbffbe65dee6e0dc4dd0147fec897df74e16760b76ec7d2a2b38f636bc90555f,146427.0,118426.0,28001.0,win,720,DONE,DONE,
top100,candidate:16770421:115323543:0,candidate,4,Vadim Vasilenko,Vadim Vasilenko,1021797774,0,4ea1d89ac99758c6219bcd7d07b729de4dc5836260a25037ca973343b46c6289,146427.0,118426.0,28001.0,win,720,DONE,DONE,
top100,candidate:16770421:115323543:1,candidate,4,Vadim Vasilenko,Vadim Vasilenko,1021797774,1,4ea1d89ac99758c6219bcd7d07b729de4dc5836260a25037ca973343b46c6289,146427.0,118426.0,28001.0,win,720,DONE,DONE,
top100,candidate:16712258:115321748:0,candidate,5,Yizhou,Yizhou,1590754653,0,4ea1d89ac99758c6219bcd7d07b729de4dc5836260a25037ca973343b46c6289,133161.0,69734.0,63427.0,win,720,DONE,DONE,
top100,baseline:16712258:115321748:1,baseline,5,Yizhou,Yizhou,1590754653,1,bbffbe65dee6e0dc4dd0147fec897df74e16760b76ec7d2a2b38f636bc90555f,133161.0,69734.0,63427.0,win,720,DONE,DONE,
top100,baseline:16730612:115320871:0,baseline,6,Unknown Mother-Goose,Unknown Mother-Goose,1267268912,0,bbffbe65dee6e0dc4dd0147fec897df74e16760b76ec7d2a2b38f636bc90555f,161440.0,121407.0,40033.0,win,720,DONE,DONE,
top100,baseline:16730612:115320871:1,baseline,6,Unknown Mother-Goose,Unknown Mother-Goose,1267268912,1,bbffbe65dee6e0dc4dd0147fec897df74e16760b76ec7d2a2b38f636bc90555f,161440.0,121407.0,40033.0,win,720,DONE,DONE,
top100,candidate:16730612:115320871:0,candidate,6,Unknown Mother-Goose,Unknown Mother-Goose,1267268912,0,4ea1d89ac99758c6219bcd7d07b729de4dc5836260a25037ca973343b46c6289,161439.0,121407.0,40032.0,win,720,DONE,DONE,
top100,candidate:16712258:115321748:1,candidate,5,Yizhou,Yizhou,1590754653,1,4ea1d89ac99758c6219bcd7d07b729de4dc5836260a25037ca973343b46c6289,133161.0,69734.0,63427.0,win,720,DONE,DONE,
top100,candidate:16730612:115320871:1,candidate,6,Unknown Mother-Goose,Unknown Mother-Goose,1267268912,1,4ea1d89ac99758c6219bcd7d07b729de4dc5836260a25037ca973343b46c6289,161439.0,121407.0,40032.0,win,720,DONE,DONE,
top100,baseline:16623716:115319406:0,baseline,7,tetsuya & yuanzhe & guoqin,tetsuya & yuanzhe & guoqin,17339380,0,bbffbe65dee6e0dc4dd0147fec897df74e16760b76ec7d2a2b38f636bc90555f,159422.0,132237.0,27185.0,win,720,DONE,DONE,
top100,candidate:16623716:115319406:0,candidate,7,tetsuya & yuanzhe & guoqin,tetsuya & yuanzhe & guoqin,17339380,0,4ea1d89ac99758c6219bcd7d07b729de4dc5836260a25037ca973343b46c6289,159422.0,132237.0,27185.0,win,720,DONE,DONE,
top100,baseline:16623716:115319406:1,baseline,7,tetsuya & yuanzhe & guoqin,tetsuya & yuanzhe & guoqin,17339380,1,bbffbe65dee6e0dc4dd0147fec897df74e16760b76ec7d2a2b38f636bc90555f,159422.0,132237.0,27185.0,win,720,DONE,DONE,
top100,baseline:16628664:115320871:0,baseline,8,Anton Tikhonov,Anton Tikhonov,1267268912,0,bbffbe65dee6e0dc4dd0147fec897df74e16760b76ec7d2a2b38f636bc90555f,141656.0,142236.0,-580.0,loss,720,DONE,DONE,
top100,candidate:16623716:115319406:1,candidate,7,tetsuya & yuanzhe & guoqin,tetsuya & yuanzhe & guoqin,17339380,1,4ea1d89ac99758c6219bcd7d07b729de4dc5836260a25037ca973343b46c6289,159422.0,132237.0,27185.0,win,720,DONE,DONE,
top100,candidate:16628664:115320871:0,candidate,8,Anton Tikhonov,Anton Tikhonov,1267268912,0,4ea1d89ac99758c6219bcd7d07b729de4dc5836260a25037ca973343b46c6289,141657.0,142234.0,-577.0,loss,720,DONE,DONE,
top100,baseline:16628664:115320871:1,baseline,8,Anton Tikhonov,Anton Tikhonov,1267268912,1,bbffbe65dee6e0dc4dd0147fec897df74e16760b76ec7d2a2b38f636bc90555f,141656.0,142236.0,-580.0,loss,720,DONE,DONE,
top100,baseline:16634580:115320793:0,baseline,9,akmr,akmr,1585684253,0,bbffbe65dee6e0dc4dd0147fec897df74e16760b76ec7d2a2b38f636bc90555f,89067.0,98763.0,-9696.0,loss,720,DONE,DONE,
top100,candidate:16628664:115320871:1,candidate,8,Anton Tikhonov,Anton Tikhonov,1267268912,1,4ea1d89ac99758c6219bcd7d07b729de4dc5836260a25037ca973343b46c6289,141657.0,142234.0,-577.0,loss,720,DONE,DONE,
top100,baseline:16634580:115320793:1,baseline,9,akmr,akmr,1585684253,1,bbffbe65dee6e0dc4dd0147fec897df74e16760b76ec7d2a2b38f636bc90555f,89067.0,98763.0,-9696.0,loss,720,DONE,DONE,
top100,candidate:16634580:115320793:0,candidate,9,akmr,akmr,1585684253,0,4ea1d89ac99758c6219bcd7d07b729de4dc5836260a25037ca973343b46c6289,89067.0,98762.0,-9695.0,loss,720,DONE,DONE,
top100,baseline:16718819:115317514:0,baseline,10,Majkel1337,Majkel1337,1747201981,0,bbffbe65dee6e0dc4dd0147fec897df74e16760b76ec7d2a2b38f636bc90555f,64919.0,75679.0,-10760.0,loss,720,DONE,DONE,
top100,candidate:16634580:115320793:1,candidate,9,akmr,akmr,1585684253,1,4ea1d89ac99758c6219bcd7d07b729de4dc5836260a25037ca973343b46c6289,89067.0,98762.0,-9695.0,loss,720,DONE,DONE,
top100,candidate:16718819:115317514:0,candidate,10,Majkel1337,Majkel1337,1747201981,0,4ea1d89ac99758c6219bcd7d07b729de4dc5836260a25037ca973343b46c6289,64922.0,75676.0,-10754.0,loss,720,DONE,DONE,
top100,baseline:16718819:115317514:1,baseline,10,Majkel1337,Majkel1337,1747201981,1,bbffbe65dee6e0dc4dd0147fec897df74e16760b76ec7d2a2b38f636bc90555f,64919.0,75679.0,-10760.0,loss,720,DONE,DONE,
top100,candidate:16718819:115317514:1,candidate,10,Majkel1337,Majkel1337,1747201981,1,4ea1d89ac99758c6219bcd7d07b729de4dc5836260a25037ca973343b46c6289,64922.0,75676.0,-10754.0,loss,720,DONE,DONE,
top100,baseline:16804022:115318890:0,baseline,11,monsaraida,monsaraida,144720027,0,bbffbe65dee6e0dc4dd0147fec897df74e16760b76ec7d2a2b38f636bc90555f,122635.0,109156.0,13479.0,win,720,DONE,DONE,
top100,candidate:16804022:115318890:0,candidate,11,monsaraida,monsaraida,144720027,0,4ea1d89ac99758c6219bcd7d07b729de4dc5836260a25037ca973343b46c6289,122635.0,109156.0,13479.0,win,720,DONE,DONE,
top100,baseline:16657750:115319406:0,baseline,12,Zenith,Zenith,17339380,0,bbffbe65dee6e0dc4dd0147fec897df74e16760b76ec7d2a2b38f636bc90555f,153162.0,65606.0,87556.0,win,720,DONE,DONE,
top100,baseline:16804022:115318890:1,baseline,11,monsaraida,monsaraida,144720027,1,bbffbe65dee6e0dc4dd0147fec897df74e16760b76ec7d2a2b38f636bc90555f,122635.0,109156.0,13479.0,win,720,DONE,DONE,
top100,candidate:16804022:115318890:1,candidate,11,monsaraida,monsaraida,144720027,1,4ea1d89ac99758c6219bcd7d07b729de4dc5836260a25037ca973343b46c6289,122635.0,109156.0,13479.0,win,720,DONE,DONE,
top100,baseline:16657750:115319406:1,baseline,12,Zenith,Zenith,17339380,1,bbffbe65dee6e0dc4dd0147fec897df74e16760b76ec7d2a2b38f636bc90555f,153162.0,65606.0,87556.0,win,720,DONE,DONE,
top100,candidate:16657750:115319406:0,candidate,12,Zenith,Zenith,17339380,0,4ea1d89ac99758c6219bcd7d07b729de4dc5836260a25037ca973343b46c6289,153162.0,65606.0,87556.0,win,720,DONE,DONE,
top100,candidate:16657750:115319406:1,candidate,12,Zenith,Zenith,17339380,1,4ea1d89ac99758c6219bcd7d07b729de4dc5836260a25037ca973343b46c6289,153162.0,65606.0,87556.0,win,720,DONE,DONE,
top100,baseline:16866398:115322222:0,baseline,14,feles99,feles99,308835460,0,bbffbe65dee6e0dc4dd0147fec897df74e16760b76ec7d2a2b38f636bc90555f,159849.0,129100.0,30749.0,win,720,DONE,DONE,
top100,baseline:16670384:115323543:0,baseline,13,Gordeev Max,Gordeev Max,1021797774,0,bbffbe65dee6e0dc4dd0147fec897df74e16760b76ec7d2a2b38f636bc90555f,140018.0,85563.0,54455.0,win,720,DONE,DONE,
top100,candidate:16670384:115323543:0,candidate,13,Gordeev Max,Gordeev Max,1021797774,0,4ea1d89ac99758c6219bcd7d07b729de4dc5836260a25037ca973343b46c6289,140018.0,85563.0,54455.0,win,720,DONE,DONE,
top100,baseline:16670384:115323543:1,baseline,13,Gordeev Max,Gordeev Max,1021797774,1,bbffbe65dee6e0dc4dd0147fec897df74e16760b76ec7d2a2b38f636bc90555f,140018.0,85563.0,54455.0,win,720,DONE,DONE,
top100,baseline:16866398:115322222:1,baseline,14,feles99,feles99,308835460,1,bbffbe65dee6e0dc4dd0147fec897df74e16760b76ec7d2a2b38f636bc90555f,159849.0,129100.0,30749.0,win,720,DONE,DONE,
top100,candidate:16866398:115322222:0,candidate,14,feles99,feles99,308835460,0,4ea1d89ac99758c6219bcd7d07b729de4dc5836260a25037ca973343b46c6289,159856.0,129095.0,30761.0,win,720,DONE,DONE,
top100,candidate:16670384:115323543:1,candidate,13,Gordeev Max,Gordeev Max,1021797774,1,4ea1d89ac99758c6219bcd7d07b729de4dc5836260a25037ca973343b46c6289,140018.0,85563.0,54455.0,win,720,DONE,DONE,
top100,candidate:16866398:115322222:1,candidate,14,feles99,feles99,308835460,1,4ea1d89ac99758c6219bcd7d07b729de4dc5836260a25037ca973343b46c6289,159856.0,129095.0,30761.0,win,720,DONE,DONE,
top100,baseline:16667959:115317937:0,baseline,15,Fourth Quadrant,Fourth Quadrant,64842527,0,bbffbe65dee6e0dc4dd0147fec897df74e16760b76ec7d2a2b38f636bc90555f,107794.0,49497.0,58297.0,win,720,DONE,DONE,
top100,baseline:16667959:115317937:1,baseline,15,Fourth Quadrant,Fourth Quadrant,64842527,1,bbffbe65dee6e0dc4dd0147fec897df74e16760b76ec7d2a2b38f636bc90555f,131670.0,53483.0,78187.0,win,720,DONE,DONE,
top100,baseline:16684994:115319133:0,baseline,16,TKNP,TKNP,1678796803,0,bbffbe65dee6e0dc4dd0147fec897df74e16760b76ec7d2a2b38f636bc90555f,116567.0,110833.0,5734.0,win,720,DONE,DONE,
top100,candidate:16667959:115317937:0,candidate,15,Fourth Quadrant,Fourth Quadrant,64842527,0,4ea1d89ac99758c6219bcd7d07b729de4dc5836260a25037ca973343b46c6289,107795.0,49492.0,58303.0,win,720,DONE,DONE,
top100,candidate:16667959:115317937:1,candidate,15,Fourth Quadrant,Fourth Quadrant,64842527,1,4ea1d89ac99758c6219bcd7d07b729de4dc5836260a25037ca973343b46c6289,131675.0,53475.0,78200.0,win,720,DONE,DONE,
top100,candidate:16684994:115319133:0,candidate,16,TKNP,TKNP,1678796803,0,4ea1d89ac99758c6219bcd7d07b729de4dc5836260a25037ca973343b46c6289,116567.0,110833.0,5734.0,win,720,DONE,DONE,
top100,baseline:16684994:115319133:1,baseline,16,TKNP,TKNP,1678796803,1,bbffbe65dee6e0dc4dd0147fec897df74e16760b76ec7d2a2b38f636bc90555f,116567.0,110833.0,5734.0,win,720,DONE,DONE,
top100,baseline:16862183:115318066:0,baseline,17,Smackaveli,Smackaveli,1434656883,0,bbffbe65dee6e0dc4dd0147fec897df74e16760b76ec7d2a2b38f636bc90555f,159965.0,61086.0,98879.0,win,720,DONE,DONE,
top100,candidate:16684994:115319133:1,candidate,16,TKNP,TKNP,1678796803,1,4ea1d89ac99758c6219bcd7d07b729de4dc5836260a25037ca973343b46c6289,116567.0,110833.0,5734.0,win,720,DONE,DONE,
top100,baseline:16862183:115318066:1,baseline,17,Smackaveli,Smackaveli,1434656883,1,bbffbe65dee6e0dc4dd0147fec897df74e16760b76ec7d2a2b38f636bc90555f,159965.0,61086.0,98879.0,win,720,DONE,DONE,
top100,candidate:16862183:115318066:0,candidate,17,Smackaveli,Smackaveli,1434656883,0,4ea1d89ac99758c6219bcd7d07b729de4dc5836260a25037ca973343b46c6289,159965.0,61086.0,98879.0,win,720,DONE,DONE,
top100,baseline:16623697:115319331:0,baseline,18,yuto083,yuto083,2009789541,0,bbffbe65dee6e0dc4dd0147fec897df74e16760b76ec7d2a2b38f636bc90555f,147603.0,82163.0,65440.0,win,720,DONE,DONE,
top100,candidate:16862183:115318066:1,candidate,17,Smackaveli,Smackaveli,1434656883,1,4ea1d89ac99758c6219bcd7d07b729de4dc5836260a25037ca973343b46c6289,159965.0,61086.0,98879.0,win,720,DONE,DONE,
top100,candidate:16623697:115319331:0,candidate,18,yuto083,yuto083,2009789541,0,4ea1d89ac99758c6219bcd7d07b729de4dc5836260a25037ca973343b46c6289,147603.0,82163.0,65440.0,win,720,DONE,DONE,
top100,baseline:16623697:115319331:1,baseline,18,yuto083,yuto083,2009789541,1,bbffbe65dee6e0dc4dd0147fec897df74e16760b76ec7d2a2b38f636bc90555f,148375.0,82161.0,66214.0,win,720,DONE,DONE,
top100,candidate:16623697:115319331:1,candidate,18,yuto083,yuto083,2009789541,1,4ea1d89ac99758c6219bcd7d07b729de4dc5836260a25037ca973343b46c6289,148375.0,82161.0,66214.0,win,720,DONE,DONE,
top100,baseline:16854176:115322168:0,baseline,19,吃白饭的大肥鱼,吃白饭的大肥鱼,496608776,0,bbffbe65dee6e0dc4dd0147fec897df74e16760b76ec7d2a2b38f636bc90555f,110258.0,118604.0,-8346.0,loss,720,DONE,DONE,
top100,baseline:16854176:115322168:1,baseline,19,吃白饭的大肥鱼,吃白饭的大肥鱼,496608776,1,bbffbe65dee6e0dc4dd0147fec897df74e16760b76ec7d2a2b38f636bc90555f,110258.0,118604.0,-8346.0,loss,720,DONE,DONE,
top100,candidate:16854176:115322168:0,candidate,19,吃白饭的大肥鱼,吃白饭的大肥鱼,496608776,0,4ea1d89ac99758c6219bcd7d07b729de4dc5836260a25037ca973343b46c6289,110259.0,118604.0,-8345.0,loss,720,DONE,DONE,
top100,baseline:16760699:115318067:0,baseline,20,Luca,Luca,818251128,0,bbffbe65dee6e0dc4dd0147fec897df74e16760b76ec7d2a2b38f636bc90555f,206850.0,77234.0,129616.0,win,720,DONE,DONE,
top100,candidate:16854176:115322168:1,candidate,19,吃白饭的大肥鱼,吃白饭的大肥鱼,496608776,1,4ea1d89ac99758c6219bcd7d07b729de4dc5836260a25037ca973343b46c6289,110259.0,118604.0,-8345.0,loss,720,DONE,DONE,
top100,candidate:16760699:115318067:0,candidate,20,Luca,Luca,818251128,0,4ea1d89ac99758c6219bcd7d07b729de4dc5836260a25037ca973343b46c6289,206850.0,77234.0,129616.0,win,720,DONE,DONE,
top100,baseline:16760699:115318067:1,baseline,20,Luca,Luca,818251128,1,bbffbe65dee6e0dc4dd0147fec897df74e16760b76ec7d2a2b38f636bc90555f,206850.0,77234.0,129616.0,win,720,DONE,DONE,
top100,candidate:16760699:115318067:1,candidate,20,Luca,Luca,818251128,1,4ea1d89ac99758c6219bcd7d07b729de4dc5836260a25037ca973343b46c6289,206850.0,77234.0,129616.0,win,720,DONE,DONE,
top100,baseline:16621799:115320892:1,baseline,21,Artem The Farmer 🍅,Artem The Farmer 🍅,1838265913,1,bbffbe65dee6e0dc4dd0147fec897df74e16760b76ec7d2a2b38f636bc90555f,63267.0,116142.0,-52875.0,loss,720,DONE,DONE,
top100,baseline:16621799:115320892:0,baseline,21,Artem The Farmer 🍅,Artem The Farmer 🍅,1838265913,0,bbffbe65dee6e0dc4dd0147fec897df74e16760b76ec7d2a2b38f636bc90555f,63267.0,116142.0,-52875.0,loss,720,DONE,DONE,
top100,candidate:16621799:115320892:1,candidate,21,Artem The Farmer 🍅,Artem The Farmer 🍅,1838265913,1,4ea1d89ac99758c6219bcd7d07b729de4dc5836260a25037ca973343b46c6289,63267.0,116142.0,-52875.0,loss,720,DONE,DONE,
top100,candidate:16621799:115320892:0,candidate,21,Artem The Farmer 🍅,Artem The Farmer 🍅,1838265913,0,4ea1d89ac99758c6219bcd7d07b729de4dc5836260a25037ca973343b46c6289,63267.0,116142.0,-52875.0,loss,720,DONE,DONE,
top100,baseline:16891902:115321607:0,baseline,22,Farmcore,Farmcore,887271080,0,bbffbe65dee6e0dc4dd0147fec897df74e16760b76ec7d2a2b38f636bc90555f,121683.0,78877.0,42806.0,win,720,DONE,DONE,
top100,candidate:16891902:115321607:0,candidate,22,Farmcore,Farmcore,887271080,0,4ea1d89ac99758c6219bcd7d07b729de4dc5836260a25037ca973343b46c6289,121684.0,78876.0,42808.0,win,720,DONE,DONE,
top100,baseline:16891902:115321607:1,baseline,22,Farmcore,Farmcore,887271080,1,bbffbe65dee6e0dc4dd0147fec897df74e16760b76ec7d2a2b38f636bc90555f,98230.0,65125.0,33105.0,win,720,DONE,DONE,
top100,baseline:16654697:115322063:0,baseline,23,KawattaTaido,KawattaTaido,1589024670,0,bbffbe65dee6e0dc4dd0147fec897df74e16760b76ec7d2a2b38f636bc90555f,144794.0,102437.0,42357.0,win,720,DONE,DONE,
top100,baseline:16654697:115322063:1,baseline,23,KawattaTaido,KawattaTaido,1589024670,1,bbffbe65dee6e0dc4dd0147fec897df74e16760b76ec7d2a2b38f636bc90555f,144794.0,102437.0,42357.0,win,720,DONE,DONE,
top100,candidate:16891902:115321607:1,candidate,22,Farmcore,Farmcore,887271080,1,4ea1d89ac99758c6219bcd7d07b729de4dc5836260a25037ca973343b46c6289,98231.0,65124.0,33107.0,win,720,DONE,DONE,
top100,candidate:16654697:115322063:0,candidate,23,KawattaTaido,KawattaTaido,1589024670,0,4ea1d89ac99758c6219bcd7d07b729de4dc5836260a25037ca973343b46c6289,144794.0,102437.0,42357.0,win,720,DONE,DONE,
top100,candidate:16654697:115322063:1,candidate,23,KawattaTaido,KawattaTaido,1589024670,1,4ea1d89ac99758c6219bcd7d07b729de4dc5836260a25037ca973343b46c6289,144794.0,102437.0,42357.0,win,720,DONE,DONE,
top100,baseline:16743356:115318741:0,baseline,24,Azat Akhtyamov,Azat Akhtyamov,671466508,0,bbffbe65dee6e0dc4dd0147fec897df74e16760b76ec7d2a2b38f636bc90555f,170080.0,72364.0,97716.0,win,720,DONE,DONE,
top100,baseline:16743356:115318741:1,baseline,24,Azat Akhtyamov,Azat Akhtyamov,671466508,1,bbffbe65dee6e0dc4dd0147fec897df74e16760b76ec7d2a2b38f636bc90555f,170080.0,72364.0,97716.0,win,720,DONE,DONE,
top100,candidate:16743356:115318741:0,candidate,24,Azat Akhtyamov,Azat Akhtyamov,671466508,0,4ea1d89ac99758c6219bcd7d07b729de4dc5836260a25037ca973343b46c6289,170081.0,72364.0,97717.0,win,720,DONE,DONE,
top100,candidate:16743356:115318741:1,candidate,24,Azat Akhtyamov,Azat Akhtyamov,671466508,1,4ea1d89ac99758c6219bcd7d07b729de4dc5836260a25037ca973343b46c6289,170081.0,72364.0,97717.0,win,720,DONE,DONE,
top100,baseline:16709492:115318678:0,baseline,25,abozten,abozten,2093338350,0,bbffbe65dee6e0dc4dd0147fec897df74e16760b76ec7d2a2b38f636bc90555f,120858.0,99566.0,21292.0,win,720,DONE,DONE,
top100,baseline:16709492:115318678:1,baseline,25,abozten,abozten,2093338350,1,bbffbe65dee6e0dc4dd0147fec897df74e16760b76ec7d2a2b38f636bc90555f,120858.0,99566.0,21292.0,win,720,DONE,DONE,
top100,baseline:16751828:115319297:0,baseline,26,E. Honda,E. Honda,1520437191,0,bbffbe65dee6e0dc4dd0147fec897df74e16760b76ec7d2a2b38f636bc90555f,170345.0,54655.0,115690.0,win,720,DONE,DONE,
top100,candidate:16709492:115318678:0,candidate,25,abozten,abozten,2093338350,0,4ea1d89ac99758c6219bcd7d07b729de4dc5836260a25037ca973343b46c6289,120858.0,99566.0,21292.0,win,720,DONE,DONE,
top100,baseline:16751828:115319297:1,baseline,26,E. Honda,E. Honda,1520437191,1,bbffbe65dee6e0dc4dd0147fec897df74e16760b76ec7d2a2b38f636bc90555f,170345.0,54655.0,115690.0,win,720,DONE,DONE,
top100,candidate:16751828:115319297:0,candidate,26,E. Honda,E. Honda,1520437191,0,4ea1d89ac99758c6219bcd7d07b729de4dc5836260a25037ca973343b46c6289,170345.0,54655.0,115690.0,win,720,DONE,DONE,
top100,candidate:16709492:115318678:1,candidate,25,abozten,abozten,2093338350,1,4ea1d89ac99758c6219bcd7d07b729de4dc5836260a25037ca973343b46c6289,120858.0,99566.0,21292.0,win,720,DONE,DONE,
top100,baseline:16633507:115320815:0,baseline,27,Happy Farm,Happy Farm,1961295638,0,bbffbe65dee6e0dc4dd0147fec897df74e16760b76ec7d2a2b38f636bc90555f,93549.0,104332.0,-10783.0,loss,720,DONE,DONE,
top100,candidate:16751828:115319297:1,candidate,26,E. Honda,E. Honda,1520437191,1,4ea1d89ac99758c6219bcd7d07b729de4dc5836260a25037ca973343b46c6289,170345.0,54655.0,115690.0,win,720,DONE,DONE,
top100,candidate:16633507:115320815:0,candidate,27,Happy Farm,Happy Farm,1961295638,0,4ea1d89ac99758c6219bcd7d07b729de4dc5836260a25037ca973343b46c6289,93549.0,104332.0,-10783.0,loss,720,DONE,DONE,
top100,baseline:16633507:115320815:1,baseline,27,Happy Farm,Happy Farm,1961295638,1,bbffbe65dee6e0dc4dd0147fec897df74e16760b76ec7d2a2b38f636bc90555f,93549.0,104332.0,-10783.0,loss,720,DONE,DONE,
top100,candidate:16633507:115320815:1,candidate,27,Happy Farm,Happy Farm,1961295638,1,4ea1d89ac99758c6219bcd7d07b729de4dc5836260a25037ca973343b46c6289,93549.0,104332.0,-10783.0,loss,720,DONE,DONE,
top100,baseline:16758882:115323169:0,baseline,28,mtmr_s1,mtmr_s1,742685211,0,bbffbe65dee6e0dc4dd0147fec897df74e16760b76ec7d2a2b38f636bc90555f,125751.0,129397.0,-3646.0,loss,720,DONE,DONE,
top100,baseline:16758882:115323169:1,baseline,28,mtmr_s1,mtmr_s1,742685211,1,bbffbe65dee6e0dc4dd0147fec897df74e16760b76ec7d2a2b38f636bc90555f,125751.0,129397.0,-3646.0,loss,720,DONE,DONE,
top100,baseline:16673205:115319468:0,baseline,29,Arda Ceylan,Arda Ceylan,738658496,0,bbffbe65dee6e0dc4dd0147fec897df74e16760b76ec7d2a2b38f636bc90555f,157203.0,41854.0,115349.0,win,720,DONE,DONE,
top100,candidate:16758882:115323169:0,candidate,28,mtmr_s1,mtmr_s1,742685211,0,4ea1d89ac99758c6219bcd7d07b729de4dc5836260a25037ca973343b46c6289,125751.0,129397.0,-3646.0,loss,720,DONE,DONE,
top100,candidate:16758882:115323169:1,candidate,28,mtmr_s1,mtmr_s1,742685211,1,4ea1d89ac99758c6219bcd7d07b729de4dc5836260a25037ca973343b46c6289,125751.0,129397.0,-3646.0,loss,720,DONE,DONE,
top100,baseline:16673205:115319468:1,baseline,29,Arda Ceylan,Arda Ceylan,738658496,1,bbffbe65dee6e0dc4dd0147fec897df74e16760b76ec7d2a2b38f636bc90555f,157203.0,41854.0,115349.0,win,720,DONE,DONE,
top100,candidate:16673205:115319468:0,candidate,29,Arda Ceylan,Arda Ceylan,738658496,0,4ea1d89ac99758c6219bcd7d07b729de4dc5836260a25037ca973343b46c6289,157203.0,41854.0,115349.0,win,720,DONE,DONE,
top100,candidate:16673205:115319468:1,candidate,29,Arda Ceylan,Arda Ceylan,738658496,1,4ea1d89ac99758c6219bcd7d07b729de4dc5836260a25037ca973343b46c6289,157203.0,41854.0,115349.0,win,720,DONE,DONE,
top100,baseline:16734966:115321656:0,baseline,30,kigasudayooo,kigasudayooo,1443374033,0,bbffbe65dee6e0dc4dd0147fec897df74e16760b76ec7d2a2b38f636bc90555f,82946.0,87115.0,-4169.0,loss,720,DONE,DONE,
top100,baseline:16793083:115320193:0,baseline,31,🐚seek inspiration🐚,🐚seek inspiration🐚,2092758357,0,bbffbe65dee6e0dc4dd0147fec897df74e16760b76ec7d2a2b38f636bc90555f,143954.0,8.0,143946.0,win,720,DONE,DONE,
top100,baseline:16734966:115321656:1,baseline,30,kigasudayooo,kigasudayooo,1443374033,1,bbffbe65dee6e0dc4dd0147fec897df74e16760b76ec7d2a2b38f636bc90555f,82946.0,87115.0,-4169.0,loss,720,DONE,DONE,
top100,candidate:16734966:115321656:0,candidate,30,kigasudayooo,kigasudayooo,1443374033,0,4ea1d89ac99758c6219bcd7d07b729de4dc5836260a25037ca973343b46c6289,82946.0,87115.0,-4169.0,loss,720,DONE,DONE,
top100,candidate:16734966:115321656:1,candidate,30,kigasudayooo,kigasudayooo,1443374033,1,4ea1d89ac99758c6219bcd7d07b729de4dc5836260a25037ca973343b46c6289,82946.0,87115.0,-4169.0,loss,720,DONE,DONE,
top100,baseline:16793083:115320193:1,baseline,31,🐚seek inspiration🐚,🐚seek inspiration🐚,2092758357,1,bbffbe65dee6e0dc4dd0147fec897df74e16760b76ec7d2a2b38f636bc90555f,143954.0,8.0,143946.0,win,720,DONE,DONE,
top100,candidate:16793083:115320193:0,candidate,31,🐚seek inspiration🐚,🐚seek inspiration🐚,2092758357,0,4ea1d89ac99758c6219bcd7d07b729de4dc5836260a25037ca973343b46c6289,143954.0,8.0,143946.0,win,720,DONE,DONE,
top100,candidate:16793083:115320193:1,candidate,31,🐚seek inspiration🐚,🐚seek inspiration🐚,2092758357,1,4ea1d89ac99758c6219bcd7d07b729de4dc5836260a25037ca973343b46c6289,143954.0,8.0,143946.0,win,720,DONE,DONE,
top100,baseline:16632377:115320024:0,baseline,32,Legend Brothers,Legend Brothers,1970562405,0,bbffbe65dee6e0dc4dd0147fec897df74e16760b76ec7d2a2b38f636bc90555f,68943.0,79215.0,-10272.0,loss,720,DONE,DONE,
top100,candidate:16632377:115320024:0,candidate,32,Legend Brothers,Legend Brothers,1970562405,0,4ea1d89ac99758c6219bcd7d07b729de4dc5836260a25037ca973343b46c6289,68943.0,79215.0,-10272.0,loss,720,DONE,DONE,
top100,baseline:16632377:115320024:1,baseline,32,Legend Brothers,Legend Brothers,1970562405,1,bbffbe65dee6e0dc4dd0147fec897df74e16760b76ec7d2a2b38f636bc90555f,68943.0,79215.0,-10272.0,loss,720,DONE,DONE,
top100,candidate:16632377:115320024:1,candidate,32,Legend Brothers,Legend Brothers,1970562405,1,4ea1d89ac99758c6219bcd7d07b729de4dc5836260a25037ca973343b46c6289,68943.0,79215.0,-10272.0,loss,720,DONE,DONE,
top100,baseline:16623451:115318846:0,baseline,33,Ueddy,Ueddy,1150464986,0,bbffbe65dee6e0dc4dd0147fec897df74e16760b76ec7d2a2b38f636bc90555f,136254.0,142691.0,-6437.0,loss,720,DONE,DONE,
top100,baseline:16623451:115318846:1,baseline,33,Ueddy,Ueddy,1150464986,1,bbffbe65dee6e0dc4dd0147fec897df74e16760b76ec7d2a2b38f636bc90555f,136254.0,142691.0,-6437.0,loss,720,DONE,DONE,
top100,candidate:16623451:115318846:0,candidate,33,Ueddy,Ueddy,1150464986,0,4ea1d89ac99758c6219bcd7d07b729de4dc5836260a25037ca973343b46c6289,136257.0,142688.0,-6431.0,loss,720,DONE,DONE,
top100,baseline:16767215:115322134:0,baseline,34,keiz,keiz,1440408940,0,bbffbe65dee6e0dc4dd0147fec897df74e16760b76ec7d2a2b38f636bc90555f,143998.0,115236.0,28762.0,win,720,DONE,DONE,
top100,baseline:16767215:115322134:1,baseline,34,keiz,keiz,1440408940,1,bbffbe65dee6e0dc4dd0147fec897df74e16760b76ec7d2a2b38f636bc90555f,143998.0,115236.0,28762.0,win,720,DONE,DONE,
top100,candidate:16623451:115318846:1,candidate,33,Ueddy,Ueddy,1150464986,1,4ea1d89ac99758c6219bcd7d07b729de4dc5836260a25037ca973343b46c6289,136257.0,142688.0,-6431.0,loss,720,DONE,DONE,
top100,candidate:16767215:115322134:0,candidate,34,keiz,keiz,1440408940,0,4ea1d89ac99758c6219bcd7d07b729de4dc5836260a25037ca973343b46c6289,143998.0,115236.0,28762.0,win,720,DONE,DONE,
top100,baseline:16806195:115321733:0,baseline,35,unreal,unreal,1194892936,0,bbffbe65dee6e0dc4dd0147fec897df74e16760b76ec7d2a2b38f636bc90555f,151194.0,87292.0,63902.0,win,720,DONE,DONE,
top100,candidate:16806195:115321733:0,candidate,35,unreal,unreal,1194892936,0,4ea1d89ac99758c6219bcd7d07b729de4dc5836260a25037ca973343b46c6289,151194.0,87292.0,63902.0,win,720,DONE,DONE,
top100,baseline:16806195:115321733:1,baseline,35,unreal,unreal,1194892936,1,bbffbe65dee6e0dc4dd0147fec897df74e16760b76ec7d2a2b38f636bc90555f,151194.0,87292.0,63902.0,win,720,DONE,DONE,
top100,candidate:16767215:115322134:1,candidate,34,keiz,keiz,1440408940,1,4ea1d89ac99758c6219bcd7d07b729de4dc5836260a25037ca973343b46c6289,143998.0,115236.0,28762.0,win,720,DONE,DONE,
top100,baseline:16709127:115323637:0,baseline,36,IsaiahP,IsaiahP,1988376929,0,bbffbe65dee6e0dc4dd0147fec897df74e16760b76ec7d2a2b38f636bc90555f,95498.0,113078.0,-17580.0,loss,720,DONE,DONE,
top100,candidate:16806195:115321733:1,candidate,35,unreal,unreal,1194892936,1,4ea1d89ac99758c6219bcd7d07b729de4dc5836260a25037ca973343b46c6289,151194.0,87292.0,63902.0,win,720,DONE,DONE,
top100,candidate:16709127:115323637:0,candidate,36,IsaiahP,IsaiahP,1988376929,0,4ea1d89ac99758c6219bcd7d07b729de4dc5836260a25037ca973343b46c6289,95498.0,113078.0,-17580.0,loss,720,DONE,DONE,
top100,baseline:16709127:115323637:1,baseline,36,IsaiahP,IsaiahP,1988376929,1,bbffbe65dee6e0dc4dd0147fec897df74e16760b76ec7d2a2b38f636bc90555f,95498.0,113078.0,-17580.0,loss,720,DONE,DONE,
top100,candidate:16709127:115323637:1,candidate,36,IsaiahP,IsaiahP,1988376929,1,4ea1d89ac99758c6219bcd7d07b729de4dc5836260a25037ca973343b46c6289,95498.0,113078.0,-17580.0,loss,720,DONE,DONE,
top100,baseline:16717665:115326098:0,baseline,37,Christoffer Thimsen,Christoffer Thimsen,1917456626,0,bbffbe65dee6e0dc4dd0147fec897df74e16760b76ec7d2a2b38f636bc90555f,102207.0,71443.0,30764.0,win,720,DONE,DONE,
top100,baseline:16717665:115326098:1,baseline,37,Christoffer Thimsen,Christoffer Thimsen,1917456626,1,bbffbe65dee6e0dc4dd0147fec897df74e16760b76ec7d2a2b38f636bc90555f,102207.0,71443.0,30764.0,win,720,DONE,DONE,
top100,candidate:16717665:115326098:0,candidate,37,Christoffer Thimsen,Christoffer Thimsen,1917456626,0,4ea1d89ac99758c6219bcd7d07b729de4dc5836260a25037ca973343b46c6289,154414.0,134856.0,19558.0,win,720,DONE,DONE,
top100,baseline:16632327:115320815:0,baseline,38,We wanna be tomatos,We wanna be tomatos,1961295638,0,bbffbe65dee6e0dc4dd0147fec897df74e16760b76ec7d2a2b38f636bc90555f,142759.0,158470.0,-15711.0,loss,720,DONE,DONE,
top100,candidate:16717665:115326098:1,candidate,37,Christoffer Thimsen,Christoffer Thimsen,1917456626,1,4ea1d89ac99758c6219bcd7d07b729de4dc5836260a25037ca973343b46c6289,154414.0,134856.0,19558.0,win,720,DONE,DONE,
top100,baseline:16632327:115320815:1,baseline,38,We wanna be tomatos,We wanna be tomatos,1961295638,1,bbffbe65dee6e0dc4dd0147fec897df74e16760b76ec7d2a2b38f636bc90555f,142759.0,158470.0,-15711.0,loss,720,DONE,DONE,
top100,candidate:16632327:115320815:0,candidate,38,We wanna be tomatos,We wanna be tomatos,1961295638,0,4ea1d89ac99758c6219bcd7d07b729de4dc5836260a25037ca973343b46c6289,142759.0,158470.0,-15711.0,loss,720,DONE,DONE,
top100,baseline:16660137:115320607:0,baseline,39,Densike,Densike,1063744429,0,bbffbe65dee6e0dc4dd0147fec897df74e16760b76ec7d2a2b38f636bc90555f,165579.0,99619.0,65960.0,win,720,DONE,DONE,
top100,candidate:16632327:115320815:1,candidate,38,We wanna be tomatos,We wanna be tomatos,1961295638,1,4ea1d89ac99758c6219bcd7d07b729de4dc5836260a25037ca973343b46c6289,142759.0,158470.0,-15711.0,loss,720,DONE,DONE,
top100,baseline:16660137:115320607:1,baseline,39,Densike,Densike,1063744429,1,bbffbe65dee6e0dc4dd0147fec897df74e16760b76ec7d2a2b38f636bc90555f,165579.0,99619.0,65960.0,win,720,DONE,DONE,
top100,candidate:16660137:115320607:0,candidate,39,Densike,Densike,1063744429,0,4ea1d89ac99758c6219bcd7d07b729de4dc5836260a25037ca973343b46c6289,165579.0,99619.0,65960.0,win,720,DONE,DONE,
top100,baseline:16681125:115325624:0,baseline,40,M & M & P & Q,M & M & P & Q,406719979,0,bbffbe65dee6e0dc4dd0147fec897df74e16760b76ec7d2a2b38f636bc90555f,107993.0,134287.0,-26294.0,loss,720,DONE,DONE,
top100,candidate:16660137:115320607:1,candidate,39,Densike,Densike,1063744429,1,4ea1d89ac99758c6219bcd7d07b729de4dc5836260a25037ca973343b46c6289,165579.0,99619.0,65960.0,win,720,DONE,DONE,
top100,baseline:16681125:115325624:1,baseline,40,M & M & P & Q,M & M & P & Q,406719979,1,bbffbe65dee6e0dc4dd0147fec897df74e16760b76ec7d2a2b38f636bc90555f,107993.0,134287.0,-26294.0,loss,720,DONE,DONE,
top100,candidate:16681125:115325624:0,candidate,40,M & M & P & Q,M & M & P & Q,406719979,0,4ea1d89ac99758c6219bcd7d07b729de4dc5836260a25037ca973343b46c6289,107994.0,134285.0,-26291.0,loss,720,DONE,DONE,
top100,candidate:16681125:115325624:1,candidate,40,M & M & P & Q,M & M & P & Q,406719979,1,4ea1d89ac99758c6219bcd7d07b729de4dc5836260a25037ca973343b46c6289,107994.0,134285.0,-26291.0,loss,720,DONE,DONE,
top100,baseline:16739633:115325620:0,baseline,41,kwa,kwa,350408176,0,bbffbe65dee6e0dc4dd0147fec897df74e16760b76ec7d2a2b38f636bc90555f,101273.0,97889.0,3384.0,win,720,DONE,DONE,
top100,baseline:16633132:115326448:0,baseline,42,Kaggledew Valley 🏆,Kaggledew Valley 🏆,893903170,0,bbffbe65dee6e0dc4dd0147fec897df74e16760b76ec7d2a2b38f636bc90555f,84013.0,83921.0,92.0,win,720,DONE,DONE,
top100,baseline:16739633:115325620:1,baseline,41,kwa,kwa,350408176,1,bbffbe65dee6e0dc4dd0147fec897df74e16760b76ec7d2a2b38f636bc90555f,101273.0,97889.0,3384.0,win,720,DONE,DONE,
top100,candidate:16739633:115325620:0,candidate,41,kwa,kwa,350408176,0,4ea1d89ac99758c6219bcd7d07b729de4dc5836260a25037ca973343b46c6289,101273.0,97889.0,3384.0,win,720,DONE,DONE,
top100,baseline:16633132:115326448:1,baseline,42,Kaggledew Valley 🏆,Kaggledew Valley 🏆,893903170,1,bbffbe65dee6e0dc4dd0147fec897df74e16760b76ec7d2a2b38f636bc90555f,84013.0,83921.0,92.0,win,720,DONE,DONE,
top100,candidate:16633132:115326448:0,candidate,42,Kaggledew Valley 🏆,Kaggledew Valley 🏆,893903170,0,4ea1d89ac99758c6219bcd7d07b729de4dc5836260a25037ca973343b46c6289,84007.0,83927.0,80.0,win,720,DONE,DONE,
top100,candidate:16739633:115325620:1,candidate,41,kwa,kwa,350408176,1,4ea1d89ac99758c6219bcd7d07b729de4dc5836260a25037ca973343b46c6289,101273.0,97889.0,3384.0,win,720,DONE,DONE,
top100,candidate:16633132:115326448:1,candidate,42,Kaggledew Valley 🏆,Kaggledew Valley 🏆,893903170,1,4ea1d89ac99758c6219bcd7d07b729de4dc5836260a25037ca973343b46c6289,84007.0,83927.0,80.0,win,720,DONE,DONE,
top100,baseline:16794696:115323643:0,baseline,43,Paul Bryan Elefante,Paul Bryan Elefante,221677536,0,bbffbe65dee6e0dc4dd0147fec897df74e16760b76ec7d2a2b38f636bc90555f,97445.0,98388.0,-943.0,loss,720,DONE,DONE,
top100,baseline:16675778:115324522:0,baseline,44,Orbital Terraformer,Orbital Terraformer,362365668,0,bbffbe65dee6e0dc4dd0147fec897df74e16760b76ec7d2a2b38f636bc90555f,152639.0,140370.0,12269.0,win,720,DONE,DONE,
top100,baseline:16794696:115323643:1,baseline,43,Paul Bryan Elefante,Paul Bryan Elefante,221677536,1,bbffbe65dee6e0dc4dd0147fec897df74e16760b76ec7d2a2b38f636bc90555f,97445.0,98388.0,-943.0,loss,720,DONE,DONE,
top100,candidate:16794696:115323643:0,candidate,43,Paul Bryan Elefante,Paul Bryan Elefante,221677536,0,4ea1d89ac99758c6219bcd7d07b729de4dc5836260a25037ca973343b46c6289,97445.0,98388.0,-943.0,loss,720,DONE,DONE,
top100,candidate:16675778:115324522:0,candidate,44,Orbital Terraformer,Orbital Terraformer,362365668,0,4ea1d89ac99758c6219bcd7d07b729de4dc5836260a25037ca973343b46c6289,152639.0,140370.0,12269.0,win,720,DONE,DONE,
top100,candidate:16794696:115323643:1,candidate,43,Paul Bryan Elefante,Paul Bryan Elefante,221677536,1,4ea1d89ac99758c6219bcd7d07b729de4dc5836260a25037ca973343b46c6289,97445.0,98388.0,-943.0,loss,720,DONE,DONE,
top100,baseline:16675778:115324522:1,baseline,44,Orbital Terraformer,Orbital Terraformer,362365668,1,bbffbe65dee6e0dc4dd0147fec897df74e16760b76ec7d2a2b38f636bc90555f,152639.0,140370.0,12269.0,win,720,DONE,DONE,
top100,baseline:16754882:115325006:0,baseline,45,vvs,vvs,1879412911,0,bbffbe65dee6e0dc4dd0147fec897df74e16760b76ec7d2a2b38f636bc90555f,42514.0,141521.0,-99007.0,loss,720,DONE,DONE,
top100,candidate:16675778:115324522:1,candidate,44,Orbital Terraformer,Orbital Terraformer,362365668,1,4ea1d89ac99758c6219bcd7d07b729de4dc5836260a25037ca973343b46c6289,152639.0,140370.0,12269.0,win,720,DONE,DONE,
top100,baseline:16754882:115325006:1,baseline,45,vvs,vvs,1879412911,1,bbffbe65dee6e0dc4dd0147fec897df74e16760b76ec7d2a2b38f636bc90555f,42514.0,141521.0,-99007.0,loss,720,DONE,DONE,
top100,candidate:16754882:115325006:0,candidate,45,vvs,vvs,1879412911,0,4ea1d89ac99758c6219bcd7d07b729de4dc5836260a25037ca973343b46c6289,42514.0,141521.0,-99007.0,loss,720,DONE,DONE,
top100,candidate:16754882:115325006:1,candidate,45,vvs,vvs,1879412911,1,4ea1d89ac99758c6219bcd7d07b729de4dc5836260a25037ca973343b46c6289,42514.0,141521.0,-99007.0,loss,720,DONE,DONE,
top100,baseline:16735341:115321656:0,baseline,46,MAC,MAC,1443374033,0,bbffbe65dee6e0dc4dd0147fec897df74e16760b76ec7d2a2b38f636bc90555f,124132.0,160769.0,-36637.0,loss,720,DONE,DONE,
top100,baseline:16735341:115321656:1,baseline,46,MAC,MAC,1443374033,1,bbffbe65dee6e0dc4dd0147fec897df74e16760b76ec7d2a2b38f636bc90555f,124132.0,160769.0,-36637.0,loss,720,DONE,DONE,
top100,baseline:16942123:115325783:0,baseline,47,dodsters,dodsters,1632098503,0,bbffbe65dee6e0dc4dd0147fec897df74e16760b76ec7d2a2b38f636bc90555f,145913.0,90629.0,55284.0,win,720,DONE,DONE,
top100,candidate:16735341:115321656:0,candidate,46,MAC,MAC,1443374033,0,4ea1d89ac99758c6219bcd7d07b729de4dc5836260a25037ca973343b46c6289,124132.0,160769.0,-36637.0,loss,720,DONE,DONE,
top100,baseline:16942123:115325783:1,baseline,47,dodsters,dodsters,1632098503,1,bbffbe65dee6e0dc4dd0147fec897df74e16760b76ec7d2a2b38f636bc90555f,145913.0,90629.0,55284.0,win,720,DONE,DONE,
top100,candidate:16942123:115325783:0,candidate,47,dodsters,dodsters,1632098503,0,4ea1d89ac99758c6219bcd7d07b729de4dc5836260a25037ca973343b46c6289,145913.0,90629.0,55284.0,win,720,DONE,DONE,
top100,candidate:16735341:115321656:1,candidate,46,MAC,MAC,1443374033,1,4ea1d89ac99758c6219bcd7d07b729de4dc5836260a25037ca973343b46c6289,124132.0,160769.0,-36637.0,loss,720,DONE,DONE,
top100,baseline:16730524:115323637:0,baseline,48,THIRD FARM CLUB,THIRD FARM CLUB,1988376929,0,bbffbe65dee6e0dc4dd0147fec897df74e16760b76ec7d2a2b38f636bc90555f,113117.0,102547.0,10570.0,win,720,DONE,DONE,
top100,candidate:16942123:115325783:1,candidate,47,dodsters,dodsters,1632098503,1,4ea1d89ac99758c6219bcd7d07b729de4dc5836260a25037ca973343b46c6289,145913.0,90629.0,55284.0,win,720,DONE,DONE,
top100,baseline:16730524:115323637:1,baseline,48,THIRD FARM CLUB,THIRD FARM CLUB,1988376929,1,bbffbe65dee6e0dc4dd0147fec897df74e16760b76ec7d2a2b38f636bc90555f,113117.0,102547.0,10570.0,win,720,DONE,DONE,
top100,candidate:16730524:115323637:0,candidate,48,THIRD FARM CLUB,THIRD FARM CLUB,1988376929,0,4ea1d89ac99758c6219bcd7d07b729de4dc5836260a25037ca973343b46c6289,113117.0,102547.0,10570.0,win,720,DONE,DONE,
top100,candidate:16730524:115323637:1,candidate,48,THIRD FARM CLUB,THIRD FARM CLUB,1988376929,1,4ea1d89ac99758c6219bcd7d07b729de4dc5836260a25037ca973343b46c6289,113117.0,102547.0,10570.0,win,720,DONE,DONE,
top100,baseline:16640510:115323112:0,baseline,49,SpaTaro,SpaTaro,363607200,0,bbffbe65dee6e0dc4dd0147fec897df74e16760b76ec7d2a2b38f636bc90555f,95484.0,89630.0,5854.0,win,720,DONE,DONE,
top100,baseline:16640510:115323112:1,baseline,49,SpaTaro,SpaTaro,363607200,1,bbffbe65dee6e0dc4dd0147fec897df74e16760b76ec7d2a2b38f636bc90555f,95484.0,89630.0,5854.0,win,720,DONE,DONE,
top100,baseline:16695046:115321605:0,baseline,50,Attention Is All You Seed,Attention Is All You Seed,2106183438,0,bbffbe65dee6e0dc4dd0147fec897df74e16760b76ec7d2a2b38f636bc90555f,67730.0,74028.0,-6298.0,loss,720,DONE,DONE,
top100,candidate:16640510:115323112:0,candidate,49,SpaTaro,SpaTaro,363607200,0,4ea1d89ac99758c6219bcd7d07b729de4dc5836260a25037ca973343b46c6289,95475.0,89640.0,5835.0,win,720,DONE,DONE,
top100,candidate:16640510:115323112:1,candidate,49,SpaTaro,SpaTaro,363607200,1,4ea1d89ac99758c6219bcd7d07b729de4dc5836260a25037ca973343b46c6289,95475.0,89640.0,5835.0,win,720,DONE,DONE,
top100,baseline:16695046:115321605:1,baseline,50,Attention Is All You Seed,Attention Is All You Seed,2106183438,1,bbffbe65dee6e0dc4dd0147fec897df74e16760b76ec7d2a2b38f636bc90555f,67730.0,74028.0,-6298.0,loss,720,DONE,DONE,
top100,candidate:16695046:115321605:0,candidate,50,Attention Is All You Seed,Attention Is All You Seed,2106183438,0,4ea1d89ac99758c6219bcd7d07b729de4dc5836260a25037ca973343b46c6289,67733.0,74017.0,-6284.0,loss,720,DONE,DONE,
top100,baseline:16658248:115325006:0,baseline,51,Aaweg,Aaweg,1879412911,0,bbffbe65dee6e0dc4dd0147fec897df74e16760b76ec7d2a2b38f636bc90555f,162364.0,52982.0,109382.0,win,720,DONE,DONE,
top100,candidate:16658248:115325006:0,candidate,51,Aaweg,Aaweg,1879412911,0,4ea1d89ac99758c6219bcd7d07b729de4dc5836260a25037ca973343b46c6289,162364.0,52982.0,109382.0,win,720,DONE,DONE,
top100,baseline:16658248:115325006:1,baseline,51,Aaweg,Aaweg,1879412911,1,bbffbe65dee6e0dc4dd0147fec897df74e16760b76ec7d2a2b38f636bc90555f,162364.0,52982.0,109382.0,win,720,DONE,DONE,
top100,candidate:16695046:115321605:1,candidate,50,Attention Is All You Seed,Attention Is All You Seed,2106183438,1,4ea1d89ac99758c6219bcd7d07b729de4dc5836260a25037ca973343b46c6289,67733.0,74017.0,-6284.0,loss,720,DONE,DONE,
top100,baseline:16644287:115323672:0,baseline,52,Ryo Hasegawa,Ryo Hasegawa,1352609205,0,bbffbe65dee6e0dc4dd0147fec897df74e16760b76ec7d2a2b38f636bc90555f,102922.0,114754.0,-11832.0,loss,720,DONE,DONE,
top100,candidate:16658248:115325006:1,candidate,51,Aaweg,Aaweg,1879412911,1,4ea1d89ac99758c6219bcd7d07b729de4dc5836260a25037ca973343b46c6289,162364.0,52982.0,109382.0,win,720,DONE,DONE,
top100,candidate:16644287:115323672:0,candidate,52,Ryo Hasegawa,Ryo Hasegawa,1352609205,0,4ea1d89ac99758c6219bcd7d07b729de4dc5836260a25037ca973343b46c6289,102916.0,114760.0,-11844.0,loss,720,DONE,DONE,
top100,baseline:16644287:115323672:1,baseline,52,Ryo Hasegawa,Ryo Hasegawa,1352609205,1,bbffbe65dee6e0dc4dd0147fec897df74e16760b76ec7d2a2b38f636bc90555f,102922.0,114754.0,-11832.0,loss,720,DONE,DONE,
top100,candidate:16644287:115323672:1,candidate,52,Ryo Hasegawa,Ryo Hasegawa,1352609205,1,4ea1d89ac99758c6219bcd7d07b729de4dc5836260a25037ca973343b46c6289,102916.0,114760.0,-11844.0,loss,720,DONE,DONE,
top100,baseline:16760569:115322678:0,baseline,53,Otter Vibe,Otter Vibe,1843162677,0,bbffbe65dee6e0dc4dd0147fec897df74e16760b76ec7d2a2b38f636bc90555f,103792.0,118727.0,-14935.0,loss,720,DONE,DONE,
top100,baseline:16760569:115322678:1,baseline,53,Otter Vibe,Otter Vibe,1843162677,1,bbffbe65dee6e0dc4dd0147fec897df74e16760b76ec7d2a2b38f636bc90555f,103245.0,118231.0,-14986.0,loss,720,DONE,DONE,
top100,baseline:16685634:115324613:0,baseline,54,Syed Asad Ali,Syed Asad Ali,347129523,0,bbffbe65dee6e0dc4dd0147fec897df74e16760b76ec7d2a2b38f636bc90555f,209800.0,0.0,209800.0,win,720,DONE,DONE,
top100,candidate:16760569:115322678:0,candidate,53,Otter Vibe,Otter Vibe,1843162677,0,4ea1d89ac99758c6219bcd7d07b729de4dc5836260a25037ca973343b46c6289,103828.0,118691.0,-14863.0,loss,720,DONE,DONE,
top100,candidate:16760569:115322678:1,candidate,53,Otter Vibe,Otter Vibe,1843162677,1,4ea1d89ac99758c6219bcd7d07b729de4dc5836260a25037ca973343b46c6289,103281.0,118195.0,-14914.0,loss,720,DONE,DONE,
top100,baseline:16685634:115324613:1,baseline,54,Syed Asad Ali,Syed Asad Ali,347129523,1,bbffbe65dee6e0dc4dd0147fec897df74e16760b76ec7d2a2b38f636bc90555f,221772.0,0.0,221772.0,win,720,DONE,DONE,
top100,candidate:16685634:115324613:0,candidate,54,Syed Asad Ali,Syed Asad Ali,347129523,0,4ea1d89ac99758c6219bcd7d07b729de4dc5836260a25037ca973343b46c6289,209800.0,0.0,209800.0,win,720,DONE,DONE,
top100,candidate:16685634:115324613:1,candidate,54,Syed Asad Ali,Syed Asad Ali,347129523,1,4ea1d89ac99758c6219bcd7d07b729de4dc5836260a25037ca973343b46c6289,221772.0,0.0,221772.0,win,720,DONE,DONE,
top100,baseline:16864314:115326343:0,baseline,55,marwar22,marwar22,1481973709,0,bbffbe65dee6e0dc4dd0147fec897df74e16760b76ec7d2a2b38f636bc90555f,112106.0,115987.0,-3881.0,loss,720,DONE,DONE,
top100,candidate:16864314:115326343:0,candidate,55,marwar22,marwar22,1481973709,0,4ea1d89ac99758c6219bcd7d07b729de4dc5836260a25037ca973343b46c6289,112107.0,115986.0,-3879.0,loss,720,DONE,DONE,
top100,baseline:16864314:115326343:1,baseline,55,marwar22,marwar22,1481973709,1,bbffbe65dee6e0dc4dd0147fec897df74e16760b76ec7d2a2b38f636bc90555f,112106.0,115987.0,-3881.0,loss,720,DONE,DONE,
top100,baseline:16878533:115324436:0,baseline,56,HayatoFujihara,HayatoFujihara,1814592101,0,bbffbe65dee6e0dc4dd0147fec897df74e16760b76ec7d2a2b38f636bc90555f,143366.0,133556.0,9810.0,win,720,DONE,DONE,
top100,candidate:16864314:115326343:1,candidate,55,marwar22,marwar22,1481973709,1,4ea1d89ac99758c6219bcd7d07b729de4dc5836260a25037ca973343b46c6289,112107.0,115986.0,-3879.0,loss,720,DONE,DONE,
top100,baseline:16743582:115324126:0,baseline,57,ShunkiKyoya,ShunkiKyoya,1525118767,0,bbffbe65dee6e0dc4dd0147fec897df74e16760b76ec7d2a2b38f636bc90555f,119308.0,161734.0,-42426.0,loss,720,DONE,DONE,
top100,baseline:16878533:115324436:1,baseline,56,HayatoFujihara,HayatoFujihara,1814592101,1,bbffbe65dee6e0dc4dd0147fec897df74e16760b76ec7d2a2b38f636bc90555f,143366.0,133556.0,9810.0,win,720,DONE,DONE,
top100,candidate:16878533:115324436:0,candidate,56,HayatoFujihara,HayatoFujihara,1814592101,0,4ea1d89ac99758c6219bcd7d07b729de4dc5836260a25037ca973343b46c6289,143371.0,133549.0,9822.0,win,720,DONE,DONE,
top100,baseline:16743582:115324126:1,baseline,57,ShunkiKyoya,ShunkiKyoya,1525118767,1,bbffbe65dee6e0dc4dd0147fec897df74e16760b76ec7d2a2b38f636bc90555f,119300.0,161787.0,-42487.0,loss,720,DONE,DONE,
top100,candidate:16878533:115324436:1,candidate,56,HayatoFujihara,HayatoFujihara,1814592101,1,4ea1d89ac99758c6219bcd7d07b729de4dc5836260a25037ca973343b46c6289,143371.0,133549.0,9822.0,win,720,DONE,DONE,
top100,candidate:16743582:115324126:0,candidate,57,ShunkiKyoya,ShunkiKyoya,1525118767,0,4ea1d89ac99758c6219bcd7d07b729de4dc5836260a25037ca973343b46c6289,119298.0,161741.0,-42443.0,loss,720,DONE,DONE,
top100,baseline:16730326:115324436:0,baseline,58,atsushi11o7,atsushi11o7,1814592101,0,bbffbe65dee6e0dc4dd0147fec897df74e16760b76ec7d2a2b38f636bc90555f,134694.0,103856.0,30838.0,win,720,DONE,DONE,
top100,candidate:16743582:115324126:1,candidate,57,ShunkiKyoya,ShunkiKyoya,1525118767,1,4ea1d89ac99758c6219bcd7d07b729de4dc5836260a25037ca973343b46c6289,119290.0,161794.0,-42504.0,loss,720,DONE,DONE,
top100,candidate:16730326:115324436:0,candidate,58,atsushi11o7,atsushi11o7,1814592101,0,4ea1d89ac99758c6219bcd7d07b729de4dc5836260a25037ca973343b46c6289,134694.0,103856.0,30838.0,win,720,DONE,DONE,
top100,baseline:16730326:115324436:1,baseline,58,atsushi11o7,atsushi11o7,1814592101,1,bbffbe65dee6e0dc4dd0147fec897df74e16760b76ec7d2a2b38f636bc90555f,134694.0,103856.0,30838.0,win,720,DONE,DONE,
top100,baseline:16685950:115326356:0,baseline,59,Planned Economy,Planned Economy,311873662,0,bbffbe65dee6e0dc4dd0147fec897df74e16760b76ec7d2a2b38f636bc90555f,140861.0,138224.0,2637.0,win,720,DONE,DONE,
top100,candidate:16730326:115324436:1,candidate,58,atsushi11o7,atsushi11o7,1814592101,1,4ea1d89ac99758c6219bcd7d07b729de4dc5836260a25037ca973343b46c6289,134694.0,103856.0,30838.0,win,720,DONE,DONE,
top100,baseline:16887437:115325564:0,baseline,60,TheEggman,TheEggman,885995011,0,bbffbe65dee6e0dc4dd0147fec897df74e16760b76ec7d2a2b38f636bc90555f,150594.0,119139.0,31455.0,win,720,DONE,DONE,
top100,baseline:16685950:115326356:1,baseline,59,Planned Economy,Planned Economy,311873662,1,bbffbe65dee6e0dc4dd0147fec897df74e16760b76ec7d2a2b38f636bc90555f,140861.0,138224.0,2637.0,win,720,DONE,DONE,
top100,candidate:16685950:115326356:0,candidate,59,Planned Economy,Planned Economy,311873662,0,4ea1d89ac99758c6219bcd7d07b729de4dc5836260a25037ca973343b46c6289,140861.0,138223.0,2638.0,win,720,DONE,DONE,
top100,baseline:16887437:115325564:1,baseline,60,TheEggman,TheEggman,885995011,1,bbffbe65dee6e0dc4dd0147fec897df74e16760b76ec7d2a2b38f636bc90555f,150594.0,119139.0,31455.0,win,720,DONE,DONE,
top100,candidate:16685950:115326356:1,candidate,59,Planned Economy,Planned Economy,311873662,1,4ea1d89ac99758c6219bcd7d07b729de4dc5836260a25037ca973343b46c6289,140861.0,138223.0,2638.0,win,720,DONE,DONE,
top100,candidate:16887437:115325564:0,candidate,60,TheEggman,TheEggman,885995011,0,4ea1d89ac99758c6219bcd7d07b729de4dc5836260a25037ca973343b46c6289,150594.0,119139.0,31455.0,win,720,DONE,DONE,
top100,candidate:16887437:115325564:1,candidate,60,TheEggman,TheEggman,885995011,1,4ea1d89ac99758c6219bcd7d07b729de4dc5836260a25037ca973343b46c6289,150594.0,119139.0,31455.0,win,720,DONE,DONE,
top100,baseline:16736838:115323582:0,baseline,61,アナコンダ,アナコンダ,2102138038,0,bbffbe65dee6e0dc4dd0147fec897df74e16760b76ec7d2a2b38f636bc90555f,140445.0,81233.0,59212.0,win,720,DONE,DONE,
top100,candidate:16736838:115323582:0,candidate,61,アナコンダ,アナコンダ,2102138038,0,4ea1d89ac99758c6219bcd7d07b729de4dc5836260a25037ca973343b46c6289,140447.0,81231.0,59216.0,win,720,DONE,DONE,
top100,baseline:16736838:115323582:1,baseline,61,アナコンダ,アナコンダ,2102138038,1,bbffbe65dee6e0dc4dd0147fec897df74e16760b76ec7d2a2b38f636bc90555f,140445.0,81233.0,59212.0,win,720,DONE,DONE,
top100,baseline:16660281:115325479:0,baseline,62,xiy lin,xiy lin,812735970,0,bbffbe65dee6e0dc4dd0147fec897df74e16760b76ec7d2a2b38f636bc90555f,59015.0,83452.0,-24437.0,loss,720,DONE,DONE,
top100,candidate:16736838:115323582:1,candidate,61,アナコンダ,アナコンダ,2102138038,1,4ea1d89ac99758c6219bcd7d07b729de4dc5836260a25037ca973343b46c6289,140447.0,81231.0,59216.0,win,720,DONE,DONE,
top100,baseline:16660281:115325479:1,baseline,62,xiy lin,xiy lin,812735970,1,bbffbe65dee6e0dc4dd0147fec897df74e16760b76ec7d2a2b38f636bc90555f,59015.0,83452.0,-24437.0,loss,720,DONE,DONE,
top100,baseline:16763230:115325624:0,baseline,63,flg,flg,406719979,0,bbffbe65dee6e0dc4dd0147fec897df74e16760b76ec7d2a2b38f636bc90555f,178098.0,80154.0,97944.0,win,720,DONE,DONE,
top100,candidate:16660281:115325479:0,candidate,62,xiy lin,xiy lin,812735970,0,4ea1d89ac99758c6219bcd7d07b729de4dc5836260a25037ca973343b46c6289,59015.0,83452.0,-24437.0,loss,720,DONE,DONE,
top100,candidate:16763230:115325624:0,candidate,63,flg,flg,406719979,0,4ea1d89ac99758c6219bcd7d07b729de4dc5836260a25037ca973343b46c6289,178098.0,80154.0,97944.0,win,720,DONE,DONE,
top100,baseline:16763230:115325624:1,baseline,63,flg,flg,406719979,1,bbffbe65dee6e0dc4dd0147fec897df74e16760b76ec7d2a2b38f636bc90555f,178098.0,80154.0,97944.0,win,720,DONE,DONE,
top100,candidate:16660281:115325479:1,candidate,62,xiy lin,xiy lin,812735970,1,4ea1d89ac99758c6219bcd7d07b729de4dc5836260a25037ca973343b46c6289,59015.0,83452.0,-24437.0,loss,720,DONE,DONE,
top100,baseline:16630675:115322988:0,baseline,64,Lucien de Rubempre,Lucien de Rubempre,710537860,0,bbffbe65dee6e0dc4dd0147fec897df74e16760b76ec7d2a2b38f636bc90555f,44304.0,115501.0,-71197.0,loss,720,DONE,DONE,
top100,candidate:16763230:115325624:1,candidate,63,flg,flg,406719979,1,4ea1d89ac99758c6219bcd7d07b729de4dc5836260a25037ca973343b46c6289,178098.0,80154.0,97944.0,win,720,DONE,DONE,
top100,candidate:16630675:115322988:0,candidate,64,Lucien de Rubempre,Lucien de Rubempre,710537860,0,4ea1d89ac99758c6219bcd7d07b729de4dc5836260a25037ca973343b46c6289,44304.0,115501.0,-71197.0,loss,720,DONE,DONE,
top100,baseline:16630675:115322988:1,baseline,64,Lucien de Rubempre,Lucien de Rubempre,710537860,1,bbffbe65dee6e0dc4dd0147fec897df74e16760b76ec7d2a2b38f636bc90555f,44304.0,115501.0,-71197.0,loss,720,DONE,DONE,
top100,baseline:16803103:115325658:0,baseline,65,hugghngkai,hugghngkai,443252242,0,bbffbe65dee6e0dc4dd0147fec897df74e16760b76ec7d2a2b38f636bc90555f,77493.0,86250.0,-8757.0,loss,720,DONE,DONE,
top100,candidate:16630675:115322988:1,candidate,64,Lucien de Rubempre,Lucien de Rubempre,710537860,1,4ea1d89ac99758c6219bcd7d07b729de4dc5836260a25037ca973343b46c6289,44304.0,115501.0,-71197.0,loss,720,DONE,DONE,
top100,baseline:16803103:115325658:1,baseline,65,hugghngkai,hugghngkai,443252242,1,bbffbe65dee6e0dc4dd0147fec897df74e16760b76ec7d2a2b38f636bc90555f,77493.0,86250.0,-8757.0,loss,720,DONE,DONE,
top100,candidate:16803103:115325658:0,candidate,65,hugghngkai,hugghngkai,443252242,0,4ea1d89ac99758c6219bcd7d07b729de4dc5836260a25037ca973343b46c6289,77493.0,86250.0,-8757.0,loss,720,DONE,DONE,
top100,candidate:16803103:115325658:1,candidate,65,hugghngkai,hugghngkai,443252242,1,4ea1d89ac99758c6219bcd7d07b729de4dc5836260a25037ca973343b46c6289,77493.0,86250.0,-8757.0,loss,720,DONE,DONE,
top100,baseline:16668998:115321471:0,baseline,66,WarRusher,WarRusher,1651324184,0,bbffbe65dee6e0dc4dd0147fec897df74e16760b76ec7d2a2b38f636bc90555f,144532.0,49789.0,94743.0,win,720,DONE,DONE,
top100,baseline:16668998:115321471:1,baseline,66,WarRusher,WarRusher,1651324184,1,bbffbe65dee6e0dc4dd0147fec897df74e16760b76ec7d2a2b38f636bc90555f,144532.0,49789.0,94743.0,win,720,DONE,DONE,
top100,candidate:16668998:115321471:0,candidate,66,WarRusher,WarRusher,1651324184,0,4ea1d89ac99758c6219bcd7d07b729de4dc5836260a25037ca973343b46c6289,144532.0,49789.0,94743.0,win,720,DONE,DONE,
top100,candidate:16668998:115321471:1,candidate,66,WarRusher,WarRusher,1651324184,1,4ea1d89ac99758c6219bcd7d07b729de4dc5836260a25037ca973343b46c6289,144532.0,49789.0,94743.0,win,720,DONE,DONE,
top100,baseline:16811917:115326245:0,baseline,67,Dipam Chakraborty,Dipam Chakraborty,1202037741,0,bbffbe65dee6e0dc4dd0147fec897df74e16760b76ec7d2a2b38f636bc90555f,101320.0,82028.0,19292.0,win,720,DONE,DONE,
top100,baseline:16811917:115326245:1,baseline,67,Dipam Chakraborty,Dipam Chakraborty,1202037741,1,bbffbe65dee6e0dc4dd0147fec897df74e16760b76ec7d2a2b38f636bc90555f,101320.0,82028.0,19292.0,win,720,DONE,DONE,
top100,baseline:16723620:115321858:0,baseline,68,3정훈,3정훈,973921798,0,bbffbe65dee6e0dc4dd0147fec897df74e16760b76ec7d2a2b38f636bc90555f,103211.0,101660.0,1551.0,win,720,DONE,DONE,
top100,candidate:16811917:115326245:0,candidate,67,Dipam Chakraborty,Dipam Chakraborty,1202037741,0,4ea1d89ac99758c6219bcd7d07b729de4dc5836260a25037ca973343b46c6289,101320.0,82028.0,19292.0,win,720,DONE,DONE,
top100,candidate:16811917:115326245:1,candidate,67,Dipam Chakraborty,Dipam Chakraborty,1202037741,1,4ea1d89ac99758c6219bcd7d07b729de4dc5836260a25037ca973343b46c6289,101320.0,82028.0,19292.0,win,720,DONE,DONE,
top100,candidate:16723620:115321858:0,candidate,68,3정훈,3정훈,973921798,0,4ea1d89ac99758c6219bcd7d07b729de4dc5836260a25037ca973343b46c6289,103211.0,101660.0,1551.0,win,720,DONE,DONE,
top100,baseline:16723620:115321858:1,baseline,68,3정훈,3정훈,973921798,1,bbffbe65dee6e0dc4dd0147fec897df74e16760b76ec7d2a2b38f636bc90555f,103211.0,101660.0,1551.0,win,720,DONE,DONE,
top100,candidate:16723620:115321858:1,candidate,68,3정훈,3정훈,973921798,1,4ea1d89ac99758c6219bcd7d07b729de4dc5836260a25037ca973343b46c6289,103211.0,101660.0,1551.0,win,720,DONE,DONE,
top100,baseline:16740405:115324677:0,baseline,69,by,by,1370537708,0,bbffbe65dee6e0dc4dd0147fec897df74e16760b76ec7d2a2b38f636bc90555f,107703.0,91104.0,16599.0,win,720,DONE,DONE,
top100,candidate:16740405:115324677:0,candidate,69,by,by,1370537708,0,4ea1d89ac99758c6219bcd7d07b729de4dc5836260a25037ca973343b46c6289,107705.0,91102.0,16603.0,win,720,DONE,DONE,
top100,baseline:16740405:115324677:1,baseline,69,by,by,1370537708,1,bbffbe65dee6e0dc4dd0147fec897df74e16760b76ec7d2a2b38f636bc90555f,107703.0,91104.0,16599.0,win,720,DONE,DONE,
top100,baseline:16754022:115322273:0,baseline,70,Pico,Pico,2053729380,0,bbffbe65dee6e0dc4dd0147fec897df74e16760b76ec7d2a2b38f636bc90555f,101926.0,99996.0,1930.0,win,720,DONE,DONE,
top100,candidate:16740405:115324677:1,candidate,69,by,by,1370537708,1,4ea1d89ac99758c6219bcd7d07b729de4dc5836260a25037ca973343b46c6289,107705.0,91102.0,16603.0,win,720,DONE,DONE,
top100,baseline:16754022:115322273:1,baseline,70,Pico,Pico,2053729380,1,bbffbe65dee6e0dc4dd0147fec897df74e16760b76ec7d2a2b38f636bc90555f,101926.0,99996.0,1930.0,win,720,DONE,DONE,
top100,baseline:16706222:115326077:0,baseline,71,Xiangyu Liu,Xiangyu Liu,523638871,0,bbffbe65dee6e0dc4dd0147fec897df74e16760b76ec7d2a2b38f636bc90555f,213271.0,9.0,213262.0,win,720,DONE,DONE,
top100,candidate:16754022:115322273:0,candidate,70,Pico,Pico,2053729380,0,4ea1d89ac99758c6219bcd7d07b729de4dc5836260a25037ca973343b46c6289,101926.0,99996.0,1930.0,win,720,DONE,DONE,
top100,candidate:16706222:115326077:0,candidate,71,Xiangyu Liu,Xiangyu Liu,523638871,0,4ea1d89ac99758c6219bcd7d07b729de4dc5836260a25037ca973343b46c6289,213271.0,9.0,213262.0,win,720,DONE,DONE,
top100,baseline:16706222:115326077:1,baseline,71,Xiangyu Liu,Xiangyu Liu,523638871,1,bbffbe65dee6e0dc4dd0147fec897df74e16760b76ec7d2a2b38f636bc90555f,213271.0,9.0,213262.0,win,720,DONE,DONE,
top100,candidate:16754022:115322273:1,candidate,70,Pico,Pico,2053729380,1,4ea1d89ac99758c6219bcd7d07b729de4dc5836260a25037ca973343b46c6289,101926.0,99996.0,1930.0,win,720,DONE,DONE,
top100,candidate:16706222:115326077:1,candidate,71,Xiangyu Liu,Xiangyu Liu,523638871,1,4ea1d89ac99758c6219bcd7d07b729de4dc5836260a25037ca973343b46c6289,213271.0,9.0,213262.0,win,720,DONE,DONE,
top100,baseline:16629972:115320828:0,baseline,72,forever young,forever young,1061538137,0,bbffbe65dee6e0dc4dd0147fec897df74e16760b76ec7d2a2b38f636bc90555f,129310.0,118214.0,11096.0,win,720,DONE,DONE,
top100,baseline:16629972:115320828:1,baseline,72,forever young,forever young,1061538137,1,bbffbe65dee6e0dc4dd0147fec897df74e16760b76ec7d2a2b38f636bc90555f,129310.0,118214.0,11096.0,win,720,DONE,DONE,
top100,candidate:16629972:115320828:0,candidate,72,forever young,forever young,1061538137,0,4ea1d89ac99758c6219bcd7d07b729de4dc5836260a25037ca973343b46c6289,129324.0,118200.0,11124.0,win,720,DONE,DONE,
top100,candidate:16629972:115320828:1,candidate,72,forever young,forever young,1061538137,1,4ea1d89ac99758c6219bcd7d07b729de4dc5836260a25037ca973343b46c6289,129324.0,118200.0,11124.0,win,720,DONE,DONE,
top100,baseline:16913723:115322923:0,baseline,73,azamat1ch,azamat1ch,947330361,0,bbffbe65dee6e0dc4dd0147fec897df74e16760b76ec7d2a2b38f636bc90555f,120638.0,94763.0,25875.0,win,720,DONE,DONE,
top100,baseline:16913723:115322923:1,baseline,73,azamat1ch,azamat1ch,947330361,1,bbffbe65dee6e0dc4dd0147fec897df74e16760b76ec7d2a2b38f636bc90555f,120638.0,94763.0,25875.0,win,720,DONE,DONE,
top100,candidate:16913723:115322923:0,candidate,73,azamat1ch,azamat1ch,947330361,0,4ea1d89ac99758c6219bcd7d07b729de4dc5836260a25037ca973343b46c6289,120638.0,94763.0,25875.0,win,720,DONE,DONE,
top100,baseline:16670221:115326448:0,baseline,74,❄️ Cole Palmer ❄️,❄️ Cole Palmer ❄️,893903170,0,bbffbe65dee6e0dc4dd0147fec897df74e16760b76ec7d2a2b38f636bc90555f,49114.0,102800.0,-53686.0,loss,720,DONE,DONE,
top100,baseline:16670221:115326448:1,baseline,74,❄️ Cole Palmer ❄️,❄️ Cole Palmer ❄️,893903170,1,bbffbe65dee6e0dc4dd0147fec897df74e16760b76ec7d2a2b38f636bc90555f,49114.0,102800.0,-53686.0,loss,720,DONE,DONE,
top100,candidate:16670221:115326448:0,candidate,74,❄️ Cole Palmer ❄️,❄️ Cole Palmer ❄️,893903170,0,4ea1d89ac99758c6219bcd7d07b729de4dc5836260a25037ca973343b46c6289,49114.0,102800.0,-53686.0,loss,720,DONE,DONE,
top100,candidate:16913723:115322923:1,candidate,73,azamat1ch,azamat1ch,947330361,1,4ea1d89ac99758c6219bcd7d07b729de4dc5836260a25037ca973343b46c6289,120638.0,94763.0,25875.0,win,720,DONE,DONE,
top100,baseline:16748173:115326371:0,baseline,75,pensukesan,pensukesan,51199843,0,bbffbe65dee6e0dc4dd0147fec897df74e16760b76ec7d2a2b38f636bc90555f,123380.0,101829.0,21551.0,win,720,DONE,DONE,
top100,candidate:16670221:115326448:1,candidate,74,❄️ Cole Palmer ❄️,❄️ Cole Palmer ❄️,893903170,1,4ea1d89ac99758c6219bcd7d07b729de4dc5836260a25037ca973343b46c6289,49114.0,102800.0,-53686.0,loss,720,DONE,DONE,
top100,candidate:16748173:115326371:0,candidate,75,pensukesan,pensukesan,51199843,0,4ea1d89ac99758c6219bcd7d07b729de4dc5836260a25037ca973343b46c6289,123382.0,101827.0,21555.0,win,720,DONE,DONE,
top100,baseline:16748173:115326371:1,baseline,75,pensukesan,pensukesan,51199843,1,bbffbe65dee6e0dc4dd0147fec897df74e16760b76ec7d2a2b38f636bc90555f,123380.0,101829.0,21551.0,win,720,DONE,DONE,
top100,baseline:16926467:115325912:0,baseline,76,arutyunoff,arutyunoff,1474698560,0,bbffbe65dee6e0dc4dd0147fec897df74e16760b76ec7d2a2b38f636bc90555f,94951.0,93854.0,1097.0,win,720,DONE,DONE,
top100,candidate:16748173:115326371:1,candidate,75,pensukesan,pensukesan,51199843,1,4ea1d89ac99758c6219bcd7d07b729de4dc5836260a25037ca973343b46c6289,123382.0,101827.0,21555.0,win,720,DONE,DONE,
top100,candidate:16926467:115325912:0,candidate,76,arutyunoff,arutyunoff,1474698560,0,4ea1d89ac99758c6219bcd7d07b729de4dc5836260a25037ca973343b46c6289,94951.0,93854.0,1097.0,win,720,DONE,DONE,
top100,baseline:16926467:115325912:1,baseline,76,arutyunoff,arutyunoff,1474698560,1,bbffbe65dee6e0dc4dd0147fec897df74e16760b76ec7d2a2b38f636bc90555f,94951.0,93854.0,1097.0,win,720,DONE,DONE,
top100,candidate:16926467:115325912:1,candidate,76,arutyunoff,arutyunoff,1474698560,1,4ea1d89ac99758c6219bcd7d07b729de4dc5836260a25037ca973343b46c6289,94951.0,93854.0,1097.0,win,720,DONE,DONE,
top100,baseline:16731443:115320702:0,baseline,77,Arjun Vinod,Arjun Vinod,315388749,0,bbffbe65dee6e0dc4dd0147fec897df74e16760b76ec7d2a2b38f636bc90555f,84088.0,92159.0,-8071.0,loss,720,DONE,DONE,
top100,baseline:16760701:115326090:0,baseline,78,Yannik Schiffner,Yannik Schiffner,919648492,0,bbffbe65dee6e0dc4dd0147fec897df74e16760b76ec7d2a2b38f636bc90555f,103925.0,103300.0,625.0,win,720,DONE,DONE,
top100,baseline:16731443:115320702:1,baseline,77,Arjun Vinod,Arjun Vinod,315388749,1,bbffbe65dee6e0dc4dd0147fec897df74e16760b76ec7d2a2b38f636bc90555f,84088.0,92159.0,-8071.0,loss,720,DONE,DONE,
top100,candidate:16731443:115320702:0,candidate,77,Arjun Vinod,Arjun Vinod,315388749,0,4ea1d89ac99758c6219bcd7d07b729de4dc5836260a25037ca973343b46c6289,84079.0,92169.0,-8090.0,loss,720,DONE,DONE,
top100,candidate:16760701:115326090:0,candidate,78,Yannik Schiffner,Yannik Schiffner,919648492,0,4ea1d89ac99758c6219bcd7d07b729de4dc5836260a25037ca973343b46c6289,103929.0,103297.0,632.0,win,720,DONE,DONE,
top100,candidate:16731443:115320702:1,candidate,77,Arjun Vinod,Arjun Vinod,315388749,1,4ea1d89ac99758c6219bcd7d07b729de4dc5836260a25037ca973343b46c6289,84079.0,92169.0,-8090.0,loss,720,DONE,DONE,
top100,baseline:16760701:115326090:1,baseline,78,Yannik Schiffner,Yannik Schiffner,919648492,1,bbffbe65dee6e0dc4dd0147fec897df74e16760b76ec7d2a2b38f636bc90555f,103925.0,103300.0,625.0,win,720,DONE,DONE,
top100,candidate:16760701:115326090:1,candidate,78,Yannik Schiffner,Yannik Schiffner,919648492,1,4ea1d89ac99758c6219bcd7d07b729de4dc5836260a25037ca973343b46c6289,103929.0,103297.0,632.0,win,720,DONE,DONE,
top100,baseline:16732403:115326048:0,baseline,80,ymg_aq,ymg_aq,705786050,0,bbffbe65dee6e0dc4dd0147fec897df74e16760b76ec7d2a2b38f636bc90555f,102763.0,83735.0,19028.0,win,720,DONE,DONE,
top100,baseline:16799266:115323685:0,baseline,79,Kucing Garong,Kucing Garong,1512046450,0,bbffbe65dee6e0dc4dd0147fec897df74e16760b76ec7d2a2b38f636bc90555f,90048.0,70745.0,19303.0,win,720,DONE,DONE,
top100,candidate:16799266:115323685:0,candidate,79,Kucing Garong,Kucing Garong,1512046450,0,4ea1d89ac99758c6219bcd7d07b729de4dc5836260a25037ca973343b46c6289,90077.0,70718.0,19359.0,win,720,DONE,DONE,
top100,baseline:16799266:115323685:1,baseline,79,Kucing Garong,Kucing Garong,1512046450,1,bbffbe65dee6e0dc4dd0147fec897df74e16760b76ec7d2a2b38f636bc90555f,90048.0,70745.0,19303.0,win,720,DONE,DONE,
top100,baseline:16732403:115326048:1,baseline,80,ymg_aq,ymg_aq,705786050,1,bbffbe65dee6e0dc4dd0147fec897df74e16760b76ec7d2a2b38f636bc90555f,102763.0,83735.0,19028.0,win,720,DONE,DONE,
top100,candidate:16799266:115323685:1,candidate,79,Kucing Garong,Kucing Garong,1512046450,1,4ea1d89ac99758c6219bcd7d07b729de4dc5836260a25037ca973343b46c6289,90077.0,70718.0,19359.0,win,720,DONE,DONE,
top100,candidate:16732403:115326048:0,candidate,80,ymg_aq,ymg_aq,705786050,0,4ea1d89ac99758c6219bcd7d07b729de4dc5836260a25037ca973343b46c6289,102735.0,83762.0,18973.0,win,720,DONE,DONE,
top100,candidate:16732403:115326048:1,candidate,80,ymg_aq,ymg_aq,705786050,1,4ea1d89ac99758c6219bcd7d07b729de4dc5836260a25037ca973343b46c6289,102735.0,83762.0,18973.0,win,720,DONE,DONE,
top100,baseline:16645703:115325993:0,baseline,81,madmax0404,madmax0404,81668209,0,bbffbe65dee6e0dc4dd0147fec897df74e16760b76ec7d2a2b38f636bc90555f,147816.0,113194.0,34622.0,win,720,DONE,DONE,
top100,baseline:16714457:115323686:0,baseline,82,Crop Dustas,Crop Dustas,952289473,0,bbffbe65dee6e0dc4dd0147fec897df74e16760b76ec7d2a2b38f636bc90555f,126980.0,109411.0,17569.0,win,720,DONE,DONE,
top100,baseline:16645703:115325993:1,baseline,81,madmax0404,madmax0404,81668209,1,bbffbe65dee6e0dc4dd0147fec897df74e16760b76ec7d2a2b38f636bc90555f,147816.0,113194.0,34622.0,win,720,DONE,DONE,
top100,candidate:16645703:115325993:0,candidate,81,madmax0404,madmax0404,81668209,0,4ea1d89ac99758c6219bcd7d07b729de4dc5836260a25037ca973343b46c6289,147814.0,113196.0,34618.0,win,720,DONE,DONE,
top100,candidate:16714457:115323686:0,candidate,82,Crop Dustas,Crop Dustas,952289473,0,4ea1d89ac99758c6219bcd7d07b729de4dc5836260a25037ca973343b46c6289,126980.0,109411.0,17569.0,win,720,DONE,DONE,
top100,candidate:16645703:115325993:1,candidate,81,madmax0404,madmax0404,81668209,1,4ea1d89ac99758c6219bcd7d07b729de4dc5836260a25037ca973343b46c6289,147814.0,113196.0,34618.0,win,720,DONE,DONE,
top100,baseline:16714457:115323686:1,baseline,82,Crop Dustas,Crop Dustas,952289473,1,bbffbe65dee6e0dc4dd0147fec897df74e16760b76ec7d2a2b38f636bc90555f,126980.0,109411.0,17569.0,win,720,DONE,DONE,
top100,candidate:16714457:115323686:1,candidate,82,Crop Dustas,Crop Dustas,952289473,1,4ea1d89ac99758c6219bcd7d07b729de4dc5836260a25037ca973343b46c6289,126980.0,109411.0,17569.0,win,720,DONE,DONE,
top100,baseline:16690867:115322139:0,baseline,83,叫啥,叫啥,195613866,0,bbffbe65dee6e0dc4dd0147fec897df74e16760b76ec7d2a2b38f636bc90555f,94452.0,78227.0,16225.0,win,720,DONE,DONE,
top100,baseline:16690867:115322139:1,baseline,83,叫啥,叫啥,195613866,1,bbffbe65dee6e0dc4dd0147fec897df74e16760b76ec7d2a2b38f636bc90555f,94452.0,78227.0,16225.0,win,720,DONE,DONE,
top100,candidate:16690867:115322139:0,candidate,83,叫啥,叫啥,195613866,0,4ea1d89ac99758c6219bcd7d07b729de4dc5836260a25037ca973343b46c6289,94453.0,78227.0,16226.0,win,720,DONE,DONE,
top100,baseline:16779451:115326356:0,baseline,84,kibuna,kibuna,311873662,0,bbffbe65dee6e0dc4dd0147fec897df74e16760b76ec7d2a2b38f636bc90555f,136110.0,136488.0,-378.0,loss,720,DONE,DONE,
top100,candidate:16690867:115322139:1,candidate,83,叫啥,叫啥,195613866,1,4ea1d89ac99758c6219bcd7d07b729de4dc5836260a25037ca973343b46c6289,94453.0,78227.0,16226.0,win,720,DONE,DONE,
top100,candidate:16779451:115326356:0,candidate,84,kibuna,kibuna,311873662,0,4ea1d89ac99758c6219bcd7d07b729de4dc5836260a25037ca973343b46c6289,136110.0,136488.0,-378.0,loss,720,DONE,DONE,
top100,baseline:16779451:115326356:1,baseline,84,kibuna,kibuna,311873662,1,bbffbe65dee6e0dc4dd0147fec897df74e16760b76ec7d2a2b38f636bc90555f,136110.0,136488.0,-378.0,loss,720,DONE,DONE,
top100,baseline:16623466:115327032:0,baseline,85,len8487,len8487,1230045450,0,bbffbe65dee6e0dc4dd0147fec897df74e16760b76ec7d2a2b38f636bc90555f,118625.0,113048.0,5577.0,win,720,DONE,DONE,
top100,candidate:16779451:115326356:1,candidate,84,kibuna,kibuna,311873662,1,4ea1d89ac99758c6219bcd7d07b729de4dc5836260a25037ca973343b46c6289,136110.0,136488.0,-378.0,loss,720,DONE,DONE,
top100,baseline:16623466:115327032:1,baseline,85,len8487,len8487,1230045450,1,bbffbe65dee6e0dc4dd0147fec897df74e16760b76ec7d2a2b38f636bc90555f,118625.0,113048.0,5577.0,win,720,DONE,DONE,
top100,candidate:16623466:115327032:0,candidate,85,len8487,len8487,1230045450,0,4ea1d89ac99758c6219bcd7d07b729de4dc5836260a25037ca973343b46c6289,118625.0,113048.0,5577.0,win,720,DONE,DONE,
top100,baseline:16671376:115320459:0,baseline,86,Lebxgue.,Lebxgue.,1139171090,0,bbffbe65dee6e0dc4dd0147fec897df74e16760b76ec7d2a2b38f636bc90555f,132425.0,125877.0,6548.0,win,720,DONE,DONE,
top100,candidate:16623466:115327032:1,candidate,85,len8487,len8487,1230045450,1,4ea1d89ac99758c6219bcd7d07b729de4dc5836260a25037ca973343b46c6289,118625.0,113048.0,5577.0,win,720,DONE,DONE,
top100,baseline:16671376:115320459:1,baseline,86,Lebxgue.,Lebxgue.,1139171090,1,bbffbe65dee6e0dc4dd0147fec897df74e16760b76ec7d2a2b38f636bc90555f,132425.0,125877.0,6548.0,win,720,DONE,DONE,
top100,candidate:16671376:115320459:0,candidate,86,Lebxgue.,Lebxgue.,1139171090,0,4ea1d89ac99758c6219bcd7d07b729de4dc5836260a25037ca973343b46c6289,132420.0,125882.0,6538.0,win,720,DONE,DONE,
top100,baseline:16621590:115324709:0,baseline,87,Yaroslav,Yaroslav,1727864923,0,bbffbe65dee6e0dc4dd0147fec897df74e16760b76ec7d2a2b38f636bc90555f,95439.0,82083.0,13356.0,win,720,DONE,DONE,
top100,candidate:16671376:115320459:1,candidate,86,Lebxgue.,Lebxgue.,1139171090,1,4ea1d89ac99758c6219bcd7d07b729de4dc5836260a25037ca973343b46c6289,132420.0,125882.0,6538.0,win,720,DONE,DONE,
top100,baseline:16621590:115324709:1,baseline,87,Yaroslav,Yaroslav,1727864923,1,bbffbe65dee6e0dc4dd0147fec897df74e16760b76ec7d2a2b38f636bc90555f,95439.0,82083.0,13356.0,win,720,DONE,DONE,
top100,candidate:16621590:115324709:0,candidate,87,Yaroslav,Yaroslav,1727864923,0,4ea1d89ac99758c6219bcd7d07b729de4dc5836260a25037ca973343b46c6289,95439.0,82083.0,13356.0,win,720,DONE,DONE,
top100,baseline:16732879:115326031:0,baseline,88,daulettoibazar,daulettoibazar,1416097935,0,bbffbe65dee6e0dc4dd0147fec897df74e16760b76ec7d2a2b38f636bc90555f,84569.0,82853.0,1716.0,win,720,DONE,DONE,
top100,candidate:16621590:115324709:1,candidate,87,Yaroslav,Yaroslav,1727864923,1,4ea1d89ac99758c6219bcd7d07b729de4dc5836260a25037ca973343b46c6289,95439.0,82083.0,13356.0,win,720,DONE,DONE,
top100,baseline:16732879:115326031:1,baseline,88,daulettoibazar,daulettoibazar,1416097935,1,bbffbe65dee6e0dc4dd0147fec897df74e16760b76ec7d2a2b38f636bc90555f,84569.0,82853.0,1716.0,win,720,DONE,DONE,
top100,baseline:16811307:115326343:0,baseline,89,elmo,elmo,1481973709,0,bbffbe65dee6e0dc4dd0147fec897df74e16760b76ec7d2a2b38f636bc90555f,117998.0,127390.0,-9392.0,loss,720,DONE,DONE,
top100,candidate:16732879:115326031:0,candidate,88,daulettoibazar,daulettoibazar,1416097935,0,4ea1d89ac99758c6219bcd7d07b729de4dc5836260a25037ca973343b46c6289,84571.0,82851.0,1720.0,win,720,DONE,DONE,
top100,baseline:16811307:115326343:1,baseline,89,elmo,elmo,1481973709,1,bbffbe65dee6e0dc4dd0147fec897df74e16760b76ec7d2a2b38f636bc90555f,117998.0,127390.0,-9392.0,loss,720,DONE,DONE,
top100,candidate:16732879:115326031:1,candidate,88,daulettoibazar,daulettoibazar,1416097935,1,4ea1d89ac99758c6219bcd7d07b729de4dc5836260a25037ca973343b46c6289,84571.0,82851.0,1720.0,win,720,DONE,DONE,
top100,candidate:16811307:115326343:0,candidate,89,elmo,elmo,1481973709,0,4ea1d89ac99758c6219bcd7d07b729de4dc5836260a25037ca973343b46c6289,117998.0,127390.0,-9392.0,loss,720,DONE,DONE,
top100,baseline:16691451:115320743:0,baseline,90,Nakano,Nakano,1700511965,0,bbffbe65dee6e0dc4dd0147fec897df74e16760b76ec7d2a2b38f636bc90555f,133958.0,36974.0,96984.0,win,720,DONE,DONE,
top100,candidate:16811307:115326343:1,candidate,89,elmo,elmo,1481973709,1,4ea1d89ac99758c6219bcd7d07b729de4dc5836260a25037ca973343b46c6289,117998.0,127390.0,-9392.0,loss,720,DONE,DONE,
top100,candidate:16691451:115320743:0,candidate,90,Nakano,Nakano,1700511965,0,4ea1d89ac99758c6219bcd7d07b729de4dc5836260a25037ca973343b46c6289,133959.0,36973.0,96986.0,win,720,DONE,DONE,
top100,baseline:16691451:115320743:1,baseline,90,Nakano,Nakano,1700511965,1,bbffbe65dee6e0dc4dd0147fec897df74e16760b76ec7d2a2b38f636bc90555f,133958.0,36974.0,96984.0,win,720,DONE,DONE,
top100,baseline:16690820:115324274:0,baseline,91,Alan C52,Alan C52,37740186,0,bbffbe65dee6e0dc4dd0147fec897df74e16760b76ec7d2a2b38f636bc90555f,150871.0,76422.0,74449.0,win,720,DONE,DONE,
top100,candidate:16691451:115320743:1,candidate,90,Nakano,Nakano,1700511965,1,4ea1d89ac99758c6219bcd7d07b729de4dc5836260a25037ca973343b46c6289,133959.0,36973.0,96986.0,win,720,DONE,DONE,
top100,baseline:16690820:115324274:1,baseline,91,Alan C52,Alan C52,37740186,1,bbffbe65dee6e0dc4dd0147fec897df74e16760b76ec7d2a2b38f636bc90555f,150871.0,76422.0,74449.0,win,720,DONE,DONE,
top100,candidate:16690820:115324274:0,candidate,91,Alan C52,Alan C52,37740186,0,4ea1d89ac99758c6219bcd7d07b729de4dc5836260a25037ca973343b46c6289,150873.0,76420.0,74453.0,win,720,DONE,DONE,
top100,baseline:16796574:115325993:0,baseline,92,cununn,cununn,81668209,0,bbffbe65dee6e0dc4dd0147fec897df74e16760b76ec7d2a2b38f636bc90555f,196811.0,7363.0,189448.0,win,720,DONE,DONE,
top100,candidate:16690820:115324274:1,candidate,91,Alan C52,Alan C52,37740186,1,4ea1d89ac99758c6219bcd7d07b729de4dc5836260a25037ca973343b46c6289,150873.0,76420.0,74453.0,win,720,DONE,DONE,
top100,baseline:16796574:115325993:1,baseline,92,cununn,cununn,81668209,1,bbffbe65dee6e0dc4dd0147fec897df74e16760b76ec7d2a2b38f636bc90555f,196811.0,7363.0,189448.0,win,720,DONE,DONE,
top100,candidate:16796574:115325993:0,candidate,92,cununn,cununn,81668209,0,4ea1d89ac99758c6219bcd7d07b729de4dc5836260a25037ca973343b46c6289,196811.0,7363.0,189448.0,win,720,DONE,DONE,
top100,baseline:16630825:115322230:0,baseline,93,Black Mamba Farm,Black Mamba Farm,350698879,0,bbffbe65dee6e0dc4dd0147fec897df74e16760b76ec7d2a2b38f636bc90555f,181090.0,0.0,181090.0,win,720,DONE,DONE,
top100,candidate:16796574:115325993:1,candidate,92,cununn,cununn,81668209,1,4ea1d89ac99758c6219bcd7d07b729de4dc5836260a25037ca973343b46c6289,196811.0,7363.0,189448.0,win,720,DONE,DONE,
top100,baseline:16630825:115322230:1,baseline,93,Black Mamba Farm,Black Mamba Farm,350698879,1,bbffbe65dee6e0dc4dd0147fec897df74e16760b76ec7d2a2b38f636bc90555f,181090.0,0.0,181090.0,win,720,DONE,DONE,
top100,candidate:16630825:115322230:0,candidate,93,Black Mamba Farm,Black Mamba Farm,350698879,0,4ea1d89ac99758c6219bcd7d07b729de4dc5836260a25037ca973343b46c6289,181090.0,0.0,181090.0,win,720,DONE,DONE,
top100,baseline:16672709:115325060:0,baseline,94,RS Turley,RS Turley,1310951805,0,bbffbe65dee6e0dc4dd0147fec897df74e16760b76ec7d2a2b38f636bc90555f,155213.0,120522.0,34691.0,win,720,DONE,DONE,
top100,candidate:16630825:115322230:1,candidate,93,Black Mamba Farm,Black Mamba Farm,350698879,1,4ea1d89ac99758c6219bcd7d07b729de4dc5836260a25037ca973343b46c6289,181090.0,0.0,181090.0,win,720,DONE,DONE,
top100,baseline:16672709:115325060:1,baseline,94,RS Turley,RS Turley,1310951805,1,bbffbe65dee6e0dc4dd0147fec897df74e16760b76ec7d2a2b38f636bc90555f,155213.0,120522.0,34691.0,win,720,DONE,DONE,
top100,candidate:16672709:115325060:0,candidate,94,RS Turley,RS Turley,1310951805,0,4ea1d89ac99758c6219bcd7d07b729de4dc5836260a25037ca973343b46c6289,155217.0,120518.0,34699.0,win,720,DONE,DONE,
top100,candidate:16672709:115325060:1,candidate,94,RS Turley,RS Turley,1310951805,1,4ea1d89ac99758c6219bcd7d07b729de4dc5836260a25037ca973343b46c6289,155217.0,120518.0,34699.0,win,720,DONE,DONE,
top100,baseline:16671741:115324175:0,baseline,95,Excluding,Excluding,991968003,0,bbffbe65dee6e0dc4dd0147fec897df74e16760b76ec7d2a2b38f636bc90555f,117018.0,131398.0,-14380.0,loss,720,DONE,DONE,
top100,baseline:16671741:115324175:1,baseline,95,Excluding,Excluding,991968003,1,bbffbe65dee6e0dc4dd0147fec897df74e16760b76ec7d2a2b38f636bc90555f,117018.0,131398.0,-14380.0,loss,720,DONE,DONE,
top100,candidate:16671741:115324175:0,candidate,95,Excluding,Excluding,991968003,0,4ea1d89ac99758c6219bcd7d07b729de4dc5836260a25037ca973343b46c6289,116860.0,131572.0,-14712.0,loss,720,DONE,DONE,
top100,candidate:16671741:115324175:1,candidate,95,Excluding,Excluding,991968003,1,4ea1d89ac99758c6219bcd7d07b729de4dc5836260a25037ca973343b46c6289,116860.0,131572.0,-14712.0,loss,720,DONE,DONE,
top100,baseline:16784691:115326882:0,baseline,96,ready or not here i come,ready or not here i come,788569966,0,bbffbe65dee6e0dc4dd0147fec897df74e16760b76ec7d2a2b38f636bc90555f,78030.0,82032.0,-4002.0,loss,720,DONE,DONE,
top100,baseline:16784691:115326882:1,baseline,96,ready or not here i come,ready or not here i come,788569966,1,bbffbe65dee6e0dc4dd0147fec897df74e16760b76ec7d2a2b38f636bc90555f,78030.0,82032.0,-4002.0,loss,720,DONE,DONE,
top100,candidate:16784691:115326882:0,candidate,96,ready or not here i come,ready or not here i come,788569966,0,4ea1d89ac99758c6219bcd7d07b729de4dc5836260a25037ca973343b46c6289,78059.0,82003.0,-3944.0,loss,720,DONE,DONE,
top100,baseline:16805699:115323685:0,baseline,97,feel the agi,feel the agi,1512046450,0,bbffbe65dee6e0dc4dd0147fec897df74e16760b76ec7d2a2b38f636bc90555f,82257.0,98601.0,-16344.0,loss,720,DONE,DONE,
top100,candidate:16784691:115326882:1,candidate,96,ready or not here i come,ready or not here i come,788569966,1,4ea1d89ac99758c6219bcd7d07b729de4dc5836260a25037ca973343b46c6289,78059.0,82003.0,-3944.0,loss,720,DONE,DONE,
top100,baseline:16805699:115323685:1,baseline,97,feel the agi,feel the agi,1512046450,1,bbffbe65dee6e0dc4dd0147fec897df74e16760b76ec7d2a2b38f636bc90555f,82257.0,98601.0,-16344.0,loss,720,DONE,DONE,
top100,baseline:16688294:115324999:0,baseline,98,high frequency farming,high frequency farming,975370044,0,bbffbe65dee6e0dc4dd0147fec897df74e16760b76ec7d2a2b38f636bc90555f,131532.0,62829.0,68703.0,win,720,DONE,DONE,
top100,candidate:16805699:115323685:0,candidate,97,feel the agi,feel the agi,1512046450,0,4ea1d89ac99758c6219bcd7d07b729de4dc5836260a25037ca973343b46c6289,82254.0,98604.0,-16350.0,loss,720,DONE,DONE,
top100,baseline:16688294:115324999:1,baseline,98,high frequency farming,high frequency farming,975370044,1,bbffbe65dee6e0dc4dd0147fec897df74e16760b76ec7d2a2b38f636bc90555f,132554.0,62659.0,69895.0,win,720,DONE,DONE,
top100,candidate:16688294:115324999:0,candidate,98,high frequency farming,high frequency farming,975370044,0,4ea1d89ac99758c6219bcd7d07b729de4dc5836260a25037ca973343b46c6289,131532.0,62829.0,68703.0,win,720,DONE,DONE,
top100,baseline:16752196:115325821:0,baseline,99,sekai013,sekai013,1093027994,0,bbffbe65dee6e0dc4dd0147fec897df74e16760b76ec7d2a2b38f636bc90555f,198219.0,25857.0,172362.0,win,720,DONE,DONE,
top100,candidate:16805699:115323685:1,candidate,97,feel the agi,feel the agi,1512046450,1,4ea1d89ac99758c6219bcd7d07b729de4dc5836260a25037ca973343b46c6289,82254.0,98604.0,-16350.0,loss,720,DONE,DONE,
top100,candidate:16688294:115324999:1,candidate,98,high frequency farming,high frequency farming,975370044,1,4ea1d89ac99758c6219bcd7d07b729de4dc5836260a25037ca973343b46c6289,132554.0,62659.0,69895.0,win,720,DONE,DONE,
top100,baseline:16752196:115325821:1,baseline,99,sekai013,sekai013,1093027994,1,bbffbe65dee6e0dc4dd0147fec897df74e16760b76ec7d2a2b38f636bc90555f,198219.0,25857.0,172362.0,win,720,DONE,DONE,
top100,candidate:16752196:115325821:0,candidate,99,sekai013,sekai013,1093027994,0,4ea1d89ac99758c6219bcd7d07b729de4dc5836260a25037ca973343b46c6289,198219.0,25857.0,172362.0,win,720,DONE,DONE,
top100,candidate:16752196:115325821:1,candidate,99,sekai013,sekai013,1093027994,1,4ea1d89ac99758c6219bcd7d07b729de4dc5836260a25037ca973343b46c6289,198219.0,25857.0,172362.0,win,720,DONE,DONE,
top100,baseline:16944414:115325688:0,baseline,100,Aguacates,Aguacates,557311631,0,bbffbe65dee6e0dc4dd0147fec897df74e16760b76ec7d2a2b38f636bc90555f,137847.0,146021.0,-8174.0,loss,720,DONE,DONE,
top100,baseline:16944414:115325688:1,baseline,100,Aguacates,Aguacates,557311631,1,bbffbe65dee6e0dc4dd0147fec897df74e16760b76ec7d2a2b38f636bc90555f,137847.0,146021.0,-8174.0,loss,720,DONE,DONE,
top100,candidate:16944414:115325688:0,candidate,100,Aguacates,Aguacates,557311631,0,4ea1d89ac99758c6219bcd7d07b729de4dc5836260a25037ca973343b46c6289,137847.0,146021.0,-8174.0,loss,720,DONE,DONE,
top100,candidate:16944414:115325688:1,candidate,100,Aguacates,Aguacates,557311631,1,4ea1d89ac99758c6219bcd7d07b729de4dc5836260a25037ca973343b46c6289,137847.0,146021.0,-8174.0,loss,720,DONE,DONE,
confirm,candidate:34010101:cb76:0,candidate,,,cb76,34010101,0,4ea1d89ac99758c6219bcd7d07b729de4dc5836260a25037ca973343b46c6289,105015.0,102520.0,2495.0,win,720,DONE,DONE,
confirm,baseline:34010101:cb76:0,baseline,,,cb76,34010101,0,bbffbe65dee6e0dc4dd0147fec897df74e16760b76ec7d2a2b38f636bc90555f,104950.0,102590.0,2360.0,win,720,DONE,DONE,
confirm,candidate:34010101:bbff:1,candidate,,,bbff,34010101,1,4ea1d89ac99758c6219bcd7d07b729de4dc5836260a25037ca973343b46c6289,104006.0,103868.0,138.0,win,720,DONE,DONE,
confirm,candidate:34010101:bbff:0,candidate,,,bbff,34010101,0,4ea1d89ac99758c6219bcd7d07b729de4dc5836260a25037ca973343b46c6289,104006.0,103868.0,138.0,win,720,DONE,DONE,
confirm,candidate:34010101:cb76:1,candidate,,,cb76,34010101,1,4ea1d89ac99758c6219bcd7d07b729de4dc5836260a25037ca973343b46c6289,105015.0,102520.0,2495.0,win,720,DONE,DONE,
confirm,baseline:34010101:cb76:1,baseline,,,cb76,34010101,1,bbffbe65dee6e0dc4dd0147fec897df74e16760b76ec7d2a2b38f636bc90555f,104950.0,102590.0,2360.0,win,720,DONE,DONE,
confirm,baseline:34010101:bbff:0,baseline,,,bbff,34010101,0,bbffbe65dee6e0dc4dd0147fec897df74e16760b76ec7d2a2b38f636bc90555f,103939.0,103939.0,0.0,draw,720,DONE,DONE,
confirm,baseline:34010101:bbff:1,baseline,,,bbff,34010101,1,bbffbe65dee6e0dc4dd0147fec897df74e16760b76ec7d2a2b38f636bc90555f,103939.0,103939.0,0.0,draw,720,DONE,DONE,
confirm,candidate:34010101:v35:0,candidate,,,v35,34010101,0,4ea1d89ac99758c6219bcd7d07b729de4dc5836260a25037ca973343b46c6289,98619.0,79061.0,19558.0,win,720,DONE,DONE,
confirm,baseline:34010101:v35:0,baseline,,,v35,34010101,0,bbffbe65dee6e0dc4dd0147fec897df74e16760b76ec7d2a2b38f636bc90555f,98618.0,79062.0,19556.0,win,720,DONE,DONE,
confirm,candidate:34010101:c95:0,candidate,,,c95,34010101,0,4ea1d89ac99758c6219bcd7d07b729de4dc5836260a25037ca973343b46c6289,83486.0,64066.0,19420.0,win,720,DONE,DONE,
confirm,candidate:34010101:v35:1,candidate,,,v35,34010101,1,4ea1d89ac99758c6219bcd7d07b729de4dc5836260a25037ca973343b46c6289,98619.0,79061.0,19558.0,win,720,DONE,DONE,
confirm,baseline:34010101:v35:1,baseline,,,v35,34010101,1,bbffbe65dee6e0dc4dd0147fec897df74e16760b76ec7d2a2b38f636bc90555f,98618.0,79062.0,19556.0,win,720,DONE,DONE,
confirm,baseline:34010101:c95:0,baseline,,,c95,34010101,0,bbffbe65dee6e0dc4dd0147fec897df74e16760b76ec7d2a2b38f636bc90555f,83486.0,64066.0,19420.0,win,720,DONE,DONE,
confirm,candidate:34010101:c95:1,candidate,,,c95,34010101,1,4ea1d89ac99758c6219bcd7d07b729de4dc5836260a25037ca973343b46c6289,83486.0,64066.0,19420.0,win,720,DONE,DONE,
confirm,baseline:34010101:c95:1,baseline,,,c95,34010101,1,bbffbe65dee6e0dc4dd0147fec897df74e16760b76ec7d2a2b38f636bc90555f,83486.0,64066.0,19420.0,win,720,DONE,DONE,
confirm,candidate:34010102:cb76:0,candidate,,,cb76,34010102,0,4ea1d89ac99758c6219bcd7d07b729de4dc5836260a25037ca973343b46c6289,116157.0,114029.0,2128.0,win,720,DONE,DONE,
confirm,candidate:34010102:bbff:0,candidate,,,bbff,34010102,0,4ea1d89ac99758c6219bcd7d07b729de4dc5836260a25037ca973343b46c6289,115227.0,115201.0,26.0,win,720,DONE,DONE,
confirm,baseline:34010102:cb76:0,baseline,,,cb76,34010102,0,bbffbe65dee6e0dc4dd0147fec897df74e16760b76ec7d2a2b38f636bc90555f,116179.0,114017.0,2162.0,win,720,DONE,DONE,
confirm,baseline:34010102:bbff:0,baseline,,,bbff,34010102,0,bbffbe65dee6e0dc4dd0147fec897df74e16760b76ec7d2a2b38f636bc90555f,115218.0,115218.0,0.0,draw,720,DONE,DONE,
confirm,candidate:34010102:bbff:1,candidate,,,bbff,34010102,1,4ea1d89ac99758c6219bcd7d07b729de4dc5836260a25037ca973343b46c6289,115227.0,115201.0,26.0,win,720,DONE,DONE,
confirm,baseline:34010102:bbff:1,baseline,,,bbff,34010102,1,bbffbe65dee6e0dc4dd0147fec897df74e16760b76ec7d2a2b38f636bc90555f,115218.0,115218.0,0.0,draw,720,DONE,DONE,
confirm,candidate:34010102:cb76:1,candidate,,,cb76,34010102,1,4ea1d89ac99758c6219bcd7d07b729de4dc5836260a25037ca973343b46c6289,116157.0,114029.0,2128.0,win,720,DONE,DONE,
confirm,candidate:34010102:v35:0,candidate,,,v35,34010102,0,4ea1d89ac99758c6219bcd7d07b729de4dc5836260a25037ca973343b46c6289,108329.0,111329.0,-3000.0,loss,720,DONE,DONE,
confirm,baseline:34010102:cb76:1,baseline,,,cb76,34010102,1,bbffbe65dee6e0dc4dd0147fec897df74e16760b76ec7d2a2b38f636bc90555f,116179.0,114017.0,2162.0,win,720,DONE,DONE,
confirm,baseline:34010102:v35:0,baseline,,,v35,34010102,0,bbffbe65dee6e0dc4dd0147fec897df74e16760b76ec7d2a2b38f636bc90555f,108329.0,111330.0,-3001.0,loss,720,DONE,DONE,
confirm,candidate:34010102:v35:1,candidate,,,v35,34010102,1,4ea1d89ac99758c6219bcd7d07b729de4dc5836260a25037ca973343b46c6289,108329.0,111329.0,-3000.0,loss,720,DONE,DONE,
confirm,baseline:34010102:v35:1,baseline,,,v35,34010102,1,bbffbe65dee6e0dc4dd0147fec897df74e16760b76ec7d2a2b38f636bc90555f,108329.0,111330.0,-3001.0,loss,720,DONE,DONE,
confirm,candidate:34010102:c95:0,candidate,,,c95,34010102,0,4ea1d89ac99758c6219bcd7d07b729de4dc5836260a25037ca973343b46c6289,109570.0,93677.0,15893.0,win,720,DONE,DONE,
confirm,baseline:34010102:c95:0,baseline,,,c95,34010102,0,bbffbe65dee6e0dc4dd0147fec897df74e16760b76ec7d2a2b38f636bc90555f,109567.0,93680.0,15887.0,win,720,DONE,DONE,
confirm,candidate:34010102:c95:1,candidate,,,c95,34010102,1,4ea1d89ac99758c6219bcd7d07b729de4dc5836260a25037ca973343b46c6289,109570.0,93677.0,15893.0,win,720,DONE,DONE,
confirm,baseline:34010102:c95:1,baseline,,,c95,34010102,1,bbffbe65dee6e0dc4dd0147fec897df74e16760b76ec7d2a2b38f636bc90555f,109567.0,93680.0,15887.0,win,720,DONE,DONE,
confirm,candidate:34010103:cb76:0,candidate,,,cb76,34010103,0,4ea1d89ac99758c6219bcd7d07b729de4dc5836260a25037ca973343b46c6289,115245.0,113178.0,2067.0,win,720,DONE,DONE,
confirm,candidate:34010103:bbff:0,candidate,,,bbff,34010103,0,4ea1d89ac99758c6219bcd7d07b729de4dc5836260a25037ca973343b46c6289,114445.0,114109.0,336.0,win,720,DONE,DONE,
confirm,baseline:34010103:cb76:0,baseline,,,cb76,34010103,0,bbffbe65dee6e0dc4dd0147fec897df74e16760b76ec7d2a2b38f636bc90555f,115093.0,113332.0,1761.0,win,720,DONE,DONE,
confirm,baseline:34010103:bbff:0,baseline,,,bbff,34010103,0,bbffbe65dee6e0dc4dd0147fec897df74e16760b76ec7d2a2b38f636bc90555f,114287.0,114287.0,0.0,draw,720,DONE,DONE,
confirm,candidate:34010103:bbff:1,candidate,,,bbff,34010103,1,4ea1d89ac99758c6219bcd7d07b729de4dc5836260a25037ca973343b46c6289,114445.0,114109.0,336.0,win,720,DONE,DONE,
confirm,baseline:34010103:bbff:1,baseline,,,bbff,34010103,1,bbffbe65dee6e0dc4dd0147fec897df74e16760b76ec7d2a2b38f636bc90555f,114287.0,114287.0,0.0,draw,720,DONE,DONE,
confirm,candidate:34010103:cb76:1,candidate,,,cb76,34010103,1,4ea1d89ac99758c6219bcd7d07b729de4dc5836260a25037ca973343b46c6289,115245.0,113178.0,2067.0,win,720,DONE,DONE,
confirm,candidate:34010103:v35:0,candidate,,,v35,34010103,0,4ea1d89ac99758c6219bcd7d07b729de4dc5836260a25037ca973343b46c6289,116661.0,103799.0,12862.0,win,720,DONE,DONE,
confirm,baseline:34010103:cb76:1,baseline,,,cb76,34010103,1,bbffbe65dee6e0dc4dd0147fec897df74e16760b76ec7d2a2b38f636bc90555f,115093.0,113332.0,1761.0,win,720,DONE,DONE,
confirm,baseline:34010103:v35:0,baseline,,,v35,34010103,0,bbffbe65dee6e0dc4dd0147fec897df74e16760b76ec7d2a2b38f636bc90555f,116661.0,103799.0,12862.0,win,720,DONE,DONE,
confirm,candidate:34010103:v35:1,candidate,,,v35,34010103,1,4ea1d89ac99758c6219bcd7d07b729de4dc5836260a25037ca973343b46c6289,116661.0,103799.0,12862.0,win,720,DONE,DONE,
confirm,baseline:34010103:v35:1,baseline,,,v35,34010103,1,bbffbe65dee6e0dc4dd0147fec897df74e16760b76ec7d2a2b38f636bc90555f,116661.0,103799.0,12862.0,win,720,DONE,DONE,
confirm,candidate:34010103:c95:0,candidate,,,c95,34010103,0,4ea1d89ac99758c6219bcd7d07b729de4dc5836260a25037ca973343b46c6289,146641.0,139565.0,7076.0,win,720,DONE,DONE,
confirm,candidate:34010103:c95:1,candidate,,,c95,34010103,1,4ea1d89ac99758c6219bcd7d07b729de4dc5836260a25037ca973343b46c6289,146641.0,139565.0,7076.0,win,720,DONE,DONE,
confirm,baseline:34010103:c95:0,baseline,,,c95,34010103,0,bbffbe65dee6e0dc4dd0147fec897df74e16760b76ec7d2a2b38f636bc90555f,146641.0,139565.0,7076.0,win,720,DONE,DONE,
confirm,baseline:34010103:c95:1,baseline,,,c95,34010103,1,bbffbe65dee6e0dc4dd0147fec897df74e16760b76ec7d2a2b38f636bc90555f,146641.0,139565.0,7076.0,win,720,DONE,DONE,
confirm,candidate:34010104:cb76:0,candidate,,,cb76,34010104,0,4ea1d89ac99758c6219bcd7d07b729de4dc5836260a25037ca973343b46c6289,97122.0,94935.0,2187.0,win,720,DONE,DONE,
confirm,candidate:34010104:bbff:0,candidate,,,bbff,34010104,0,4ea1d89ac99758c6219bcd7d07b729de4dc5836260a25037ca973343b46c6289,96173.0,96168.0,5.0,win,720,DONE,DONE,
confirm,baseline:34010104:cb76:0,baseline,,,cb76,34010104,0,bbffbe65dee6e0dc4dd0147fec897df74e16760b76ec7d2a2b38f636bc90555f,97131.0,94936.0,2195.0,win,720,DONE,DONE,
confirm,baseline:34010104:bbff:0,baseline,,,bbff,34010104,0,bbffbe65dee6e0dc4dd0147fec897df74e16760b76ec7d2a2b38f636bc90555f,96173.0,96173.0,0.0,draw,720,DONE,DONE,
confirm,candidate:34010104:bbff:1,candidate,,,bbff,34010104,1,4ea1d89ac99758c6219bcd7d07b729de4dc5836260a25037ca973343b46c6289,96173.0,96168.0,5.0,win,720,DONE,DONE,
confirm,baseline:34010104:bbff:1,baseline,,,bbff,34010104,1,bbffbe65dee6e0dc4dd0147fec897df74e16760b76ec7d2a2b38f636bc90555f,96173.0,96173.0,0.0,draw,720,DONE,DONE,
confirm,candidate:34010104:cb76:1,candidate,,,cb76,34010104,1,4ea1d89ac99758c6219bcd7d07b729de4dc5836260a25037ca973343b46c6289,97122.0,94935.0,2187.0,win,720,DONE,DONE,
confirm,baseline:34010104:cb76:1,baseline,,,cb76,34010104,1,bbffbe65dee6e0dc4dd0147fec897df74e16760b76ec7d2a2b38f636bc90555f,97131.0,94936.0,2195.0,win,720,DONE,DONE,
confirm,candidate:34010104:v35:0,candidate,,,v35,34010104,0,4ea1d89ac99758c6219bcd7d07b729de4dc5836260a25037ca973343b46c6289,106303.0,92856.0,13447.0,win,720,DONE,DONE,
confirm,baseline:34010104:v35:0,baseline,,,v35,34010104,0,bbffbe65dee6e0dc4dd0147fec897df74e16760b76ec7d2a2b38f636bc90555f,106303.0,92856.0,13447.0,win,720,DONE,DONE,
confirm,candidate:34010104:v35:1,candidate,,,v35,34010104,1,4ea1d89ac99758c6219bcd7d07b729de4dc5836260a25037ca973343b46c6289,106303.0,92856.0,13447.0,win,720,DONE,DONE,
confirm,candidate:34010104:c95:0,candidate,,,c95,34010104,0,4ea1d89ac99758c6219bcd7d07b729de4dc5836260a25037ca973343b46c6289,103926.0,86300.0,17626.0,win,720,DONE,DONE,
confirm,baseline:34010104:v35:1,baseline,,,v35,34010104,1,bbffbe65dee6e0dc4dd0147fec897df74e16760b76ec7d2a2b38f636bc90555f,106303.0,92856.0,13447.0,win,720,DONE,DONE,
confirm,baseline:34010104:c95:0,baseline,,,c95,34010104,0,bbffbe65dee6e0dc4dd0147fec897df74e16760b76ec7d2a2b38f636bc90555f,103926.0,86300.0,17626.0,win,720,DONE,DONE,
confirm,candidate:34010104:c95:1,candidate,,,c95,34010104,1,4ea1d89ac99758c6219bcd7d07b729de4dc5836260a25037ca973343b46c6289,103926.0,86300.0,17626.0,win,720,DONE,DONE,
confirm,baseline:34010104:c95:1,baseline,,,c95,34010104,1,bbffbe65dee6e0dc4dd0147fec897df74e16760b76ec7d2a2b38f636bc90555f,103926.0,86300.0,17626.0,win,720,DONE,DONE,
confirm,candidate:34010105:cb76:0,candidate,,,cb76,34010105,0,4ea1d89ac99758c6219bcd7d07b729de4dc5836260a25037ca973343b46c6289,123745.0,119552.0,4193.0,win,720,DONE,DONE,
confirm,baseline:34010105:cb76:0,baseline,,,cb76,34010105,0,bbffbe65dee6e0dc4dd0147fec897df74e16760b76ec7d2a2b38f636bc90555f,123582.0,119782.0,3800.0,win,720,DONE,DONE,
confirm,candidate:34010105:bbff:0,candidate,,,bbff,34010105,0,4ea1d89ac99758c6219bcd7d07b729de4dc5836260a25037ca973343b46c6289,122027.0,121565.0,462.0,win,720,DONE,DONE,
confirm,candidate:34010105:bbff:1,candidate,,,bbff,34010105,1,4ea1d89ac99758c6219bcd7d07b729de4dc5836260a25037ca973343b46c6289,122027.0,121565.0,462.0,win,720,DONE,DONE,
confirm,baseline:34010105:bbff:0,baseline,,,bbff,34010105,0,bbffbe65dee6e0dc4dd0147fec897df74e16760b76ec7d2a2b38f636bc90555f,121808.0,121808.0,0.0,draw,720,DONE,DONE,
confirm,baseline:34010105:bbff:1,baseline,,,bbff,34010105,1,bbffbe65dee6e0dc4dd0147fec897df74e16760b76ec7d2a2b38f636bc90555f,121808.0,121808.0,0.0,draw,720,DONE,DONE,
confirm,candidate:34010105:cb76:1,candidate,,,cb76,34010105,1,4ea1d89ac99758c6219bcd7d07b729de4dc5836260a25037ca973343b46c6289,123745.0,119552.0,4193.0,win,720,DONE,DONE,
confirm,baseline:34010105:cb76:1,baseline,,,cb76,34010105,1,bbffbe65dee6e0dc4dd0147fec897df74e16760b76ec7d2a2b38f636bc90555f,123582.0,119782.0,3800.0,win,720,DONE,DONE,
confirm,candidate:34010105:v35:0,candidate,,,v35,34010105,0,4ea1d89ac99758c6219bcd7d07b729de4dc5836260a25037ca973343b46c6289,131826.0,126157.0,5669.0,win,720,DONE,DONE,
confirm,baseline:34010105:v35:0,baseline,,,v35,34010105,0,bbffbe65dee6e0dc4dd0147fec897df74e16760b76ec7d2a2b38f636bc90555f,131832.0,126151.0,5681.0,win,720,DONE,DONE,
confirm,candidate:34010105:v35:1,candidate,,,v35,34010105,1,4ea1d89ac99758c6219bcd7d07b729de4dc5836260a25037ca973343b46c6289,131826.0,126157.0,5669.0,win,720,DONE,DONE,
confirm,candidate:34010105:c95:0,candidate,,,c95,34010105,0,4ea1d89ac99758c6219bcd7d07b729de4dc5836260a25037ca973343b46c6289,116297.0,91092.0,25205.0,win,720,DONE,DONE,
confirm,baseline:34010105:c95:0,baseline,,,c95,34010105,0,bbffbe65dee6e0dc4dd0147fec897df74e16760b76ec7d2a2b38f636bc90555f,116297.0,91092.0,25205.0,win,720,DONE,DONE,
confirm,baseline:34010105:v35:1,baseline,,,v35,34010105,1,bbffbe65dee6e0dc4dd0147fec897df74e16760b76ec7d2a2b38f636bc90555f,131832.0,126151.0,5681.0,win,720,DONE,DONE,
confirm,baseline:34010105:c95:1,baseline,,,c95,34010105,1,bbffbe65dee6e0dc4dd0147fec897df74e16760b76ec7d2a2b38f636bc90555f,116297.0,91092.0,25205.0,win,720,DONE,DONE,
confirm,candidate:34010105:c95:1,candidate,,,c95,34010105,1,4ea1d89ac99758c6219bcd7d07b729de4dc5836260a25037ca973343b46c6289,116297.0,91092.0,25205.0,win,720,DONE,DONE,
confirm,candidate:34010106:cb76:0,candidate,,,cb76,34010106,0,4ea1d89ac99758c6219bcd7d07b729de4dc5836260a25037ca973343b46c6289,86282.0,84377.0,1905.0,win,720,DONE,DONE,
confirm,candidate:34010106:bbff:0,candidate,,,bbff,34010106,0,4ea1d89ac99758c6219bcd7d07b729de4dc5836260a25037ca973343b46c6289,85442.0,85140.0,302.0,win,720,DONE,DONE,
confirm,baseline:34010106:cb76:0,baseline,,,cb76,34010106,0,bbffbe65dee6e0dc4dd0147fec897df74e16760b76ec7d2a2b38f636bc90555f,86141.0,84536.0,1605.0,win,720,DONE,DONE,
confirm,baseline:34010106:bbff:0,baseline,,,bbff,34010106,0,bbffbe65dee6e0dc4dd0147fec897df74e16760b76ec7d2a2b38f636bc90555f,85299.0,85299.0,0.0,draw,720,DONE,DONE,
confirm,baseline:34010106:bbff:1,baseline,,,bbff,34010106,1,bbffbe65dee6e0dc4dd0147fec897df74e16760b76ec7d2a2b38f636bc90555f,85299.0,85299.0,0.0,draw,720,DONE,DONE,
confirm,candidate:34010106:bbff:1,candidate,,,bbff,34010106,1,4ea1d89ac99758c6219bcd7d07b729de4dc5836260a25037ca973343b46c6289,85442.0,85140.0,302.0,win,720,DONE,DONE,
confirm,candidate:34010106:cb76:1,candidate,,,cb76,34010106,1,4ea1d89ac99758c6219bcd7d07b729de4dc5836260a25037ca973343b46c6289,86282.0,84377.0,1905.0,win,720,DONE,DONE,
confirm,candidate:34010106:v35:0,candidate,,,v35,34010106,0,4ea1d89ac99758c6219bcd7d07b729de4dc5836260a25037ca973343b46c6289,98849.0,76924.0,21925.0,win,720,DONE,DONE,
confirm,baseline:34010106:cb76:1,baseline,,,cb76,34010106,1,bbffbe65dee6e0dc4dd0147fec897df74e16760b76ec7d2a2b38f636bc90555f,86141.0,84536.0,1605.0,win,720,DONE,DONE,
confirm,baseline:34010106:v35:0,baseline,,,v35,34010106,0,bbffbe65dee6e0dc4dd0147fec897df74e16760b76ec7d2a2b38f636bc90555f,98849.0,76924.0,21925.0,win,720,DONE,DONE,
confirm,candidate:34010106:v35:1,candidate,,,v35,34010106,1,4ea1d89ac99758c6219bcd7d07b729de4dc5836260a25037ca973343b46c6289,98849.0,76924.0,21925.0,win,720,DONE,DONE,
confirm,baseline:34010106:v35:1,baseline,,,v35,34010106,1,bbffbe65dee6e0dc4dd0147fec897df74e16760b76ec7d2a2b38f636bc90555f,98849.0,76924.0,21925.0,win,720,DONE,DONE,
confirm,candidate:34010106:c95:0,candidate,,,c95,34010106,0,4ea1d89ac99758c6219bcd7d07b729de4dc5836260a25037ca973343b46c6289,106579.0,96898.0,9681.0,win,720,DONE,DONE,
confirm,candidate:34010106:c95:1,candidate,,,c95,34010106,1,4ea1d89ac99758c6219bcd7d07b729de4dc5836260a25037ca973343b46c6289,106579.0,96898.0,9681.0,win,720,DONE,DONE,
confirm,baseline:34010106:c95:0,baseline,,,c95,34010106,0,bbffbe65dee6e0dc4dd0147fec897df74e16760b76ec7d2a2b38f636bc90555f,106578.0,96900.0,9678.0,win,720,DONE,DONE,
confirm,baseline:34010106:c95:1,baseline,,,c95,34010106,1,bbffbe65dee6e0dc4dd0147fec897df74e16760b76ec7d2a2b38f636bc90555f,106578.0,96900.0,9678.0,win,720,DONE,DONE,
confirm,candidate:34010107:bbff:0,candidate,,,bbff,34010107,0,4ea1d89ac99758c6219bcd7d07b729de4dc5836260a25037ca973343b46c6289,124379.0,124059.0,320.0,win,720,DONE,DONE,
confirm,baseline:34010107:bbff:0,baseline,,,bbff,34010107,0,bbffbe65dee6e0dc4dd0147fec897df74e16760b76ec7d2a2b38f636bc90555f,124227.0,124227.0,0.0,draw,720,DONE,DONE,
confirm,candidate:34010107:cb76:0,candidate,,,cb76,34010107,0,4ea1d89ac99758c6219bcd7d07b729de4dc5836260a25037ca973343b46c6289,125310.0,123157.0,2153.0,win,720,DONE,DONE,
confirm,baseline:34010107:cb76:0,baseline,,,cb76,34010107,0,bbffbe65dee6e0dc4dd0147fec897df74e16760b76ec7d2a2b38f636bc90555f,125161.0,123326.0,1835.0,win,720,DONE,DONE,
confirm,candidate:34010107:bbff:1,candidate,,,bbff,34010107,1,4ea1d89ac99758c6219bcd7d07b729de4dc5836260a25037ca973343b46c6289,124379.0,124059.0,320.0,win,720,DONE,DONE,
confirm,baseline:34010107:bbff:1,baseline,,,bbff,34010107,1,bbffbe65dee6e0dc4dd0147fec897df74e16760b76ec7d2a2b38f636bc90555f,124227.0,124227.0,0.0,draw,720,DONE,DONE,
confirm,candidate:34010107:cb76:1,candidate,,,cb76,34010107,1,4ea1d89ac99758c6219bcd7d07b729de4dc5836260a25037ca973343b46c6289,125310.0,123157.0,2153.0,win,720,DONE,DONE,
confirm,candidate:34010107:v35:0,candidate,,,v35,34010107,0,4ea1d89ac99758c6219bcd7d07b729de4dc5836260a25037ca973343b46c6289,107098.0,91225.0,15873.0,win,720,DONE,DONE,
confirm,baseline:34010107:v35:0,baseline,,,v35,34010107,0,bbffbe65dee6e0dc4dd0147fec897df74e16760b76ec7d2a2b38f636bc90555f,107098.0,91225.0,15873.0,win,720,DONE,DONE,
confirm,baseline:34010107:cb76:1,baseline,,,cb76,34010107,1,bbffbe65dee6e0dc4dd0147fec897df74e16760b76ec7d2a2b38f636bc90555f,125161.0,123326.0,1835.0,win,720,DONE,DONE,
confirm,candidate:34010107:v35:1,candidate,,,v35,34010107,1,4ea1d89ac99758c6219bcd7d07b729de4dc5836260a25037ca973343b46c6289,107098.0,91225.0,15873.0,win,720,DONE,DONE,
confirm,baseline:34010107:v35:1,baseline,,,v35,34010107,1,bbffbe65dee6e0dc4dd0147fec897df74e16760b76ec7d2a2b38f636bc90555f,107098.0,91225.0,15873.0,win,720,DONE,DONE,
confirm,candidate:34010107:c95:0,candidate,,,c95,34010107,0,4ea1d89ac99758c6219bcd7d07b729de4dc5836260a25037ca973343b46c6289,103037.0,86714.0,16323.0,win,720,DONE,DONE,
confirm,baseline:34010107:c95:0,baseline,,,c95,34010107,0,bbffbe65dee6e0dc4dd0147fec897df74e16760b76ec7d2a2b38f636bc90555f,103034.0,86717.0,16317.0,win,720,DONE,DONE,
confirm,candidate:34010107:c95:1,candidate,,,c95,34010107,1,4ea1d89ac99758c6219bcd7d07b729de4dc5836260a25037ca973343b46c6289,103037.0,86714.0,16323.0,win,720,DONE,DONE,
confirm,baseline:34010107:c95:1,baseline,,,c95,34010107,1,bbffbe65dee6e0dc4dd0147fec897df74e16760b76ec7d2a2b38f636bc90555f,103034.0,86717.0,16317.0,win,720,DONE,DONE,
confirm,candidate:34010108:cb76:0,candidate,,,cb76,34010108,0,4ea1d89ac99758c6219bcd7d07b729de4dc5836260a25037ca973343b46c6289,96041.0,92761.0,3280.0,win,720,DONE,DONE,
confirm,baseline:34010108:cb76:0,baseline,,,cb76,34010108,0,bbffbe65dee6e0dc4dd0147fec897df74e16760b76ec7d2a2b38f636bc90555f,96149.0,92668.0,3481.0,win,720,DONE,DONE,
confirm,candidate:34010108:bbff:0,candidate,,,bbff,34010108,0,4ea1d89ac99758c6219bcd7d07b729de4dc5836260a25037ca973343b46c6289,94540.0,94651.0,-111.0,loss,720,DONE,DONE,
confirm,candidate:34010108:bbff:1,candidate,,,bbff,34010108,1,4ea1d89ac99758c6219bcd7d07b729de4dc5836260a25037ca973343b46c6289,94540.0,94651.0,-111.0,loss,720,DONE,DONE,
confirm,baseline:34010108:bbff:0,baseline,,,bbff,34010108,0,bbffbe65dee6e0dc4dd0147fec897df74e16760b76ec7d2a2b38f636bc90555f,94603.0,94603.0,0.0,draw,720,DONE,DONE,
confirm,baseline:34010108:bbff:1,baseline,,,bbff,34010108,1,bbffbe65dee6e0dc4dd0147fec897df74e16760b76ec7d2a2b38f636bc90555f,94603.0,94603.0,0.0,draw,720,DONE,DONE,
confirm,candidate:34010108:cb76:1,candidate,,,cb76,34010108,1,4ea1d89ac99758c6219bcd7d07b729de4dc5836260a25037ca973343b46c6289,96041.0,92761.0,3280.0,win,720,DONE,DONE,
confirm,baseline:34010108:cb76:1,baseline,,,cb76,34010108,1,bbffbe65dee6e0dc4dd0147fec897df74e16760b76ec7d2a2b38f636bc90555f,96149.0,92668.0,3481.0,win,720,DONE,DONE,
confirm,candidate:34010108:v35:0,candidate,,,v35,34010108,0,4ea1d89ac99758c6219bcd7d07b729de4dc5836260a25037ca973343b46c6289,92638.0,72922.0,19716.0,win,720,DONE,DONE,
confirm,baseline:34010108:v35:0,baseline,,,v35,34010108,0,bbffbe65dee6e0dc4dd0147fec897df74e16760b76ec7d2a2b38f636bc90555f,92638.0,72923.0,19715.0,win,720,DONE,DONE,
confirm,candidate:34010108:v35:1,candidate,,,v35,34010108,1,4ea1d89ac99758c6219bcd7d07b729de4dc5836260a25037ca973343b46c6289,92638.0,72922.0,19716.0,win,720,DONE,DONE,
confirm,baseline:34010108:v35:1,baseline,,,v35,34010108,1,bbffbe65dee6e0dc4dd0147fec897df74e16760b76ec7d2a2b38f636bc90555f,92638.0,72923.0,19715.0,win,720,DONE,DONE,
confirm,candidate:34010108:c95:0,candidate,,,c95,34010108,0,4ea1d89ac99758c6219bcd7d07b729de4dc5836260a25037ca973343b46c6289,104826.0,79156.0,25670.0,win,720,DONE,DONE,
confirm,baseline:34010108:c95:0,baseline,,,c95,34010108,0,bbffbe65dee6e0dc4dd0147fec897df74e16760b76ec7d2a2b38f636bc90555f,104826.0,79156.0,25670.0,win,720,DONE,DONE,
confirm,candidate:34010108:c95:1,candidate,,,c95,34010108,1,4ea1d89ac99758c6219bcd7d07b729de4dc5836260a25037ca973343b46c6289,105607.0,79890.0,25717.0,win,720,DONE,DONE,
confirm,baseline:34010108:c95:1,baseline,,,c95,34010108,1,bbffbe65dee6e0dc4dd0147fec897df74e16760b76ec7d2a2b38f636bc90555f,105606.0,79891.0,25715.0,win,720,DONE,DONE,
confirm,candidate:34010109:cb76:0,candidate,,,cb76,34010109,0,4ea1d89ac99758c6219bcd7d07b729de4dc5836260a25037ca973343b46c6289,114981.0,111437.0,3544.0,win,720,DONE,DONE,
confirm,baseline:34010109:cb76:0,baseline,,,cb76,34010109,0,bbffbe65dee6e0dc4dd0147fec897df74e16760b76ec7d2a2b38f636bc90555f,114795.0,111644.0,3151.0,win,720,DONE,DONE,
confirm,candidate:34010109:bbff:0,candidate,,,bbff,34010109,0,4ea1d89ac99758c6219bcd7d07b729de4dc5836260a25037ca973343b46c6289,113590.0,113129.0,461.0,win,720,DONE,DONE,
confirm,baseline:34010109:bbff:0,baseline,,,bbff,34010109,0,bbffbe65dee6e0dc4dd0147fec897df74e16760b76ec7d2a2b38f636bc90555f,113372.0,113372.0,0.0,draw,720,DONE,DONE,
confirm,candidate:34010109:bbff:1,candidate,,,bbff,34010109,1,4ea1d89ac99758c6219bcd7d07b729de4dc5836260a25037ca973343b46c6289,113590.0,113129.0,461.0,win,720,DONE,DONE,
confirm,baseline:34010109:bbff:1,baseline,,,bbff,34010109,1,bbffbe65dee6e0dc4dd0147fec897df74e16760b76ec7d2a2b38f636bc90555f,113372.0,113372.0,0.0,draw,720,DONE,DONE,
confirm,candidate:34010109:cb76:1,candidate,,,cb76,34010109,1,4ea1d89ac99758c6219bcd7d07b729de4dc5836260a25037ca973343b46c6289,114981.0,111437.0,3544.0,win,720,DONE,DONE,
confirm,baseline:34010109:cb76:1,baseline,,,cb76,34010109,1,bbffbe65dee6e0dc4dd0147fec897df74e16760b76ec7d2a2b38f636bc90555f,114795.0,111644.0,3151.0,win,720,DONE,DONE,
confirm,candidate:34010109:v35:0,candidate,,,v35,34010109,0,4ea1d89ac99758c6219bcd7d07b729de4dc5836260a25037ca973343b46c6289,126318.0,118463.0,7855.0,win,720,DONE,DONE,
confirm,baseline:34010109:v35:0,baseline,,,v35,34010109,0,bbffbe65dee6e0dc4dd0147fec897df74e16760b76ec7d2a2b38f636bc90555f,126322.0,118463.0,7859.0,win,720,DONE,DONE,
confirm,candidate:34010109:v35:1,candidate,,,v35,34010109,1,4ea1d89ac99758c6219bcd7d07b729de4dc5836260a25037ca973343b46c6289,126318.0,118463.0,7855.0,win,720,DONE,DONE,
confirm,baseline:34010109:v35:1,baseline,,,v35,34010109,1,bbffbe65dee6e0dc4dd0147fec897df74e16760b76ec7d2a2b38f636bc90555f,126322.0,118463.0,7859.0,win,720,DONE,DONE,
confirm,candidate:34010109:c95:0,candidate,,,c95,34010109,0,4ea1d89ac99758c6219bcd7d07b729de4dc5836260a25037ca973343b46c6289,98551.0,87432.0,11119.0,win,720,DONE,DONE,
confirm,baseline:34010109:c95:0,baseline,,,c95,34010109,0,bbffbe65dee6e0dc4dd0147fec897df74e16760b76ec7d2a2b38f636bc90555f,98551.0,87432.0,11119.0,win,720,DONE,DONE,
confirm,candidate:34010109:c95:1,candidate,,,c95,34010109,1,4ea1d89ac99758c6219bcd7d07b729de4dc5836260a25037ca973343b46c6289,98551.0,87432.0,11119.0,win,720,DONE,DONE,
confirm,baseline:34010109:c95:1,baseline,,,c95,34010109,1,bbffbe65dee6e0dc4dd0147fec897df74e16760b76ec7d2a2b38f636bc90555f,98551.0,87432.0,11119.0,win,720,DONE,DONE,
confirm,candidate:34010110:cb76:0,candidate,,,cb76,34010110,0,4ea1d89ac99758c6219bcd7d07b729de4dc5836260a25037ca973343b46c6289,105046.0,101660.0,3386.0,win,720,DONE,DONE,
confirm,baseline:34010110:cb76:0,baseline,,,cb76,34010110,0,bbffbe65dee6e0dc4dd0147fec897df74e16760b76ec7d2a2b38f636bc90555f,104840.0,101892.0,2948.0,win,720,DONE,DONE,
confirm,candidate:34010110:bbff:0,candidate,,,bbff,34010110,0,4ea1d89ac99758c6219bcd7d07b729de4dc5836260a25037ca973343b46c6289,103841.0,103200.0,641.0,win,720,DONE,DONE,
confirm,candidate:34010110:bbff:1,candidate,,,bbff,34010110,1,4ea1d89ac99758c6219bcd7d07b729de4dc5836260a25037ca973343b46c6289,103841.0,103200.0,641.0,win,720,DONE,DONE,
confirm,baseline:34010110:bbff:0,baseline,,,bbff,34010110,0,bbffbe65dee6e0dc4dd0147fec897df74e16760b76ec7d2a2b38f636bc90555f,103533.0,103533.0,0.0,draw,720,DONE,DONE,
confirm,baseline:34010110:bbff:1,baseline,,,bbff,34010110,1,bbffbe65dee6e0dc4dd0147fec897df74e16760b76ec7d2a2b38f636bc90555f,103533.0,103533.0,0.0,draw,720,DONE,DONE,
confirm,candidate:34010110:cb76:1,candidate,,,cb76,34010110,1,4ea1d89ac99758c6219bcd7d07b729de4dc5836260a25037ca973343b46c6289,105046.0,101660.0,3386.0,win,720,DONE,DONE,
confirm,baseline:34010110:cb76:1,baseline,,,cb76,34010110,1,bbffbe65dee6e0dc4dd0147fec897df74e16760b76ec7d2a2b38f636bc90555f,104840.0,101892.0,2948.0,win,720,DONE,DONE,
confirm,candidate:34010110:v35:0,candidate,,,v35,34010110,0,4ea1d89ac99758c6219bcd7d07b729de4dc5836260a25037ca973343b46c6289,88441.0,74603.0,13838.0,win,720,DONE,DONE,
confirm,baseline:34010110:v35:0,baseline,,,v35,34010110,0,bbffbe65dee6e0dc4dd0147fec897df74e16760b76ec7d2a2b38f636bc90555f,88449.0,74596.0,13853.0,win,720,DONE,DONE,
confirm,candidate:34010110:v35:1,candidate,,,v35,34010110,1,4ea1d89ac99758c6219bcd7d07b729de4dc5836260a25037ca973343b46c6289,88441.0,74603.0,13838.0,win,720,DONE,DONE,
confirm,baseline:34010110:v35:1,baseline,,,v35,34010110,1,bbffbe65dee6e0dc4dd0147fec897df74e16760b76ec7d2a2b38f636bc90555f,88449.0,74596.0,13853.0,win,720,DONE,DONE,
confirm,candidate:34010110:c95:0,candidate,,,c95,34010110,0,4ea1d89ac99758c6219bcd7d07b729de4dc5836260a25037ca973343b46c6289,89932.0,57197.0,32735.0,win,720,DONE,DONE,
confirm,baseline:34010110:c95:0,baseline,,,c95,34010110,0,bbffbe65dee6e0dc4dd0147fec897df74e16760b76ec7d2a2b38f636bc90555f,89936.0,57193.0,32743.0,win,720,DONE,DONE,
confirm,candidate:34010110:c95:1,candidate,,,c95,34010110,1,4ea1d89ac99758c6219bcd7d07b729de4dc5836260a25037ca973343b46c6289,89932.0,57197.0,32735.0,win,720,DONE,DONE,
confirm,baseline:34010110:c95:1,baseline,,,c95,34010110,1,bbffbe65dee6e0dc4dd0147fec897df74e16760b76ec7d2a2b38f636bc90555f,89936.0,57193.0,32743.0,win,720,DONE,DONE,
confirm,candidate:34010111:cb76:0,candidate,,,cb76,34010111,0,4ea1d89ac99758c6219bcd7d07b729de4dc5836260a25037ca973343b46c6289,141321.0,136307.0,5014.0,win,720,DONE,DONE,
confirm,baseline:34010111:cb76:0,baseline,,,cb76,34010111,0,bbffbe65dee6e0dc4dd0147fec897df74e16760b76ec7d2a2b38f636bc90555f,141330.0,136300.0,5030.0,win,720,DONE,DONE,
confirm,candidate:34010111:bbff:0,candidate,,,bbff,34010111,0,4ea1d89ac99758c6219bcd7d07b729de4dc5836260a25037ca973343b46c6289,139105.0,138945.0,160.0,win,720,DONE,DONE,
confirm,baseline:34010111:bbff:0,baseline,,,bbff,34010111,0,bbffbe65dee6e0dc4dd0147fec897df74e16760b76ec7d2a2b38f636bc90555f,139025.0,139025.0,0.0,draw,720,DONE,DONE,
confirm,candidate:34010111:bbff:1,candidate,,,bbff,34010111,1,4ea1d89ac99758c6219bcd7d07b729de4dc5836260a25037ca973343b46c6289,139105.0,138945.0,160.0,win,720,DONE,DONE,
confirm,baseline:34010111:bbff:1,baseline,,,bbff,34010111,1,bbffbe65dee6e0dc4dd0147fec897df74e16760b76ec7d2a2b38f636bc90555f,139025.0,139025.0,0.0,draw,720,DONE,DONE,
confirm,candidate:34010111:cb76:1,candidate,,,cb76,34010111,1,4ea1d89ac99758c6219bcd7d07b729de4dc5836260a25037ca973343b46c6289,141321.0,136307.0,5014.0,win,720,DONE,DONE,
confirm,candidate:34010111:v35:0,candidate,,,v35,34010111,0,4ea1d89ac99758c6219bcd7d07b729de4dc5836260a25037ca973343b46c6289,139697.0,128544.0,11153.0,win,720,DONE,DONE,
confirm,baseline:34010111:cb76:1,baseline,,,cb76,34010111,1,bbffbe65dee6e0dc4dd0147fec897df74e16760b76ec7d2a2b38f636bc90555f,141330.0,136300.0,5030.0,win,720,DONE,DONE,
confirm,baseline:34010111:v35:0,baseline,,,v35,34010111,0,bbffbe65dee6e0dc4dd0147fec897df74e16760b76ec7d2a2b38f636bc90555f,139695.0,128543.0,11152.0,win,720,DONE,DONE,
confirm,candidate:34010111:v35:1,candidate,,,v35,34010111,1,4ea1d89ac99758c6219bcd7d07b729de4dc5836260a25037ca973343b46c6289,139697.0,128544.0,11153.0,win,720,DONE,DONE,
confirm,baseline:34010111:v35:1,baseline,,,v35,34010111,1,bbffbe65dee6e0dc4dd0147fec897df74e16760b76ec7d2a2b38f636bc90555f,139695.0,128543.0,11152.0,win,720,DONE,DONE,
confirm,candidate:34010111:c95:0,candidate,,,c95,34010111,0,4ea1d89ac99758c6219bcd7d07b729de4dc5836260a25037ca973343b46c6289,105720.0,87201.0,18519.0,win,720,DONE,DONE,
confirm,candidate:34010111:c95:1,candidate,,,c95,34010111,1,4ea1d89ac99758c6219bcd7d07b729de4dc5836260a25037ca973343b46c6289,105720.0,87201.0,18519.0,win,720,DONE,DONE,
confirm,baseline:34010111:c95:0,baseline,,,c95,34010111,0,bbffbe65dee6e0dc4dd0147fec897df74e16760b76ec7d2a2b38f636bc90555f,105719.0,87202.0,18517.0,win,720,DONE,DONE,
confirm,baseline:34010111:c95:1,baseline,,,c95,34010111,1,bbffbe65dee6e0dc4dd0147fec897df74e16760b76ec7d2a2b38f636bc90555f,105719.0,87202.0,18517.0,win,720,DONE,DONE,
confirm,candidate:34010112:cb76:0,candidate,,,cb76,34010112,0,4ea1d89ac99758c6219bcd7d07b729de4dc5836260a25037ca973343b46c6289,136592.0,137672.0,-1080.0,loss,720,DONE,DONE,
confirm,candidate:34010112:bbff:0,candidate,,,bbff,34010112,0,4ea1d89ac99758c6219bcd7d07b729de4dc5836260a25037ca973343b46c6289,135708.0,138787.0,-3079.0,loss,720,DONE,DONE,
confirm,baseline:34010112:cb76:0,baseline,,,cb76,34010112,0,bbffbe65dee6e0dc4dd0147fec897df74e16760b76ec7d2a2b38f636bc90555f,136603.0,137662.0,-1059.0,loss,720,DONE,DONE,
confirm,baseline:34010112:bbff:0,baseline,,,bbff,34010112,0,bbffbe65dee6e0dc4dd0147fec897df74e16760b76ec7d2a2b38f636bc90555f,135701.0,138797.0,-3096.0,loss,720,DONE,DONE,
confirm,candidate:34010112:bbff:1,candidate,,,bbff,34010112,1,4ea1d89ac99758c6219bcd7d07b729de4dc5836260a25037ca973343b46c6289,138804.0,135691.0,3113.0,win,720,DONE,DONE,
confirm,baseline:34010112:bbff:1,baseline,,,bbff,34010112,1,bbffbe65dee6e0dc4dd0147fec897df74e16760b76ec7d2a2b38f636bc90555f,138797.0,135701.0,3096.0,win,720,DONE,DONE,
confirm,candidate:34010112:cb76:1,candidate,,,cb76,34010112,1,4ea1d89ac99758c6219bcd7d07b729de4dc5836260a25037ca973343b46c6289,139418.0,134917.0,4501.0,win,720,DONE,DONE,
confirm,candidate:34010112:v35:0,candidate,,,v35,34010112,0,4ea1d89ac99758c6219bcd7d07b729de4dc5836260a25037ca973343b46c6289,105367.0,94176.0,11191.0,win,720,DONE,DONE,
confirm,baseline:34010112:cb76:1,baseline,,,cb76,34010112,1,bbffbe65dee6e0dc4dd0147fec897df74e16760b76ec7d2a2b38f636bc90555f,139429.0,134907.0,4522.0,win,720,DONE,DONE,
confirm,baseline:34010112:v35:0,baseline,,,v35,34010112,0,bbffbe65dee6e0dc4dd0147fec897df74e16760b76ec7d2a2b38f636bc90555f,105366.0,94177.0,11189.0,win,720,DONE,DONE,
confirm,candidate:34010112:v35:1,candidate,,,v35,34010112,1,4ea1d89ac99758c6219bcd7d07b729de4dc5836260a25037ca973343b46c6289,105367.0,94176.0,11191.0,win,720,DONE,DONE,
confirm,baseline:34010112:v35:1,baseline,,,v35,34010112,1,bbffbe65dee6e0dc4dd0147fec897df74e16760b76ec7d2a2b38f636bc90555f,105366.0,94177.0,11189.0,win,720,DONE,DONE,
confirm,candidate:34010112:c95:0,candidate,,,c95,34010112,0,4ea1d89ac99758c6219bcd7d07b729de4dc5836260a25037ca973343b46c6289,108074.0,81632.0,26442.0,win,720,DONE,DONE,
confirm,candidate:34010112:c95:1,candidate,,,c95,34010112,1,4ea1d89ac99758c6219bcd7d07b729de4dc5836260a25037ca973343b46c6289,108574.0,81579.0,26995.0,win,720,DONE,DONE,
confirm,baseline:34010112:c95:0,baseline,,,c95,34010112,0,bbffbe65dee6e0dc4dd0147fec897df74e16760b76ec7d2a2b38f636bc90555f,108074.0,81632.0,26442.0,win,720,DONE,DONE,
confirm,baseline:34010112:c95:1,baseline,,,c95,34010112,1,bbffbe65dee6e0dc4dd0147fec897df74e16760b76ec7d2a2b38f636bc90555f,108574.0,81579.0,26995.0,win,720,DONE,DONE,
confirm,candidate:34010113:cb76:0,candidate,,,cb76,34010113,0,4ea1d89ac99758c6219bcd7d07b729de4dc5836260a25037ca973343b46c6289,86234.0,86116.0,118.0,win,720,DONE,DONE,
confirm,baseline:34010113:cb76:0,baseline,,,cb76,34010113,0,bbffbe65dee6e0dc4dd0147fec897df74e16760b76ec7d2a2b38f636bc90555f,86240.0,86114.0,126.0,win,720,DONE,DONE,
confirm,candidate:34010113:bbff:0,candidate,,,bbff,34010113,0,4ea1d89ac99758c6219bcd7d07b729de4dc5836260a25037ca973343b46c6289,86441.0,86437.0,4.0,win,720,DONE,DONE,
confirm,baseline:34010113:bbff:0,baseline,,,bbff,34010113,0,bbffbe65dee6e0dc4dd0147fec897df74e16760b76ec7d2a2b38f636bc90555f,86440.0,86440.0,0.0,draw,720,DONE,DONE,
confirm,candidate:34010113:bbff:1,candidate,,,bbff,34010113,1,4ea1d89ac99758c6219bcd7d07b729de4dc5836260a25037ca973343b46c6289,86441.0,86437.0,4.0,win,720,DONE,DONE,
confirm,baseline:34010113:bbff:1,baseline,,,bbff,34010113,1,bbffbe65dee6e0dc4dd0147fec897df74e16760b76ec7d2a2b38f636bc90555f,86440.0,86440.0,0.0,draw,720,DONE,DONE,
confirm,candidate:34010113:cb76:1,candidate,,,cb76,34010113,1,4ea1d89ac99758c6219bcd7d07b729de4dc5836260a25037ca973343b46c6289,86234.0,86116.0,118.0,win,720,DONE,DONE,
confirm,candidate:34010113:v35:0,candidate,,,v35,34010113,0,4ea1d89ac99758c6219bcd7d07b729de4dc5836260a25037ca973343b46c6289,76175.0,62502.0,13673.0,win,720,DONE,DONE,
confirm,baseline:34010113:cb76:1,baseline,,,cb76,34010113,1,bbffbe65dee6e0dc4dd0147fec897df74e16760b76ec7d2a2b38f636bc90555f,86240.0,86114.0,126.0,win,720,DONE,DONE,
confirm,baseline:34010113:v35:0,baseline,,,v35,34010113,0,bbffbe65dee6e0dc4dd0147fec897df74e16760b76ec7d2a2b38f636bc90555f,76174.0,62503.0,13671.0,win,720,DONE,DONE,
confirm,candidate:34010113:v35:1,candidate,,,v35,34010113,1,4ea1d89ac99758c6219bcd7d07b729de4dc5836260a25037ca973343b46c6289,76175.0,62502.0,13673.0,win,720,DONE,DONE,
confirm,baseline:34010113:v35:1,baseline,,,v35,34010113,1,bbffbe65dee6e0dc4dd0147fec897df74e16760b76ec7d2a2b38f636bc90555f,76174.0,62503.0,13671.0,win,720,DONE,DONE,
confirm,candidate:34010113:c95:0,candidate,,,c95,34010113,0,4ea1d89ac99758c6219bcd7d07b729de4dc5836260a25037ca973343b46c6289,80872.0,53026.0,27846.0,win,720,DONE,DONE,
confirm,candidate:34010113:c95:1,candidate,,,c95,34010113,1,4ea1d89ac99758c6219bcd7d07b729de4dc5836260a25037ca973343b46c6289,80872.0,53026.0,27846.0,win,720,DONE,DONE,
confirm,baseline:34010113:c95:0,baseline,,,c95,34010113,0,bbffbe65dee6e0dc4dd0147fec897df74e16760b76ec7d2a2b38f636bc90555f,80872.0,53026.0,27846.0,win,720,DONE,DONE,
confirm,baseline:34010113:c95:1,baseline,,,c95,34010113,1,bbffbe65dee6e0dc4dd0147fec897df74e16760b76ec7d2a2b38f636bc90555f,80872.0,53026.0,27846.0,win,720,DONE,DONE,
confirm,candidate:34010114:cb76:0,candidate,,,cb76,34010114,0,4ea1d89ac99758c6219bcd7d07b729de4dc5836260a25037ca973343b46c6289,108361.0,105999.0,2362.0,win,720,DONE,DONE,
confirm,baseline:34010114:cb76:0,baseline,,,cb76,34010114,0,bbffbe65dee6e0dc4dd0147fec897df74e16760b76ec7d2a2b38f636bc90555f,108362.0,105997.0,2365.0,win,720,DONE,DONE,
confirm,baseline:34010114:bbff:0,baseline,,,bbff,34010114,0,bbffbe65dee6e0dc4dd0147fec897df74e16760b76ec7d2a2b38f636bc90555f,107368.0,107368.0,0.0,draw,720,DONE,DONE,
confirm,candidate:34010114:bbff:0,candidate,,,bbff,34010114,0,4ea1d89ac99758c6219bcd7d07b729de4dc5836260a25037ca973343b46c6289,107372.0,107368.0,4.0,win,720,DONE,DONE,
confirm,candidate:34010114:bbff:1,candidate,,,bbff,34010114,1,4ea1d89ac99758c6219bcd7d07b729de4dc5836260a25037ca973343b46c6289,107372.0,107368.0,4.0,win,720,DONE,DONE,
confirm,baseline:34010114:bbff:1,baseline,,,bbff,34010114,1,bbffbe65dee6e0dc4dd0147fec897df74e16760b76ec7d2a2b38f636bc90555f,107368.0,107368.0,0.0,draw,720,DONE,DONE,
confirm,candidate:34010114:v35:0,candidate,,,v35,34010114,0,4ea1d89ac99758c6219bcd7d07b729de4dc5836260a25037ca973343b46c6289,137810.0,119824.0,17986.0,win,720,DONE,DONE,
confirm,candidate:34010114:cb76:1,candidate,,,cb76,34010114,1,4ea1d89ac99758c6219bcd7d07b729de4dc5836260a25037ca973343b46c6289,108361.0,105999.0,2362.0,win,720,DONE,DONE,
confirm,baseline:34010114:cb76:1,baseline,,,cb76,34010114,1,bbffbe65dee6e0dc4dd0147fec897df74e16760b76ec7d2a2b38f636bc90555f,108362.0,105997.0,2365.0,win,720,DONE,DONE,
confirm,baseline:34010114:v35:0,baseline,,,v35,34010114,0,bbffbe65dee6e0dc4dd0147fec897df74e16760b76ec7d2a2b38f636bc90555f,137810.0,119824.0,17986.0,win,720,DONE,DONE,
confirm,candidate:34010114:v35:1,candidate,,,v35,34010114,1,4ea1d89ac99758c6219bcd7d07b729de4dc5836260a25037ca973343b46c6289,137810.0,119824.0,17986.0,win,720,DONE,DONE,
confirm,baseline:34010114:v35:1,baseline,,,v35,34010114,1,bbffbe65dee6e0dc4dd0147fec897df74e16760b76ec7d2a2b38f636bc90555f,137810.0,119824.0,17986.0,win,720,DONE,DONE,
confirm,candidate:34010114:c95:0,candidate,,,c95,34010114,0,4ea1d89ac99758c6219bcd7d07b729de4dc5836260a25037ca973343b46c6289,124768.0,114829.0,9939.0,win,720,DONE,DONE,
confirm,candidate:34010114:c95:1,candidate,,,c95,34010114,1,4ea1d89ac99758c6219bcd7d07b729de4dc5836260a25037ca973343b46c6289,124768.0,114829.0,9939.0,win,720,DONE,DONE,
confirm,baseline:34010114:c95:0,baseline,,,c95,34010114,0,bbffbe65dee6e0dc4dd0147fec897df74e16760b76ec7d2a2b38f636bc90555f,124768.0,114829.0,9939.0,win,720,DONE,DONE,
confirm,baseline:34010114:c95:1,baseline,,,c95,34010114,1,bbffbe65dee6e0dc4dd0147fec897df74e16760b76ec7d2a2b38f636bc90555f,124768.0,114829.0,9939.0,win,720,DONE,DONE,
confirm,candidate:34010115:cb76:0,candidate,,,cb76,34010115,0,4ea1d89ac99758c6219bcd7d07b729de4dc5836260a25037ca973343b46c6289,133953.0,131415.0,2538.0,win,720,DONE,DONE,
confirm,baseline:34010115:cb76:0,baseline,,,cb76,34010115,0,bbffbe65dee6e0dc4dd0147fec897df74e16760b76ec7d2a2b38f636bc90555f,133979.0,131384.0,2595.0,win,720,DONE,DONE,
confirm,candidate:34010115:bbff:0,candidate,,,bbff,34010115,0,4ea1d89ac99758c6219bcd7d07b729de4dc5836260a25037ca973343b46c6289,132813.0,132785.0,28.0,win,720,DONE,DONE,
confirm,baseline:34010115:bbff:0,baseline,,,bbff,34010115,0,bbffbe65dee6e0dc4dd0147fec897df74e16760b76ec7d2a2b38f636bc90555f,132799.0,132799.0,0.0,draw,720,DONE,DONE,
confirm,candidate:34010115:bbff:1,candidate,,,bbff,34010115,1,4ea1d89ac99758c6219bcd7d07b729de4dc5836260a25037ca973343b46c6289,132813.0,132785.0,28.0,win,720,DONE,DONE,
confirm,baseline:34010115:bbff:1,baseline,,,bbff,34010115,1,bbffbe65dee6e0dc4dd0147fec897df74e16760b76ec7d2a2b38f636bc90555f,132799.0,132799.0,0.0,draw,720,DONE,DONE,
confirm,candidate:34010115:cb76:1,candidate,,,cb76,34010115,1,4ea1d89ac99758c6219bcd7d07b729de4dc5836260a25037ca973343b46c6289,133953.0,131415.0,2538.0,win,720,DONE,DONE,
confirm,candidate:34010115:v35:0,candidate,,,v35,34010115,0,4ea1d89ac99758c6219bcd7d07b729de4dc5836260a25037ca973343b46c6289,144028.0,139704.0,4324.0,win,720,DONE,DONE,
confirm,baseline:34010115:cb76:1,baseline,,,cb76,34010115,1,bbffbe65dee6e0dc4dd0147fec897df74e16760b76ec7d2a2b38f636bc90555f,133979.0,131384.0,2595.0,win,720,DONE,DONE,
confirm,baseline:34010115:v35:0,baseline,,,v35,34010115,0,bbffbe65dee6e0dc4dd0147fec897df74e16760b76ec7d2a2b38f636bc90555f,144031.0,139701.0,4330.0,win,720,DONE,DONE,
confirm,candidate:34010115:v35:1,candidate,,,v35,34010115,1,4ea1d89ac99758c6219bcd7d07b729de4dc5836260a25037ca973343b46c6289,144028.0,139704.0,4324.0,win,720,DONE,DONE,
confirm,baseline:34010115:v35:1,baseline,,,v35,34010115,1,bbffbe65dee6e0dc4dd0147fec897df74e16760b76ec7d2a2b38f636bc90555f,144031.0,139701.0,4330.0,win,720,DONE,DONE,
confirm,candidate:34010115:c95:0,candidate,,,c95,34010115,0,4ea1d89ac99758c6219bcd7d07b729de4dc5836260a25037ca973343b46c6289,126220.0,72857.0,53363.0,win,720,DONE,DONE,
confirm,candidate:34010115:c95:1,candidate,,,c95,34010115,1,4ea1d89ac99758c6219bcd7d07b729de4dc5836260a25037ca973343b46c6289,126220.0,72857.0,53363.0,win,720,DONE,DONE,
confirm,baseline:34010115:c95:0,baseline,,,c95,34010115,0,bbffbe65dee6e0dc4dd0147fec897df74e16760b76ec7d2a2b38f636bc90555f,126220.0,72857.0,53363.0,win,720,DONE,DONE,
confirm,baseline:34010115:c95:1,baseline,,,c95,34010115,1,bbffbe65dee6e0dc4dd0147fec897df74e16760b76ec7d2a2b38f636bc90555f,126220.0,72857.0,53363.0,win,720,DONE,DONE,
confirm,candidate:34010116:cb76:0,candidate,,,cb76,34010116,0,4ea1d89ac99758c6219bcd7d07b729de4dc5836260a25037ca973343b46c6289,141456.0,137357.0,4099.0,win,720,DONE,DONE,
confirm,baseline:34010116:cb76:0,baseline,,,cb76,34010116,0,bbffbe65dee6e0dc4dd0147fec897df74e16760b76ec7d2a2b38f636bc90555f,141267.0,137578.0,3689.0,win,720,DONE,DONE,
confirm,candidate:34010116:bbff:0,candidate,,,bbff,34010116,0,4ea1d89ac99758c6219bcd7d07b729de4dc5836260a25037ca973343b46c6289,139881.0,139303.0,578.0,win,720,DONE,DONE,
confirm,baseline:34010116:bbff:0,baseline,,,bbff,34010116,0,bbffbe65dee6e0dc4dd0147fec897df74e16760b76ec7d2a2b38f636bc90555f,139612.0,139612.0,0.0,draw,720,DONE,DONE,
confirm,candidate:34010116:bbff:1,candidate,,,bbff,34010116,1,4ea1d89ac99758c6219bcd7d07b729de4dc5836260a25037ca973343b46c6289,139881.0,139303.0,578.0,win,720,DONE,DONE,
confirm,baseline:34010116:bbff:1,baseline,,,bbff,34010116,1,bbffbe65dee6e0dc4dd0147fec897df74e16760b76ec7d2a2b38f636bc90555f,139612.0,139612.0,0.0,draw,720,DONE,DONE,
confirm,candidate:34010116:cb76:1,candidate,,,cb76,34010116,1,4ea1d89ac99758c6219bcd7d07b729de4dc5836260a25037ca973343b46c6289,141456.0,137357.0,4099.0,win,720,DONE,DONE,
confirm,candidate:34010116:v35:0,candidate,,,v35,34010116,0,4ea1d89ac99758c6219bcd7d07b729de4dc5836260a25037ca973343b46c6289,132591.0,114547.0,18044.0,win,720,DONE,DONE,
confirm,baseline:34010116:cb76:1,baseline,,,cb76,34010116,1,bbffbe65dee6e0dc4dd0147fec897df74e16760b76ec7d2a2b38f636bc90555f,141267.0,137578.0,3689.0,win,720,DONE,DONE,
confirm,baseline:34010116:v35:0,baseline,,,v35,34010116,0,bbffbe65dee6e0dc4dd0147fec897df74e16760b76ec7d2a2b38f636bc90555f,132593.0,114545.0,18048.0,win,720,DONE,DONE,
confirm,candidate:34010116:v35:1,candidate,,,v35,34010116,1,4ea1d89ac99758c6219bcd7d07b729de4dc5836260a25037ca973343b46c6289,132591.0,114547.0,18044.0,win,720,DONE,DONE,
confirm,baseline:34010116:v35:1,baseline,,,v35,34010116,1,bbffbe65dee6e0dc4dd0147fec897df74e16760b76ec7d2a2b38f636bc90555f,132593.0,114545.0,18048.0,win,720,DONE,DONE,
confirm,candidate:34010116:c95:0,candidate,,,c95,34010116,0,4ea1d89ac99758c6219bcd7d07b729de4dc5836260a25037ca973343b46c6289,151605.0,131022.0,20583.0,win,720,DONE,DONE,
confirm,candidate:34010116:c95:1,candidate,,,c95,34010116,1,4ea1d89ac99758c6219bcd7d07b729de4dc5836260a25037ca973343b46c6289,151605.0,131022.0,20583.0,win,720,DONE,DONE,
confirm,baseline:34010116:c95:0,baseline,,,c95,34010116,0,bbffbe65dee6e0dc4dd0147fec897df74e16760b76ec7d2a2b38f636bc90555f,151606.0,131021.0,20585.0,win,720,DONE,DONE,
confirm,baseline:34010116:c95:1,baseline,,,c95,34010116,1,bbffbe65dee6e0dc4dd0147fec897df74e16760b76ec7d2a2b38f636bc90555f,151606.0,131021.0,20585.0,win,720,DONE,DONE,
